apn,dedge_dm,i,j,dedge
004070003000,85,-70494,69514,8.5
004070011000,1,-70474,69522,0.1
004070018000,36,-70487,69514,3.6
004070019000,96,-70486,69514,9.6
004070030000,98,-70480,69518,9.8
004131031000,59,-70630,69512,5.9
004131043000,12,-70622,69513,1.2
004131044000,26,-70622,69512,2.6
004131045000,37,-70621,69511,3.7
004140020000,56,-70563,69506,5.6
004140021000,21,-70561,69505,2.1
004140035000,70,-70559,69502,7.0
004140036000,22,-70558,69502,2.2
004151016000,33,-70560,69501,3.3
004151017000,45,-70561,69499,4.5
004151018000,35,-70560,69498,3.5
004151021000,89,-70558,69498,8.9
004180015000,14,-70579,69530,1.4
004200011000,105,-70568,69505,10.5
004200012000,22,-70568,69506,2.2
004200013000,71,-70569,69507,7.1
004200014000,17,-70569,69508,1.7
004200015000,37,-70570,69508,3.7
004200016000,38,-70570,69508,3.8
004200017000,11,-70571,69509,1.1
004200019000,67,-70572,69510,6.7
004200020000,62,-70573,69510,6.2
004200021000,30,-70573,69510,3.0
004200022000,18,-70574,69510,1.8
004200023000,46,-70575,69510,4.6
004200024000,56,-70575,69510,5.6
004200026000,2,-70576,69511,0.2
004200028000,38,-70577,69510,3.8
004200031000,52,-70572,69509,5.2
004200032000,57,-70575,69509,5.7
004200033000,23,-70574,69508,2.3
004200034000,21,-70574,69508,2.1
004200035000,25,-70573,69508,2.5
004200036000,7,-70573,69509,0.7
004200038000,26,-70571,69508,2.6
004200039000,71,-70571,69506,7.1
004200040000,11,-70572,69505,1.1
004200041000,23,-70572,69505,2.3
004200042000,21,-70573,69505,2.1
004200043000,105,-70574,69506,10.5
004200044000,31,-70574,69507,3.1
004200048000,14,-70577,69508,1.4
004441044000,51,-70578,69533,5.1
004630013000,83,-70605,69434,8.3
004630014000,69,-70604,69433,6.9
004630015000,9,-70603,69434,0.9
004630016000,25,-70602,69434,2.5
004630017000,126,-70601,69433,12.6
004630020000,99,-70606,69432,9.9
004630021000,108,-70607,69432,10.8
004630024000,0,-70601,69431,0.0
004640001000,36,-70618,69435,3.6
004640004000,26,-70616,69437,2.6
004640005000,91,-70617,69438,9.1
004640008000,48,-70622,69437,4.8
004640009000,71,-70622,69438,7.1
004640010000,54,-70622,69439,5.4
004640011000,19,-70623,69440,1.9
004640013000,0,-70624,69438,0.0
004660002000,17,-70640,69437,1.7
004660003000,7,-70640,69438,0.7
004660004000,67,-70641,69438,6.7
004660005000,104,-70642,69438,10.4
004660006000,7,-70643,69438,0.7
004660008000,38,-70645,69441,3.8
004660009000,46,-70645,69441,4.6
004660010000,34,-70646,69442,3.4
004660011000,51,-70646,69443,5.1
004660012000,31,-70647,69443,3.1
004660013000,44,-70647,69444,4.4
004660015000,17,-70647,69446,1.7
004660016000,66,-70646,69446,6.6
004660017000,40,-70645,69445,4.0
004660018000,44,-70645,69445,4.4
004660020000,83,-70644,69443,8.3
004660022000,121,-70643,69442,12.1
004660023000,41,-70643,69441,4.1
004660024000,103,-70642,69440,10.3
004660027000,41,-70641,69439,4.1
004660029000,32,-70642,69440,3.2
005010008000,52,-70505,69510,5.2
005010029000,3,-70505,69504,0.3
005030007000,19,-70492,69499,1.9
005030016000,13,-70493,69499,1.3
005030017000,20,-70493,69499,2.0
005030019000,4,-70489,69497,0.4
005040007000,46,-70475,69497,4.6
005040014000,13,-70480,69496,1.3
005040027000,62,-70487,69499,6.2
005040035000,67,-70481,69499,6.7
005040041000,76,-70487,69497,7.6
005040044000,18,-70487,69498,1.8
005040049000,106,-70477,69495,10.6
005040052000,76,-70482,69495,7.6
005040055000,67,-70475,69495,6.7
005040058000,8,-70475,69494,0.8
005040059000,3,-70475,69494,0.3
005040061000,0,-70479,69495,0.0
005060009000,94,-70491,69491,9.4
005060014000,42,-70488,69495,4.2
005060015000,80,-70488,69494,8.0
005060016000,59,-70490,69490,5.9
005060029000,87,-70499,69496,8.7
005060034000,55,-70494,69496,5.5
005060035000,62,-70493,69495,6.2
005060053000,39,-70501,69496,3.9
005060059000,109,-70500,69498,10.9
005060060000,1,-70501,69497,0.1
005060061000,74,-70491,69490,7.4
005070003000,53,-70483,69495,5.3
005070005000,29,-70484,69492,2.9
005070008000,69,-70486,69494,6.9
005070009000,6,-70486,69495,0.6
005070017000,22,-70484,69493,2.2
005071006000,68,-70480,69494,6.8
005071007000,115,-70481,69494,11.5
005071008000,44,-70482,69494,4.4
005071010000,36,-70479,69494,3.6
005071012000,15,-70479,69494,1.5
005071013000,28,-70481,69495,2.8
005072005000,81,-70477,69493,8.1
005072006000,42,-70476,69493,4.2
005072008000,126,-70477,69494,12.6
005073002000,113,-70485,69492,11.3
005073003000,53,-70484,69491,5.3
005073004000,52,-70484,69491,5.2
005074001000,34,-70481,69493,3.4
005074002000,59,-70481,69492,5.9
005074004000,54,-70481,69491,5.4
005074005000,7,-70481,69491,0.7
005074006000,79,-70481,69490,7.9
005074007000,12,-70481,69489,1.2
005074008000,107,-70481,69489,10.7
005074009000,90,-70481,69488,9.0
005074010000,36,-70483,69489,3.6
005074011000,80,-70483,69489,8.0
005074014000,67,-70483,69491,6.7
005074016000,82,-70482,69492,8.2
005074017000,72,-70481,69492,7.2
005074020000,25,-70482,69492,2.5
005075002000,5,-70478,69492,0.5
005075007000,58,-70479,69491,5.8
005075008000,63,-70479,69491,6.3
005075009000,101,-70479,69492,10.1
005075010000,48,-70480,69493,4.8
005075014000,31,-70479,69493,3.1
005076003000,89,-70475,69491,8.9
005076004000,28,-70475,69492,2.8
005076005000,85,-70476,69492,8.5
005080002000,17,-70489,69489,1.7
005080003000,55,-70489,69488,5.5
005080004000,23,-70489,69488,2.3
005080005000,22,-70491,69488,2.2
005080006000,16,-70490,69487,1.6
005080007000,86,-70490,69487,8.6
005080008000,99,-70490,69486,9.9
005080010000,21,-70491,69483,2.1
005080011000,84,-70493,69484,8.4
005080012000,14,-70493,69485,1.4
005080018000,1,-70494,69485,0.1
005080019000,45,-70492,69483,4.5
005080020000,114,-70491,69484,11.4
005080021000,78,-70491,69485,7.8
005080022000,98,-70491,69486,9.8
005080034000,21,-70496,69486,2.1
005080037000,71,-70497,69489,7.1
005080038000,14,-70498,69489,1.4
005080039000,43,-70498,69488,4.3
005080041000,47,-70497,69486,4.7
005080042000,26,-70501,69487,2.6
005080043000,34,-70500,69488,3.4
005080045000,81,-70500,69490,8.1
005080048000,2,-70502,69491,0.2
005080053000,31,-70502,69487,3.1
005090003000,79,-70477,69485,7.9
005090004000,92,-70477,69484,9.2
005091002000,100,-70480,69486,10.0
005091003000,23,-70479,69486,2.3
005091004000,116,-70479,69485,11.6
005091005000,0,-70479,69485,0.0
005091006000,56,-70478,69484,5.6
005091008000,1,-70482,69482,0.1
005091009000,5,-70482,69483,0.5
005091010000,89,-70481,69484,8.9
005091011000,27,-70482,69485,2.7
005091013000,103,-70482,69486,10.3
005091014000,12,-70482,69486,1.2
005091015000,41,-70483,69487,4.1
005091016000,23,-70483,69487,2.3
005091017000,132,-70483,69488,13.2
005091018000,91,-70481,69483,9.1
005091019000,0,-70480,69484,0.0
005091021000,46,-70480,69487,4.6
005092001000,39,-70485,69489,3.9
005092002000,79,-70485,69488,7.9
005092003000,32,-70485,69487,3.2
005092004000,22,-70485,69486,2.2
005092005000,66,-70484,69486,6.6
005092006000,65,-70484,69485,6.5
005092007000,45,-70484,69484,4.5
005092009000,79,-70486,69487,7.9
005092010000,17,-70486,69487,1.7
005092013000,49,-70485,69487,4.9
005093002000,9,-70487,69486,0.9
005093003000,39,-70488,69487,3.9
005094007000,7,-70490,69483,0.7
005094008000,6,-70491,69482,0.6
005094009000,101,-70490,69483,10.1
005094011000,63,-70489,69483,6.3
005094014000,90,-70487,69484,9.0
005094015000,32,-70487,69483,3.2
005095001000,30,-70486,69486,3.0
005095002000,8,-70486,69485,0.8
005095003000,53,-70486,69485,5.3
005095004000,24,-70485,69485,2.4
005095006000,95,-70485,69484,9.5
005095007000,49,-70485,69483,4.9
005095008000,12,-70484,69483,1.2
005095012000,21,-70486,69484,2.1
005095013000,12,-70485,69485,1.2
005096003000,105,-70477,69481,10.5
005096006000,142,-70478,69479,14.2
005096008000,87,-70479,69480,8.7
005096010000,126,-70480,69480,12.6
005096012000,51,-70481,69482,5.1
005096013000,56,-70480,69482,5.6
005096016000,93,-70480,69482,9.3
005096019000,36,-70481,69481,3.6
005096020000,29,-70480,69481,2.9
005096022000,17,-70479,69480,1.7
005096023000,40,-70477,69480,4.0
005096025000,24,-70478,69480,2.4
005101008000,19,-70508,69481,1.9
005110006000,24,-70494,69482,2.4
005110007000,2,-70493,69481,0.2
005110009000,89,-70493,69479,8.9
005110011000,41,-70496,69481,4.1
005110012000,21,-70497,69481,2.1
005110019000,69,-70495,69483,6.9
005110021000,69,-70496,69483,6.9
005110025000,76,-70493,69481,7.6
005110033000,49,-70504,69486,4.9
005120003000,5,-70490,69479,0.5
005120004000,50,-70491,69478,5.0
005120005000,97,-70491,69479,9.7
005120012000,2,-70488,69478,0.2
005120013000,68,-70488,69479,6.8
005120016000,49,-70487,69478,4.9
005120017000,15,-70486,69478,1.5
005120019000,110,-70485,69479,11.0
005120020000,19,-70485,69478,1.9
005120021000,67,-70485,69478,6.7
005120022000,136,-70485,69477,13.6
005120023000,10,-70485,69477,1.0
005120024000,17,-70484,69476,1.7
005120026000,2,-70483,69476,0.2
005120028000,86,-70483,69475,8.6
005120030000,141,-70483,69476,14.1
005120031000,76,-70479,69476,7.6
005120033000,54,-70480,69475,5.4
005120034000,113,-70480,69476,11.3
005120037000,73,-70481,69477,7.3
005120038000,8,-70482,69477,0.8
005120039000,69,-70482,69477,6.9
005120040000,42,-70482,69477,4.2
005120043000,92,-70483,69477,9.2
005120044000,65,-70483,69478,6.5
005120045000,79,-70483,69478,7.9
005120046000,32,-70482,69478,3.2
005120047000,79,-70483,69479,7.9
005120048000,82,-70483,69479,8.2
005120049000,5,-70483,69479,0.5
005120050000,108,-70483,69480,10.8
005120052000,115,-70481,69479,11.5
005120055000,8,-70480,69479,0.8
005120056000,27,-70480,69478,2.7
005120059000,60,-70478,69478,6.0
005120061000,9,-70483,69476,0.9
005120062000,40,-70482,69475,4.0
005120063000,0,-70484,69476,0.0
005120064000,89,-70484,69477,8.9
005120065000,87,-70491,69480,8.7
005120068000,113,-70490,69480,11.3
005120072000,28,-70482,69478,2.8
005120075000,78,-70482,69478,7.8
005120076000,38,-70482,69478,3.8
005120080000,23,-70481,69480,2.3
005120081000,55,-70481,69479,5.5
005120083000,5,-70481,69476,0.5
005120084000,109,-70481,69476,10.9
005130024000,78,-70495,69477,7.8
005140003000,2,-70487,69476,0.2
005140004000,0,-70486,69476,0.0
005140006000,35,-70484,69475,3.5
005140007000,15,-70485,69474,1.5
005140008000,6,-70485,69474,0.6
005140009000,67,-70486,69474,6.7
005140011000,8,-70485,69472,0.8
005140012000,21,-70485,69472,2.1
005140013000,72,-70484,69473,7.2
005140017000,40,-70479,69472,4.0
005140018000,74,-70480,69472,7.4
005140022000,22,-70482,69468,2.2
005140023000,42,-70482,69468,4.2
005140024000,78,-70483,69468,7.8
005140029000,24,-70487,69469,2.4
005140031000,11,-70489,69470,1.1
005140035000,12,-70491,69470,1.2
005140040000,6,-70480,69473,0.6
005140041000,38,-70480,69473,3.8
005150007000,3,-70495,69471,0.3
005160009000,2,-70489,69468,0.2
005160010000,74,-70488,69468,7.4
005160013000,6,-70487,69467,0.6
005160015000,60,-70485,69467,6.0
005160016000,75,-70484,69467,7.5
005160017000,25,-70483,69467,2.5
005160018000,23,-70483,69467,2.3
005160019000,4,-70484,69467,0.4
005160020000,67,-70484,69466,6.7
005160021000,104,-70483,69466,10.4
005160022000,113,-70482,69466,11.3
005160023000,41,-70485,69464,4.1
005160024000,53,-70484,69465,5.3
005160025000,68,-70485,69465,6.8
005160026000,84,-70485,69465,8.4
005160027000,14,-70486,69465,1.4
005160028000,75,-70487,69466,7.5
005160029000,17,-70487,69466,1.7
005160030000,26,-70488,69466,2.6
005160031000,76,-70489,69467,7.6
005160033000,121,-70490,69467,12.1
005160034000,11,-70490,69467,1.1
005160038000,16,-70488,69465,1.6
005160039000,21,-70488,69464,2.1
005160041000,4,-70485,69465,0.4
005160044000,3,-70491,69466,0.3
005160045000,5,-70487,69468,0.5
005160046000,13,-70486,69468,1.3
005170009000,21,-70497,69460,2.1
005170010000,57,-70498,69459,5.7
005170011000,70,-70498,69459,7.0
005170021000,60,-70497,69460,6.0
005170029000,58,-70496,69462,5.8
005180002000,24,-70493,69464,2.4
005180011000,23,-70492,69462,2.3
005180012000,83,-70492,69462,8.3
005180013000,34,-70493,69461,3.4
005180014000,55,-70493,69461,5.5
005180015000,63,-70494,69460,6.3
005180016000,23,-70495,69460,2.3
005180017000,121,-70493,69460,12.1
005180018000,25,-70492,69460,2.5
005180019000,51,-70492,69460,5.1
005180020000,104,-70491,69460,10.4
005180021000,30,-70490,69460,3.0
005180022000,58,-70490,69460,5.8
005180023000,67,-70489,69461,6.7
005180025000,16,-70489,69462,1.6
005180026000,74,-70488,69462,7.4
005180027000,107,-70489,69463,10.7
005180028000,24,-70488,69463,2.4
005180029000,44,-70485,69463,4.4
005180031000,11,-70486,69462,1.1
005180033000,103,-70487,69460,10.3
005180034000,0,-70486,69460,0.0
005180035000,7,-70486,69460,0.7
005180036000,94,-70485,69461,9.4
005180037000,40,-70485,69461,4.0
005180038000,25,-70484,69462,2.5
005180039000,54,-70484,69462,5.4
005180041000,62,-70483,69462,6.2
005180042000,58,-70483,69461,5.8
005180043000,103,-70484,69460,10.3
005180044000,25,-70485,69460,2.5
005180046000,104,-70482,69459,10.4
005180047000,43,-70482,69459,4.3
005180049000,3,-70484,69459,0.3
005180050000,53,-70485,69458,5.3
005180051000,120,-70486,69457,12.0
005180052000,11,-70486,69458,1.1
005180053000,60,-70487,69458,6.0
005180056000,95,-70487,69458,9.5
005180057000,7,-70488,69458,0.7
005180059000,65,-70490,69458,6.5
005180062000,54,-70491,69457,5.4
005180063000,40,-70491,69457,4.0
005180064000,112,-70491,69456,11.2
005180065000,27,-70492,69458,2.7
005180066000,100,-70492,69458,10.0
005180067000,4,-70492,69457,0.4
005180068000,51,-70493,69458,5.1
005180070000,97,-70483,69458,9.7
005180071000,4,-70483,69457,0.4
005190056000,13,-70521,69458,1.3
005190057000,9,-70520,69458,0.9
005190058000,15,-70520,69458,1.5
005190059000,31,-70521,69458,3.1
005190060000,8,-70521,69458,0.8
005190061000,25,-70521,69458,2.5
005190062000,19,-70522,69459,1.9
005200002000,63,-70518,69452,6.3
005200003000,86,-70517,69452,8.6
005200006000,85,-70514,69450,8.5
005200007000,61,-70513,69450,6.1
005200008000,121,-70514,69448,12.1
005200009000,10,-70515,69449,1.0
005200010000,32,-70516,69449,3.2
005200011000,37,-70516,69449,3.7
005200012000,72,-70517,69450,7.2
005200014000,70,-70519,69451,7.0
005200015000,81,-70520,69451,8.1
005230006000,8,-70498,69458,0.8
005230007000,39,-70499,69458,3.9
005230008000,15,-70499,69457,1.5
005230009000,57,-70500,69457,5.7
005230010000,21,-70500,69456,2.1
005230011000,59,-70501,69456,5.9
005230012000,21,-70501,69456,2.1
005230013000,67,-70502,69455,6.7
005230016000,7,-70504,69454,0.7
005230019000,2,-70502,69458,0.2
005230023000,88,-70506,69459,8.8
005230032000,98,-70506,69455,9.8
005230033000,94,-70505,69455,9.4
005230037000,35,-70502,69454,3.5
005240002000,130,-70494,69458,13.0
005240003000,16,-70493,69456,1.6
005240004000,22,-70493,69456,2.2
005240005000,59,-70494,69455,5.9
005240012000,34,-70488,69454,3.4
005240019000,75,-70491,69455,7.5
005240022000,43,-70493,69454,4.3
005240023000,41,-70493,69454,4.1
005240024000,41,-70492,69454,4.1
005240025000,127,-70492,69454,12.7
005240026000,124,-70492,69453,12.4
005240027000,72,-70492,69453,7.2
005240028000,15,-70492,69453,1.5
005240029000,26,-70491,69452,2.6
005240030000,128,-70491,69452,12.8
005240031000,16,-70491,69451,1.6
005240032000,109,-70491,69451,10.9
005240033000,70,-70491,69451,7.0
005240034000,124,-70492,69451,12.4
005240035000,26,-70492,69451,2.6
005240036000,76,-70493,69451,7.6
005240037000,58,-70493,69451,5.8
005240038000,42,-70494,69451,4.2
005240039000,50,-70494,69451,5.0
005240040000,33,-70494,69451,3.3
005240041000,19,-70495,69451,1.9
005240042000,25,-70495,69451,2.5
005240043000,34,-70496,69451,3.4
005240044000,91,-70496,69451,9.1
005240045000,26,-70496,69452,2.6
005240046000,31,-70496,69452,3.1
005240047000,17,-70495,69452,1.7
005240048000,6,-70495,69452,0.6
005240049000,48,-70495,69452,4.8
005240050000,24,-70494,69452,2.4
005240051000,127,-70494,69452,12.7
005240052000,80,-70494,69452,8.0
005240053000,9,-70493,69452,0.9
005240054000,84,-70493,69452,8.4
005240055000,95,-70493,69452,9.5
005240056000,4,-70493,69452,0.4
005240057000,82,-70492,69452,8.2
005250001000,96,-70501,69453,9.6
005250002000,1,-70501,69452,0.1
005250003000,97,-70500,69452,9.7
005250005000,6,-70499,69451,0.6
005250006000,85,-70499,69451,8.5
005250007000,72,-70498,69451,7.2
005250008000,46,-70499,69449,4.6
005250009000,120,-70500,69450,12.0
005250010000,37,-70501,69451,3.7
005250011000,53,-70501,69451,5.3
005250012000,53,-70502,69452,5.3
005250013000,72,-70502,69451,7.2
005250023000,91,-70503,69450,9.1
005250026000,93,-70506,69450,9.3
005250028000,48,-70508,69449,4.8
005250032000,13,-70508,69455,1.3
005250034000,95,-70509,69454,9.5
005250036000,14,-70510,69453,1.4
005250038000,80,-70510,69450,8.0
005250039000,75,-70511,69450,7.5
005250040000,71,-70512,69451,7.1
005250041000,62,-70512,69452,6.2
005250042000,23,-70512,69449,2.3
005250043000,41,-70511,69449,4.1
005250044000,35,-70511,69449,3.5
005250045000,50,-70510,69449,5.0
005250046000,2,-70510,69448,0.2
005250047000,52,-70509,69448,5.2
005250048000,84,-70508,69448,8.4
005250049000,91,-70507,69448,9.1
005250050000,41,-70507,69447,4.1
005250051000,14,-70508,69446,1.4
005250052000,109,-70508,69446,10.9
005250054000,42,-70509,69447,4.2
005250055000,42,-70510,69452,4.2
005250061000,18,-70510,69454,1.8
005260014000,64,-70491,69447,6.4
005270001000,17,-70513,69448,1.7
005270003000,67,-70512,69447,6.7
005270005000,142,-70512,69446,14.2
005270006000,38,-70513,69446,3.8
005270013000,69,-70510,69447,6.9
005270014000,25,-70511,69446,2.5
005270015000,12,-70509,69446,1.2
005270017000,43,-70509,69445,4.3
005270021000,12,-70512,69444,1.2
005270023000,61,-70513,69441,6.1
005270024000,99,-70512,69440,9.9
005270030000,74,-70501,69444,7.4
005270031000,43,-70502,69442,4.3
005270041000,13,-70504,69437,1.3
005270043000,83,-70513,69445,8.3
005270048000,25,-70507,69439,2.5
005270050000,94,-70506,69438,9.4
005270052000,26,-70509,69440,2.6
005280007000,41,-70499,69438,4.1
005290001000,111,-70514,69440,11.1
005290003000,4,-70513,69438,0.4
005290004000,7,-70513,69438,0.7
005290005000,21,-70514,69438,2.1
005290006000,42,-70514,69437,4.2
005290007000,119,-70515,69436,11.9
005290011000,8,-70515,69438,0.8
005290012000,32,-70514,69439,3.2
005290014000,77,-70510,69439,7.7
005290015000,46,-70509,69439,4.6
005290017000,20,-70507,69438,2.0
005290024000,79,-70512,69436,7.9
005290025000,56,-70511,69435,5.6
005300001000,79,-70502,69437,7.9
005300002000,121,-70502,69436,12.1
005300003000,51,-70503,69435,5.1
005300004000,37,-70503,69435,3.7
005300008000,33,-70499,69434,3.3
005300011000,8,-70496,69431,0.8
005300014000,41,-70498,69431,4.1
005300034000,70,-70499,69431,7.0
005300035000,49,-70495,69430,4.9
005320006000,98,-70450,69496,9.8
005320014000,112,-70446,69501,11.2
005330014000,8,-70466,69493,0.8
005330016000,40,-70468,69494,4.0
005340010000,33,-70450,69492,3.3
005340011000,26,-70451,69491,2.6
005340020000,16,-70450,69495,1.6
005340027000,62,-70448,69493,6.2
005350006000,18,-70471,69493,1.8
005350007000,57,-70469,69492,5.7
005350008000,40,-70473,69494,4.0
005350009000,65,-70474,69494,6.5
005350010000,54,-70474,69492,5.4
005350012000,53,-70472,69492,5.3
005350013000,20,-70471,69492,2.0
005350014000,31,-70470,69491,3.1
005350015000,102,-70469,69491,10.2
005350016000,109,-70468,69491,10.9
005350017000,92,-70469,69490,9.2
005350020000,62,-70471,69490,6.2
005350022000,30,-70475,69490,3.0
005350023000,5,-70475,69490,0.5
005350024000,44,-70474,69489,4.4
005350025000,60,-70474,69489,6.0
005350026000,68,-70473,69488,6.8
005350027000,55,-70473,69488,5.5
005350028000,76,-70473,69487,7.6
005350029000,55,-70473,69487,5.5
005350030000,33,-70473,69486,3.3
005350034000,28,-70467,69491,2.8
005350035000,41,-70466,69491,4.1
005350037000,58,-70467,69490,5.8
005350038000,70,-70467,69490,7.0
005350039000,12,-70466,69490,1.2
005350040000,85,-70467,69489,8.5
005350042000,55,-70463,69486,5.5
005350044000,87,-70463,69486,8.7
005350051000,3,-70470,69486,0.3
005360003000,108,-70455,69489,10.8
005360004000,24,-70456,69489,2.4
005360005000,30,-70457,69488,3.0
005360011000,21,-70450,69489,2.1
005360013000,57,-70449,69490,5.7
005360016000,19,-70448,69488,1.9
005360017000,99,-70449,69487,9.9
005360020000,4,-70452,69485,0.4
005360022000,28,-70451,69488,2.8
005360023000,89,-70452,69488,8.9
005360024000,68,-70451,69487,6.8
005360025000,17,-70452,69487,1.7
005360026000,0,-70453,69487,0.0
005360027000,51,-70454,69487,5.1
005360029000,69,-70454,69486,6.9
005360030000,21,-70454,69486,2.1
005360031000,63,-70454,69485,6.3
005360032000,109,-70455,69486,10.9
005360035000,123,-70456,69484,12.3
005360036000,28,-70456,69485,2.8
005360037000,70,-70457,69485,7.0
005360039000,77,-70454,69489,7.7
005360040000,32,-70461,69485,3.2
005360041000,20,-70449,69489,2.0
005370002000,10,-70477,69483,1.0
005370003000,102,-70476,69483,10.2
005370004000,31,-70476,69483,3.1
005370005000,27,-70476,69483,2.7
005370006000,40,-70476,69483,4.0
005370007000,85,-70476,69482,8.5
005370008000,33,-70476,69482,3.3
005370009000,2,-70476,69482,0.2
005370010000,134,-70476,69481,13.4
005370012000,94,-70474,69482,9.4
005370013000,16,-70474,69483,1.6
005370014000,17,-70473,69486,1.7
005370016000,53,-70472,69485,5.3
005370018000,67,-70470,69485,6.7
005370019000,34,-70471,69485,3.4
005370020000,18,-70473,69485,1.8
005370021000,66,-70473,69484,6.6
005370022000,123,-70473,69483,12.3
005370023000,14,-70472,69484,1.4
005370024000,11,-70472,69484,1.1
005370025000,13,-70471,69484,1.3
005370026000,25,-70471,69483,2.5
005370027000,110,-70471,69482,11.0
005370029000,7,-70472,69480,0.7
005370030000,8,-70471,69480,0.8
005370032000,8,-70467,69481,0.8
005370034000,7,-70466,69480,0.7
005370035000,21,-70465,69480,2.1
005370036000,4,-70467,69482,0.4
005370037000,16,-70466,69483,1.6
005370038000,10,-70465,69482,1.0
005370039000,96,-70465,69482,9.6
005370040000,62,-70464,69482,6.2
005370042000,74,-70475,69481,7.4
005370043000,28,-70475,69481,2.8
005380001000,13,-70462,69484,1.3
005380003000,25,-70461,69483,2.5
005380004000,115,-70458,69484,11.5
005380005000,69,-70457,69483,6.9
005380006000,20,-70457,69482,2.0
005380007000,134,-70458,69483,13.4
005380008000,13,-70458,69481,1.3
005380009000,65,-70458,69482,6.5
005380010000,140,-70459,69483,14.0
005380012000,57,-70461,69480,5.7
005380014000,41,-70463,69480,4.1
005380015000,29,-70462,69479,2.9
005380023000,68,-70451,69478,6.8
005380029000,72,-70454,69481,7.2
005380030000,66,-70455,69482,6.6
005380031000,78,-70454,69483,7.8
005380032000,33,-70453,69483,3.3
005380034000,3,-70455,69477,0.3
005380035000,88,-70455,69477,8.8
005380039000,24,-70457,69477,2.4
005380041000,72,-70462,69485,7.2
005390004000,53,-70473,69478,5.3
005390006000,3,-70473,69477,0.3
005390010000,13,-70475,69477,1.3
005390013000,0,-70475,69478,0.0
005390014000,40,-70475,69478,4.0
005390015000,109,-70476,69478,10.9
005390017000,92,-70477,69479,9.2
005390018000,73,-70477,69479,7.3
005390020000,63,-70475,69478,6.3
005390021000,74,-70476,69478,7.4
005390025000,35,-70474,69478,3.5
005390026000,44,-70474,69478,4.4
005391002000,60,-70472,69478,6.0
005391004000,22,-70472,69478,2.2
005391008000,81,-70472,69476,8.1
005391009000,69,-70472,69476,6.9
005391028000,98,-70472,69477,9.8
005392004000,83,-70469,69475,8.3
005393001000,81,-70466,69478,8.1
005393003000,93,-70467,69477,9.3
005393004000,98,-70467,69477,9.8
005393005000,18,-70467,69476,1.8
005393006000,113,-70468,69476,11.3
005393008000,3,-70468,69479,0.3
005393009000,59,-70468,69478,5.9
005393010000,116,-70468,69477,11.6
005394001000,6,-70464,69477,0.6
005394002000,69,-70465,69477,6.9
005394003000,129,-70466,69476,12.9
005394004000,20,-70466,69476,2.0
005394005000,13,-70466,69476,1.3
005395001000,31,-70467,69474,3.1
005395002000,69,-70466,69474,6.9
005395003000,37,-70466,69475,3.7
005395004000,22,-70465,69474,2.2
005395006000,34,-70467,69472,3.4
005395008000,64,-70468,69473,6.4
005395009000,23,-70467,69474,2.3
005395011000,50,-70469,69472,5.0
005396015000,90,-70475,69475,9.0
005396016000,117,-70475,69475,11.7
005396018000,56,-70475,69475,5.6
005396025000,55,-70475,69475,5.5
005396028000,100,-70475,69476,10.0
005396029000,126,-70472,69474,12.6
005396032000,51,-70474,69475,5.1
005397002000,69,-70477,69476,6.9
005397004000,1,-70477,69476,0.1
005397008000,52,-70478,69477,5.2
005397013000,64,-70478,69477,6.4
005397016000,19,-70477,69477,1.9
005397017000,53,-70477,69477,5.3
005397018000,19,-70477,69478,1.9
005398002000,25,-70479,69475,2.5
005398005000,113,-70478,69475,11.3
005398006000,0,-70478,69475,0.0
005398008000,121,-70478,69474,12.1
005398010000,51,-70478,69475,5.1
005398012000,57,-70478,69475,5.7
005398015000,75,-70479,69475,7.5
005399003000,20,-70476,69474,2.0
005399004000,27,-70476,69473,2.7
005399005000,47,-70476,69473,4.7
005399007000,15,-70477,69473,1.5
005399009000,64,-70477,69474,6.4
005399010000,21,-70477,69474,2.1
005399011000,34,-70476,69474,3.4
005400002000,6,-70464,69478,0.6
005400003000,76,-70465,69476,7.6
005400004000,58,-70464,69476,5.8
005400005000,53,-70464,69476,5.3
005400006000,141,-70463,69476,14.1
005400011000,119,-70465,69474,11.9
005400012000,39,-70464,69474,3.9
005400013000,84,-70464,69474,8.4
005400014000,107,-70463,69474,10.7
005400015000,18,-70463,69474,1.8
005400024000,1,-70452,69475,0.1
005400027000,132,-70458,69470,13.2
005400028000,38,-70459,69470,3.8
005400029000,91,-70459,69471,9.1
005400030000,94,-70460,69471,9.4
005400032000,28,-70462,69471,2.8
005400035000,67,-70464,69472,6.7
005400036000,53,-70465,69472,5.3
005400037000,49,-70465,69472,4.9
005400038000,102,-70464,69472,10.2
005400039000,24,-70463,69472,2.4
005410007000,33,-70473,69469,3.3
005410009000,121,-70474,69468,12.1
005410021000,49,-70479,69470,4.9
005410023000,57,-70478,69472,5.7
005410024000,20,-70477,69472,2.0
005410031000,36,-70478,69472,3.6
005410032000,40,-70478,69471,4.0
005410035000,2,-70471,69471,0.2
005410040000,105,-70471,69467,10.5
005410042000,5,-70472,69468,0.5
005410045000,3,-70470,69470,0.3
005410047000,52,-70469,69470,5.2
005410049000,34,-70469,69470,3.4
005410050000,55,-70468,69470,5.5
005410051000,25,-70468,69470,2.5
005410052000,15,-70468,69470,1.5
005410056000,6,-70467,69470,0.6
005410062000,88,-70475,69468,8.8
005410064000,117,-70478,69470,11.7
005410068000,27,-70472,69467,2.7
005420001000,18,-70466,69471,1.8
005420002000,91,-70466,69470,9.1
005420005000,67,-70463,69469,6.7
005420006000,74,-70463,69468,7.4
005420007000,82,-70463,69468,8.2
005420008000,37,-70463,69467,3.7
005420009000,9,-70463,69467,0.9
005420010000,50,-70462,69466,5.0
005420012000,42,-70461,69466,4.2
005420013000,106,-70461,69465,10.6
005420014000,52,-70461,69465,5.2
005420015000,78,-70460,69464,7.8
005420016000,71,-70460,69463,7.1
005420017000,99,-70461,69469,9.9
005420018000,88,-70460,69469,8.8
005420020000,100,-70460,69467,10.0
005420021000,72,-70459,69468,7.2
005420023000,37,-70458,69466,3.7
005420024000,1,-70458,69465,0.1
005420025000,33,-70457,69466,3.3
005420026000,24,-70458,69465,2.4
005420028000,6,-70456,69465,0.6
005420029000,59,-70456,69464,5.9
005420031000,11,-70456,69463,1.1
005420035000,5,-70457,69466,0.5
005420036000,29,-70456,69467,2.9
005420037000,2,-70457,69468,0.2
005420038000,44,-70458,69468,4.4
005420042000,2,-70454,69466,0.2
005420046000,29,-70465,69470,2.9
005430006000,31,-70482,69462,3.1
005430007000,119,-70482,69463,11.9
005430008000,30,-70482,69464,3.0
005430009000,33,-70481,69464,3.3
005430012000,10,-70474,69467,1.0
005430013000,85,-70473,69466,8.5
005430020000,67,-70474,69464,6.7
005430021000,18,-70473,69464,1.8
005430022000,44,-70472,69464,4.4
005430023000,28,-70472,69465,2.8
005430024000,121,-70471,69465,12.1
005430025000,48,-70469,69466,4.8
005430027000,46,-70471,69464,4.6
005430028000,94,-70471,69463,9.4
005430029000,15,-70471,69463,1.5
005430030000,58,-70471,69462,5.8
005430031000,88,-70472,69462,8.8
005430032000,53,-70473,69462,5.3
005430034000,29,-70474,69463,2.9
005430037000,76,-70475,69462,7.6
005430040000,66,-70474,69461,6.6
005430041000,32,-70473,69460,3.2
005430042000,5,-70473,69459,0.5
005430043000,10,-70474,69460,1.0
005430044000,67,-70473,69459,6.7
005430046000,12,-70471,69460,1.2
005430047000,10,-70471,69459,1.0
005430049000,8,-70475,69460,0.8
005430052000,21,-70469,69466,2.1
005430053000,43,-70469,69465,4.3
005430055000,34,-70476,69459,3.4
005430059000,3,-70481,69465,0.3
005440001000,54,-70462,69461,5.4
005440003000,127,-70458,69457,12.7
005440005000,22,-70463,69459,2.2
005440006000,4,-70464,69460,0.4
005440007000,100,-70465,69459,10.0
005440008000,28,-70464,69459,2.8
005440009000,119,-70464,69458,11.9
005440010000,32,-70464,69458,3.2
005440011000,95,-70466,69458,9.5
005440012000,97,-70466,69459,9.7
005440013000,54,-70466,69460,5.4
005440014000,99,-70467,69459,9.9
005440015000,115,-70468,69460,11.5
005440016000,14,-70469,69460,1.4
005440017000,56,-70469,69462,5.6
005440018000,36,-70469,69463,3.6
005440019000,16,-70469,69464,1.6
005440020000,53,-70467,69463,5.3
005440021000,141,-70466,69463,14.1
005440022000,68,-70468,69462,6.8
005440023000,68,-70467,69462,6.8
005440024000,33,-70466,69462,3.3
005440026000,125,-70464,69461,12.5
005440029000,57,-70467,69465,5.7
005450007000,35,-70477,69455,3.5
005450015000,31,-70476,69458,3.1
005450017000,77,-70476,69457,7.7
005450021000,18,-70474,69459,1.8
005450023000,48,-70472,69458,4.8
005450024000,60,-70472,69457,6.0
005450025000,75,-70474,69457,7.5
005450029000,27,-70471,69453,2.7
005450031000,106,-70475,69455,10.6
005450032000,54,-70475,69454,5.4
005450034000,14,-70476,69452,1.4
005450037000,22,-70471,69452,2.2
005450039000,88,-70471,69451,8.8
005450040000,42,-70471,69457,4.2
005450041000,23,-70471,69458,2.3
005450043000,57,-70476,69453,5.7
005450047000,5,-70472,69451,0.5
005460006000,11,-70469,69453,1.1
005460007000,22,-70469,69452,2.2
005460018000,42,-70464,69451,4.2
005460019000,45,-70461,69451,4.5
005460030000,84,-70460,69452,8.4
005460033000,15,-70467,69452,1.5
005460034000,80,-70468,69453,8.0
005460035000,84,-70468,69454,8.4
005460037000,37,-70467,69454,3.7
005460039000,105,-70465,69454,10.5
005460040000,18,-70465,69453,1.8
005460041000,19,-70466,69453,1.9
005460042000,138,-70466,69452,13.8
005460044000,40,-70458,69453,4.0
005460046000,34,-70469,69455,3.4
005460047000,47,-70469,69454,4.7
005460048000,37,-70459,69455,3.7
005460056000,113,-70469,69456,11.3
005460057000,104,-70469,69457,10.4
005470003000,96,-70480,69455,9.6
005470005000,5,-70478,69454,0.5
005470010000,76,-70478,69453,7.6
005470014000,27,-70473,69449,2.7
005470015000,15,-70472,69449,1.5
005470016000,81,-70471,69450,8.1
005470017000,22,-70472,69449,2.2
005470020000,17,-70472,69447,1.7
005470021000,1,-70472,69446,0.1
005470022000,71,-70473,69445,7.1
005470023000,110,-70474,69447,11.0
005470024000,93,-70475,69447,9.3
005470025000,44,-70476,69447,4.4
005470026000,4,-70477,69448,0.4
005470027000,21,-70477,69448,2.1
005470028000,8,-70476,69449,0.8
005470029000,39,-70476,69450,3.9
005470031000,67,-70475,69450,6.7
005470032000,20,-70474,69450,2.0
005480001000,39,-70467,69451,3.9
005480006000,43,-70469,69446,4.3
005480010000,30,-70465,69446,3.0
005480011000,22,-70465,69446,2.2
005480012000,56,-70465,69446,5.6
005480013000,7,-70465,69446,0.7
005480018000,34,-70463,69446,3.4
005480019000,12,-70465,69446,1.2
005480020000,80,-70465,69445,8.0
005480022000,1,-70466,69443,0.1
005480025000,121,-70469,69451,12.1
005480026000,108,-70469,69450,10.8
005480027000,66,-70469,69449,6.6
005480028000,6,-70470,69448,0.6
005480029000,115,-70468,69450,11.5
005480030000,36,-70468,69448,3.6
005480031000,3,-70467,69450,0.3
005480032000,88,-70467,69448,8.8
005480033000,15,-70467,69447,1.5
005480036000,129,-70460,69443,12.9
005480037000,46,-70460,69444,4.6
005480038000,41,-70461,69445,4.1
005480039000,77,-70462,69444,7.7
005480043000,18,-70463,69449,1.8
005490006000,11,-70478,69440,1.1
005490007000,18,-70476,69440,1.8
005490016000,30,-70478,69441,3.0
005490017000,11,-70479,69440,1.1
005490018000,68,-70478,69440,6.8
005490023000,58,-70477,69441,5.8
005490024000,41,-70475,69442,4.1
005490025000,21,-70475,69442,2.1
005490026000,29,-70474,69443,2.9
005490028000,1,-70477,69442,0.1
005490029000,93,-70478,69442,9.3
005490030000,17,-70478,69443,1.7
005490031000,52,-70477,69444,5.2
005490032000,19,-70476,69445,1.9
005490033000,62,-70476,69446,6.2
005490034000,117,-70475,69446,11.7
005490035000,20,-70474,69444,2.0
005490036000,25,-70474,69444,2.5
005490037000,47,-70475,69443,4.7
005490038000,89,-70476,69443,8.9
005490040000,29,-70479,69444,2.9
005490041000,28,-70479,69444,2.8
005490042000,65,-70480,69445,6.5
005490043000,8,-70478,69445,0.8
005490044000,13,-70477,69446,1.3
005500003000,24,-70471,69445,2.4
005500004000,8,-70471,69444,0.8
005500005000,21,-70472,69444,2.1
005500006000,124,-70473,69443,12.4
005500013000,114,-70470,69439,11.4
005500014000,69,-70469,69439,6.9
005500016000,106,-70469,69441,10.6
005500019000,18,-70472,69442,1.8
005500020000,41,-70471,69442,4.1
005500021000,59,-70470,69442,5.9
005500022000,51,-70469,69442,5.1
005500025000,15,-70468,69443,1.5
005500026000,2,-70468,69443,0.2
005500027000,53,-70468,69442,5.3
005500036000,4,-70460,69440,0.4
005500037000,48,-70460,69442,4.8
005500038000,19,-70462,69441,1.9
005500039000,111,-70467,69439,11.1
005500040000,18,-70468,69438,1.8
005500041000,16,-70467,69437,1.6
005500042000,5,-70475,69439,0.5
005500044000,53,-70471,69439,5.3
005510001000,26,-70464,69438,2.6
005510002000,11,-70465,69438,1.1
005510003000,55,-70465,69438,5.5
005510004000,50,-70465,69438,5.0
005510005000,103,-70465,69437,10.3
005510006000,88,-70465,69437,8.8
005510007000,45,-70465,69437,4.5
005510008000,11,-70465,69436,1.1
005510009000,1,-70463,69437,0.1
005510010000,45,-70464,69437,4.5
005510011000,38,-70464,69437,3.8
005510012000,8,-70464,69437,0.8
005520001000,18,-70463,69440,1.8
005520002000,20,-70463,69439,2.0
005520003000,6,-70464,69439,0.6
005520004000,54,-70464,69439,5.4
005520005000,13,-70464,69439,1.3
005520006000,6,-70463,69438,0.6
005520007000,36,-70463,69438,3.6
005520008000,67,-70463,69438,6.7
005520009000,5,-70463,69438,0.5
005520010000,28,-70462,69439,2.8
005520011000,60,-70462,69439,6.0
005520012000,104,-70462,69439,10.4
005530001000,22,-70464,69441,2.2
005530002000,0,-70463,69441,0.0
005530003000,43,-70463,69441,4.3
005530004000,91,-70463,69441,9.1
005530005000,2,-70461,69439,0.2
005530006000,50,-70461,69439,5.0
005530007000,77,-70461,69439,7.7
005530008000,31,-70461,69439,3.1
005530009000,34,-70462,69440,3.4
005530010000,53,-70462,69440,5.3
005530011000,78,-70462,69440,7.8
005530012000,114,-70462,69440,11.4
005540001000,19,-70505,69434,1.9
005540002000,81,-70506,69434,8.1
005540003000,23,-70506,69434,2.3
005540004000,16,-70507,69435,1.6
005540005000,0,-70508,69435,0.0
005540006000,39,-70507,69435,3.9
005540007000,24,-70507,69435,2.4
005540008000,93,-70507,69436,9.3
005540009000,58,-70506,69435,5.8
005540010000,74,-70506,69435,7.4
005540011000,23,-70505,69435,2.3
005540012000,46,-70505,69435,4.6
005540013000,8,-70505,69436,0.8
005550001000,91,-70498,69495,9.1
005550002000,6,-70497,69495,0.6
005550003000,5,-70497,69495,0.5
005550004000,112,-70497,69495,11.2
005550005000,112,-70497,69495,11.2
005550006000,97,-70497,69495,9.7
005550007000,2,-70497,69494,0.2
005550008000,5,-70497,69494,0.5
005550009000,14,-70497,69494,1.4
005550010000,18,-70495,69495,1.8
005550011000,14,-70495,69494,1.4
005550012000,14,-70495,69494,1.4
005550013000,72,-70494,69494,7.2
005550014000,73,-70494,69494,7.3
005550015000,122,-70494,69494,12.2
005550016000,130,-70495,69494,13.0
005550017000,93,-70495,69494,9.3
005550018000,23,-70495,69494,2.3
005550019000,96,-70497,69493,9.6
005550020000,76,-70497,69493,7.6
005550021000,3,-70496,69493,0.3
005550022000,79,-70496,69493,7.9
005550023000,18,-70497,69493,1.8
005550024000,20,-70497,69493,2.0
005550025000,0,-70497,69493,0.0
005550026000,4,-70496,69493,0.4
005550027000,10,-70495,69493,1.0
005550028000,81,-70495,69493,8.1
005550029000,66,-70495,69493,6.6
005550030000,22,-70495,69493,2.2
005550031000,28,-70496,69492,2.8
005550032000,24,-70496,69492,2.4
005550033000,56,-70495,69492,5.6
005550034000,131,-70495,69492,13.1
005580001000,9,-70501,69498,0.9
005580002000,54,-70503,69499,5.4
005580003000,42,-70502,69498,4.2
005580004000,15,-70503,69499,1.5
005580005000,34,-70502,69497,3.4
005580006000,42,-70504,69498,4.2
005580007000,111,-70503,69497,11.1
005580008000,36,-70504,69498,3.6
005580009000,49,-70503,69497,4.9
006401053000,37,-70446,69334,3.7
006401054000,30,-70447,69334,3.0
006481016000,63,-70504,69237,6.3
006620007000,38,-70512,69319,3.8
006620008000,41,-70511,69319,4.1
006620011000,32,-70518,69315,3.2
006620022000,36,-70513,69315,3.6
006620024000,108,-70513,69314,10.8
006620025000,88,-70513,69314,8.8
006620026000,32,-70513,69314,3.2
006620027000,44,-70513,69313,4.4
006620028000,30,-70513,69313,3.0
006620029000,10,-70513,69313,1.0
006620030000,10,-70514,69313,1.0
006620032000,49,-70514,69312,4.9
006620033000,68,-70514,69312,6.8
006620034000,22,-70514,69312,2.2
006620035000,54,-70514,69311,5.4
006620036000,60,-70514,69314,6.0
006620037000,129,-70514,69314,12.9
006620038000,88,-70514,69314,8.8
006620039000,12,-70514,69314,1.2
006620041000,93,-70514,69313,9.3
006620042000,73,-70514,69313,7.3
006620043000,7,-70514,69313,0.7
006620044000,34,-70514,69312,3.4
006620045000,14,-70514,69312,1.4
006620046000,6,-70515,69312,0.6
006620047000,2,-70515,69312,0.2
006620049000,41,-70510,69319,4.1
006620051000,106,-70510,69319,10.6
006620052000,32,-70510,69319,3.2
006620053000,42,-70510,69318,4.2
006620054000,117,-70510,69318,11.7
006620055000,109,-70510,69318,10.9
006620056000,35,-70510,69318,3.5
006620057000,39,-70510,69317,3.9
006620058000,59,-70510,69317,5.9
006620059000,40,-70510,69317,4.0
006620060000,74,-70510,69317,7.4
006620061000,94,-70510,69317,9.4
006620062000,75,-70510,69317,7.5
006620063000,2,-70510,69317,0.2
006620064000,38,-70510,69318,3.8
006620065000,19,-70510,69318,1.9
006620066000,0,-70509,69318,0.0
006620067000,5,-70509,69318,0.5
006620068000,38,-70509,69319,3.8
006620069000,57,-70509,69319,5.7
006620070000,47,-70509,69319,4.7
006700034000,105,-70510,69284,10.5
006710014000,16,-70509,69290,1.6
006710021000,48,-70509,69289,4.8
006710023000,84,-70511,69289,8.4
006710026000,38,-70511,69288,3.8
006710028000,49,-70514,69287,4.9
006710029000,106,-70514,69286,10.6
006720026000,46,-70506,69291,4.6
006720034000,14,-70501,69290,1.4
006720035000,11,-70500,69290,1.1
006790022000,4,-70491,69288,0.4
006820037000,1,-70490,69290,0.1
006900001000,26,-70498,69320,2.6
006900002000,8,-70497,69320,0.8
006900003000,8,-70497,69319,0.8
006900004000,32,-70497,69319,3.2
006900005000,14,-70497,69319,1.4
006900006000,5,-70498,69319,0.5
006900007000,7,-70498,69318,0.7
006900008000,40,-70498,69318,4.0
006900009000,28,-70498,69317,2.8
006900010000,12,-70498,69317,1.2
006900011000,4,-70498,69318,0.4
006900012000,20,-70498,69318,2.0
006900013000,36,-70499,69318,3.6
006900016000,28,-70500,69318,2.8
006900017000,97,-70500,69318,9.7
006900019000,75,-70500,69319,7.5
006900020000,66,-70500,69319,6.6
006900021000,48,-70500,69319,4.8
006900022000,15,-70500,69319,1.5
006900023000,12,-70500,69320,1.2
006900024000,65,-70499,69319,6.5
006900025000,112,-70499,69319,11.2
006900026000,94,-70499,69319,9.4
006900027000,26,-70499,69319,2.6
006900028000,44,-70499,69320,4.4
006910003000,40,-70502,69315,4.0
006910023000,94,-70502,69317,9.4
006910024000,30,-70502,69317,3.0
006910027000,112,-70502,69316,11.2
006910031000,70,-70504,69317,7.0
007120011000,25,-70661,69415,2.5
007120059000,11,-70658,69416,1.1
007130008000,51,-70663,69413,5.1
007130009000,84,-70662,69414,8.4
007130011000,55,-70659,69414,5.5
007130014000,46,-70660,69410,4.6
007130015000,4,-70661,69409,0.4
007130016000,4,-70661,69409,0.4
007130017000,20,-70662,69409,2.0
007130019000,60,-70663,69410,6.0
007130020000,19,-70663,69410,1.9
007130021000,15,-70665,69412,1.5
007130022000,17,-70665,69411,1.7
007130023000,49,-70665,69410,4.9
007130024000,100,-70666,69411,10.0
007130025000,7,-70667,69411,0.7
007130026000,81,-70667,69411,8.1
007130028000,16,-70669,69412,1.6
007130029000,71,-70669,69412,7.1
007130034000,97,-70663,69414,9.7
007130039000,55,-70671,69415,5.5
007130042000,54,-70660,69412,5.4
007130043000,97,-70661,69414,9.7
007130045000,24,-70662,69413,2.4
007130046000,31,-70661,69413,3.1
007130050000,103,-70661,69411,10.3
007130051000,132,-70660,69411,13.2
007140013000,51,-70672,69405,5.1
007140014000,31,-70671,69407,3.1
007140015000,26,-70670,69406,2.6
007140016000,45,-70671,69405,4.5
007140017000,132,-70671,69404,13.2
007140018000,71,-70668,69407,7.1
007140019000,2,-70668,69406,0.2
007140022000,20,-70668,69404,2.0
007140023000,65,-70669,69404,6.5
007140024000,37,-70669,69403,3.7
007140027000,12,-70666,69404,1.2
007140028000,84,-70666,69405,8.4
007140029000,87,-70666,69406,8.7
007140030000,13,-70666,69407,1.3
007140031000,23,-70666,69408,2.3
007140032000,2,-70665,69409,0.2
007140033000,1,-70664,69409,0.1
007140034000,56,-70663,69408,5.6
007140035000,69,-70662,69408,6.9
007140036000,67,-70661,69408,6.7
007140037000,3,-70663,69408,0.3
007140038000,52,-70664,69407,5.2
007140039000,68,-70664,69406,6.8
007140040000,19,-70664,69405,1.9
007140041000,78,-70665,69404,7.8
007140044000,127,-70661,69407,12.7
007140045000,72,-70661,69406,7.2
007140048000,23,-70663,69403,2.3
007140049000,23,-70664,69403,2.3
007150002000,88,-70672,69403,8.8
007150003000,37,-70671,69403,3.7
007150004000,7,-70669,69403,0.7
007150005000,68,-70670,69402,6.8
007150013000,94,-70673,69398,9.4
007150014000,52,-70673,69399,5.2
007150015000,39,-70671,69400,3.9
007150016000,18,-70671,69399,1.8
007150024000,42,-70667,69398,4.2
007150025000,102,-70667,69399,10.2
007150028000,106,-70666,69399,10.6
007150029000,93,-70666,69400,9.3
007150030000,45,-70665,69402,4.5
007150032000,59,-70663,69400,5.9
007150033000,20,-70663,69400,2.0
007150035000,10,-70665,69398,1.0
007150036000,35,-70664,69398,3.5
007150037000,111,-70663,69398,11.1
007150038000,37,-70664,69397,3.7
007150039000,100,-70664,69397,10.0
007150040000,55,-70665,69396,5.5
007150041000,39,-70664,69396,3.9
007150042000,119,-70664,69395,11.9
007150043000,52,-70665,69395,5.2
007160008000,47,-70672,69394,4.7
007160009000,70,-70671,69393,7.0
007180028000,133,-70714,69384,13.3
007180029000,49,-70715,69382,4.9
007180046000,15,-70709,69380,1.5
007190006000,28,-70695,69392,2.8
007190008000,17,-70696,69390,1.7
007190011000,48,-70701,69391,4.8
007190016000,37,-70698,69391,3.7
007190020000,31,-70700,69393,3.1
007190021000,14,-70700,69392,1.4
007190023000,76,-70695,69393,7.6
007190025000,45,-70698,69390,4.5
007190026000,145,-70699,69390,14.5
007190027000,91,-70698,69392,9.1
007190028000,9,-70697,69392,0.9
007190029000,10,-70697,69390,1.0
007190030000,80,-70699,69391,8.0
007190032000,32,-70692,69393,3.2
007190034000,89,-70692,69391,8.9
007190035000,29,-70692,69390,2.9
007200003000,3,-70679,69391,0.3
007200004000,48,-70679,69389,4.8
007200005000,7,-70679,69388,0.7
007210006000,66,-70670,69385,6.6
007210008000,6,-70671,69383,0.6
007210012000,42,-70677,69389,4.2
007210020000,17,-70669,69385,1.7
007210021000,90,-70677,69390,9.0
007210022000,64,-70677,69389,6.4
007220012000,56,-70701,69388,5.6
007220013000,14,-70701,69388,1.4
007220014000,105,-70701,69390,10.5
007220015000,105,-70701,69389,10.5
007220019000,81,-70694,69382,8.1
007220020000,91,-70694,69383,9.1
007220021000,18,-70694,69384,1.8
007230005000,3,-70672,69380,0.3
007230018000,48,-70672,69376,4.8
007240007000,11,-70700,69385,1.1
007240012000,9,-70699,69381,0.9
007240013000,71,-70698,69380,7.1
007240014000,115,-70697,69380,11.5
007240017000,104,-70701,69382,10.4
007240018000,58,-70701,69384,5.8
007240019000,125,-70701,69383,12.5
007240020000,13,-70701,69385,1.3
007240022000,6,-70706,69385,0.6
007240024000,106,-70703,69383,10.6
007240026000,37,-70706,69383,3.7
007240027000,65,-70706,69382,6.5
007240028000,81,-70706,69381,8.1
007240030000,101,-70704,69381,10.1
007240031000,1,-70703,69381,0.1
007240032000,112,-70702,69380,11.2
007240033000,60,-70701,69380,6.0
007240034000,24,-70700,69379,2.4
007240035000,8,-70696,69380,0.8
007240036000,56,-70695,69379,5.6
007240037000,75,-70694,69380,7.5
007240038000,32,-70695,69381,3.2
007240041000,66,-70702,69383,6.6
007240043000,54,-70702,69384,5.4
007240049000,22,-70694,69381,2.2
007250003000,11,-70689,69379,1.1
007250005000,100,-70693,69377,10.0
007250006000,69,-70692,69377,6.9
007250008000,26,-70693,69374,2.6
007250009000,22,-70692,69375,2.2
007250010000,15,-70691,69377,1.5
007250012000,18,-70690,69377,1.8
007250013000,45,-70690,69376,4.5
007250014000,69,-70690,69375,6.9
007250015000,78,-70691,69374,7.8
007250016000,45,-70690,69374,4.5
007250017000,13,-70689,69374,1.3
007250018000,30,-70688,69373,3.0
007250019000,22,-70688,69374,2.2
007250020000,26,-70689,69374,2.6
007250021000,56,-70689,69375,5.6
007250022000,25,-70688,69376,2.5
007250023000,44,-70688,69376,4.4
007250029000,101,-70682,69372,10.1
007250030000,57,-70682,69373,5.7
007250031000,10,-70681,69374,1.0
007250032000,75,-70681,69375,7.5
007260001000,23,-70706,69380,2.3
007260005000,18,-70702,69378,1.8
007260007000,17,-70702,69377,1.7
007260014000,97,-70705,69378,9.7
007260015000,7,-70705,69377,0.7
007260018000,80,-70707,69378,8.0
007260020000,73,-70701,69377,7.3
007260024000,84,-70700,69376,8.4
007260025000,37,-70700,69375,3.7
007260026000,50,-70700,69375,5.0
007260029000,21,-70696,69372,2.1
007270001000,17,-70689,69372,1.7
007270002000,16,-70689,69372,1.6
007270003000,97,-70688,69372,9.7
007270006000,38,-70684,69371,3.8
007270007000,102,-70682,69371,10.2
007270008000,25,-70682,69370,2.5
007270012000,22,-70684,69368,2.2
007270014000,93,-70685,69367,9.3
007270015000,7,-70687,69368,0.7
007270016000,38,-70685,69366,3.8
007270017000,69,-70685,69366,6.9
007270018000,53,-70687,69366,5.3
007270024000,1,-70689,69370,0.1
007270025000,24,-70689,69371,2.4
007270027000,16,-70687,69367,1.6
007270033000,16,-70692,69370,1.6
007270034000,89,-70692,69369,8.9
007270037000,60,-70695,69369,6.0
007280003000,44,-70697,69371,4.4
007280004000,77,-70697,69369,7.7
007280008000,11,-70698,69369,1.1
007280009000,59,-70699,69369,5.9
007280010000,39,-70700,69369,3.9
007280015000,114,-70697,69370,11.4
007290006000,105,-70695,69361,10.5
007290007000,116,-70695,69362,11.6
007290008000,29,-70695,69363,2.9
007290009000,113,-70694,69363,11.3
007290010000,11,-70693,69364,1.1
007290012000,18,-70694,69365,1.8
007290013000,138,-70693,69365,13.8
007290016000,19,-70691,69364,1.9
007290019000,85,-70692,69362,8.5
007290020000,33,-70692,69361,3.3
007290021000,16,-70692,69361,1.6
007290024000,1,-70688,69363,0.1
007290026000,42,-70687,69365,4.2
007290027000,29,-70686,69365,2.9
007300002000,0,-70710,69354,0.0
007300006000,43,-70702,69357,4.3
007300007000,37,-70701,69357,3.7
007300008000,15,-70702,69354,1.5
007300012000,49,-70705,69353,4.9
007300013000,71,-70705,69353,7.1
007300016000,76,-70704,69355,7.6
007300017000,23,-70704,69356,2.3
007300020000,21,-70703,69355,2.1
007300022000,122,-70703,69355,12.2
007300024000,21,-70703,69357,2.1
007300026000,25,-70702,69359,2.5
007300027000,37,-70710,69356,3.7
007300033000,63,-70706,69353,6.3
007300034000,98,-70706,69354,9.8
007300035000,59,-70705,69355,5.9
007310009000,48,-70695,69360,4.8
007310010000,77,-70693,69360,7.7
007310011000,123,-70693,69359,12.3
007310012000,23,-70693,69358,2.3
007310013000,27,-70694,69357,2.7
007310014000,12,-70694,69357,1.2
007310015000,88,-70695,69356,8.8
007310016000,66,-70694,69355,6.6
007310021000,107,-70692,69353,10.7
007310022000,26,-70693,69353,2.6
007310023000,60,-70694,69354,6.0
007310024000,57,-70695,69354,5.7
007310025000,27,-70695,69355,2.7
007310026000,108,-70696,69354,10.8
007310027000,10,-70697,69355,1.0
007310028000,6,-70696,69356,0.6
007310032000,91,-70700,69358,9.1
007310033000,70,-70701,69356,7.0
007320008000,42,-70705,69350,4.2
007320009000,97,-70705,69349,9.7
007320013000,19,-70702,69350,1.9
007330002000,49,-70701,69353,4.9
007330003000,25,-70701,69352,2.5
007330004000,94,-70701,69352,9.4
007330005000,83,-70702,69352,8.3
007330007000,59,-70701,69354,5.9
007330008000,78,-70700,69354,7.8
007330009000,23,-70698,69354,2.3
007330010000,6,-70697,69353,0.6
007330011000,0,-70698,69352,0.0
007330012000,3,-70697,69353,0.3
007330013000,120,-70697,69352,12.0
007330014000,55,-70696,69352,5.5
007330015000,61,-70695,69352,6.1
007330017000,54,-70693,69351,5.4
007330018000,25,-70694,69349,2.5
007330019000,28,-70694,69350,2.8
007330020000,82,-70695,69350,8.2
007330022000,9,-70697,69351,0.9
007330023000,111,-70698,69350,11.1
007330024000,20,-70698,69350,2.0
007330025000,39,-70699,69351,3.9
007330026000,13,-70700,69351,1.3
007330027000,8,-70692,69347,0.8
007330028000,45,-70693,69347,4.5
007330029000,86,-70693,69346,8.6
007330030000,23,-70693,69346,2.3
007330031000,34,-70691,69347,3.4
007330032000,59,-70691,69347,5.9
007330033000,80,-70691,69346,8.0
007330034000,2,-70691,69346,0.2
007330035000,75,-70690,69346,7.5
007330036000,104,-70690,69347,10.4
007330038000,56,-70689,69349,5.6
007330039000,0,-70689,69348,0.0
007330041000,5,-70690,69347,0.5
007330042000,86,-70689,69347,8.6
007330043000,26,-70697,69350,2.6
007330047000,77,-70696,69350,7.7
007350001000,94,-70690,69345,9.4
007350002000,97,-70690,69344,9.7
007350022000,66,-70690,69343,6.6
007380006000,36,-70685,69317,3.6
007380007000,97,-70685,69317,9.7
007380011000,115,-70685,69314,11.5
007380014000,16,-70690,69311,1.6
007380021000,82,-70687,69313,8.2
007410004000,79,-70730,69307,7.9
007420004000,37,-70705,69304,3.7
007460002000,47,-70706,69396,4.7
007460003000,3,-70706,69396,0.3
007560001000,118,-70693,69345,11.8
007560002000,33,-70693,69344,3.3
007560003000,86,-70693,69344,8.6
007560004000,54,-70693,69343,5.4
007560005000,17,-70693,69342,1.7
007560006000,29,-70693,69342,2.9
007560007000,79,-70693,69341,7.9
007560008000,5,-70693,69341,0.5
007560009000,125,-70693,69340,12.5
007560010000,50,-70693,69339,5.0
007560011000,32,-70693,69339,3.2
007560012000,15,-70692,69338,1.5
007560013000,17,-70692,69338,1.7
007560014000,108,-70692,69337,10.8
007560015000,39,-70692,69336,3.9
007560016000,83,-70692,69336,8.3
007560017000,55,-70692,69335,5.5
007560018000,1,-70691,69334,0.1
007560019000,98,-70691,69334,9.8
007560020000,46,-70690,69333,4.6
007560021000,117,-70689,69334,11.7
007560024000,4,-70691,69337,0.4
007560026000,99,-70691,69338,9.9
007560027000,99,-70691,69339,9.9
007560028000,27,-70691,69339,2.7
007560029000,55,-70691,69340,5.5
007560030000,9,-70691,69341,0.9
007560031000,40,-70692,69341,4.0
007560032000,88,-70692,69342,8.8
007560033000,25,-70692,69342,2.5
007560034000,95,-70692,69343,9.5
007560035000,29,-70692,69344,2.9
007560036000,21,-70691,69344,2.1
007560037000,53,-70691,69345,5.3
007560038000,113,-70690,69337,11.3
007560039000,65,-70690,69336,6.5
007560040000,110,-70690,69335,11.0
007570002000,104,-70691,69342,10.4
007570003000,60,-70690,69342,6.0
007570004000,51,-70690,69341,5.1
007570005000,54,-70689,69341,5.4
007570006000,48,-70689,69340,4.8
007570007000,106,-70688,69340,10.6
007570008000,11,-70687,69339,1.1
007570009000,124,-70687,69339,12.4
007570010000,27,-70686,69339,2.7
007570011000,41,-70686,69338,4.1
007570012000,117,-70686,69337,11.7
007570013000,4,-70687,69337,0.4
007570014000,1,-70687,69336,0.1
007570015000,121,-70688,69335,12.1
007570016000,2,-70688,69335,0.2
007570017000,13,-70690,69336,1.3
007570018000,19,-70689,69336,1.9
007570019000,11,-70689,69337,1.1
007570020000,15,-70688,69337,1.5
007570021000,28,-70687,69337,2.8
007570022000,94,-70688,69338,9.4
007570023000,31,-70688,69338,3.1
007570024000,71,-70689,69338,7.1
007570025000,1,-70689,69337,0.1
007570026000,59,-70690,69339,5.9
007570027000,1,-70690,69339,0.1
007570028000,6,-70691,69340,0.6
007580012000,46,-70705,69342,4.6
008011026000,11,-70638,69382,1.1
008011027000,76,-70637,69383,7.6
008011028000,68,-70637,69384,6.8
008020003000,124,-70636,69409,12.4
008020005000,40,-70634,69409,4.0
008020006000,26,-70633,69408,2.6
008020049000,86,-70653,69413,8.6
008020054000,48,-70637,69409,4.8
008030004000,4,-70658,69412,0.4
008030005000,45,-70657,69411,4.5
008030006000,112,-70658,69410,11.2
008030007000,10,-70658,69410,1.0
008030009000,74,-70657,69408,7.4
008030010000,15,-70657,69409,1.5
008030011000,28,-70656,69409,2.8
008030012000,79,-70656,69410,7.9
008030013000,5,-70656,69410,0.5
008030014000,15,-70656,69411,1.5
008030015000,12,-70655,69413,1.2
008030016000,28,-70654,69413,2.8
008030018000,69,-70653,69412,6.9
008030019000,65,-70652,69412,6.5
008030020000,45,-70652,69412,4.5
008030021000,83,-70651,69412,8.3
008030027000,22,-70655,69410,2.2
008030028000,55,-70654,69409,5.5
008030029000,77,-70653,69409,7.7
008030030000,43,-70651,69409,4.3
008030031000,66,-70655,69409,6.6
008030032000,50,-70655,69408,5.0
008030033000,35,-70654,69408,3.5
008030034000,0,-70653,69408,0.0
008030036000,16,-70655,69407,1.6
008030038000,7,-70655,69406,0.7
008030039000,63,-70655,69408,6.3
008030040000,29,-70654,69407,2.9
008030041000,28,-70653,69406,2.8
008030042000,85,-70652,69406,8.5
008030043000,25,-70651,69407,2.5
008030044000,2,-70652,69406,0.2
008030046000,19,-70650,69408,1.9
008030049000,44,-70650,69406,4.4
008030050000,11,-70650,69406,1.1
008030051000,60,-70649,69406,6.0
008030052000,19,-70648,69406,1.9
008030057000,12,-70650,69412,1.2
008040011000,8,-70635,69406,0.8
008040013000,14,-70633,69407,1.4
008040015000,33,-70635,69403,3.3
008040016000,4,-70635,69404,0.4
008040018000,34,-70639,69404,3.4
008040019000,44,-70639,69403,4.4
008040020000,14,-70640,69403,1.4
008040021000,0,-70640,69404,0.0
008040024000,119,-70647,69406,11.9
008040027000,8,-70638,69402,0.8
008040043000,34,-70639,69408,3.4
008040044000,19,-70638,69407,1.9
008040045000,64,-70638,69407,6.4
008040046000,68,-70638,69406,6.8
008040047000,50,-70638,69406,5.0
008040050000,52,-70637,69408,5.2
008050006000,73,-70623,69400,7.3
008050008000,61,-70631,69402,6.1
008050009000,34,-70633,69402,3.4
008050010000,84,-70633,69403,8.4
008050011000,132,-70634,69403,13.2
008050012000,18,-70632,69403,1.8
008050013000,22,-70632,69405,2.2
008050015000,109,-70624,69400,10.9
008050018000,83,-70634,69405,8.3
008050019000,105,-70633,69405,10.5
008050020000,82,-70632,69406,8.2
008050022000,20,-70630,69404,2.0
008050023000,59,-70631,69404,5.9
008050024000,19,-70630,69405,1.9
008050025000,72,-70630,69405,7.2
008050026000,142,-70630,69406,14.2
008050027000,70,-70630,69407,7.0
008060025000,55,-70615,69413,5.5
008060048000,15,-70625,69417,1.5
008060049000,36,-70626,69417,3.6
008060050000,18,-70627,69417,1.8
008060051000,79,-70628,69417,7.9
008060062000,111,-70618,69415,11.1
008070003000,107,-70651,69399,10.7
008070004000,48,-70651,69400,4.8
008070005000,51,-70650,69401,5.1
008070006000,68,-70649,69401,6.8
008070007000,12,-70648,69401,1.2
008070009000,40,-70650,69402,4.0
008070011000,39,-70650,69403,3.9
008070012000,83,-70650,69404,8.3
008070013000,106,-70651,69404,10.6
008070014000,98,-70652,69404,9.8
008070015000,19,-70653,69404,1.9
008070017000,33,-70655,69403,3.3
008070018000,32,-70655,69403,3.2
008070019000,109,-70654,69403,10.9
008070020000,126,-70653,69403,12.6
008070021000,49,-70652,69403,4.9
008070022000,21,-70652,69402,2.1
008070023000,76,-70653,69402,7.6
008070024000,9,-70651,69401,0.9
008070026000,55,-70654,69402,5.5
008070027000,37,-70655,69402,3.7
008070028000,38,-70655,69401,3.8
008070029000,30,-70656,69400,3.0
008070030000,44,-70657,69401,4.4
008070031000,81,-70657,69402,8.1
008070032000,1,-70657,69403,0.1
008070034000,37,-70659,69403,3.7
008070035000,3,-70657,69405,0.3
008070036000,15,-70659,69404,1.5
008070037000,7,-70660,69404,0.7
008070038000,36,-70660,69403,3.6
008070039000,69,-70660,69402,6.9
008070040000,7,-70660,69401,0.7
008070041000,9,-70661,69401,0.9
008070042000,13,-70661,69402,1.3
008070043000,30,-70661,69403,3.0
008070044000,33,-70660,69404,3.3
008070046000,15,-70660,69406,1.5
008070047000,3,-70659,69406,0.3
008070049000,43,-70659,69408,4.3
008080008000,2,-70646,69397,0.2
008080010000,16,-70646,69399,1.6
008080011000,28,-70647,69400,2.8
008080012000,47,-70648,69400,4.7
008080014000,31,-70648,69401,3.1
008080015000,97,-70647,69401,9.7
008080016000,103,-70646,69401,10.3
008080017000,46,-70645,69401,4.6
008080018000,3,-70645,69401,0.3
008080019000,16,-70647,69399,1.6
008080021000,38,-70648,69398,3.8
008080023000,116,-70645,69399,11.6
008080024000,53,-70646,69399,5.3
008080027000,71,-70649,69399,7.1
008090005000,110,-70620,69395,11.0
008090013000,109,-70620,69394,10.9
008090025000,45,-70631,69401,4.5
008090029000,33,-70620,69399,3.3
008090041000,2,-70620,69398,0.2
008090042000,19,-70620,69398,1.9
008090052000,125,-70633,69400,12.5
008110001000,48,-70650,69398,4.8
008110002000,105,-70649,69398,10.5
008110004000,2,-70650,69396,0.2
008110009000,13,-70653,69393,1.3
008110010000,35,-70653,69396,3.5
008110013000,67,-70651,69397,6.7
008110014000,15,-70651,69398,1.5
008110015000,53,-70651,69398,5.3
008110019000,119,-70656,69398,11.9
008110020000,26,-70656,69397,2.6
008110021000,14,-70655,69396,1.4
008110022000,13,-70655,69395,1.3
008110023000,14,-70655,69394,1.4
008110024000,33,-70655,69393,3.3
008120001000,91,-70638,69390,9.1
008120002000,16,-70649,69397,1.6
008120004000,10,-70647,69397,1.0
008120005000,83,-70647,69397,8.3
008120006000,44,-70643,69389,4.4
008120007000,67,-70642,69390,6.7
008120010000,62,-70641,69391,6.2
008120011000,47,-70641,69390,4.7
008120012000,61,-70640,69390,6.1
008120013000,12,-70640,69391,1.2
008120016000,121,-70638,69391,12.1
008120017000,61,-70638,69389,6.1
008130002000,99,-70632,69393,9.9
008130004000,5,-70630,69393,0.5
008130005000,37,-70630,69392,3.7
008130006000,98,-70629,69392,9.8
008130007000,56,-70628,69392,5.6
008130009000,10,-70627,69391,1.0
008130010000,102,-70626,69391,10.2
008130011000,117,-70625,69391,11.7
008130012000,44,-70624,69391,4.4
008130013000,79,-70625,69389,7.9
008130014000,5,-70626,69389,0.5
008130015000,41,-70626,69390,4.1
008130016000,105,-70627,69390,10.5
008130017000,99,-70628,69390,9.9
008130018000,32,-70629,69390,3.2
008130019000,59,-70630,69391,5.9
008130033000,43,-70633,69392,4.3
008130034000,58,-70632,69391,5.8
008130035000,17,-70632,69390,1.7
008130036000,30,-70631,69390,3.0
008130038000,1,-70627,69392,0.1
008140004000,45,-70617,69391,4.5
008140005000,30,-70619,69392,3.0
008140006000,40,-70619,69391,4.0
008140008000,23,-70620,69390,2.3
008140009000,101,-70621,69390,10.1
008140010000,110,-70622,69390,11.0
008140011000,30,-70623,69390,3.0
008140012000,133,-70624,69389,13.3
008140013000,81,-70623,69389,8.1
008140014000,13,-70622,69389,1.3
008140015000,23,-70622,69388,2.3
008140016000,64,-70621,69388,6.4
008140017000,4,-70620,69389,0.4
008140018000,35,-70619,69389,3.5
008140019000,128,-70618,69390,12.8
008140022000,27,-70613,69384,2.7
008140023000,66,-70612,69383,6.6
008140025000,4,-70613,69384,0.4
008140026000,98,-70614,69385,9.8
008140027000,28,-70614,69386,2.8
008140028000,61,-70615,69386,6.1
008140029000,10,-70615,69387,1.0
008140030000,24,-70617,69389,2.4
008140031000,65,-70617,69389,6.5
008140032000,43,-70616,69388,4.3
008150001000,19,-70653,69392,1.9
008150005000,35,-70653,69387,3.5
008150007000,9,-70655,69392,0.9
008150011000,51,-70652,69391,5.1
008150012000,38,-70654,69388,3.8
008161002000,33,-70643,69388,3.3
008161003000,3,-70643,69387,0.3
008161004000,24,-70644,69387,2.4
008161005000,104,-70644,69386,10.4
008161006000,52,-70644,69385,5.2
008161007000,31,-70644,69385,3.1
008161008000,44,-70645,69384,4.4
008161009000,105,-70645,69383,10.5
008162001000,29,-70642,69388,2.9
008162002000,41,-70641,69388,4.1
008162003000,71,-70641,69387,7.1
008162004000,77,-70641,69386,7.7
008162006000,1,-70642,69384,0.1
008162007000,63,-70643,69385,6.3
008162008000,15,-70642,69386,1.5
008162009000,44,-70642,69386,4.4
008162010000,127,-70642,69387,12.7
008162011000,19,-70642,69385,1.9
008162012000,1,-70642,69385,0.1
008163009000,51,-70639,69387,5.1
008163011000,27,-70640,69386,2.7
008163013000,2,-70640,69386,0.2
008163017000,118,-70639,69388,11.8
008163022000,40,-70640,69384,4.0
008163023000,85,-70640,69385,8.5
008164001000,40,-70643,69383,4.0
008164002000,24,-70642,69383,2.4
008190003000,14,-70653,69384,1.4
008190005000,80,-70652,69383,8.0
008190006000,63,-70652,69382,6.3
008190007000,3,-70651,69381,0.3
008190009000,14,-70651,69377,1.4
008190015000,107,-70647,69377,10.7
008190016000,51,-70647,69378,5.1
008190017000,43,-70646,69379,4.3
008190018000,4,-70646,69380,0.4
008190019000,73,-70646,69380,7.3
008190020000,28,-70646,69381,2.8
008190021000,42,-70645,69382,4.2
008190022000,15,-70645,69382,1.5
008190023000,34,-70644,69382,3.4
008190024000,50,-70643,69382,5.0
008190025000,45,-70644,69382,4.5
008190026000,56,-70643,69381,5.6
008190027000,108,-70644,69381,10.8
008190028000,53,-70644,69380,5.3
008190029000,53,-70643,69380,5.3
008190035000,45,-70643,69379,4.5
008190036000,78,-70642,69380,7.8
008190037000,1,-70642,69381,0.1
008190038000,6,-70641,69382,0.6
008190041000,143,-70648,69382,14.3
008190044000,35,-70645,69378,3.5
008190045000,34,-70645,69379,3.4
008200001000,21,-70637,69379,2.1
008200014000,81,-70632,69374,8.1
008200016000,36,-70631,69372,3.6
008200017000,18,-70630,69373,1.8
008200018000,2,-70630,69374,0.2
008200019000,111,-70628,69372,11.1
008200031000,69,-70628,69373,6.9
008200032000,78,-70628,69374,7.8
008200033000,12,-70628,69375,1.2
008200036000,65,-70629,69377,6.5
008200037000,12,-70627,69378,1.2
008200038000,97,-70627,69378,9.7
008200039000,99,-70628,69378,9.9
008200040000,9,-70629,69378,0.9
008200041000,67,-70629,69378,6.7
008200042000,36,-70630,69378,3.6
008200043000,22,-70631,69379,2.2
008200044000,95,-70631,69379,9.5
008210002000,34,-70627,69372,3.4
008210003000,21,-70626,69371,2.1
008210004000,57,-70626,69371,5.7
008210010000,139,-70625,69371,13.9
008210011000,53,-70624,69371,5.3
008220002000,64,-70651,69373,6.4
008220003000,67,-70650,69372,6.7
008220004000,51,-70651,69372,5.1
008220005000,64,-70651,69371,6.4
008220014000,41,-70649,69376,4.1
008220015000,63,-70649,69376,6.3
008220016000,92,-70648,69376,9.2
008220017000,37,-70648,69376,3.7
008220018000,50,-70648,69375,5.0
008220019000,97,-70649,69375,9.7
008220020000,59,-70647,69374,5.9
008220021000,30,-70647,69373,3.0
008220022000,50,-70649,69374,5.0
008220023000,58,-70649,69373,5.8
008220024000,33,-70648,69373,3.3
008220025000,22,-70648,69372,2.2
008220026000,10,-70647,69371,1.0
008220027000,32,-70648,69371,3.2
008220028000,51,-70647,69370,5.1
008220029000,37,-70646,69372,3.7
008220032000,73,-70646,69374,7.3
008220034000,10,-70646,69376,1.0
008220038000,2,-70645,69375,0.2
008220040000,134,-70646,69373,13.4
008230002000,9,-70638,69374,0.9
008230006000,105,-70637,69368,10.5
008230007000,2,-70639,69368,0.2
008230011000,4,-70639,69370,0.4
008230013000,67,-70640,69372,6.7
008230014000,38,-70640,69373,3.8
008230015000,36,-70637,69372,3.6
008230027000,10,-70640,69369,1.0
008230031000,52,-70636,69367,5.2
008230032000,1,-70638,69375,0.1
008230037000,16,-70632,69372,1.6
008230038000,8,-70631,69371,0.8
008230040000,54,-70631,69370,5.4
008230041000,4,-70629,69368,0.4
008230042000,16,-70630,69368,1.6
008230043000,19,-70630,69369,1.9
008230044000,69,-70631,69368,6.9
008230049000,114,-70632,69369,11.4
008230056000,86,-70637,69369,8.6
008240006000,34,-70621,69364,3.4
008240008000,123,-70624,69364,12.3
008240009000,126,-70625,69364,12.6
008240012000,93,-70622,69368,9.3
008240027000,107,-70626,69369,10.7
008240028000,3,-70625,69368,0.3
008240030000,71,-70627,69367,7.1
008240031000,43,-70627,69366,4.3
008240032000,123,-70628,69366,12.3
008240033000,46,-70629,69366,4.6
008240035000,25,-70626,69366,2.5
008240038000,127,-70623,69367,12.7
008240039000,8,-70623,69367,0.8
008260006000,111,-70650,69369,11.1
008260007000,82,-70650,69368,8.2
008260008000,47,-70650,69367,4.7
008260009000,37,-70651,69366,3.7
008260010000,2,-70650,69365,0.2
008260011000,29,-70651,69364,2.9
008260012000,10,-70650,69364,1.0
008260013000,67,-70651,69364,6.7
008260014000,2,-70652,69365,0.2
008260015000,25,-70652,69365,2.5
008260016000,67,-70653,69364,6.7
008260017000,52,-70649,69370,5.2
008260018000,95,-70649,69369,9.5
008260023000,15,-70643,69363,1.5
008260025000,25,-70643,69363,2.5
008260026000,59,-70643,69362,5.9
008260027000,76,-70644,69363,7.6
008260028000,99,-70645,69363,9.9
008260030000,11,-70645,69364,1.1
008260031000,19,-70645,69364,1.9
008260032000,31,-70645,69365,3.1
008260033000,1,-70645,69365,0.1
008260034000,15,-70646,69365,1.5
008260036000,38,-70645,69366,3.8
008260037000,104,-70646,69367,10.4
008260038000,102,-70647,69366,10.2
008260039000,14,-70647,69367,1.4
008260040000,101,-70648,69367,10.1
008260041000,7,-70649,69368,0.7
008260042000,123,-70649,69367,12.3
008260043000,53,-70649,69366,5.3
008260047000,105,-70646,69363,10.5
008260048000,114,-70645,69362,11.4
008260049000,100,-70646,69362,10.0
008260050000,81,-70647,69363,8.1
008260051000,87,-70648,69362,8.7
008260053000,68,-70651,69370,6.8
008260055000,94,-70649,69365,9.4
008260056000,13,-70648,69364,1.3
008260058000,68,-70647,69365,6.8
008260060000,4,-70646,69364,0.4
008260061000,93,-70646,69364,9.3
008260063000,8,-70646,69364,0.8
008260065000,13,-70647,69364,1.3
008271001000,22,-70637,69366,2.2
008271005000,57,-70634,69364,5.7
008271010000,59,-70638,69362,5.9
008271013000,61,-70638,69360,6.1
008271019000,61,-70641,69362,6.1
008271020000,76,-70641,69363,7.6
008271021000,16,-70640,69363,1.6
008271022000,14,-70639,69363,1.4
008271023000,144,-70639,69362,14.4
008271024000,63,-70639,69364,6.3
008271025000,54,-70640,69364,5.4
008271026000,19,-70639,69364,1.9
008271027000,36,-70639,69365,3.6
008271030000,22,-70638,69365,2.2
008271032000,64,-70638,69363,6.4
008271034000,13,-70632,69365,1.3
008271037000,25,-70637,69366,2.5
008271039000,117,-70638,69365,11.7
008271046000,39,-70639,69366,3.9
008271047000,9,-70639,69366,0.9
008271054000,33,-70640,69367,3.3
008271055000,24,-70640,69366,2.4
008271056000,50,-70640,69365,5.0
008271057000,36,-70641,69365,3.6
008271058000,53,-70642,69364,5.3
008271059000,47,-70642,69365,4.7
008271060000,23,-70641,69365,2.3
008271061000,45,-70642,69366,4.5
008271063000,28,-70639,69367,2.8
008271067000,64,-70638,69367,6.4
008271068000,52,-70636,69366,5.2
008271069000,107,-70633,69365,10.7
008271070000,130,-70638,69364,13.0
008271071000,28,-70637,69364,2.8
008271072000,79,-70637,69363,7.9
008271075000,54,-70640,69367,5.4
008271076000,60,-70640,69368,6.0
008271077000,21,-70638,69362,2.1
008272001000,18,-70631,69365,1.8
008272003000,15,-70630,69364,1.5
008272004000,101,-70630,69362,10.1
008272005000,31,-70630,69363,3.1
008272006000,40,-70630,69363,4.0
008272007000,8,-70630,69363,0.8
008272008000,71,-70631,69364,7.1
008273001000,22,-70632,69363,2.2
008273002000,83,-70632,69363,8.3
008273003000,51,-70632,69362,5.1
008273004000,38,-70632,69361,3.8
008273005000,123,-70633,69361,12.3
008273008000,100,-70637,69359,10.0
008273009000,35,-70637,69359,3.5
008273010000,108,-70637,69360,10.8
008273012000,28,-70637,69362,2.8
008273013000,42,-70635,69362,4.2
008273014000,21,-70634,69363,2.1
008273015000,39,-70633,69363,3.9
008273016000,25,-70637,69361,2.5
008273020000,18,-70635,69362,1.8
008273021000,51,-70636,69360,5.1
008273022000,30,-70635,69360,3.0
008273023000,95,-70635,69360,9.5
008273026000,75,-70634,69359,7.5
008273027000,48,-70634,69361,4.8
008274002000,2,-70631,69359,0.2
008274003000,34,-70631,69358,3.4
008274004000,133,-70632,69359,13.3
008274005000,25,-70631,69360,2.5
008274006000,62,-70631,69360,6.2
008280005000,93,-70618,69360,9.3
008280007000,130,-70628,69359,13.0
008280008000,79,-70629,69359,7.9
008280009000,25,-70630,69361,2.5
008280015000,6,-70627,69358,0.6
008280021000,38,-70628,69364,3.8
008280022000,84,-70630,69360,8.4
008280023000,33,-70629,69360,3.3
008280027000,81,-70627,69364,8.1
008280028000,98,-70626,69364,9.8
008280029000,20,-70621,69356,2.0
008280030000,78,-70621,69356,7.8
008280031000,93,-70620,69356,9.3
008280032000,128,-70619,69356,12.8
008280033000,31,-70619,69356,3.1
008280034000,48,-70620,69355,4.8
008280035000,10,-70620,69354,1.0
008280038000,81,-70618,69355,8.1
008300005000,74,-70651,69363,7.4
008300006000,7,-70650,69363,0.7
008300007000,31,-70649,69362,3.1
008300008000,24,-70649,69362,2.4
008300009000,28,-70648,69361,2.8
008300010000,73,-70648,69361,7.3
008300011000,37,-70648,69361,3.7
008300012000,123,-70647,69361,12.3
008300013000,33,-70646,69361,3.3
008300016000,29,-70645,69359,2.9
008300017000,109,-70646,69359,10.9
008300018000,19,-70646,69359,1.9
008300019000,86,-70647,69359,8.6
008300020000,8,-70647,69359,0.8
008300021000,81,-70648,69360,8.1
008300022000,118,-70648,69360,11.8
008300023000,5,-70648,69360,0.5
008300024000,33,-70649,69360,3.3
008300025000,38,-70649,69360,3.8
008300026000,26,-70649,69359,2.6
008300027000,44,-70648,69359,4.4
008300028000,11,-70647,69358,1.1
008300029000,131,-70647,69358,13.1
008300031000,102,-70648,69357,10.2
008300032000,90,-70649,69356,9.0
008300033000,23,-70649,69357,2.3
008300034000,7,-70649,69357,0.7
008300035000,15,-70650,69357,1.5
008300038000,6,-70650,69358,0.6
008300039000,7,-70650,69358,0.7
008300040000,20,-70651,69358,2.0
008300041000,37,-70651,69358,3.7
008300042000,73,-70651,69359,7.3
008300043000,18,-70651,69359,1.8
008300044000,10,-70652,69359,1.0
008300045000,113,-70651,69360,11.3
008300046000,22,-70651,69360,2.2
008300047000,22,-70651,69361,2.2
008300048000,44,-70652,69360,4.4
008300049000,88,-70651,69362,8.8
008300051000,9,-70652,69360,0.9
008300052000,78,-70653,69361,7.8
008300053000,36,-70652,69362,3.6
008300054000,88,-70652,69363,8.8
008300056000,90,-70654,69362,9.0
008300057000,44,-70654,69363,4.4
008300058000,66,-70655,69364,6.6
008300059000,34,-70657,69363,3.4
008300060000,116,-70657,69363,11.6
008300061000,5,-70657,69362,0.5
008300062000,13,-70656,69362,1.3
008300063000,51,-70656,69362,5.1
008300064000,45,-70655,69361,4.5
008300065000,117,-70655,69361,11.7
008300066000,27,-70656,69361,2.7
008300068000,34,-70656,69360,3.4
008300069000,126,-70658,69359,12.6
008300070000,15,-70658,69359,1.5
008300072000,30,-70658,69358,3.0
008300073000,135,-70657,69358,13.5
008300074000,0,-70656,69358,0.0
008300075000,102,-70656,69359,10.2
008300076000,2,-70655,69359,0.2
008300077000,38,-70654,69360,3.8
008300078000,32,-70654,69359,3.2
008300079000,29,-70654,69359,2.9
008300081000,129,-70655,69358,12.9
008300083000,46,-70646,69358,4.6
008300084000,5,-70657,69361,0.5
008300085000,29,-70657,69359,2.9
008300086000,94,-70650,69357,9.4
008300088000,77,-70649,69358,7.7
008300089000,6,-70653,69363,0.6
008300090000,98,-70653,69362,9.8
008300091000,114,-70659,69358,11.4
008300094000,20,-70646,69361,2.0
008311001000,86,-70644,69362,8.6
008311002000,43,-70644,69361,4.3
008311003000,7,-70644,69360,0.7
008311004000,29,-70644,69360,2.9
008311005000,6,-70643,69359,0.6
008311006000,39,-70644,69359,3.9
008311007000,44,-70644,69358,4.4
008311008000,65,-70644,69358,6.5
008311009000,68,-70645,69357,6.8
008311010000,98,-70645,69357,9.8
008311011000,109,-70644,69357,10.9
008311012000,1,-70644,69356,0.1
008311013000,4,-70643,69361,0.4
008311014000,22,-70642,69361,2.2
008311015000,33,-70642,69361,3.3
008311016000,36,-70642,69360,3.6
008311017000,8,-70642,69359,0.8
008311019000,34,-70643,69357,3.4
008311020000,42,-70643,69357,4.2
008311021000,3,-70644,69356,0.3
008311022000,32,-70642,69357,3.2
008311023000,0,-70643,69356,0.0
008311024000,45,-70643,69356,4.5
008312001000,36,-70642,69361,3.6
008312002000,30,-70642,69361,3.0
008312004000,19,-70641,69360,1.9
008312005000,18,-70641,69360,1.8
008312006000,43,-70641,69359,4.3
008312007000,87,-70641,69358,8.7
008312008000,111,-70641,69357,11.1
008312009000,15,-70641,69357,1.5
008312010000,26,-70641,69356,2.6
008312011000,13,-70641,69355,1.3
008312012000,44,-70641,69362,4.4
008312013000,17,-70641,69361,1.7
008312014000,12,-70641,69361,1.2
008312015000,6,-70640,69360,0.6
008312017000,2,-70640,69360,0.2
008312018000,76,-70638,69360,7.6
008312019000,11,-70638,69359,1.1
008312021000,116,-70640,69358,11.6
008312024000,48,-70641,69356,4.8
008312025000,7,-70640,69356,0.7
008312026000,82,-70640,69355,8.2
008312027000,87,-70639,69355,8.7
008312028000,16,-70639,69355,1.6
008313001000,69,-70637,69358,6.9
008313002000,21,-70637,69357,2.1
008313005000,83,-70636,69356,8.3
008313006000,7,-70637,69355,0.7
008313007000,14,-70637,69355,1.4
008313008000,94,-70636,69355,9.4
008313009000,119,-70636,69358,11.9
008313010000,53,-70635,69358,5.3
008313011000,52,-70635,69357,5.2
008313012000,61,-70636,69357,6.1
008313013000,5,-70635,69357,0.5
008313014000,64,-70634,69357,6.4
008313015000,131,-70635,69356,13.1
008313016000,25,-70634,69356,2.5
008313017000,11,-70634,69356,1.1
008313018000,57,-70633,69356,5.7
008313019000,79,-70634,69355,7.9
008313020000,30,-70633,69355,3.0
008313021000,21,-70633,69355,2.1
008313022000,8,-70635,69354,0.8
008313023000,76,-70634,69354,7.6
008313024000,9,-70634,69354,0.9
008313025000,37,-70633,69354,3.7
008313026000,43,-70633,69353,4.3
008313027000,7,-70634,69358,0.7
008313028000,10,-70633,69358,1.0
008313029000,64,-70633,69358,6.4
008320001000,1,-70624,69351,0.1
008320002000,50,-70623,69351,5.0
008320003000,53,-70622,69351,5.3
008320005000,106,-70620,69351,10.6
008320014000,11,-70622,69351,1.1
008320015000,62,-70621,69351,6.2
008321001000,77,-70630,69357,7.7
008321002000,84,-70630,69356,8.4
008321003000,6,-70630,69355,0.6
008321004000,8,-70631,69354,0.8
008321005000,89,-70631,69354,8.9
008321006000,69,-70631,69354,6.9
008321007000,24,-70631,69353,2.4
008321008000,23,-70632,69353,2.3
008321009000,112,-70632,69354,11.2
008321010000,16,-70632,69355,1.6
008321011000,26,-70631,69355,2.6
008321012000,49,-70631,69356,4.9
008321013000,53,-70631,69356,5.3
008322001000,25,-70628,69357,2.5
008322003000,19,-70629,69356,1.9
008322004000,141,-70628,69355,14.1
008322005000,99,-70629,69355,9.9
008322006000,10,-70629,69357,1.0
008322007000,1,-70628,69356,0.1
008322008000,48,-70629,69357,4.8
008323001000,31,-70627,69357,3.1
008323002000,51,-70627,69356,5.1
008323003000,76,-70627,69355,7.6
008324001000,54,-70625,69357,5.4
008324002000,61,-70625,69356,6.1
008324003000,25,-70625,69355,2.5
008324004000,32,-70625,69354,3.2
008324005000,45,-70625,69354,4.5
008324006000,102,-70625,69353,10.2
008324007000,15,-70625,69353,1.5
008324008000,11,-70625,69352,1.1
008324009000,19,-70625,69352,1.9
008324011000,43,-70626,69351,4.3
008324014000,71,-70627,69353,7.1
008324016000,104,-70629,69354,10.4
008324017000,107,-70628,69354,10.7
008324018000,19,-70627,69354,1.9
008324019000,134,-70627,69354,13.4
008324020000,48,-70626,69354,4.8
008324021000,0,-70626,69355,0.0
008324022000,32,-70625,69356,3.2
008325001000,7,-70623,69356,0.7
008325002000,54,-70624,69355,5.4
008325004000,20,-70624,69355,2.0
008325005000,58,-70624,69354,5.8
008325006000,105,-70624,69354,10.5
008325007000,72,-70624,69355,7.2
008326001000,23,-70622,69356,2.3
008326005000,33,-70618,69354,3.3
008326007000,97,-70622,69353,9.7
008326008000,18,-70624,69353,1.8
008326012000,23,-70624,69353,2.3
008326013000,35,-70623,69353,3.5
008326026000,36,-70623,69354,3.6
008326029000,38,-70623,69354,3.8
008326030000,3,-70623,69355,0.3
008326031000,6,-70620,69354,0.6
008326034000,22,-70620,69353,2.2
008326035000,92,-70621,69353,9.2
008326036000,30,-70620,69353,3.0
008326037000,34,-70619,69354,3.4
008326038000,61,-70619,69354,6.1
008326039000,89,-70622,69354,8.9
008326040000,34,-70621,69354,3.4
008327001000,124,-70624,69352,12.4
008327002000,4,-70624,69352,0.4
008327003000,19,-70624,69352,1.9
008327004000,83,-70623,69352,8.3
008327005000,58,-70622,69352,5.8
008327006000,3,-70622,69352,0.3
008327007000,128,-70621,69352,12.8
008327008000,1,-70621,69352,0.1
008327010000,44,-70619,69352,4.4
008327011000,5,-70619,69352,0.5
008327012000,103,-70620,69352,10.3
008327013000,45,-70620,69352,4.5
008330001000,39,-70656,69357,3.9
008330002000,22,-70657,69357,2.2
008330003000,24,-70657,69356,2.4
008330005000,67,-70659,69355,6.7
008330008000,70,-70658,69356,7.0
008330010000,85,-70658,69357,8.5
008330011000,27,-70658,69356,2.7
008331001000,100,-70653,69358,10.0
008331002000,7,-70653,69358,0.7
008331003000,56,-70653,69357,5.6
008331004000,23,-70652,69356,2.3
008331005000,79,-70652,69356,7.9
008331006000,26,-70651,69356,2.6
008331007000,81,-70651,69355,8.1
008331008000,14,-70652,69355,1.4
008331009000,91,-70652,69354,9.1
008331010000,74,-70652,69354,7.4
008331012000,96,-70653,69353,9.6
008331013000,87,-70654,69354,8.7
008331014000,94,-70653,69355,9.4
008331016000,36,-70655,69355,3.6
008331017000,63,-70656,69355,6.3
008331018000,6,-70655,69356,0.6
008331019000,48,-70655,69356,4.8
008331020000,24,-70655,69357,2.4
008331021000,136,-70654,69357,13.6
008331022000,29,-70654,69357,2.9
008331023000,0,-70653,69358,0.0
008331025000,61,-70654,69356,6.1
008331026000,91,-70654,69356,9.1
008331027000,11,-70655,69355,1.1
008331028000,8,-70655,69356,0.8
008332001000,123,-70648,69356,12.3
008332002000,111,-70647,69356,11.1
008332003000,27,-70646,69356,2.7
008332004000,1,-70646,69356,0.1
008332006000,44,-70645,69355,4.4
008332008000,88,-70646,69354,8.8
008332009000,67,-70646,69354,6.7
008332010000,0,-70646,69354,0.0
008332011000,39,-70647,69355,3.9
008332012000,90,-70647,69355,9.0
008332013000,8,-70648,69355,0.8
008332014000,57,-70648,69355,5.7
008333001000,71,-70657,69354,7.1
008333002000,90,-70656,69354,9.0
008333003000,1,-70656,69353,0.1
008333004000,50,-70657,69353,5.0
008333008000,42,-70658,69353,4.2
008333009000,122,-70657,69352,12.2
008334001000,81,-70655,69353,8.1
008334002000,5,-70655,69353,0.5
008334003000,13,-70654,69352,1.3
008334004000,140,-70654,69352,14.0
008334006000,11,-70653,69351,1.1
008334007000,61,-70653,69352,6.1
008334008000,20,-70654,69351,2.0
008335001000,53,-70650,69355,5.3
008335003000,34,-70649,69354,3.4
008335004000,11,-70648,69353,1.1
008335005000,74,-70648,69353,7.4
008335006000,89,-70648,69353,8.9
008335007000,28,-70647,69353,2.8
008335008000,25,-70647,69352,2.5
008335009000,31,-70647,69352,3.1
008335010000,87,-70646,69352,8.7
008335011000,16,-70648,69352,1.6
008335013000,12,-70648,69350,1.2
008335015000,89,-70649,69351,8.9
008335016000,113,-70649,69351,11.3
008335018000,61,-70651,69352,6.1
008335019000,0,-70651,69352,0.0
008335020000,22,-70651,69353,2.2
008335022000,31,-70650,69354,3.1
008335023000,106,-70650,69354,10.6
008335024000,45,-70648,69350,4.5
008335025000,16,-70648,69351,1.6
008335026000,32,-70650,69351,3.2
008335027000,53,-70649,69352,5.3
008335033000,96,-70650,69353,9.6
008335036000,126,-70649,69354,12.6
008335037000,14,-70649,69350,1.4
008335038000,100,-70648,69350,10.0
008340001000,17,-70645,69355,1.7
008340002000,85,-70645,69355,8.5
008340003000,49,-70645,69354,4.9
008341003000,27,-70642,69355,2.7
008341004000,53,-70643,69354,5.3
008342001000,58,-70641,69354,5.8
008342002000,14,-70641,69353,1.4
008342003000,22,-70640,69353,2.2
008342004000,2,-70640,69352,0.2
008342005000,17,-70639,69353,1.7
008342006000,61,-70639,69353,6.1
008342008000,0,-70639,69351,0.0
008342009000,15,-70639,69351,1.5
008342010000,2,-70639,69352,0.2
008342012000,2,-70640,69352,0.2
008342014000,23,-70641,69352,2.3
008342016000,54,-70641,69353,5.4
008342017000,118,-70642,69353,11.8
008343004000,39,-70636,69352,3.9
008343005000,34,-70635,69352,3.4
008343007000,129,-70634,69352,12.9
008343012000,15,-70635,69351,1.5
008343013000,35,-70635,69351,3.5
008343015000,28,-70637,69351,2.8
008343016000,54,-70638,69351,5.4
008343017000,68,-70638,69351,6.8
008343020000,14,-70634,69351,1.4
008343022000,14,-70637,69352,1.4
008343023000,144,-70636,69352,14.4
008344001000,34,-70645,69351,3.4
008345001000,89,-70643,69351,8.9
008345002000,31,-70643,69351,3.1
008345004000,54,-70642,69351,5.4
008345005000,61,-70642,69351,6.1
008345007000,21,-70642,69350,2.1
008345009000,60,-70642,69350,6.0
008345012000,112,-70642,69349,11.2
008345013000,102,-70642,69349,10.2
008345014000,62,-70642,69349,6.2
008345016000,56,-70642,69348,5.6
008345025000,47,-70641,69351,4.7
008345026000,16,-70641,69351,1.6
008346001000,22,-70640,69350,2.2
008346002000,147,-70640,69350,14.7
008346003000,79,-70640,69350,7.9
008346004000,24,-70640,69350,2.4
008346008000,4,-70639,69347,0.4
008346010000,129,-70641,69348,12.9
008346011000,68,-70641,69348,6.8
008346012000,18,-70640,69349,1.8
008347008000,4,-70637,69347,0.4
008347009000,55,-70637,69347,5.5
008347010000,127,-70638,69347,12.7
008347012000,29,-70636,69348,2.9
008348008000,115,-70635,69346,11.5
008348011000,47,-70635,69347,4.7
008350013000,38,-70628,69350,3.8
008350014000,88,-70627,69350,8.8
008350017000,21,-70624,69350,2.1
008350020000,84,-70625,69345,8.4
008350021000,4,-70625,69346,0.4
008350022000,9,-70624,69346,0.9
008350023000,98,-70623,69347,9.8
008350024000,51,-70623,69347,5.1
008350025000,108,-70622,69347,10.8
008350027000,26,-70622,69347,2.6
008350029000,99,-70621,69348,9.9
008350030000,40,-70628,69352,4.0
008350038000,101,-70626,69346,10.1
008350043000,0,-70626,69345,0.0
008350045000,55,-70621,69347,5.5
008350047000,12,-70629,69349,1.2
008361001000,42,-70660,69353,4.2
008361002000,22,-70659,69352,2.2
008361004000,100,-70658,69351,10.0
008361005000,12,-70659,69351,1.2
008361008000,108,-70660,69349,10.8
008361009000,3,-70660,69348,0.3
008361010000,9,-70661,69347,0.9
008361011000,42,-70659,69349,4.2
008361012000,101,-70660,69350,10.1
008361013000,87,-70659,69350,8.7
008362001000,2,-70655,69351,0.2
008362002000,7,-70655,69350,0.7
008362003000,124,-70654,69350,12.4
008362005000,5,-70650,69351,0.5
008362006000,112,-70651,69350,11.2
008362007000,23,-70651,69349,2.3
008362008000,59,-70652,69349,5.9
008362009000,14,-70653,69349,1.4
008362010000,32,-70653,69348,3.2
008362011000,8,-70653,69348,0.8
008362012000,15,-70653,69348,1.5
008362015000,20,-70655,69350,2.0
008362016000,145,-70656,69351,14.5
008362018000,42,-70652,69351,4.2
008363001000,64,-70650,69350,6.4
008363003000,53,-70648,69349,5.3
008363004000,4,-70649,69348,0.4
008363005000,89,-70650,69347,8.9
008363007000,68,-70652,69346,6.8
008363008000,10,-70652,69346,1.0
008363009000,34,-70651,69347,3.4
008363010000,81,-70651,69348,8.1
008363012000,140,-70650,69349,14.0
008363014000,30,-70652,69346,3.0
008363015000,59,-70651,69347,5.9
008363016000,19,-70649,69349,1.9
008363018000,140,-70649,69349,14.0
008364001000,56,-70647,69348,5.6
008364002000,43,-70648,69348,4.3
008364004000,51,-70648,69347,5.1
008364006000,23,-70649,69347,2.3
008364008000,6,-70648,69345,0.6
008365001000,131,-70654,69347,13.1
008365002000,13,-70654,69347,1.3
008365003000,44,-70653,69346,4.4
008365005000,25,-70654,69346,2.5
008366001000,37,-70657,69350,3.7
008366002000,117,-70656,69349,11.7
008366003000,17,-70656,69348,1.7
008366005000,23,-70655,69348,2.3
008366006000,10,-70655,69347,1.0
008366007000,60,-70655,69347,6.0
008366008000,89,-70656,69347,8.9
008366009000,53,-70656,69346,5.3
008366010000,34,-70657,69347,3.4
008366011000,12,-70658,69347,1.2
008366012000,88,-70658,69348,8.8
008366013000,17,-70657,69348,1.7
008366015000,18,-70657,69350,1.8
008366016000,40,-70657,69347,4.0
008366017000,0,-70655,69348,0.0
008366018000,5,-70656,69348,0.5
008370001000,85,-70646,69349,8.5
008371003000,1,-70643,69348,0.1
008371004000,57,-70643,69347,5.7
008371005000,85,-70643,69347,8.5
008371007000,2,-70643,69347,0.2
008371008000,86,-70643,69346,8.6
008371009000,36,-70643,69346,3.6
008371013000,115,-70643,69347,11.5
008371014000,68,-70643,69347,6.8
008372001000,41,-70641,69347,4.1
008372003000,19,-70640,69346,1.9
008372005000,53,-70640,69344,5.3
008372006000,11,-70641,69344,1.1
008372011000,40,-70642,69346,4.0
008372012000,1,-70641,69346,0.1
008372017000,15,-70642,69345,1.5
008373005000,64,-70639,69341,6.4
008373006000,42,-70639,69342,4.2
008373009000,34,-70638,69343,3.4
008373010000,54,-70638,69344,5.4
008373011000,34,-70638,69344,3.4
008373012000,3,-70639,69345,0.3
008374001000,48,-70643,69344,4.8
008375002000,20,-70645,69345,2.0
008375007000,4,-70647,69343,0.4
008375008000,114,-70647,69343,11.4
008375009000,44,-70647,69343,4.4
008375010000,7,-70648,69344,0.7
008375011000,0,-70647,69344,0.0
008375012000,113,-70647,69344,11.3
008375013000,80,-70647,69344,8.0
008375014000,16,-70646,69345,1.6
008375017000,2,-70646,69345,0.2
008376001000,68,-70647,69348,6.8
008376002000,40,-70647,69347,4.0
008376003000,121,-70646,69347,12.1
008376004000,17,-70647,69346,1.7
008376005000,4,-70647,69346,0.4
008376006000,63,-70648,69346,6.3
008381001000,61,-70628,69344,6.1
008381003000,23,-70626,69345,2.3
008381004000,46,-70625,69345,4.6
008381008000,78,-70626,69343,7.8
008381009000,112,-70626,69344,11.2
008381010000,8,-70625,69343,0.8
008381011000,100,-70625,69343,10.0
008381012000,21,-70624,69342,2.1
008381013000,44,-70628,69345,4.4
008381016000,44,-70626,69342,4.4
008381017000,31,-70625,69342,3.1
008381021000,27,-70625,69342,2.7
008401001000,106,-70659,69347,10.6
008401002000,18,-70659,69347,1.8
008401003000,6,-70658,69347,0.6
008401005000,0,-70658,69345,0.0
008401006000,2,-70659,69346,0.2
008401007000,107,-70659,69346,10.7
008401008000,0,-70660,69346,0.0
008401009000,14,-70658,69346,1.4
008401010000,59,-70657,69346,5.9
008402001000,69,-70654,69345,6.9
008402003000,52,-70655,69343,5.2
008402004000,41,-70656,69343,4.1
008402005000,64,-70656,69343,6.4
008402006000,0,-70657,69344,0.0
008402007000,97,-70657,69344,9.7
008402008000,76,-70656,69344,7.6
008402011000,64,-70655,69344,6.4
008402016000,121,-70655,69346,12.1
008402018000,105,-70655,69345,10.5
008402019000,91,-70654,69344,9.1
008403003000,12,-70653,69343,1.2
008403004000,33,-70653,69342,3.3
008403005000,31,-70654,69341,3.1
008403006000,86,-70655,69341,8.6
008403007000,6,-70655,69340,0.6
008403008000,30,-70656,69340,3.0
008403009000,58,-70652,69343,5.8
008403010000,9,-70653,69343,0.9
008403011000,110,-70652,69344,11.0
008403012000,49,-70651,69343,4.9
008404002000,24,-70648,69342,2.4
008404003000,103,-70648,69342,10.3
008404005000,69,-70649,69342,6.9
008404006000,3,-70649,69343,0.3
008405001000,89,-70650,69342,8.9
008405002000,3,-70650,69341,0.3
008405003000,46,-70649,69341,4.6
008405004000,12,-70650,69341,1.2
008405005000,52,-70651,69340,5.2
008405006000,113,-70651,69340,11.3
008405007000,23,-70651,69340,2.3
008405008000,85,-70652,69339,8.5
008405009000,76,-70653,69340,7.6
008405011000,39,-70652,69341,3.9
008405012000,71,-70651,69341,7.1
008405013000,33,-70651,69342,3.3
008405014000,23,-70652,69340,2.3
008405015000,56,-70652,69341,5.6
008406001000,47,-70660,69345,4.7
008406003000,2,-70658,69344,0.2
008406005000,100,-70658,69341,10.0
008406007000,47,-70659,69341,4.7
008406008000,71,-70659,69341,7.1
008406010000,48,-70660,69342,4.8
008406011000,56,-70661,69343,5.6
008406012000,41,-70660,69344,4.1
008406013000,125,-70660,69344,12.5
008406014000,95,-70659,69344,9.5
008406015000,72,-70660,69345,7.2
008410010000,16,-70647,69340,1.6
008410011000,139,-70647,69340,13.9
008412003000,33,-70642,69336,3.3
008420008000,55,-70629,69342,5.5
008420009000,0,-70630,69341,0.0
008420010000,101,-70631,69341,10.1
008420011000,2,-70632,69341,0.2
008420012000,20,-70632,69342,2.0
008420016000,28,-70630,69342,2.8
008420017000,12,-70630,69342,1.2
008420021000,87,-70630,69342,8.7
008420022000,50,-70629,69342,5.0
008421001000,35,-70623,69341,3.5
008421007000,125,-70625,69339,12.5
008421008000,22,-70625,69340,2.2
008421009000,92,-70624,69340,9.2
008421010000,25,-70624,69341,2.5
008421011000,50,-70622,69340,5.0
008421012000,34,-70622,69338,3.4
008421014000,124,-70623,69338,12.4
008421015000,17,-70622,69339,1.7
008422001000,58,-70625,69337,5.8
008422002000,117,-70625,69337,11.7
008422003000,11,-70625,69337,1.1
008422004000,32,-70624,69337,3.2
008422005000,20,-70624,69336,2.0
008423001000,8,-70628,69341,0.8
008423002000,3,-70628,69339,0.3
008423003000,23,-70628,69339,2.3
008423004000,77,-70628,69338,7.7
008423006000,30,-70627,69338,3.0
008423008000,67,-70627,69337,6.7
008423009000,72,-70627,69336,7.2
008423010000,42,-70629,69338,4.2
008423011000,112,-70632,69338,11.2
008423012000,31,-70632,69339,3.1
008423013000,64,-70631,69340,6.4
008423015000,108,-70630,69339,10.8
008423016000,74,-70630,69340,7.4
008423017000,56,-70629,69340,5.6
008423018000,25,-70633,69338,2.5
008423020000,16,-70627,69337,1.6
008423021000,99,-70626,69338,9.9
008423023000,86,-70627,69338,8.6
008424002000,1,-70633,69341,0.1
008424003000,52,-70632,69340,5.2
008424005000,40,-70633,69339,4.0
008424007000,66,-70634,69339,6.6
008424010000,83,-70635,69339,8.3
008424011000,102,-70633,69340,10.2
008451001000,141,-70656,69340,14.1
008451002000,36,-70657,69339,3.6
008452001000,109,-70653,69340,10.9
008452002000,5,-70652,69339,0.5
008452003000,28,-70652,69338,2.8
008452004000,69,-70653,69338,6.9
008452005000,79,-70653,69338,7.9
008452006000,48,-70654,69337,4.8
008452007000,105,-70654,69337,10.5
008452008000,35,-70655,69337,3.5
008452010000,86,-70655,69335,8.6
008452012000,17,-70656,69334,1.7
008452013000,23,-70657,69333,2.3
008452014000,60,-70657,69334,6.0
008452016000,49,-70656,69338,4.9
008452017000,89,-70655,69338,8.9
008452018000,5,-70655,69338,0.5
008452021000,131,-70654,69339,13.1
008452022000,8,-70654,69340,0.8
008452025000,1,-70655,69335,0.1
008452026000,60,-70655,69336,6.0
008452027000,20,-70654,69339,2.0
008453002000,47,-70652,69336,4.7
008453003000,116,-70653,69335,11.6
008453004000,70,-70653,69334,7.0
008460005000,26,-70646,69333,2.6
008460006000,121,-70646,69333,12.1
008460014000,24,-70646,69334,2.4
008460016000,13,-70645,69334,1.3
008460020000,17,-70648,69331,1.7
008460021000,32,-70647,69332,3.2
008460022000,2,-70646,69332,0.2
008460023000,2,-70646,69331,0.2
008460024000,52,-70644,69335,5.2
008460025000,103,-70644,69335,10.3
008460026000,11,-70643,69335,1.1
008460027000,50,-70643,69335,5.0
008460028000,4,-70642,69335,0.4
008460030000,73,-70644,69334,7.3
008460031000,23,-70644,69334,2.3
008460032000,60,-70645,69333,6.0
008460033000,64,-70644,69333,6.4
008460034000,87,-70643,69331,8.7
008460035000,41,-70644,69331,4.1
008460036000,52,-70645,69331,5.2
008460037000,1,-70644,69331,0.1
008460038000,11,-70640,69333,1.1
008460040000,97,-70638,69331,9.7
008460041000,64,-70639,69331,6.4
008460042000,14,-70639,69331,1.4
008460043000,105,-70640,69331,10.5
008460044000,16,-70641,69332,1.6
008460045000,109,-70641,69331,10.9
008460046000,29,-70641,69330,2.9
008460048000,15,-70641,69330,1.5
008460049000,10,-70640,69329,1.0
008460050000,22,-70640,69329,2.2
008460051000,59,-70639,69329,5.9
008460052000,25,-70639,69329,2.5
008460053000,110,-70638,69329,11.0
008460054000,72,-70639,69328,7.2
008460055000,60,-70640,69328,6.0
008460056000,30,-70641,69328,3.0
008460058000,53,-70642,69329,5.3
008460059000,44,-70647,69333,4.4
008460060000,32,-70647,69333,3.2
008470001000,48,-70631,69337,4.8
008470003000,94,-70630,69337,9.4
008470004000,45,-70630,69337,4.5
008470005000,3,-70629,69337,0.3
008470006000,10,-70629,69336,1.0
008470007000,65,-70628,69336,6.5
008470009000,2,-70627,69336,0.2
008471004000,87,-70625,69335,8.7
008471005000,51,-70624,69335,5.1
008471007000,3,-70625,69336,0.3
008471010000,64,-70626,69335,6.4
008471011000,22,-70626,69336,2.2
008472001000,11,-70636,69338,1.1
008472005000,62,-70631,69335,6.2
008472007000,125,-70628,69334,12.5
008472008000,16,-70632,69331,1.6
008472009000,117,-70632,69332,11.7
008472010000,58,-70632,69332,5.8
008472011000,62,-70632,69333,6.2
008472012000,83,-70632,69333,8.3
008472013000,2,-70632,69333,0.2
008472014000,22,-70632,69334,2.2
008472015000,8,-70631,69334,0.8
008472016000,39,-70631,69335,3.9
008472017000,81,-70633,69335,8.1
008472018000,94,-70633,69335,9.4
008472019000,23,-70633,69334,2.3
008472020000,60,-70633,69334,6.0
008472021000,21,-70633,69334,2.1
008472022000,62,-70634,69333,6.2
008472024000,27,-70633,69336,2.7
008472025000,6,-70633,69336,0.6
008473002000,11,-70627,69330,1.1
008473003000,57,-70627,69331,5.7
008473005000,97,-70627,69332,9.7
008473006000,57,-70627,69332,5.7
008473007000,19,-70626,69333,1.9
008500001000,4,-70662,69337,0.4
008500003000,71,-70661,69336,7.1
008500006000,65,-70659,69334,6.5
008500007000,75,-70658,69333,7.5
008500008000,92,-70658,69333,9.2
008500009000,4,-70658,69332,0.4
008500010000,77,-70657,69332,7.7
008500011000,106,-70658,69332,10.6
008500012000,29,-70658,69332,2.9
008500013000,94,-70659,69332,9.4
008500014000,55,-70659,69331,5.5
008500015000,54,-70660,69331,5.4
008500016000,46,-70660,69330,4.6
008500021000,16,-70662,69333,1.6
008500022000,21,-70664,69337,2.1
008500030000,94,-70657,69330,9.4
008500031000,55,-70657,69330,5.5
008500032000,46,-70656,69331,4.6
008500033000,31,-70656,69331,3.1
008500034000,22,-70655,69331,2.2
008500035000,112,-70654,69332,11.2
008500038000,15,-70660,69335,1.5
008500039000,96,-70659,69334,9.6
008510002000,3,-70649,69331,0.3
008510003000,47,-70650,69330,4.7
008510004000,0,-70651,69330,0.0
008510005000,69,-70650,69330,6.9
008510007000,3,-70650,69330,0.3
008510008000,76,-70651,69329,7.6
008510009000,18,-70652,69329,1.8
008510010000,134,-70652,69328,13.4
008510011000,12,-70649,69331,1.2
008510021000,4,-70648,69331,0.4
008510022000,125,-70648,69330,12.5
008510023000,48,-70648,69330,4.8
008510024000,12,-70649,69329,1.2
008510026000,56,-70647,69329,5.6
008510027000,107,-70647,69329,10.7
008510028000,67,-70647,69330,6.7
008510029000,73,-70645,69329,7.3
008510030000,22,-70645,69329,2.2
008510031000,41,-70645,69328,4.1
008510032000,5,-70646,69328,0.5
008510033000,46,-70646,69327,4.6
008510034000,38,-70646,69327,3.8
008510035000,6,-70644,69326,0.6
008510036000,23,-70644,69327,2.3
008510037000,100,-70644,69327,10.0
008510038000,53,-70644,69328,5.3
008510039000,106,-70644,69328,10.6
008510040000,70,-70644,69329,7.0
008510042000,12,-70642,69327,1.2
008510043000,13,-70641,69327,1.3
008510044000,65,-70641,69327,6.5
008510045000,7,-70641,69327,0.7
008510046000,101,-70640,69327,10.1
008510047000,21,-70639,69327,2.1
008510048000,114,-70640,69326,11.4
008510049000,41,-70640,69325,4.1
008510051000,1,-70642,69326,0.1
008510052000,55,-70642,69326,5.5
008510053000,3,-70641,69325,0.3
008510054000,20,-70651,69330,2.0
008520001000,64,-70628,69330,6.4
008520003000,8,-70628,69327,0.8
008520004000,58,-70628,69328,5.8
008520005000,108,-70628,69329,10.8
008520006000,83,-70636,69332,8.3
008520007000,56,-70635,69332,5.6
008520008000,68,-70635,69332,6.8
008520009000,17,-70634,69332,1.7
008520010000,57,-70634,69332,5.7
008520011000,10,-70634,69332,1.0
008520012000,100,-70634,69331,10.0
008520013000,65,-70634,69330,6.5
008520014000,40,-70634,69330,4.0
008520015000,33,-70635,69330,3.3
008520016000,14,-70635,69330,1.4
008520017000,2,-70636,69330,0.2
008520018000,18,-70636,69331,1.8
008520019000,43,-70637,69331,4.3
008520020000,3,-70637,69331,0.3
008520021000,27,-70638,69329,2.7
008520022000,121,-70637,69329,12.1
008520023000,28,-70637,69329,2.8
008520024000,92,-70636,69329,9.2
008520025000,31,-70636,69329,3.1
008520026000,50,-70635,69329,5.0
008520027000,28,-70635,69329,2.8
008520028000,3,-70634,69329,0.3
008520029000,26,-70635,69327,2.6
008520030000,53,-70635,69326,5.3
008520031000,40,-70635,69327,4.0
008520032000,93,-70636,69327,9.3
008520033000,73,-70636,69327,7.3
008520034000,53,-70637,69327,5.3
008520035000,23,-70637,69327,2.3
008520036000,37,-70638,69328,3.7
008520037000,31,-70632,69331,3.1
008520038000,3,-70633,69330,0.3
008520039000,24,-70633,69330,2.4
008520040000,70,-70633,69329,7.0
008520041000,100,-70633,69328,10.0
008520042000,122,-70633,69327,12.2
008520043000,67,-70633,69326,6.7
008520044000,67,-70635,69325,6.7
008520045000,4,-70635,69325,0.4
008520047000,18,-70633,69324,1.8
008520048000,0,-70632,69325,0.0
008520049000,94,-70631,69325,9.4
008520050000,69,-70631,69324,6.9
008520051000,30,-70631,69323,3.0
008520054000,122,-70628,69325,12.2
008520055000,6,-70632,69326,0.6
008520056000,40,-70632,69328,4.0
008520062000,43,-70629,69330,4.3
008520063000,135,-70629,69330,13.5
008520066000,62,-70626,69324,6.2
008520067000,2,-70626,69323,0.2
008520069000,21,-70631,69328,2.1
008520070000,33,-70631,69327,3.3
008520071000,122,-70629,69327,12.2
008520072000,117,-70630,69327,11.7
008520073000,36,-70629,69329,3.6
008520074000,9,-70629,69329,0.9
008520075000,89,-70629,69325,8.9
008520076000,39,-70629,69325,3.9
008520077000,65,-70630,69325,6.5
008520078000,74,-70630,69325,7.4
008520079000,7,-70630,69324,0.7
008520080000,6,-70629,69324,0.6
008750001000,35,-70613,69382,3.5
008750002000,62,-70613,69382,6.2
008750003000,87,-70613,69382,8.7
008750004000,29,-70613,69382,2.9
008750005000,5,-70614,69383,0.5
008750006000,20,-70614,69382,2.0
008750007000,44,-70614,69382,4.4
008750008000,69,-70614,69382,6.9
008750009000,78,-70615,69382,7.8
008750010000,113,-70615,69382,11.3
008750011000,76,-70615,69382,7.6
008750012000,10,-70615,69382,1.0
008750013000,142,-70615,69381,14.2
008750014000,82,-70615,69381,8.2
008750015000,27,-70615,69381,2.7
008750016000,38,-70615,69380,3.8
008750017000,57,-70614,69380,5.7
008750018000,82,-70614,69380,8.2
008750019000,20,-70614,69380,2.0
008750020000,38,-70614,69379,3.8
008750021000,59,-70614,69379,5.9
008750022000,3,-70614,69379,0.3
008750023000,43,-70614,69378,4.3
008750024000,12,-70615,69378,1.2
008750025000,91,-70615,69378,9.1
008750026000,31,-70615,69378,3.1
008750027000,25,-70616,69378,2.5
008750028000,85,-70616,69378,8.5
008780001000,56,-70629,69390,5.6
008780002000,60,-70628,69389,6.0
008780003000,14,-70628,69388,1.4
008780004000,41,-70627,69389,4.1
008780005000,8,-70627,69389,0.8
008780006000,11,-70626,69388,1.1
008780007000,100,-70625,69388,10.0
008780008000,19,-70624,69388,1.9
008780009000,80,-70624,69387,8.0
008780010000,96,-70624,69386,9.6
008780011000,31,-70624,69386,3.1
008780012000,31,-70623,69385,3.1
008780013000,30,-70623,69385,3.0
008780014000,5,-70622,69384,0.5
008780015000,2,-70621,69385,0.2
008780016000,6,-70621,69385,0.6
008780017000,8,-70620,69385,0.8
008780018000,24,-70619,69384,2.4
008780019000,98,-70630,69389,9.8
008780020000,41,-70630,69388,4.1
008780021000,5,-70629,69388,0.5
008780022000,15,-70629,69386,1.5
008780023000,31,-70627,69387,3.1
008780024000,17,-70626,69387,1.7
008780025000,62,-70626,69387,6.2
008780026000,64,-70626,69386,6.4
008780027000,18,-70625,69386,1.8
008780028000,120,-70625,69385,12.0
008780029000,47,-70625,69384,4.7
008780030000,48,-70624,69384,4.8
008780031000,64,-70624,69383,6.4
008780032000,131,-70623,69383,13.1
008780033000,86,-70622,69383,8.6
008780034000,14,-70622,69383,1.4
008780035000,113,-70621,69383,11.3
008780036000,74,-70620,69383,7.4
008780037000,16,-70620,69383,1.6
008790001000,38,-70619,69388,3.8
008790002000,7,-70620,69388,0.7
008790003000,35,-70621,69387,3.5
008790004000,66,-70621,69387,6.6
008790005000,39,-70622,69388,3.9
008790006000,36,-70623,69388,3.6
008790007000,6,-70623,69387,0.6
008790008000,20,-70622,69386,2.0
008790009000,39,-70622,69386,3.9
008790010000,52,-70621,69386,5.2
008790011000,42,-70620,69386,4.2
008790012000,71,-70620,69386,7.1
008790013000,34,-70619,69386,3.4
008790014000,31,-70618,69387,3.1
008790015000,69,-70619,69386,6.9
008790016000,93,-70619,69385,9.3
008790017000,58,-70618,69389,5.8
008790018000,45,-70618,69388,4.5
008790019000,10,-70618,69388,1.0
008790020000,55,-70617,69387,5.5
008790021000,59,-70616,69386,5.9
008790024000,59,-70615,69385,5.9
008790025000,96,-70615,69384,9.6
008790026000,45,-70616,69383,4.5
008790027000,15,-70617,69385,1.5
008790028000,9,-70617,69385,0.9
008790029000,8,-70618,69384,0.8
008790030000,33,-70618,69383,3.3
008790031000,75,-70616,69386,7.5
008790033000,5,-70615,69385,0.5
008800005000,50,-70657,69367,5.0
008800016000,77,-70654,69370,7.7
008800017000,16,-70655,69371,1.6
008800018000,33,-70654,69372,3.3
008800020000,98,-70653,69372,9.8
008800022000,42,-70652,69371,4.2
008800024000,78,-70653,69370,7.8
008800025000,128,-70652,69369,12.8
008800026000,81,-70651,69369,8.1
008800028000,114,-70651,69368,11.4
008810001000,35,-70617,69374,3.5
008810002000,7,-70616,69374,0.7
008810003000,87,-70616,69374,8.7
008810004000,129,-70616,69374,12.9
008810005000,97,-70616,69374,9.7
008810006000,33,-70616,69376,3.3
008810007000,2,-70616,69375,0.2
008810008000,16,-70616,69375,1.6
008810009000,62,-70615,69375,6.2
008810010000,36,-70615,69377,3.6
008810011000,57,-70615,69377,5.7
008810012000,11,-70615,69377,1.1
008810013000,7,-70615,69376,0.7
008810014000,42,-70615,69374,4.2
008810015000,40,-70615,69374,4.0
008810016000,50,-70615,69374,5.0
008810017000,31,-70615,69374,3.1
008810018000,44,-70614,69374,4.4
008810019000,45,-70614,69374,4.5
008810020000,67,-70615,69375,6.7
008810021000,23,-70614,69375,2.3
008810022000,86,-70614,69375,8.6
008810023000,100,-70614,69375,10.0
008810024000,13,-70614,69377,1.3
008810025000,62,-70614,69377,6.2
008810026000,19,-70614,69377,1.9
008810027000,58,-70613,69377,5.8
008810028000,28,-70613,69374,2.8
008810029000,27,-70613,69374,2.7
008810030000,23,-70613,69375,2.3
008810031000,55,-70612,69375,5.5
008810032000,81,-70612,69376,8.1
008810033000,125,-70612,69376,12.5
008810034000,66,-70612,69376,6.6
008810035000,9,-70612,69377,0.9
008810036000,122,-70612,69377,12.2
008810037000,40,-70612,69377,4.0
008810038000,24,-70612,69378,2.4
008810039000,110,-70612,69378,11.0
008810040000,1,-70612,69379,0.1
008810041000,55,-70612,69379,5.5
008810042000,58,-70612,69379,5.8
008810043000,43,-70612,69379,4.3
008810044000,133,-70612,69380,13.3
008810045000,98,-70612,69380,9.8
008810046000,45,-70612,69380,4.5
008810047000,22,-70612,69381,2.2
008810048000,3,-70612,69381,0.3
008820002000,148,-70637,69386,14.8
008820003000,56,-70637,69387,5.6
008820004000,20,-70637,69387,2.0
008820005000,119,-70635,69387,11.9
008820006000,104,-70635,69386,10.4
008820007000,58,-70634,69386,5.8
008820008000,93,-70633,69386,9.3
008820009000,32,-70633,69386,3.2
008820010000,10,-70632,69386,1.0
008820011000,36,-70632,69385,3.6
008820012000,51,-70631,69383,5.1
008820013000,26,-70631,69382,2.6
008820014000,20,-70631,69381,2.0
008820015000,39,-70631,69381,3.9
008820016000,41,-70630,69380,4.1
008820017000,13,-70630,69380,1.3
008820018000,66,-70629,69380,6.6
008820019000,34,-70628,69380,3.4
008820020000,6,-70627,69380,0.6
008820021000,39,-70627,69380,3.9
008820022000,94,-70626,69380,9.4
008820023000,53,-70632,69380,5.3
008820024000,53,-70632,69380,5.3
008820025000,58,-70633,69381,5.8
008820026000,33,-70633,69381,3.3
008820027000,73,-70633,69382,7.3
008820028000,70,-70633,69383,7.0
008820029000,59,-70633,69384,5.9
008820030000,29,-70634,69384,2.9
008820031000,16,-70634,69385,1.6
008820032000,65,-70635,69385,6.5
008820033000,96,-70635,69384,9.6
008820034000,107,-70635,69383,10.7
008820035000,53,-70635,69382,5.3
008820036000,12,-70635,69381,1.2
008820037000,11,-70637,69384,1.1
008830001000,55,-70624,69339,5.5
008830002000,12,-70623,69338,1.2
008830003000,97,-70624,69339,9.7
008830004000,30,-70623,69339,3.0
008830005000,93,-70624,69339,9.3
008830006000,68,-70623,69339,6.8
008830007000,52,-70624,69339,5.2
008830008000,118,-70623,69339,11.8
008830009000,32,-70624,69339,3.2
008830010000,119,-70623,69339,11.9
008830011000,6,-70624,69340,0.6
008830012000,77,-70623,69339,7.7
008830013000,29,-70623,69340,2.9
008830014000,3,-70623,69340,0.3
008830015000,49,-70623,69340,4.9
008830016000,45,-70623,69340,4.5
008830017000,69,-70623,69340,6.9
008830018000,55,-70623,69340,5.5
008840002000,80,-70631,69342,8.0
008840003000,120,-70631,69342,12.0
008840004000,69,-70631,69342,6.9
008840005000,31,-70631,69342,3.1
008840006000,120,-70631,69342,12.0
008840007000,69,-70631,69342,6.9
008850001000,30,-70647,69342,3.0
008850002000,34,-70646,69341,3.4
008850003000,3,-70647,69341,0.3
008850004000,120,-70646,69341,12.0
008850005000,35,-70646,69341,3.5
008850006000,35,-70646,69340,3.5
008850007000,67,-70646,69340,6.7
008850008000,54,-70646,69340,5.4
008850009000,19,-70646,69340,1.9
008850010000,25,-70645,69340,2.5
008850011000,8,-70646,69340,0.8
008850012000,39,-70645,69339,3.9
008850013000,84,-70647,69341,8.4
008850014000,87,-70647,69341,8.7
008850015000,99,-70647,69341,9.9
008850016000,24,-70647,69341,2.4
008850017000,47,-70647,69340,4.7
008850018000,9,-70646,69340,0.9
008850019000,17,-70646,69340,1.7
008850020000,71,-70646,69340,7.1
008861001000,42,-70612,69421,4.2
008861002000,34,-70612,69421,3.4
008861003000,36,-70612,69422,3.6
008861004000,63,-70611,69422,6.3
008861005000,80,-70611,69423,8.0
008861006000,6,-70611,69423,0.6
008861007000,2,-70610,69421,0.2
008861008000,85,-70610,69422,8.5
008861010000,27,-70608,69421,2.7
008861011000,26,-70609,69421,2.6
008861012000,81,-70609,69421,8.1
008861013000,19,-70609,69420,1.9
008861014000,90,-70610,69420,9.0
008861015000,13,-70610,69419,1.3
008861016000,80,-70611,69420,8.0
008861017000,75,-70611,69420,7.5
008861018000,41,-70612,69420,4.1
008861020000,53,-70616,69418,5.3
008861021000,117,-70615,69418,11.7
008861022000,26,-70615,69418,2.6
008861023000,52,-70614,69419,5.2
008861024000,71,-70614,69419,7.1
008861025000,24,-70613,69420,2.4
008861026000,133,-70613,69420,13.3
008861027000,70,-70612,69419,7.0
008861028000,140,-70612,69419,14.0
008861029000,32,-70612,69419,3.2
008861030000,35,-70611,69418,3.5
008861031000,24,-70612,69417,2.4
008861032000,30,-70612,69416,3.0
008861033000,45,-70614,69417,4.5
008861034000,14,-70616,69417,1.4
008861035000,61,-70613,69416,6.1
008861036000,44,-70613,69415,4.4
008861037000,122,-70614,69415,12.2
008861038000,5,-70615,69415,0.5
008861039000,136,-70615,69416,13.6
008861040000,10,-70615,69416,1.0
008870005000,74,-70623,69378,7.4
008870006000,28,-70622,69378,2.8
008870007000,5,-70622,69377,0.5
008870008000,69,-70621,69377,6.9
008870009000,64,-70620,69378,6.4
008870010000,100,-70620,69377,10.0
008870011000,26,-70620,69377,2.6
008870012000,89,-70619,69376,8.9
008870013000,47,-70618,69376,4.7
008870014000,42,-70617,69377,4.2
008870015000,16,-70617,69378,1.6
008870016000,138,-70618,69378,13.8
008870017000,38,-70619,69378,3.8
008870018000,122,-70619,69379,12.2
008870019000,64,-70618,69379,6.4
008870020000,41,-70617,69379,4.1
008870021000,54,-70617,69379,5.4
008870022000,79,-70617,69380,7.9
008870023000,14,-70618,69381,1.4
008870024000,6,-70619,69380,0.6
008870025000,27,-70618,69381,2.7
008870026000,61,-70618,69382,6.1
008870027000,32,-70617,69381,3.2
008870028000,18,-70617,69381,1.8
008870029000,40,-70616,69382,4.0
008870030000,92,-70617,69383,9.2
008870031000,2,-70617,69384,0.2
008870032000,12,-70620,69379,1.2
008870033000,73,-70621,69379,7.3
008870034000,70,-70622,69379,7.0
008870035000,26,-70622,69379,2.6
008870036000,65,-70623,69379,6.5
008870037000,46,-70624,69380,4.6
008870039000,28,-70626,69378,2.8
008870040000,3,-70625,69378,0.3
008870041000,63,-70624,69378,6.3
008870042000,65,-70624,69378,6.5
008880001000,107,-70618,69418,10.7
008880003000,25,-70619,69420,2.5
008880004000,6,-70619,69420,0.6
008880005000,41,-70619,69421,4.1
008880006000,18,-70619,69421,1.8
008880007000,16,-70619,69422,1.6
008880008000,30,-70619,69422,3.0
008880010000,19,-70620,69424,1.9
008880011000,120,-70620,69425,12.0
008880012000,4,-70620,69424,0.4
008880013000,8,-70621,69426,0.8
008880014000,16,-70622,69426,1.6
008880015000,11,-70618,69424,1.1
008880016000,69,-70617,69423,6.9
008880017000,73,-70617,69422,7.3
008880018000,17,-70617,69422,1.7
008880019000,105,-70617,69421,10.5
008880020000,133,-70617,69420,13.3
008880021000,27,-70616,69420,2.7
008880022000,51,-70616,69421,5.1
008880023000,24,-70615,69421,2.4
008880024000,121,-70615,69421,12.1
008880025000,63,-70614,69423,6.3
008880026000,25,-70614,69422,2.5
008880027000,58,-70613,69422,5.8
008880028000,37,-70613,69421,3.7
008880029000,41,-70614,69421,4.1
008880030000,64,-70614,69420,6.4
008880031000,50,-70614,69420,5.0
008880032000,42,-70615,69420,4.2
008880033000,40,-70615,69419,4.0
008880034000,45,-70615,69419,4.5
008880035000,68,-70616,69419,6.8
008880036000,86,-70616,69419,8.6
008880037000,33,-70617,69419,3.3
008890001000,6,-70624,69428,0.6
008890002000,17,-70624,69429,1.7
008890003000,53,-70623,69430,5.3
008890004000,11,-70622,69429,1.1
008890005000,2,-70622,69428,0.2
008890006000,38,-70622,69428,3.8
008890007000,2,-70621,69427,0.2
008890008000,45,-70621,69427,4.5
008890009000,96,-70620,69428,9.6
008890010000,53,-70621,69429,5.3
008890011000,35,-70621,69430,3.5
008890012000,8,-70621,69430,0.8
008890017000,49,-70618,69428,4.9
008890018000,17,-70619,69428,1.7
008890019000,101,-70619,69427,10.1
008890021000,2,-70619,69426,0.2
008890022000,7,-70617,69429,0.7
008890023000,132,-70617,69428,13.2
008890024000,9,-70617,69427,0.9
008890025000,90,-70618,69427,9.0
008890026000,52,-70618,69426,5.2
008890027000,42,-70619,69426,4.2
008890028000,33,-70618,69424,3.3
008890029000,53,-70617,69425,5.3
008890030000,11,-70617,69426,1.1
008890031000,21,-70616,69426,2.1
008890032000,51,-70616,69427,5.1
008890033000,12,-70616,69427,1.2
008890034000,3,-70619,69429,0.3
008890035000,54,-70618,69429,5.4
008890036000,56,-70619,69431,5.6
008890037000,48,-70620,69431,4.8
008900001000,60,-70620,69382,6.0
008900002000,30,-70620,69382,3.0
008900003000,99,-70621,69382,9.9
008900004000,71,-70622,69382,7.1
008900006000,114,-70623,69382,11.4
008900007000,98,-70624,69382,9.8
008900008000,12,-70624,69382,1.2
008900009000,0,-70625,69382,0.0
008900010000,95,-70625,69383,9.5
008900011000,0,-70626,69384,0.0
008900012000,95,-70626,69384,9.5
008900013000,78,-70626,69385,7.8
008900014000,19,-70626,69385,1.9
008900015000,74,-70627,69386,7.4
008900016000,14,-70627,69387,1.4
008900017000,16,-70628,69386,1.6
008900018000,79,-70628,69385,7.9
008900019000,50,-70628,69385,5.0
008900020000,17,-70628,69384,1.7
008900021000,9,-70627,69384,0.9
008900022000,139,-70627,69383,13.9
008900023000,39,-70627,69382,3.9
008900024000,113,-70626,69381,11.3
008900025000,66,-70625,69380,6.6
008900026000,8,-70624,69380,0.8
008900027000,45,-70623,69380,4.5
008900028000,7,-70623,69380,0.7
008900029000,60,-70622,69380,6.0
008900030000,56,-70621,69380,5.6
008900031000,63,-70621,69380,6.3
008900032000,69,-70620,69380,6.9
008910001000,89,-70634,69391,8.9
008910002000,68,-70633,69390,6.8
008910003000,38,-70633,69390,3.8
008910004000,51,-70632,69389,5.1
008910005000,32,-70632,69389,3.2
008910006000,37,-70631,69388,3.7
008910007000,58,-70630,69388,5.8
008910008000,20,-70629,69386,2.0
008910009000,98,-70629,69385,9.8
008910010000,49,-70629,69384,4.9
008910011000,43,-70629,69384,4.3
008910012000,37,-70628,69383,3.7
008910013000,87,-70628,69383,8.7
008910014000,46,-70628,69382,4.6
008910015000,37,-70627,69381,3.7
008910016000,34,-70627,69381,3.4
008910017000,86,-70628,69381,8.6
008910018000,124,-70629,69381,12.4
008910019000,7,-70630,69382,0.7
008910020000,101,-70630,69382,10.1
008910021000,98,-70630,69383,9.8
008910022000,4,-70631,69383,0.4
008910023000,114,-70631,69384,11.4
008910024000,80,-70631,69385,8.0
008910025000,5,-70631,69386,0.5
008910026000,15,-70631,69386,1.5
008910027000,79,-70631,69387,7.9
008910028000,117,-70632,69387,11.7
008910029000,20,-70633,69387,2.0
008910030000,70,-70633,69388,7.0
008910031000,37,-70634,69388,3.7
008910032000,64,-70634,69389,6.4
008910033000,12,-70635,69388,1.2
008910034000,52,-70635,69388,5.2
008910035000,37,-70637,69388,3.7
008910036000,16,-70636,69389,1.6
008910037000,90,-70636,69390,9.0
008910038000,37,-70636,69390,3.7
008920001000,71,-70619,69430,7.1
008920008000,64,-70616,69433,6.4
008920009000,21,-70615,69433,2.1
008920011000,27,-70614,69433,2.7
008920012000,31,-70613,69432,3.1
008920013000,47,-70613,69432,4.7
008920014000,146,-70612,69432,14.6
008920015000,55,-70611,69432,5.5
008920016000,34,-70611,69432,3.4
008920017000,25,-70610,69431,2.5
008920018000,66,-70609,69431,6.6
008920019000,51,-70610,69430,5.1
008920020000,43,-70610,69430,4.3
008920021000,108,-70611,69430,10.8
008920022000,50,-70612,69430,5.0
008920023000,8,-70612,69431,0.8
008920024000,67,-70613,69431,6.7
008920025000,68,-70614,69431,6.8
008920026000,36,-70614,69431,3.6
008920027000,45,-70615,69431,4.5
008920028000,87,-70616,69431,8.7
008920031000,86,-70617,69430,8.6
008920032000,20,-70617,69429,2.0
008920033000,16,-70616,69431,1.6
008920034000,31,-70618,69432,3.1
008920035000,62,-70618,69431,6.2
008931001000,117,-70616,69429,11.7
008931002000,48,-70616,69430,4.8
008931003000,86,-70615,69430,8.6
008931004000,109,-70614,69430,10.9
008931005000,50,-70613,69430,5.0
008931006000,9,-70613,69429,0.9
008931007000,67,-70612,69429,6.7
008931008000,61,-70611,69429,6.1
008931009000,36,-70611,69429,3.6
008931010000,58,-70610,69429,5.8
008931011000,56,-70613,69428,5.6
008931012000,76,-70614,69428,7.6
008931013000,12,-70615,69428,1.2
008931014000,99,-70615,69428,9.9
008931015000,17,-70614,69427,1.7
008931016000,91,-70614,69427,9.1
008931017000,17,-70614,69427,1.7
008931018000,0,-70615,69426,0.0
008931019000,94,-70615,69426,9.4
008931020000,96,-70615,69426,9.6
008931021000,17,-70615,69426,1.7
008931022000,74,-70616,69425,7.4
008931023000,90,-70616,69425,9.0
008931024000,40,-70616,69424,4.0
008931025000,42,-70616,69424,4.2
008931026000,9,-70616,69423,0.9
008931027000,98,-70616,69423,9.8
008931028000,12,-70616,69423,1.2
008931029000,123,-70616,69422,12.3
008931030000,50,-70616,69422,5.0
008931031000,27,-70615,69423,2.7
008931032000,60,-70615,69424,6.0
008931033000,14,-70614,69424,1.4
008931034000,21,-70614,69425,2.1
008931035000,116,-70614,69425,11.6
008931036000,41,-70614,69425,4.1
008931037000,11,-70613,69426,1.1
008931038000,108,-70613,69426,10.8
008931039000,95,-70613,69426,9.5
008931040000,5,-70613,69427,0.5
008931041000,37,-70612,69427,3.7
008931042000,46,-70612,69428,4.6
008931043000,27,-70612,69427,2.7
008931044000,2,-70611,69428,0.2
008931045000,92,-70611,69427,9.2
008931046000,82,-70611,69427,8.2
008931047000,18,-70611,69426,1.8
008931048000,1,-70612,69426,0.1
008931049000,73,-70612,69426,7.3
008931050000,8,-70612,69426,0.8
008931051000,83,-70612,69425,8.3
008931052000,11,-70612,69425,1.1
008931053000,32,-70613,69425,3.2
008931054000,60,-70613,69424,6.0
008931055000,96,-70613,69424,9.6
008931056000,24,-70613,69424,2.4
008931057000,48,-70614,69423,4.8
008932001000,62,-70613,69422,6.2
008932002000,13,-70612,69422,1.3
008932003000,52,-70612,69423,5.2
008932004000,135,-70612,69423,13.5
008932005000,55,-70612,69423,5.5
008932006000,16,-70611,69424,1.6
008932007000,86,-70611,69424,8.6
008932008000,76,-70611,69424,7.6
008932009000,21,-70611,69425,2.1
008932010000,4,-70610,69425,0.4
008932011000,75,-70610,69425,7.5
008932012000,11,-70610,69426,1.1
008932013000,64,-70610,69426,6.4
008932014000,12,-70609,69426,1.2
008932015000,28,-70609,69427,2.8
008932016000,131,-70609,69427,13.1
008932017000,124,-70607,69426,12.4
008932018000,30,-70607,69426,3.0
008932019000,75,-70608,69426,7.5
008932020000,66,-70608,69426,6.6
008932021000,13,-70609,69426,1.3
008932022000,25,-70609,69425,2.5
008932023000,88,-70609,69425,8.8
008932024000,9,-70610,69425,0.9
008932025000,115,-70610,69424,11.5
008932026000,49,-70610,69424,4.9
008932027000,44,-70609,69423,4.4
008932028000,39,-70609,69423,3.9
008932029000,16,-70608,69424,1.6
008932030000,16,-70608,69424,1.6
008932031000,8,-70608,69425,0.8
008932032000,1,-70608,69424,0.1
008932033000,25,-70607,69424,2.5
008932034000,92,-70607,69424,9.2
008932035000,45,-70607,69423,4.5
008932036000,85,-70607,69423,8.5
008932037000,79,-70607,69422,7.9
008932038000,8,-70607,69422,0.8
008950003000,81,-70629,69421,8.1
008950004000,26,-70628,69423,2.6
008950005000,72,-70628,69423,7.2
008950006000,72,-70627,69424,7.2
008950007000,47,-70628,69424,4.7
008950008000,58,-70628,69425,5.8
008950009000,15,-70627,69426,1.5
008950010000,10,-70627,69426,1.0
008950011000,18,-70626,69425,1.8
008950012000,37,-70626,69424,3.7
008950013000,7,-70625,69425,0.7
008950014000,48,-70624,69425,4.8
008950015000,28,-70624,69425,2.8
008950016000,83,-70623,69425,8.3
008950017000,93,-70622,69425,9.3
008950018000,5,-70621,69423,0.5
008950019000,7,-70622,69423,0.7
008950020000,49,-70622,69423,4.9
008950021000,130,-70623,69423,13.0
008950022000,78,-70624,69423,7.8
008950023000,1,-70624,69423,0.1
008950024000,76,-70625,69423,7.6
008950025000,31,-70626,69422,3.1
008950026000,19,-70626,69422,1.9
008950027000,76,-70627,69421,7.6
008950028000,18,-70627,69421,1.8
008950037000,141,-70626,69420,14.1
008950038000,57,-70626,69421,5.7
008950039000,18,-70625,69421,1.8
008950040000,31,-70624,69422,3.1
008950041000,40,-70624,69422,4.0
008950042000,125,-70623,69422,12.5
008950043000,78,-70622,69422,7.8
008950044000,11,-70622,69422,1.1
008950045000,100,-70621,69422,10.0
008950046000,91,-70620,69422,9.1
008950047000,26,-70620,69421,2.6
008950048000,6,-70621,69421,0.6
008950049000,11,-70622,69420,1.1
008950050000,35,-70622,69420,3.5
008950051000,55,-70623,69420,5.5
008950055000,44,-70624,69420,4.4
008950058000,23,-70624,69420,2.3
008950060000,5,-70620,69418,0.5
008950061000,88,-70621,69418,8.8
008950062000,75,-70622,69418,7.5
008950063000,42,-70623,69418,4.2
008950064000,11,-70624,69418,1.1
008950065000,78,-70620,69418,7.8
008950066000,17,-70624,69419,1.7
008950067000,77,-70623,69419,7.7
008950068000,56,-70622,69419,5.6
008950069000,16,-70621,69419,1.6
008950070000,16,-70621,69419,1.6
008950071000,4,-70620,69420,0.4
008950072000,128,-70629,69420,12.8
008950073000,85,-70627,69420,8.5
008950074000,69,-70627,69419,6.9
008950075000,120,-70626,69419,12.0
008950076000,23,-70624,69419,2.3
008960003000,41,-70623,69433,4.1
008960004000,37,-70623,69435,3.7
008960005000,68,-70622,69435,6.8
008960006000,97,-70621,69435,9.7
008960007000,120,-70620,69435,12.0
008960008000,82,-70619,69435,8.2
008960014000,34,-70623,69426,3.4
008960015000,76,-70624,69426,7.6
008960016000,80,-70625,69426,8.0
008960017000,94,-70626,69427,9.4
008960018000,9,-70626,69427,0.9
008960019000,127,-70627,69428,12.7
008960020000,117,-70627,69429,11.7
008960021000,59,-70627,69430,5.9
008960022000,20,-70626,69431,2.0
008960023000,11,-70626,69431,1.1
008960024000,46,-70625,69432,4.6
008960028000,1,-70623,69431,0.1
008960029000,1,-70624,69431,0.1
008960030000,26,-70624,69430,2.6
008960031000,35,-70625,69430,3.5
008960032000,77,-70625,69429,7.7
008960033000,82,-70625,69428,8.2
008960034000,10,-70624,69428,1.0
008960040000,31,-70624,69433,3.1
008960041000,35,-70622,69432,3.5
008970002000,51,-70631,69440,5.1
008970003000,13,-70631,69440,1.3
008970004000,3,-70630,69440,0.3
008970005000,47,-70629,69439,4.7
008970006000,98,-70628,69439,9.8
008970007000,31,-70627,69439,3.1
008970008000,43,-70626,69439,4.3
008970009000,44,-70626,69438,4.4
008970010000,37,-70626,69436,3.7
008970011000,51,-70627,69436,5.1
008970012000,48,-70628,69435,4.8
008970014000,67,-70633,69437,6.7
008970015000,100,-70633,69438,10.0
008970016000,51,-70633,69439,5.1
008970017000,34,-70631,69438,3.4
008970018000,8,-70631,69438,0.8
008970019000,63,-70630,69438,6.3
008970020000,88,-70629,69438,8.8
008970021000,33,-70628,69438,3.3
008970022000,88,-70628,69437,8.8
008970023000,60,-70629,69437,6.0
008970024000,37,-70629,69436,3.7
008970025000,47,-70630,69436,4.7
008970026000,26,-70631,69437,2.6
008970027000,27,-70632,69437,2.7
008970028000,39,-70632,69437,3.9
008970029000,13,-70633,69435,1.3
008970030000,25,-70631,69435,2.5
008970031000,1,-70630,69434,0.1
008970032000,105,-70629,69434,10.5
008970033000,11,-70628,69434,1.1
008970034000,26,-70627,69433,2.6
008970036000,46,-70624,69435,4.6
008970039000,22,-70626,69435,2.2
008970041000,35,-70634,69436,3.5
008970042000,119,-70635,69436,11.9
008970043000,78,-70636,69436,7.8
008970044000,12,-70637,69436,1.2
008970045000,55,-70637,69437,5.5
008970046000,122,-70638,69437,12.2
008970047000,67,-70639,69437,6.7
008970048000,2,-70638,69438,0.2
008970049000,73,-70638,69439,7.3
008970052000,50,-70634,69441,5.0
008970053000,30,-70633,69440,3.0
008970054000,120,-70632,69440,12.0
008970055000,24,-70634,69438,2.4
008970056000,99,-70635,69438,9.9
008970057000,34,-70636,69438,3.4
008970058000,16,-70637,69438,1.6
008970059000,25,-70636,69439,2.5
008970060000,89,-70636,69440,8.9
008970061000,8,-70635,69440,0.8
008970062000,10,-70634,69439,1.0
008980001000,25,-70632,69400,2.5
008980002000,9,-70631,69400,0.9
008980003000,129,-70630,69399,12.9
008980004000,24,-70630,69400,2.4
008980008000,97,-70630,69402,9.7
008980011000,87,-70628,69401,8.7
008980014000,25,-70627,69399,2.5
008980016000,10,-70628,69400,1.0
008980017000,5,-70629,69399,0.5
008980018000,59,-70629,69398,5.9
008980019000,34,-70629,69398,3.4
008980020000,105,-70629,69397,10.5
008980021000,42,-70628,69396,4.2
008980022000,42,-70627,69396,4.2
008980023000,36,-70627,69396,3.6
008980024000,21,-70628,69397,2.1
008980025000,18,-70628,69398,1.8
008980026000,21,-70627,69399,2.1
008980027000,20,-70626,69397,2.0
008980028000,1,-70625,69397,0.1
008980029000,29,-70626,69396,2.9
008980030000,49,-70626,69395,4.9
008980031000,75,-70626,69395,7.5
008980032000,50,-70626,69394,5.0
008980033000,95,-70628,69394,9.5
008980034000,3,-70628,69395,0.3
008980036000,15,-70630,69395,1.5
008980037000,121,-70630,69396,12.1
009190048000,17,-70612,69361,1.7
009191040000,5,-70610,69364,0.5
009201037000,64,-70581,69356,6.4
009201044000,2,-70571,69354,0.2
009201047000,86,-70581,69357,8.6
009201048000,36,-70581,69357,3.6
009201049000,103,-70580,69357,10.3
009201050000,57,-70580,69357,5.7
009201051000,62,-70580,69356,6.2
009201052000,61,-70580,69356,6.1
009201053000,34,-70580,69356,3.4
009210001000,52,-70617,69361,5.2
009210002000,12,-70616,69361,1.2
009210006000,40,-70613,69357,4.0
009210007000,32,-70614,69358,3.2
009210008000,3,-70615,69359,0.3
009210010000,13,-70616,69359,1.3
009210011000,12,-70616,69359,1.2
009210012000,32,-70616,69359,3.2
009210013000,18,-70617,69359,1.8
009210014000,61,-70617,69358,6.1
009210015000,69,-70616,69358,6.9
009210016000,29,-70616,69358,2.9
009210018000,73,-70617,69356,7.3
009210019000,85,-70616,69356,8.5
009210020000,130,-70616,69355,13.0
009210026000,29,-70610,69358,2.9
009210028000,82,-70608,69358,8.2
009210029000,1,-70607,69357,0.1
009210031000,27,-70606,69357,2.7
009210032000,93,-70607,69355,9.3
009210033000,1,-70608,69356,0.1
009210034000,75,-70608,69356,7.5
009210036000,17,-70611,69357,1.7
009210038000,16,-70608,69355,1.6
009210040000,8,-70617,69357,0.8
009210041000,14,-70616,69357,1.4
009210046000,0,-70614,69358,0.0
009220004000,2,-70591,69354,0.2
009230004000,139,-70617,69353,13.9
009230005000,41,-70618,69353,4.1
009230006000,38,-70618,69353,3.8
009230007000,138,-70618,69354,13.8
009230016000,80,-70617,69351,8.0
009230018000,117,-70616,69351,11.7
009230019000,14,-70616,69352,1.4
009230020000,55,-70615,69352,5.5
009230022000,132,-70614,69352,13.2
009230038000,46,-70616,69354,4.6
009240035000,76,-70607,69342,7.6
009240036000,29,-70606,69342,2.9
009240037000,110,-70606,69342,11.0
009240038000,58,-70606,69342,5.8
009240039000,55,-70605,69342,5.5
009240040000,104,-70605,69343,10.4
009240041000,95,-70605,69343,9.5
009260003000,57,-70623,69334,5.7
009260038000,1,-70621,69333,0.1
009261002000,47,-70622,69338,4.7
009261003000,104,-70621,69338,10.4
009261005000,16,-70620,69337,1.6
009261008000,14,-70617,69338,1.4
009261019000,47,-70620,69337,4.7
009261020000,64,-70619,69338,6.4
009261021000,112,-70621,69339,11.2
009261025000,11,-70617,69336,1.1
009261026000,7,-70617,69336,0.7
009261027000,79,-70617,69337,7.9
009261028000,22,-70616,69338,2.2
009261029000,122,-70616,69339,12.2
009261030000,11,-70615,69340,1.1
009261031000,16,-70614,69339,1.6
009261032000,18,-70615,69338,1.8
009261033000,80,-70615,69337,8.0
009261034000,18,-70616,69336,1.8
009261035000,6,-70616,69335,0.6
009261043000,10,-70613,69339,1.0
009261044000,25,-70614,69339,2.5
009261045000,45,-70614,69339,4.5
009261046000,16,-70614,69338,1.6
009261047000,48,-70613,69338,4.8
009261048000,25,-70613,69337,2.5
009261049000,76,-70613,69337,7.6
009261050000,71,-70613,69337,7.1
009261051000,72,-70614,69338,7.2
009261052000,7,-70614,69338,0.7
009261053000,58,-70614,69337,5.8
009261054000,17,-70614,69337,1.7
009261055000,12,-70615,69337,1.2
009261056000,19,-70615,69337,1.9
009261057000,46,-70615,69336,4.6
009270007000,44,-70604,69331,4.4
009280001000,64,-70623,69333,6.4
009280002000,17,-70623,69333,1.7
009280003000,31,-70622,69332,3.1
009280004000,80,-70622,69332,8.0
009280005000,105,-70621,69332,10.5
009280006000,50,-70621,69331,5.0
009280007000,38,-70622,69331,3.8
009280008000,7,-70623,69331,0.7
009280009000,1,-70623,69332,0.1
009280010000,72,-70623,69332,7.2
009280013000,97,-70620,69332,9.7
009280014000,55,-70619,69332,5.5
009280015000,91,-70619,69332,9.1
009280016000,23,-70618,69332,2.3
009280017000,40,-70618,69332,4.0
009280018000,21,-70618,69332,2.1
009280019000,2,-70617,69331,0.2
009280021000,33,-70617,69331,3.3
009280022000,77,-70617,69330,7.7
009280023000,105,-70619,69331,10.5
009280024000,100,-70620,69331,10.0
009280026000,58,-70620,69330,5.8
009280027000,42,-70620,69329,4.2
009280028000,59,-70620,69329,5.9
009280032000,65,-70619,69328,6.5
009280033000,41,-70619,69329,4.1
009280034000,40,-70619,69329,4.0
009280036000,16,-70619,69330,1.6
009280037000,4,-70619,69330,0.4
009280038000,12,-70618,69330,1.2
009280039000,33,-70618,69331,3.3
009280040000,87,-70618,69331,8.7
009280041000,28,-70618,69330,2.8
009280042000,119,-70618,69330,11.9
009280043000,89,-70618,69330,8.9
009280044000,3,-70618,69329,0.3
009280045000,94,-70618,69329,9.4
009280046000,114,-70618,69329,11.4
009280047000,2,-70617,69329,0.2
009280048000,124,-70617,69329,12.4
009280049000,59,-70617,69329,5.9
009280050000,10,-70617,69328,1.0
009280051000,115,-70617,69328,11.5
009280053000,21,-70617,69331,2.1
009280056000,5,-70616,69327,0.5
009280057000,96,-70618,69327,9.6
009280058000,5,-70618,69329,0.5
009280059000,87,-70618,69328,8.7
009280060000,39,-70618,69328,3.9
009290002000,31,-70610,69324,3.1
009291001000,5,-70605,69326,0.5
009291002000,30,-70604,69325,3.0
009291004000,112,-70600,69320,11.2
009291005000,51,-70600,69319,5.1
009291006000,33,-70605,69326,3.3
009291009000,75,-70600,69322,7.5
009291010000,71,-70600,69321,7.1
009291013000,6,-70603,69324,0.6
009291016000,93,-70601,69323,9.3
009292001000,15,-70608,69325,1.5
009292002000,18,-70607,69325,1.8
009292003000,12,-70607,69324,1.2
009292004000,93,-70606,69324,9.3
009292005000,26,-70606,69324,2.6
009292009000,81,-70607,69323,8.1
009292010000,35,-70608,69324,3.5
009292014000,63,-70606,69322,6.3
009292015000,8,-70605,69322,0.8
009292016000,27,-70605,69321,2.7
009293001000,71,-70609,69323,7.1
009293002000,39,-70608,69322,3.9
009293006000,112,-70612,69322,11.2
009293007000,76,-70611,69322,7.6
009293012000,68,-70609,69322,6.8
009293013000,41,-70610,69321,4.1
009293015000,64,-70611,69321,6.4
009300004000,94,-70625,69322,9.4
009300005000,99,-70625,69323,9.9
009300006000,1,-70625,69323,0.1
009300007000,73,-70626,69324,7.3
009301001000,37,-70613,69324,3.7
009301003000,106,-70616,69325,10.6
009301004000,106,-70617,69325,10.6
009301007000,56,-70619,69321,5.6
009301009000,22,-70620,69323,2.2
009301014000,88,-70620,69324,8.8
009301016000,8,-70615,69324,0.8
009301017000,120,-70614,69324,12.0
009301020000,20,-70619,69323,2.0
009301025000,103,-70621,69324,10.3
009302001000,3,-70614,69323,0.3
009302002000,66,-70616,69323,6.6
009302004000,4,-70617,69321,0.4
009302005000,107,-70617,69320,10.7
009302006000,55,-70617,69323,5.5
009302007000,95,-70617,69322,9.5
009303001000,50,-70613,69322,5.0
009303002000,48,-70612,69321,4.8
009303007000,3,-70615,69319,0.3
009303008000,29,-70615,69320,2.9
009303009000,79,-70614,69321,7.9
009303010000,11,-70613,69321,1.1
009303011000,0,-70613,69319,0.0
009303012000,88,-70613,69320,8.8
009310001000,20,-70608,69320,2.0
009310002000,4,-70608,69319,0.4
009310003000,2,-70607,69318,0.2
009310004000,4,-70607,69318,0.4
009310005000,48,-70606,69317,4.8
009310013000,8,-70610,69319,0.8
009311001000,74,-70606,69320,7.4
009311009000,33,-70603,69319,3.3
009311010000,118,-70604,69318,11.8
009311011000,5,-70603,69317,0.5
009311016000,59,-70601,69315,5.9
009320009000,70,-70580,69324,7.0
009340004000,0,-70622,69320,0.0
009340007000,0,-70627,69317,0.0
009340016000,40,-70625,69321,4.0
009340017000,39,-70625,69320,3.9
009340020000,38,-70619,69319,3.8
009340022000,73,-70618,69316,7.3
009340025000,34,-70618,69319,3.4
009340026000,107,-70617,69319,10.7
009340027000,19,-70618,69319,1.9
009340028000,11,-70616,69318,1.1
009340030000,50,-70615,69318,5.0
009340031000,85,-70613,69318,8.5
009340032000,54,-70614,69318,5.4
009340033000,5,-70613,69318,0.5
009340035000,25,-70614,69317,2.5
009340037000,21,-70615,69316,2.1
009340038000,136,-70615,69316,13.6
009340039000,16,-70616,69317,1.6
009340040000,67,-70616,69317,6.7
009340041000,21,-70617,69318,2.1
009340042000,85,-70614,69315,8.5
009340045000,85,-70619,69318,8.5
009340046000,18,-70619,69317,1.8
009340047000,4,-70618,69317,0.4
009340049000,64,-70617,69316,6.4
009340050000,9,-70617,69315,0.9
009340051000,70,-70616,69315,7.0
009340052000,68,-70615,69314,6.8
009340054000,10,-70620,69320,1.0
009350001000,11,-70602,69310,1.1
009350002000,143,-70603,69310,14.3
009350003000,2,-70603,69309,0.2
009350004000,87,-70604,69309,8.7
009351004000,1,-70613,69315,0.1
009351005000,38,-70612,69316,3.8
009352003000,69,-70604,69316,6.9
009352004000,42,-70604,69316,4.2
009352005000,90,-70603,69315,9.0
009352006000,32,-70603,69315,3.2
009352009000,53,-70602,69314,5.3
009352010000,1,-70601,69314,0.1
009352012000,30,-70606,69317,3.0
009352014000,54,-70605,69316,5.4
009360001000,13,-70601,69313,1.3
009360002000,35,-70600,69313,3.5
009360003000,29,-70600,69312,2.9
009360004000,100,-70601,69312,10.0
009360005000,39,-70602,69311,3.9
009361002000,10,-70598,69314,1.0
009361003000,114,-70597,69313,11.4
009361004000,23,-70597,69313,2.3
009361005000,97,-70596,69312,9.7
009361008000,74,-70596,69309,7.4
009361009000,21,-70597,69308,2.1
009361010000,8,-70597,69308,0.8
009361011000,8,-70599,69307,0.8
009361012000,14,-70599,69308,1.4
009361016000,25,-70600,69315,2.5
009361017000,34,-70594,69310,3.4
009361020000,29,-70594,69311,2.9
009361021000,93,-70598,69314,9.3
009361022000,49,-70599,69314,4.9
009361023000,3,-70595,69312,0.3
009361024000,69,-70595,69311,6.9
009361025000,64,-70600,69309,6.4
009361027000,19,-70601,69309,1.9
009362001000,19,-70599,69312,1.9
009362002000,114,-70598,69311,11.4
009362003000,5,-70598,69311,0.5
009362004000,126,-70597,69310,12.6
009362005000,98,-70598,69309,9.8
009362006000,44,-70599,69310,4.4
009362007000,11,-70600,69311,1.1
009370001000,34,-70604,69308,3.4
009370004000,75,-70605,69304,7.5
009370005000,18,-70604,69305,1.8
009370007000,38,-70605,69308,3.8
009370009000,111,-70606,69306,11.1
009380001000,19,-70602,69308,1.9
009380007000,39,-70604,69303,3.9
009380018000,28,-70601,69302,2.8
009380019000,27,-70600,69303,2.7
009380021000,49,-70601,69301,4.9
009390001000,13,-70578,69296,1.3
009390004000,14,-70582,69294,1.4
009390005000,105,-70582,69294,10.5
009390006000,1,-70583,69293,0.1
009390007000,44,-70583,69293,4.4
009390008000,16,-70584,69293,1.6
009391001000,95,-70579,69294,9.5
009391002000,3,-70579,69292,0.3
009391003000,79,-70580,69291,7.9
009391004000,58,-70581,69291,5.8
009391007000,10,-70582,69292,1.0
009391008000,45,-70581,69292,4.5
009391010000,62,-70580,69293,6.2
009391011000,51,-70580,69293,5.1
009391013000,28,-70582,69291,2.8
009391018000,62,-70581,69290,6.2
009391019000,70,-70583,69291,7.0
009400002000,17,-70589,69285,1.7
009400005000,80,-70585,69287,8.0
009400006000,33,-70585,69288,3.3
009400008000,10,-70583,69290,1.0
009400011000,65,-70589,69289,6.5
009400012000,28,-70589,69289,2.8
009400013000,70,-70589,69288,7.0
009400014000,82,-70588,69289,8.2
009400015000,26,-70588,69290,2.6
009400016000,71,-70587,69290,7.1
009400017000,48,-70587,69290,4.8
009400018000,60,-70586,69291,6.0
009400019000,78,-70586,69291,7.8
009400021000,17,-70585,69292,1.7
009400022000,131,-70584,69290,13.1
009400023000,7,-70585,69290,0.7
009400024000,120,-70585,69289,12.0
009400025000,8,-70586,69289,0.8
009400026000,14,-70586,69289,1.4
009400027000,1,-70587,69288,0.1
009400028000,37,-70587,69288,3.7
009400029000,32,-70588,69287,3.2
009400030000,55,-70588,69287,5.5
009400031000,4,-70588,69286,0.4
009400032000,43,-70587,69286,4.3
009400033000,16,-70587,69285,1.6
009400034000,1,-70586,69286,0.1
009400035000,51,-70586,69287,5.1
009400036000,78,-70584,69288,7.8
009400037000,27,-70584,69288,2.7
009400038000,89,-70583,69289,8.9
009400039000,97,-70582,69290,9.7
009400040000,39,-70581,69288,3.9
009400041000,26,-70581,69288,2.6
009400042000,17,-70582,69287,1.7
009400043000,35,-70583,69287,3.5
009400044000,15,-70583,69287,1.5
009400045000,33,-70584,69286,3.3
009400046000,95,-70584,69286,9.5
009400047000,24,-70585,69285,2.4
009411002000,51,-70591,69284,5.1
009411003000,9,-70589,69284,0.9
009411004000,23,-70588,69283,2.3
009411005000,66,-70589,69282,6.6
009411006000,50,-70588,69281,5.0
009411007000,15,-70588,69280,1.5
009411008000,11,-70588,69279,1.1
009411011000,80,-70591,69279,8.0
009411012000,48,-70591,69280,4.8
009411013000,91,-70592,69280,9.1
009411014000,49,-70593,69279,4.9
009411015000,59,-70588,69282,5.9
009411017000,21,-70595,69281,2.1
009411018000,49,-70593,69280,4.9
009411019000,54,-70593,69282,5.4
009411020000,73,-70592,69282,7.3
009411021000,0,-70591,69282,0.0
009411022000,73,-70590,69281,7.3
009411023000,31,-70589,69281,3.1
009411024000,33,-70590,69282,3.3
009411025000,29,-70591,69283,2.9
009411026000,44,-70592,69283,4.4
009411028000,43,-70590,69284,4.3
009411029000,56,-70595,69279,5.6
009411030000,79,-70595,69280,7.9
009411031000,25,-70589,69279,2.5
009411032000,37,-70590,69279,3.7
009420007000,21,-70594,69277,2.1
009420008000,140,-70593,69278,14.0
009420012000,87,-70588,69272,8.7
009420014000,37,-70589,69271,3.7
009430003000,44,-70573,69294,4.4
009430004000,66,-70574,69294,6.6
009430005000,5,-70574,69294,0.5
009430006000,112,-70575,69293,11.2
009430008000,78,-70576,69292,7.8
009430009000,29,-70577,69292,2.9
009430010000,85,-70577,69291,8.5
009430012000,90,-70579,69290,9.0
009430014000,82,-70580,69289,8.2
009430015000,96,-70579,69292,9.6
009430016000,46,-70578,69293,4.6
009430017000,58,-70578,69293,5.8
009430018000,1,-70577,69294,0.1
009430024000,30,-70578,69290,3.0
009430025000,73,-70578,69291,7.3
009430030000,30,-70580,69289,3.0
009440003000,6,-70541,69269,0.6
009440004000,36,-70541,69269,3.6
009440005000,122,-70541,69268,12.2
009440006000,25,-70541,69267,2.5
009440007000,74,-70543,69267,7.4
009440010000,3,-70543,69270,0.3
009440012000,55,-70543,69268,5.5
009440013000,66,-70541,69267,6.6
009441002000,72,-70539,69270,7.2
009441003000,9,-70539,69271,0.9
009441004000,56,-70538,69272,5.6
009442001000,38,-70538,69269,3.8
009442002000,72,-70538,69268,7.2
009442003000,124,-70538,69267,12.4
009442004000,80,-70538,69266,8.0
009442005000,12,-70540,69267,1.2
009442006000,39,-70539,69268,3.9
009442007000,81,-70539,69269,8.1
009443006000,18,-70537,69266,1.8
009443012000,30,-70535,69265,3.0
009450002000,97,-70543,69265,9.7
009450003000,40,-70543,69264,4.0
009450004000,46,-70543,69263,4.6
009450009000,41,-70544,69260,4.1
009450010000,112,-70544,69261,11.2
009450011000,63,-70543,69264,6.3
009451001000,4,-70538,69265,0.4
009451002000,4,-70539,69265,0.4
009451003000,91,-70539,69264,9.1
009451004000,107,-70539,69263,10.7
009451005000,80,-70539,69262,8.0
009451006000,0,-70539,69261,0.0
009451007000,24,-70540,69261,2.4
009451009000,39,-70540,69259,3.9
009451010000,16,-70541,69258,1.6
009451011000,22,-70542,69258,2.2
009451012000,48,-70542,69259,4.8
009451013000,119,-70541,69261,11.9
009451014000,38,-70541,69262,3.8
009451016000,31,-70540,69264,3.1
009451017000,19,-70540,69264,1.9
009451018000,40,-70540,69265,4.0
009451021000,67,-70540,69259,6.7
009451022000,111,-70540,69260,11.1
009451023000,5,-70541,69260,0.5
009451024000,53,-70541,69260,5.3
009451026000,68,-70541,69263,6.8
009452004000,122,-70537,69262,12.2
009452005000,88,-70537,69263,8.8
009461001000,66,-70541,69257,6.6
009461002000,10,-70541,69256,1.0
009461003000,34,-70541,69256,3.4
009461007000,14,-70541,69254,1.4
009461008000,37,-70542,69253,3.7
009461009000,79,-70543,69253,7.9
009461010000,107,-70543,69254,10.7
009461011000,58,-70542,69256,5.8
009461013000,42,-70542,69257,4.2
009461014000,20,-70543,69255,2.0
009461016000,29,-70543,69255,2.9
009462004000,108,-70535,69252,10.8
009462006000,68,-70538,69253,6.8
009470008000,52,-70543,69252,5.2
009470009000,85,-70542,69252,8.5
009470010000,19,-70542,69252,1.9
009470011000,22,-70544,69251,2.2
009470012000,94,-70542,69251,9.4
009470013000,64,-70542,69250,6.4
009470015000,76,-70544,69250,7.6
009470016000,11,-70544,69249,1.1
009470017000,54,-70545,69248,5.4
009470020000,76,-70541,69248,7.6
009470021000,70,-70541,69249,7.0
009470022000,43,-70541,69250,4.3
009470028000,71,-70536,69247,7.1
009470029000,50,-70535,69249,5.0
009540016000,41,-70561,69351,4.1
009540026000,44,-70568,69352,4.4
009540027000,47,-70567,69353,4.7
009540031000,3,-70562,69355,0.3
009540032000,79,-70561,69354,7.9
009540042000,20,-70563,69358,2.0
009540043000,29,-70562,69358,2.9
009540044000,76,-70562,69358,7.6
009540045000,79,-70562,69358,7.9
009540046000,88,-70562,69358,8.8
009540047000,39,-70562,69358,3.9
009540048000,9,-70561,69358,0.9
009540049000,56,-70561,69358,5.6
009540050000,36,-70561,69358,3.6
009540051000,25,-70561,69358,2.5
009550022000,6,-70585,69352,0.6
009550034000,47,-70588,69353,4.7
009581005000,76,-70524,69299,7.6
009660001000,9,-70565,69363,0.9
009660002000,55,-70565,69362,5.5
009660003000,116,-70565,69362,11.6
009660004000,117,-70565,69362,11.7
009660005000,6,-70565,69361,0.6
009660006000,49,-70565,69361,4.9
009660007000,66,-70565,69361,6.6
009660008000,82,-70565,69361,8.2
009660009000,22,-70565,69361,2.2
009660010000,98,-70565,69360,9.8
009660011000,29,-70565,69360,2.9
009660012000,31,-70564,69360,3.1
009660013000,92,-70564,69360,9.2
009660014000,88,-70564,69360,8.8
009660015000,65,-70564,69360,6.5
009660016000,35,-70564,69357,3.5
009660017000,1,-70564,69358,0.1
009660018000,6,-70564,69357,0.6
009660019000,43,-70564,69358,4.3
009670001000,44,-70622,69334,4.4
009670002000,20,-70622,69335,2.0
009670003000,16,-70622,69335,1.6
009670004000,14,-70621,69335,1.4
009670005000,23,-70621,69335,2.3
009670006000,44,-70622,69334,4.4
009670007000,20,-70622,69335,2.0
009670008000,15,-70622,69335,1.5
009670009000,15,-70621,69335,1.5
009670010000,23,-70621,69335,2.3
009670011000,23,-70621,69335,2.3
009680039000,39,-70546,69337,3.9
009680040000,71,-70545,69337,7.1
009680041000,67,-70545,69337,6.7
009700037000,45,-70550,69330,4.5
009700072000,89,-70541,69320,8.9
009700073000,10,-70541,69320,1.0
009710002000,19,-70599,69357,1.9
009710006000,136,-70597,69357,13.6
009720018000,46,-70576,69353,4.6
009720019000,43,-70576,69353,4.3
009720022000,35,-70575,69353,3.5
009720023000,32,-70575,69353,3.2
009720027000,28,-70577,69353,2.8
009720028000,31,-70577,69353,3.1
009720029000,23,-70576,69353,2.3
009720030000,37,-70576,69353,3.7
009720031000,39,-70576,69353,3.9
009720032000,41,-70576,69353,4.1
009720033000,38,-70575,69353,3.8
009720034000,48,-70575,69353,4.8
009720035000,50,-70575,69353,5.0
009720036000,27,-70575,69353,2.7
009720037000,52,-70574,69353,5.2
009720038000,57,-70574,69353,5.7
009720039000,30,-70574,69353,3.0
009720040000,27,-70574,69353,2.7
009760001000,84,-70559,69343,8.4
009760011000,5,-70559,69346,0.5
011161015000,18,-70772,68670,1.8
011161017000,66,-70776,68674,6.6
011161018000,48,-70776,68675,4.8
011161022000,10,-70774,68678,1.0
011171011000,78,-70779,68652,7.8
011171016000,110,-70784,68655,11.0
011171019000,5,-70781,68658,0.5
011171020000,33,-70780,68658,3.3
011171024000,89,-70778,68662,8.9
011171049000,8,-70770,68657,0.8
011171052000,43,-70769,68662,4.3
011171053000,92,-70769,68663,9.2
011171054000,16,-70769,68664,1.6
011171055000,41,-70768,68665,4.1
011171076000,13,-70776,68668,1.3
011171077000,42,-70776,68669,4.2
011191008000,100,-70806,68638,10.0
011191009000,50,-70806,68639,5.0
011191010000,4,-70805,68640,0.4
011191013000,84,-70804,68644,8.4
011191018000,57,-70800,68650,5.7
011191019000,102,-70801,68650,10.2
011191020000,75,-70802,68650,7.5
011191028000,50,-70796,68653,5.0
011191031000,67,-70798,68650,6.7
011191032000,13,-70798,68649,1.3
011191041000,44,-70784,68665,4.4
011191042000,56,-70784,68664,5.6
011191044000,61,-70786,68662,6.1
011191045000,39,-70787,68662,3.9
011191046000,62,-70788,68662,6.2
011191047000,55,-70788,68663,5.5
011191050000,58,-70786,68666,5.8
011191051000,10,-70785,68667,1.0
011191052000,13,-70784,68668,1.3
011240004000,62,-70800,68611,6.2
011240005000,102,-70800,68612,10.2
011240006000,3,-70801,68613,0.3
011240007000,1,-70801,68613,0.1
011240009000,11,-70802,68613,1.1
011240010000,94,-70802,68612,9.4
011250005000,65,-70799,68604,6.5
011250006000,2,-70799,68605,0.2
011250007000,16,-70799,68606,1.6
011250011000,107,-70802,68611,10.7
011250014000,100,-70799,68609,10.0
011250015000,24,-70798,68608,2.4
011250016000,58,-70798,68607,5.8
011250017000,63,-70798,68607,6.3
011250022000,80,-70798,68606,8.0
011320004000,7,-70805,68602,0.7
011320005000,11,-70804,68602,1.1
012010034000,37,-70547,69233,3.7
012010035000,46,-70548,69230,4.6
012020010000,13,-70546,69247,1.3
012020035000,5,-70567,69235,0.5
012020041000,78,-70549,69247,7.8
012030001000,84,-70566,69234,8.4
012040031000,48,-70497,69234,4.8
012040032000,29,-70497,69232,2.9
012040061000,104,-70518,69239,10.4
012050004000,57,-70508,69209,5.7
012050010000,9,-70504,69208,0.9
012070020000,23,-70582,69188,2.3
012080035000,93,-70515,69189,9.3
012100011000,85,-70593,69163,8.5
012100015000,54,-70590,69165,5.4
012140007000,113,-70498,69206,11.3
012140015000,50,-70494,69202,5.0
012140016000,6,-70493,69201,0.6
012151013000,45,-70475,69186,4.5
012151021000,132,-70463,69186,13.2
012151022000,45,-70464,69184,4.5
012160022000,97,-70485,69197,9.7
012160025000,107,-70486,69200,10.7
012160026000,17,-70486,69199,1.7
012160035000,30,-70481,69198,3.0
012180008000,45,-70488,69187,4.5
012180009000,5,-70488,69186,0.5
012190006000,9,-70500,69191,0.9
012190017000,83,-70502,69191,8.3
012190018000,76,-70501,69191,7.6
012190019000,2,-70497,69188,0.2
012190026000,110,-70503,69193,11.0
012190027000,25,-70498,69191,2.5
012190028000,41,-70499,69190,4.1
012200019000,14,-70499,69182,1.4
012241034000,70,-70438,69163,7.0
012261058000,30,-70433,69121,3.0
012300018000,4,-70432,69186,0.4
012300019000,33,-70432,69185,3.3
012670018000,51,-70453,69187,5.1
012820040000,34,-70487,69203,3.4
012820041000,29,-70486,69202,2.9
012860015000,63,-70491,69153,6.3
012860016000,38,-70490,69153,3.8
013380010000,119,-69536,69914,11.9
013380012000,123,-69538,69913,12.3
013390009000,37,-69538,69911,3.7
013390010000,35,-69539,69911,3.5
013390011000,30,-69540,69910,3.0
013390033000,45,-69537,69912,4.5
013390042000,22,-69534,69912,2.2
013390043000,57,-69535,69912,5.7
013400017000,119,-69530,69911,11.9
016320001000,21,-68055,69222,2.1
016320002000,79,-68054,69223,7.9
016320004000,6,-68052,69222,0.6
016320005000,35,-68051,69221,3.5
016320006000,97,-68050,69221,9.7
016320007000,37,-68049,69221,3.7
016320008000,62,-68048,69220,6.2
016320009000,133,-68050,69220,13.3
016320010000,20,-68048,69219,2.0
016320013000,108,-68047,69217,10.8
016320014000,58,-68048,69217,5.8
016320015000,92,-68050,69219,9.2
016320017000,62,-68050,69217,6.2
016320018000,28,-68050,69216,2.8
016320020000,66,-68051,69217,6.6
016320021000,39,-68051,69218,3.9
016320024000,27,-68053,69220,2.7
016320025000,13,-68053,69220,1.3
016320027000,105,-68053,69218,10.5
016320029000,15,-68053,69222,1.5
016320030000,72,-68054,69221,7.2
016320031000,16,-68055,69220,1.6
016320032000,4,-68055,69220,0.4
016320033000,15,-68054,69219,1.5
016320035000,6,-68057,69218,0.6
016320036000,55,-68057,69219,5.5
016320037000,69,-68057,69220,6.9
016320038000,8,-68057,69221,0.8
016320039000,37,-68057,69221,3.7
016320040000,123,-68048,69216,12.3
016330001000,2,-68047,69214,0.2
016330002000,73,-68047,69213,7.3
016330003000,4,-68047,69212,0.4
016330004000,32,-68047,69212,3.2
016330005000,53,-68046,69211,5.3
016330006000,93,-68046,69210,9.3
016330007000,47,-68046,69209,4.7
016330008000,92,-68047,69207,9.2
016330009000,147,-68048,69207,14.7
016330010000,85,-68049,69207,8.5
016330011000,19,-68050,69207,1.9
016330013000,77,-68051,69208,7.7
016330015000,57,-68053,69208,5.7
016330016000,11,-68053,69208,1.1
016330017000,30,-68054,69209,3.0
016330018000,43,-68055,69209,4.3
016330019000,22,-68050,69216,2.2
016330020000,16,-68050,69215,1.6
016330021000,40,-68049,69214,4.0
016330023000,17,-68049,69212,1.7
016330024000,44,-68049,69212,4.4
016330026000,73,-68048,69210,7.3
016330027000,107,-68048,69209,10.7
016330028000,57,-68049,69209,5.7
016330029000,0,-68050,69209,0.0
016330030000,32,-68051,69210,3.2
016330031000,43,-68050,69211,4.3
016330032000,17,-68050,69211,1.7
016330033000,7,-68050,69212,0.7
016330035000,71,-68051,69214,7.1
016330036000,50,-68051,69215,5.0
016330037000,8,-68051,69215,0.8
016330039000,48,-68053,69215,4.8
016330040000,7,-68053,69215,0.7
016330041000,62,-68053,69214,6.2
016330042000,57,-68053,69213,5.7
016330043000,37,-68053,69212,3.7
016330044000,12,-68052,69211,1.2
016330045000,108,-68052,69210,10.8
016330046000,37,-68053,69210,3.7
016330047000,25,-68054,69210,2.5
016330048000,75,-68054,69211,7.5
016330049000,76,-68054,69212,7.6
016330050000,77,-68054,69213,7.7
016330051000,42,-68054,69214,4.2
016330054000,87,-68054,69216,8.7
016330055000,75,-68054,69217,7.5
016330056000,23,-68056,69217,2.3
016330057000,2,-68056,69217,0.2
016330058000,36,-68056,69216,3.6
016330059000,27,-68056,69215,2.7
016330060000,14,-68056,69214,1.4
016330061000,3,-68057,69213,0.3
016330062000,28,-68057,69212,2.8
016330063000,25,-68057,69212,2.5
016330064000,34,-68057,69211,3.4
016330065000,143,-68056,69210,14.3
016330066000,19,-68057,69209,1.9
016340001000,47,-68046,69215,4.7
016340002000,61,-68046,69214,6.1
016340003000,36,-68045,69213,3.6
016340004000,68,-68045,69212,6.8
016340005000,25,-68045,69211,2.5
016340006000,38,-68044,69210,3.8
016340007000,29,-68044,69209,2.9
016340008000,45,-68045,69209,4.5
016340009000,62,-68046,69207,6.2
016340010000,70,-68045,69207,7.0
016340011000,95,-68043,69208,9.5
016340012000,66,-68042,69209,6.6
016340014000,59,-68041,69211,5.9
016340015000,9,-68041,69212,0.9
016340017000,103,-68043,69212,10.3
016350001000,115,-68047,69220,11.5
016350002000,99,-68047,69216,9.9
016350003000,50,-68046,69216,5.0
016350004000,38,-68045,69220,3.8
016350005000,3,-68045,69218,0.3
016350010000,15,-68043,69214,1.5
016350011000,3,-68043,69215,0.3
016350013000,37,-68043,69218,3.7
016350014000,103,-68043,69219,10.3
016350015000,93,-68043,69220,9.3
016350017000,85,-68041,69220,8.5
016350018000,51,-68041,69219,5.1
016350019000,45,-68041,69218,4.5
016350022000,0,-68041,69215,0.0
016360001000,10,-68048,69228,1.0
016360002000,47,-68046,69227,4.7
016360003000,30,-68046,69226,3.0
016360005000,45,-68044,69227,4.5
016360006000,102,-68043,69226,10.2
016360008000,31,-68044,69224,3.1
016360010000,74,-68042,69223,7.4
016360011000,6,-68043,69221,0.6
016360013000,94,-68045,69223,9.4
016360014000,7,-68046,69223,0.7
016360016000,28,-68047,69225,2.8
016360019000,19,-68049,69227,1.9
016360020000,72,-68050,69228,7.2
016360021000,118,-68052,69224,11.8
016360022000,92,-68051,69224,9.2
016360023000,19,-68050,69224,1.9
016360024000,104,-68049,69223,10.4
016360025000,66,-68048,69223,6.6
016370001000,29,-68056,69234,2.9
016370002000,22,-68055,69233,2.2
016370004000,17,-68052,69232,1.7
016370005000,25,-68051,69231,2.5
016370006000,2,-68050,69231,0.2
016370007000,47,-68050,69230,4.7
016370008000,58,-68049,69229,5.8
016370009000,18,-68051,69228,1.8
016370011000,24,-68054,69229,2.4
016370012000,111,-68053,69230,11.1
016370013000,54,-68055,69231,5.4
016370014000,29,-68056,69230,2.9
016370015000,41,-68056,69229,4.1
016370016000,12,-68057,69229,1.2
016370017000,3,-68059,69229,0.3
016370018000,8,-68059,69230,0.8
016370019000,125,-68058,69230,12.5
016370020000,51,-68057,69231,5.1
016370023000,85,-68058,69233,8.5
016370024000,49,-68059,69232,4.9
016370025000,10,-68060,69232,1.0
016370026000,32,-68060,69231,3.2
016370027000,29,-68056,69232,2.9
016370029000,33,-68056,69231,3.3
016380001000,41,-68062,69230,4.1
016380003000,108,-68061,69228,10.8
016380004000,76,-68060,69227,7.6
016380005000,125,-68059,69227,12.5
016380006000,51,-68060,69226,5.1
016380007000,66,-68059,69225,6.6
016380010000,58,-68057,69227,5.8
016380011000,120,-68056,69227,12.0
016380012000,3,-68056,69225,0.3
016380013000,3,-68057,69224,0.3
016380014000,52,-68057,69223,5.2
016380016000,38,-68055,69224,3.8
016380017000,76,-68054,69225,7.6
016380018000,128,-68053,69225,12.8
016380021000,67,-68051,69227,6.7
016380024000,126,-68054,69228,12.6
016380026000,109,-68054,69227,10.9
016390001000,37,-68053,69233,3.7
016390004000,73,-68051,69234,7.3
016390005000,55,-68050,69234,5.5
016390006000,94,-68048,69234,9.4
016390007000,61,-68047,69234,6.1
016390008000,6,-68046,69234,0.6
016390010000,75,-68045,69234,7.5
016390011000,113,-68044,69234,11.3
016390012000,48,-68043,69234,4.8
016390013000,41,-68042,69233,4.1
016390014000,51,-68040,69232,5.1
016390015000,60,-68041,69230,6.0
016390016000,37,-68041,69231,3.7
016390018000,17,-68043,69231,1.7
016390019000,54,-68044,69232,5.4
016390020000,11,-68045,69232,1.1
016390021000,22,-68045,69232,2.2
016390023000,53,-68047,69232,5.3
016390024000,81,-68048,69232,8.1
016390025000,26,-68049,69232,2.6
016390026000,72,-68050,69232,7.2
016390027000,59,-68051,69232,5.9
016390028000,24,-68048,69230,2.4
016390029000,8,-68047,69231,0.8
016390030000,3,-68047,69231,0.3
016390032000,37,-68045,69230,3.7
016390033000,106,-68044,69230,10.6
016390034000,96,-68043,69230,9.6
016390035000,34,-68042,69229,3.4
016390036000,21,-68041,69229,2.1
016390038000,44,-68043,69227,4.4
016390039000,1,-68043,69228,0.1
016390040000,57,-68044,69228,5.7
016390041000,80,-68045,69228,8.0
016390042000,31,-68046,69229,3.1
016390043000,11,-68047,69228,1.1
016400002000,76,-68038,69231,7.6
016400003000,101,-68037,69231,10.1
016400004000,63,-68036,69231,6.3
016400005000,4,-68035,69231,0.4
016400006000,13,-68035,69230,1.3
016400007000,52,-68034,69230,5.2
016400008000,86,-68033,69230,8.6
016400009000,7,-68032,69230,0.7
016400011000,101,-68030,69229,10.1
016400012000,82,-68029,69229,8.2
016400013000,63,-68028,69229,6.3
016400014000,90,-68028,69227,9.0
016400015000,8,-68029,69227,0.8
016400016000,49,-68029,69226,4.9
016400018000,93,-68029,69224,9.3
016400019000,7,-68029,69223,0.7
016400020000,36,-68031,69224,3.6
016400022000,6,-68031,69226,0.6
016400023000,8,-68031,69226,0.8
016400024000,7,-68031,69227,0.7
016400026000,30,-68034,69228,3.0
016400028000,26,-68036,69229,2.6
016400029000,75,-68036,69227,7.5
016400030000,129,-68035,69227,12.9
016400031000,55,-68034,69227,5.5
016400033000,10,-68032,69226,1.0
016400034000,26,-68032,69224,2.6
016400035000,5,-68034,69224,0.5
016400037000,29,-68035,69225,2.9
016400038000,24,-68037,69227,2.4
016400039000,41,-68038,69228,4.1
016400040000,18,-68037,69229,1.8
016400041000,26,-68038,69229,2.6
016400043000,58,-68040,69230,5.8
016410002000,85,-68040,69228,8.5
016410003000,59,-68039,69227,5.9
016410004000,37,-68039,69227,3.7
016410005000,34,-68038,69226,3.4
016410006000,103,-68037,69225,10.3
016410007000,94,-68036,69224,9.4
016410008000,94,-68035,69223,9.4
016410009000,111,-68034,69223,11.1
016410010000,51,-68033,69223,5.1
016410011000,14,-68032,69223,1.4
016410012000,12,-68030,69222,1.2
016410016000,5,-68032,69221,0.5
016410018000,83,-68034,69221,8.3
016410019000,143,-68035,69221,14.3
016410021000,35,-68037,69222,3.5
016410022000,39,-68037,69222,3.9
016410023000,125,-68038,69223,12.5
016410024000,22,-68039,69224,2.2
016410026000,75,-68040,69225,7.5
016410027000,29,-68041,69225,2.9
016430001000,70,-68041,69223,7.0
016430002000,86,-68040,69223,8.6
016430003000,107,-68039,69222,10.7
016430004000,28,-68038,69221,2.8
016430005000,37,-68038,69221,3.7
016430006000,86,-68037,69220,8.6
016430007000,11,-68037,69220,1.1
016430008000,35,-68036,69219,3.5
016430010000,91,-68034,69219,9.1
016430012000,85,-68033,69219,8.5
016430013000,101,-68032,69219,10.1
016430014000,100,-68031,69219,10.0
016430016000,86,-68031,69217,8.6
016430017000,8,-68032,69217,0.8
016430018000,23,-68031,69216,2.3
016430019000,8,-68032,69215,0.8
016430020000,53,-68032,69214,5.3
016430022000,50,-68035,69214,5.0
016430028000,79,-68036,69215,7.9
016430029000,102,-68037,69215,10.2
016430030000,68,-68036,69217,6.8
016430031000,52,-68037,69217,5.2
016430033000,55,-68038,69215,5.5
016430034000,29,-68039,69216,2.9
016430035000,16,-68040,69215,1.6
016430036000,52,-68038,69218,5.2
016430037000,96,-68039,69218,9.6
016430038000,60,-68039,69219,6.0
016440001000,3,-68040,69213,0.3
016440003000,22,-68038,69213,2.2
016440004000,32,-68038,69213,3.2
016440007000,132,-68040,69211,13.2
016440008000,83,-68039,69211,8.3
016440014000,49,-68035,69210,4.9
016440015000,61,-68034,69211,6.1
016440016000,78,-68034,69212,7.8
016440017000,85,-68034,69213,8.5
016440018000,75,-68032,69213,7.5
016440019000,85,-68032,69212,8.5
016440022000,95,-68033,69209,9.5
016450001000,40,-68041,69209,4.0
016450005000,50,-68041,69207,5.0
016450006000,78,-68040,69207,7.8
016450007000,2,-68039,69206,0.2
016450008000,27,-68038,69206,2.7
016450009000,67,-68039,69208,6.7
016450010000,60,-68039,69209,6.0
016450012000,15,-68037,69208,1.5
016450013000,45,-68037,69206,4.5
016450016000,61,-68035,69207,6.1
016450017000,42,-68036,69209,4.2
016450019000,96,-68033,69208,9.6
016450022000,77,-68034,69205,7.7
016450024000,100,-68035,69204,10.0
016450025000,119,-68036,69204,11.9
016450026000,127,-68037,69204,12.7
016450027000,69,-68038,69204,6.9
016450029000,63,-68040,69205,6.3
016450030000,126,-68041,69205,12.6
016450031000,110,-68042,69205,11.0
016450032000,41,-68043,69205,4.1
016450033000,65,-68044,69206,6.5
016450034000,78,-68045,69206,7.8
016460002000,83,-68070,69248,8.3
016460005000,26,-68068,69251,2.6
016460009000,82,-68064,69252,8.2
016460011000,27,-68063,69252,2.7
016460012000,42,-68062,69251,4.2
016460013000,93,-68061,69251,9.3
016460014000,25,-68060,69251,2.5
016460015000,43,-68060,69251,4.3
016460016000,10,-68059,69250,1.0
016460017000,29,-68059,69248,2.9
016460018000,39,-68060,69249,3.9
016460020000,68,-68062,69249,6.8
016460021000,15,-68063,69249,1.5
016460022000,13,-68063,69250,1.3
016460023000,18,-68064,69250,1.8
016460024000,43,-68065,69249,4.3
016460025000,86,-68066,69249,8.6
016460026000,10,-68067,69248,1.0
016460027000,31,-68067,69247,3.1
016460028000,56,-68068,69247,5.6
016460029000,27,-68067,69246,2.7
016460030000,25,-68066,69246,2.5
016460032000,56,-68065,69248,5.6
016460033000,111,-68064,69248,11.1
016460035000,56,-68062,69248,5.6
016460036000,23,-68061,69247,2.3
016460037000,20,-68061,69247,2.0
016460038000,88,-68060,69247,8.8
016460039000,92,-68060,69245,9.2
016460040000,2,-68062,69245,0.2
016460041000,74,-68063,69246,7.4
016460042000,47,-68064,69246,4.7
016460043000,16,-68064,69245,1.6
016470001000,77,-68058,69250,7.7
016470002000,53,-68057,69250,5.3
016470003000,15,-68057,69250,1.5
016470004000,21,-68056,69250,2.1
016470005000,46,-68055,69249,4.6
016470006000,82,-68054,69249,8.2
016470007000,38,-68053,69249,3.8
016470008000,12,-68052,69248,1.2
016470012000,17,-68049,69248,1.7
016470013000,50,-68048,69247,5.0
016470015000,17,-68050,69246,1.7
016470017000,78,-68051,69246,7.8
016470018000,16,-68052,69247,1.6
016470019000,2,-68052,69246,0.2
016470020000,29,-68052,69245,2.9
016470025000,94,-68049,69244,9.4
016470026000,52,-68050,69242,5.2
016470027000,63,-68052,69241,6.3
016470028000,120,-68053,69242,12.0
016470029000,89,-68054,69243,8.9
016470030000,35,-68054,69244,3.5
016470031000,105,-68056,69244,10.5
016470033000,88,-68058,69243,8.8
016470034000,78,-68058,69244,7.8
016470035000,2,-68058,69245,0.2
016470036000,7,-68054,69245,0.7
016470037000,95,-68054,69247,9.5
016470038000,72,-68055,69247,7.2
016470039000,31,-68055,69246,3.1
016470040000,107,-68056,69246,10.7
016470041000,60,-68057,69246,6.0
016470042000,4,-68056,69247,0.4
016470043000,3,-68056,69248,0.3
016470044000,70,-68057,69248,7.0
016470045000,8,-68057,69246,0.8
016470046000,8,-68058,69247,0.8
016470047000,100,-68058,69248,10.0
016470048000,32,-68059,69248,3.2
016470049000,76,-68059,69247,7.6
016470053000,70,-68052,69244,7.0
016470054000,12,-68051,69243,1.2
016470055000,115,-68050,69244,11.5
016480001000,70,-68047,69247,7.0
016480002000,2,-68046,69247,0.2
016480003000,49,-68046,69247,4.9
016480004000,18,-68045,69246,1.8
016480005000,85,-68044,69246,8.5
016480006000,31,-68043,69246,3.1
016480007000,37,-68043,69246,3.7
016480008000,14,-68042,69246,1.4
016480009000,54,-68041,69245,5.4
016480010000,59,-68040,69245,5.9
016480011000,9,-68040,69245,0.9
016480013000,22,-68038,69244,2.2
016480014000,89,-68037,69244,8.9
016480015000,25,-68038,69242,2.5
016480016000,21,-68040,69243,2.1
016480017000,37,-68040,69243,3.7
016480018000,105,-68041,69243,10.5
016480019000,54,-68042,69243,5.4
016480020000,13,-68043,69244,1.3
016480021000,9,-68043,69244,0.9
016480022000,77,-68044,69244,7.7
016480023000,86,-68045,69244,8.6
016480024000,19,-68046,69244,1.9
016480025000,20,-68047,69245,2.0
016480026000,48,-68047,69245,4.8
016480028000,10,-68048,69244,1.0
016480029000,30,-68048,69243,3.0
016480030000,95,-68047,69243,9.5
016480031000,85,-68046,69243,8.5
016480032000,17,-68045,69243,1.7
016480033000,4,-68045,69243,0.4
016480034000,63,-68044,69242,6.3
016480035000,113,-68043,69242,11.3
016480036000,45,-68042,69242,4.5
016480037000,23,-68042,69242,2.3
016480039000,104,-68040,69241,10.4
016480040000,23,-68038,69241,2.3
016480041000,21,-68038,69240,2.1
016480043000,17,-68039,69238,1.7
016480044000,14,-68039,69237,1.4
016480045000,0,-68041,69240,0.0
016480046000,38,-68041,69239,3.8
016480047000,106,-68041,69238,10.6
016480049000,16,-68043,69239,1.6
016480050000,15,-68044,69239,1.5
016480052000,13,-68045,69241,1.3
016480053000,26,-68045,69240,2.6
016480054000,61,-68045,69239,6.1
016480055000,20,-68046,69239,2.0
016480056000,87,-68047,69240,8.7
016480057000,40,-68047,69241,4.0
016480058000,16,-68048,69241,1.6
016480059000,95,-68049,69240,9.5
016480060000,45,-68050,69241,4.5
016480061000,46,-68048,69241,4.6
016480062000,84,-68049,69242,8.4
016490001000,39,-68051,69240,3.9
016490002000,56,-68050,69239,5.6
016490003000,52,-68051,69238,5.2
016490004000,36,-68051,69237,3.6
016490005000,3,-68050,69237,0.3
016490006000,2,-68050,69237,0.2
016490007000,17,-68048,69239,1.7
016490008000,43,-68048,69239,4.3
016490009000,72,-68048,69238,7.2
016490010000,92,-68047,69238,9.2
016490011000,130,-68046,69238,13.0
016490014000,11,-68043,69237,1.1
016490015000,63,-68043,69237,6.3
016490016000,133,-68042,69237,13.3
016490017000,81,-68041,69237,8.1
016490018000,15,-68039,69237,1.5
016490019000,40,-68040,69236,4.0
016490021000,118,-68040,69234,11.8
016490022000,79,-68040,69233,7.9
016490023000,34,-68042,69235,3.4
016490026000,32,-68044,69235,3.2
016490027000,7,-68045,69236,0.7
016490028000,49,-68045,69236,4.9
016490029000,91,-68046,69236,9.1
016490031000,57,-68048,69236,5.7
016490032000,28,-68049,69235,2.8
016490033000,6,-68050,69235,0.6
016490034000,65,-68051,69235,6.5
016490035000,62,-68043,69235,6.2
016500001000,49,-68055,69242,4.9
016500002000,109,-68054,69241,10.9
016500003000,7,-68053,69241,0.7
016500004000,25,-68053,69240,2.5
016500005000,95,-68052,69238,9.5
016500006000,65,-68053,69238,6.5
016500007000,19,-68054,69238,1.9
016500008000,38,-68054,69239,3.8
016500009000,115,-68055,69239,11.5
016500010000,64,-68056,69240,6.4
016500011000,13,-68056,69240,1.3
016500012000,7,-68057,69241,0.7
016500013000,75,-68057,69242,7.5
016500014000,31,-68057,69242,3.1
016500015000,88,-68060,69244,8.8
016500016000,18,-68060,69243,1.8
016500017000,73,-68059,69243,7.3
016500018000,96,-68059,69242,9.6
016500019000,15,-68058,69241,1.5
016500020000,91,-68058,69241,9.1
016500021000,34,-68058,69240,3.4
016500022000,4,-68057,69240,0.4
016500024000,49,-68056,69238,4.9
016500025000,46,-68056,69238,4.6
016500026000,51,-68055,69237,5.1
016500028000,107,-68053,69237,10.7
016500029000,70,-68052,69237,7.0
016500030000,76,-68052,69235,7.6
016500031000,91,-68053,69235,9.1
016500034000,8,-68056,69236,0.8
016500036000,6,-68057,69236,0.6
016500037000,131,-68058,69237,13.1
016500038000,13,-68059,69238,1.3
016500040000,25,-68059,69239,2.5
016500041000,104,-68060,69240,10.4
016500042000,12,-68060,69241,1.2
016500043000,61,-68061,69241,6.1
016500044000,110,-68061,69242,11.0
016500045000,41,-68062,69243,4.1
016500048000,2,-68063,69242,0.2
016500050000,39,-68062,69241,3.9
016500051000,22,-68062,69240,2.2
016500055000,50,-68060,69238,5.0
016500056000,90,-68060,69237,9.0
016500057000,61,-68059,69236,6.1
016500058000,28,-68059,69236,2.8
016500059000,68,-68058,69235,6.8
016500060000,89,-68057,69235,8.9
016500061000,7,-68056,69234,0.7
016500062000,10,-68062,69237,1.0
016500063000,35,-68062,69237,3.5
016500064000,94,-68063,69238,9.4
016500065000,37,-68063,69239,3.7
016500066000,51,-68064,69239,5.1
016500068000,5,-68065,69241,0.5
016500069000,12,-68065,69239,1.2
016500070000,19,-68064,69238,1.9
016500071000,102,-68064,69237,10.2
016500072000,9,-68064,69236,0.9
016500075000,19,-68061,69240,1.9
016500076000,9,-68061,69239,0.9
016510001000,33,-68067,69237,3.3
016510002000,48,-68066,69237,4.8
016510003000,123,-68066,69236,12.3
016510004000,5,-68065,69235,0.5
016510005000,40,-68065,69235,4.0
016510006000,37,-68065,69234,3.7
016510008000,19,-68064,69233,1.9
016510009000,50,-68063,69232,5.0
016510010000,101,-68063,69231,10.1
016510012000,40,-68061,69232,4.0
016510013000,97,-68061,69233,9.7
016510014000,24,-68062,69234,2.4
016510015000,62,-68062,69234,6.2
016510016000,53,-68063,69235,5.3
016510017000,78,-68063,69236,7.8
016510018000,4,-68061,69236,0.4
016510019000,117,-68061,69235,11.7
016510020000,2,-68060,69234,0.2
016510021000,80,-68060,69234,8.0
016510022000,44,-68059,69233,4.4
016520003000,81,-68071,69243,8.1
016520004000,56,-68070,69244,5.6
016520005000,73,-68070,69244,7.3
016520006000,77,-68069,69245,7.7
016520008000,18,-68068,69245,1.8
016520010000,47,-68069,69243,4.7
016520011000,25,-68069,69243,2.5
016520012000,49,-68069,69242,4.9
016520013000,121,-68069,69241,12.1
016520014000,9,-68069,69240,0.9
016520016000,39,-68068,69239,3.9
016520017000,90,-68067,69238,9.0
016520018000,62,-68065,69239,6.2
016520019000,67,-68066,69240,6.7
016520020000,32,-68066,69241,3.2
016520021000,32,-68067,69241,3.2
016520022000,116,-68067,69242,11.6
016520023000,38,-68066,69243,3.8
016520024000,40,-68066,69243,4.0
016520026000,55,-68065,69241,5.5
016520027000,30,-68065,69244,3.0
016520028000,124,-68064,69244,12.4
016530016000,31,-68070,69346,3.1
016530018000,14,-68077,69349,1.4
016530019000,32,-68081,69354,3.2
016530020000,127,-68082,69354,12.7
017030015000,48,-68522,69183,4.8
017040002000,71,-68525,69180,7.1
017040010000,50,-68527,69179,5.0
017040012000,66,-68526,69177,6.6
017040013000,114,-68527,69177,11.4
017050006000,90,-68535,69171,9.0
017050010000,78,-68529,69169,7.8
017050017000,22,-68525,69168,2.2
017050019000,116,-68533,69171,11.6
017050026000,50,-68536,69171,5.0
017050027000,56,-68530,69172,5.6
017070001000,132,-68422,69159,13.2
017070003000,83,-68421,69159,8.3
017070004000,85,-68420,69160,8.5
017070005000,135,-68419,69160,13.5
017070006000,103,-68418,69160,10.3
017070007000,25,-68417,69160,2.5
017070009000,70,-68419,69159,7.0
017070010000,47,-68419,69159,4.7
017070012000,50,-68420,69159,5.0
017070016000,102,-68418,69158,10.2
017090004000,31,-68436,69155,3.1
017090005000,57,-68437,69156,5.7
017090006000,98,-68437,69157,9.8
017090010000,87,-68444,69158,8.7
017090013000,17,-68444,69159,1.7
017090018000,46,-68431,69159,4.6
017090019000,128,-68432,69159,12.8
017090021000,12,-68442,69158,1.2
017090022000,75,-68441,69157,7.5
017090023000,77,-68441,69157,7.7
017090024000,134,-68443,69160,13.4
017090027000,28,-68443,69157,2.8
017090028000,71,-68442,69158,7.1
017090032000,6,-68434,69157,0.6
017090033000,103,-68433,69157,10.3
017090034000,88,-68432,69157,8.8
017090036000,50,-68435,69156,5.0
017090037000,9,-68434,69156,0.9
017090038000,49,-68433,69155,4.9
017090039000,48,-68432,69155,4.8
017090040000,91,-68442,69160,9.1
017090043000,31,-68434,69161,3.1
017090044000,38,-68432,69161,3.8
017090045000,58,-68432,69160,5.8
017090049000,122,-68437,69160,12.2
017090050000,86,-68438,69160,8.6
017100004000,34,-68430,69155,3.4
017100006000,89,-68428,69155,8.9
017100007000,44,-68428,69154,4.4
017100011000,91,-68425,69154,9.1
017100012000,44,-68424,69154,4.4
017100013000,4,-68422,69159,0.4
017100014000,42,-68423,69158,4.2
017100015000,69,-68423,69157,6.9
017100016000,53,-68423,69157,5.3
017100018000,30,-68423,69156,3.0
017100019000,14,-68423,69155,1.4
017100020000,12,-68422,69155,1.2
017100021000,27,-68422,69154,2.7
017100022000,25,-68423,69153,2.5
017100023000,79,-68423,69153,7.9
017100026000,40,-68421,69153,4.0
017100027000,44,-68422,69152,4.4
017100028000,6,-68421,69154,0.6
017100029000,56,-68420,69154,5.6
017100033000,7,-68418,69155,0.7
017100035000,45,-68421,69157,4.5
017100037000,4,-68422,69156,0.4
017100038000,94,-68421,69155,9.4
017100039000,42,-68421,69156,4.2
017100040000,51,-68421,69156,5.1
017100042000,63,-68420,69157,6.3
017100043000,13,-68420,69158,1.3
017100044000,28,-68418,69158,2.8
017100045000,22,-68419,69157,2.2
017100046000,33,-68419,69157,3.3
017100047000,91,-68419,69156,9.1
017100048000,32,-68419,69156,3.2
017100049000,37,-68418,69156,3.7
017100053000,39,-68427,69154,3.9
017100054000,71,-68427,69154,7.1
017100060000,71,-68430,69154,7.1
017100061000,40,-68431,69155,4.0
017100062000,77,-68431,69156,7.7
017100063000,32,-68431,69157,3.2
017100064000,46,-68426,69154,4.6
017111001000,54,-68444,69157,5.4
017111002000,42,-68444,69157,4.2
017111003000,110,-68444,69156,11.0
017111004000,8,-68444,69156,0.8
017111005000,58,-68444,69155,5.8
017111006000,3,-68444,69155,0.3
017111007000,5,-68445,69154,0.5
017111011000,6,-68445,69152,0.6
017111013000,92,-68445,69152,9.2
017111014000,31,-68445,69151,3.1
017112001000,46,-68440,69157,4.6
017112004000,8,-68439,69155,0.8
017112006000,76,-68438,69154,7.6
017112007000,8,-68438,69154,0.8
017112009000,82,-68440,69155,8.2
017112010000,6,-68441,69156,0.6
017112011000,95,-68441,69156,9.5
017112015000,7,-68440,69156,0.7
017112017000,32,-68438,69153,3.2
017112018000,48,-68441,69156,4.8
017112019000,60,-68442,69157,6.0
017112020000,28,-68442,69156,2.8
017112021000,64,-68438,69155,6.4
017112022000,16,-68438,69154,1.6
017112023000,61,-68440,69155,6.1
017112024000,41,-68439,69155,4.1
017113002000,47,-68436,69153,4.7
017113003000,70,-68436,69153,7.0
017113004000,62,-68436,69155,6.2
017113005000,127,-68436,69154,12.7
017114002000,28,-68442,69155,2.8
017114003000,21,-68442,69155,2.1
017114004000,27,-68442,69154,2.7
017114005000,96,-68441,69154,9.6
017114007000,33,-68440,69153,3.3
017114009000,1,-68439,69153,0.1
017114010000,67,-68439,69152,6.7
017114012000,27,-68438,69150,2.7
017114013000,15,-68438,69150,1.5
017114014000,121,-68439,69151,12.1
017114015000,38,-68439,69151,3.8
017114016000,50,-68440,69152,5.0
017114017000,111,-68440,69152,11.1
017114018000,12,-68441,69152,1.2
017114019000,16,-68441,69153,1.6
017114020000,42,-68441,69153,4.2
017114021000,80,-68442,69153,8.0
017114022000,19,-68442,69153,1.9
017114023000,81,-68443,69155,8.1
017114024000,26,-68443,69154,2.6
017114025000,110,-68443,69154,11.0
017114026000,13,-68440,69153,1.3
017114027000,122,-68440,69153,12.2
017114028000,2,-68438,69151,0.2
017114029000,11,-68438,69152,1.1
017115001000,22,-68436,69152,2.2
017115002000,31,-68437,69151,3.1
017115004000,98,-68436,69150,9.8
017115005000,3,-68436,69149,0.3
017115006000,43,-68436,69149,4.3
017116003000,9,-68441,69150,0.9
017116004000,15,-68440,69150,1.5
017116005000,114,-68440,69150,11.4
017116006000,25,-68440,69150,2.5
017116010000,107,-68442,69150,10.7
017116011000,44,-68442,69151,4.4
017116012000,5,-68443,69151,0.5
017116013000,1,-68442,69152,0.1
017116014000,135,-68443,69152,13.5
017116015000,116,-68443,69151,11.6
017117001000,3,-68437,69147,0.3
017117002000,9,-68436,69148,0.9
017117003000,49,-68436,69148,4.9
017117004000,104,-68435,69149,10.4
017117007000,38,-68435,69153,3.8
017117008000,91,-68434,69152,9.1
017117011000,78,-68433,69153,7.8
017117012000,39,-68434,69153,3.9
017117013000,45,-68435,69154,4.5
017120003000,6,-68424,69152,0.6
017120004000,25,-68424,69152,2.5
017120005000,45,-68425,69152,4.5
017120006000,26,-68425,69152,2.6
017120007000,91,-68426,69152,9.1
017120008000,15,-68427,69152,1.5
017120009000,77,-68427,69152,7.7
017120010000,19,-68428,69152,1.9
017120011000,82,-68428,69153,8.2
017120012000,2,-68429,69154,0.2
017120013000,99,-68429,69153,9.9
017120014000,18,-68429,69152,1.8
017120015000,17,-68428,69151,1.7
017120017000,88,-68427,69151,8.8
017120018000,51,-68426,69151,5.1
017120019000,88,-68426,69151,8.8
017120020000,62,-68425,69151,6.2
017120022000,30,-68424,69151,3.0
017120023000,11,-68424,69151,1.1
017120024000,21,-68423,69152,2.1
017120025000,75,-68423,69152,7.5
017120026000,30,-68422,69152,3.0
017120033000,41,-68420,69148,4.1
017120034000,13,-68420,69148,1.3
017120035000,32,-68421,69149,3.2
017120036000,12,-68422,69148,1.2
017120037000,90,-68422,69147,9.0
017120038000,15,-68422,69147,1.5
017120039000,131,-68422,69146,13.1
017120042000,85,-68421,69146,8.5
017120043000,61,-68420,69146,6.1
017120056000,66,-68432,69154,6.6
017120057000,91,-68431,69153,9.1
017120058000,47,-68431,69152,4.7
017120059000,16,-68430,69152,1.6
017120060000,134,-68430,69151,13.4
017120061000,1,-68430,69151,0.1
017120062000,117,-68429,69150,11.7
017120064000,33,-68426,69148,3.3
017120065000,48,-68425,69148,4.8
017120066000,90,-68424,69148,9.0
017120067000,58,-68423,69148,5.8
017120068000,52,-68423,69147,5.2
017120069000,83,-68423,69146,8.3
017120070000,32,-68424,69145,3.2
017120072000,65,-68425,69146,6.5
017120073000,6,-68428,69147,0.6
017120074000,34,-68429,69148,3.4
017120075000,10,-68429,69149,1.0
017120077000,16,-68431,69150,1.6
017120078000,49,-68432,69150,4.9
017120079000,44,-68432,69150,4.4
017120080000,20,-68432,69151,2.0
017120085000,45,-68425,69150,4.5
017120087000,36,-68424,69150,3.6
017120089000,32,-68423,69150,3.2
017120095000,9,-68422,69151,0.9
017120096000,37,-68422,69150,3.7
017131001000,63,-68439,69149,6.3
017131002000,46,-68439,69149,4.6
017131004000,14,-68440,69148,1.4
017131006000,39,-68441,69149,3.9
017131008000,16,-68441,69150,1.6
017131009000,49,-68441,69149,4.9
017132001000,25,-68445,69151,2.5
017132002000,19,-68444,69150,1.9
017132004000,19,-68443,69148,1.9
017132005000,96,-68442,69148,9.6
017132007000,15,-68441,69148,1.5
017132008000,73,-68441,69147,7.3
017132010000,54,-68444,69149,5.4
017132011000,28,-68443,69149,2.8
017132013000,7,-68441,69147,0.7
017132015000,64,-68439,69147,6.4
017132016000,43,-68440,69147,4.3
017133001000,56,-68437,69148,5.6
017133003000,23,-68438,69147,2.3
017133005000,68,-68437,69148,6.8
017140003000,18,-68422,69146,1.8
017140004000,51,-68422,69145,5.1
017140005000,12,-68422,69145,1.2
017140007000,23,-68423,69144,2.3
017140009000,106,-68424,69144,10.6
017140010000,43,-68424,69144,4.3
017140011000,25,-68425,69143,2.5
017140012000,15,-68426,69143,1.5
017140013000,74,-68426,69142,7.4
017140014000,75,-68426,69141,7.5
017140022000,28,-68422,69139,2.8
017140024000,49,-68423,69140,4.9
017140025000,9,-68423,69140,0.9
017140026000,127,-68424,69140,12.7
017140027000,76,-68425,69140,7.6
017140028000,36,-68425,69140,3.6
017140029000,43,-68424,69141,4.3
017140030000,83,-68424,69142,8.3
017140031000,45,-68424,69142,4.5
017140032000,103,-68424,69143,10.3
017140033000,26,-68423,69143,2.6
017140034000,114,-68423,69142,11.4
017140035000,28,-68423,69142,2.8
017140037000,119,-68422,69141,11.9
017140038000,35,-68422,69141,3.5
017140039000,44,-68421,69142,4.4
017140040000,102,-68422,69142,10.2
017140041000,0,-68421,69144,0.0
017140043000,41,-68421,69144,4.1
017140044000,3,-68421,69144,0.3
017150028000,31,-68398,69169,3.1
017160009000,29,-68407,69167,2.9
017160018000,65,-68407,69166,6.5
017160022000,23,-68408,69165,2.3
017160033000,18,-68407,69163,1.8
017160034000,67,-68406,69162,6.7
017160035000,65,-68406,69162,6.5
017160036000,64,-68405,69162,6.4
017160043000,78,-68410,69162,7.8
017160044000,119,-68409,69162,11.9
017160045000,5,-68409,69162,0.5
017170002000,63,-68397,69166,6.3
017170030000,102,-68397,69164,10.2
017170031000,99,-68396,69164,9.9
017170032000,96,-68391,69166,9.6
017170033000,18,-68392,69167,1.8
017170034000,52,-68399,69164,5.2
017170037000,28,-68398,69164,2.8
017170038000,58,-68398,69164,5.8
017170039000,20,-68398,69164,2.0
017170042000,18,-68397,69166,1.8
017170043000,109,-68396,69166,10.9
017170044000,41,-68395,69166,4.1
017170047000,52,-68393,69167,5.2
017170050000,48,-68394,69166,4.8
017181001000,23,-68388,69163,2.3
017181003000,70,-68387,69163,7.0
017181011000,29,-68383,69162,2.9
017181012000,49,-68381,69162,4.9
017181015000,107,-68378,69161,10.7
017181016000,22,-68378,69161,2.2
017181017000,117,-68377,69161,11.7
017181018000,29,-68377,69161,2.9
017181019000,42,-68376,69161,4.2
017181020000,4,-68376,69161,0.4
017181026000,116,-68384,69163,11.6
017181027000,115,-68386,69163,11.5
017182003000,61,-68387,69162,6.1
017182005000,26,-68385,69162,2.6
017182008000,41,-68383,69161,4.1
017182009000,84,-68383,69161,8.4
017182010000,29,-68382,69161,2.9
017182011000,6,-68382,69160,0.6
017182012000,63,-68381,69160,6.3
017182013000,13,-68380,69160,1.3
017182014000,140,-68380,69160,14.0
017182015000,7,-68379,69160,0.7
017182017000,18,-68378,69160,1.8
017182020000,9,-68376,69159,0.9
017182022000,11,-68377,69159,1.1
017182023000,42,-68377,69159,4.2
017182024000,23,-68385,69161,2.3
017182025000,39,-68384,69161,3.9
017182027000,117,-68384,69161,11.7
017191002000,101,-68374,69160,10.1
017191004000,108,-68373,69160,10.8
017191007000,41,-68371,69159,4.1
017191011000,70,-68369,69159,7.0
017191013000,4,-68367,69158,0.4
017191015000,69,-68370,69159,6.9
017191016000,34,-68375,69160,3.4
017191018000,77,-68367,69158,7.7
017191021000,30,-68368,69159,3.0
017192002000,68,-68374,69159,6.8
017192004000,2,-68372,69158,0.2
017192006000,8,-68371,69158,0.8
017192007000,88,-68370,69158,8.8
017192008000,15,-68370,69158,1.5
017192011000,0,-68375,69159,0.0
017192013000,10,-68373,69159,1.0
017192014000,71,-68372,69158,7.1
017192015000,20,-68373,69158,2.0
017192018000,30,-68368,69157,3.0
017192019000,50,-68368,69157,5.0
017192021000,10,-68367,69157,1.0
017192023000,131,-68375,69159,13.1
017200005000,59,-68417,69160,5.9
017200006000,49,-68416,69161,4.9
017200008000,50,-68417,69159,5.0
017200009000,40,-68417,69158,4.0
017200010000,110,-68417,69158,11.0
017220002000,103,-68417,69157,10.3
017220004000,53,-68417,69156,5.3
017220005000,70,-68417,69155,7.0
017220006000,75,-68417,69154,7.5
017230005000,49,-68419,69148,4.9
017230007000,58,-68418,69148,5.8
017230009000,29,-68416,69148,2.9
017230010000,7,-68417,69147,0.7
017230011000,57,-68417,69146,5.7
017230012000,58,-68417,69146,5.8
017230013000,30,-68418,69146,3.0
017230014000,53,-68418,69146,5.3
017230015000,15,-68419,69146,1.5
017230017000,14,-68420,69147,1.4
017230018000,66,-68420,69146,6.6
017230021000,45,-68418,69145,4.5
017230022000,90,-68418,69145,9.0
017230023000,36,-68417,69145,3.6
017230024000,14,-68417,69145,1.4
017230025000,28,-68417,69145,2.8
017230026000,136,-68419,69149,13.6
017240002000,81,-68409,69139,8.1
017240003000,70,-68409,69139,7.0
017240005000,89,-68413,69140,8.9
017240010000,108,-68410,69139,10.8
017240011000,102,-68411,69139,10.2
017240014000,36,-68412,69139,3.6
017240015000,24,-68412,69139,2.4
017240016000,12,-68414,69141,1.2
017241001000,80,-68420,69144,8.0
017241002000,66,-68420,69144,6.6
017241003000,80,-68419,69144,8.0
017241004000,74,-68419,69144,7.4
017241006000,13,-68417,69143,1.3
017241007000,5,-68416,69143,0.5
017241008000,26,-68416,69143,2.6
017241012000,24,-68417,69142,2.4
017241013000,50,-68417,69142,5.0
017241014000,11,-68418,69142,1.1
017241015000,28,-68418,69143,2.8
017241016000,7,-68419,69143,0.7
017241017000,106,-68419,69143,10.6
017241018000,1,-68419,69143,0.1
017241019000,117,-68420,69143,11.7
017241020000,9,-68420,69143,0.9
017241022000,64,-68418,69144,6.4
017242001000,76,-68421,69142,7.6
017242003000,1,-68420,69141,0.1
017242004000,28,-68419,69141,2.8
017242005000,79,-68419,69141,7.9
017242006000,20,-68418,69141,2.0
017242007000,134,-68418,69141,13.4
017242008000,11,-68417,69141,1.1
017242009000,65,-68417,69141,6.5
017242010000,3,-68416,69141,0.3
017242011000,12,-68416,69140,1.2
017242014000,50,-68414,69139,5.0
017242016000,62,-68415,69139,6.2
017242017000,10,-68416,69139,1.0
017242018000,29,-68417,69140,2.9
017242019000,68,-68417,69140,6.8
017242020000,68,-68418,69140,6.8
017242021000,86,-68418,69140,8.6
017242022000,59,-68419,69140,5.9
017242023000,77,-68419,69140,7.7
017242024000,38,-68420,69140,3.8
017242025000,1,-68420,69141,0.1
017242026000,40,-68421,69141,4.0
017242027000,79,-68421,69141,7.9
017242028000,49,-68416,69139,4.9
017242030000,60,-68415,69140,6.0
017242032000,50,-68415,69139,5.0
017243002000,106,-68421,69139,10.6
017243004000,116,-68420,69139,11.6
017243005000,24,-68420,69139,2.4
017243006000,39,-68419,69139,3.9
017243007000,0,-68419,69138,0.0
017243009000,41,-68418,69138,4.1
017243010000,105,-68417,69138,10.5
017243011000,49,-68417,69138,4.9
017243012000,97,-68416,69138,9.7
017243013000,57,-68416,69138,5.7
017243015000,11,-68415,69137,1.1
017245001000,5,-68414,69138,0.5
017245002000,118,-68413,69138,11.8
017245003000,18,-68413,69138,1.8
017245004000,33,-68412,69138,3.3
017245005000,5,-68413,69137,0.5
017245008000,74,-68414,69136,7.4
017245009000,36,-68414,69137,3.6
017245010000,3,-68413,69137,0.3
017246002000,32,-68411,69137,3.2
017246003000,112,-68410,69137,11.2
017246004000,39,-68410,69137,3.9
017246005000,67,-68410,69136,6.7
017246006000,85,-68410,69136,8.5
017246008000,94,-68411,69136,9.4
017246009000,40,-68411,69137,4.0
017246010000,11,-68411,69137,1.1
017251001000,19,-68408,69139,1.9
017251002000,66,-68408,69138,6.6
017251003000,74,-68407,69138,7.4
017251005000,109,-68406,69137,10.9
017251007000,35,-68405,69136,3.5
017251008000,64,-68405,69136,6.4
017251012000,65,-68404,69134,6.5
017251013000,118,-68404,69134,11.8
017251014000,51,-68403,69134,5.1
017251015000,103,-68403,69134,10.3
017251016000,32,-68402,69134,3.2
017251018000,10,-68401,69133,1.0
017251020000,105,-68400,69133,10.5
017251021000,28,-68399,69133,2.8
017251025000,42,-68397,69133,4.2
017251027000,66,-68399,69133,6.6
017251028000,31,-68398,69133,3.1
017251030000,23,-68406,69137,2.3
017251031000,60,-68407,69138,6.0
017251032000,1,-68401,69133,0.1
017251033000,112,-68401,69133,11.2
017252001000,27,-68409,69137,2.7
017252002000,31,-68408,69136,3.1
017252003000,95,-68408,69136,9.5
017252004000,35,-68407,69136,3.5
017252008000,84,-68409,69135,8.4
017253001000,51,-68407,69135,5.1
017253002000,59,-68406,69135,5.9
017253004000,29,-68406,69134,2.9
017260003000,51,-68391,69131,5.1
017260004000,68,-68392,69131,6.8
017260007000,70,-68393,69132,7.0
017260008000,53,-68394,69132,5.3
017260009000,80,-68394,69132,8.0
017260010000,52,-68395,69132,5.2
017260011000,59,-68396,69132,5.9
017260012000,70,-68396,69133,7.0
017260014000,119,-68395,69133,11.9
017260016000,56,-68393,69133,5.6
017260017000,30,-68393,69133,3.0
017260019000,16,-68391,69133,1.6
017260020000,25,-68391,69133,2.5
017260022000,10,-68390,69133,1.0
017260023000,74,-68389,69132,7.4
017260024000,29,-68389,69132,2.9
017260025000,34,-68389,69131,3.4
017260026000,16,-68390,69130,1.6
017260028000,14,-68388,69130,1.4
017260029000,111,-68388,69130,11.1
017260030000,39,-68387,69130,3.9
017260033000,31,-68386,69130,3.1
017260035000,25,-68385,69129,2.5
017260036000,29,-68384,69129,2.9
017260037000,83,-68384,69129,8.3
017260038000,100,-68391,69131,10.0
017260042000,10,-68396,69133,1.0
017260046000,37,-68394,69133,3.7
017260047000,30,-68387,69130,3.0
017260048000,138,-68392,69133,13.8
017270005000,30,-68372,69125,3.0
017270010000,36,-68383,69129,3.6
017270011000,92,-68383,69129,9.2
017270012000,37,-68382,69129,3.7
017270013000,115,-68382,69129,11.5
017270014000,35,-68381,69129,3.5
017270015000,112,-68381,69129,11.2
017270016000,40,-68380,69129,4.0
017270017000,100,-68380,69129,10.0
017270018000,45,-68379,69129,4.5
017270019000,54,-68379,69129,5.4
017270020000,6,-68378,69129,0.6
017270021000,27,-68377,69128,2.7
017270022000,67,-68377,69128,6.7
017270023000,21,-68376,69128,2.1
017270024000,117,-68376,69128,11.7
017270025000,57,-68375,69128,5.7
017270030000,11,-68372,69128,1.1
017270031000,62,-68372,69128,6.2
017270032000,85,-68371,69128,8.5
017270033000,53,-68374,69127,5.3
017270035000,19,-68375,69128,1.9
017290003000,2,-68348,69163,0.2
017290004000,49,-68353,69162,4.9
017290005000,12,-68352,69162,1.2
017290007000,24,-68351,69163,2.4
017301002000,106,-68347,69163,10.6
017301003000,100,-68346,69163,10.0
017301005000,21,-68344,69164,2.1
017301006000,53,-68342,69164,5.3
017301007000,39,-68341,69163,3.9
017301010000,74,-68340,69163,7.4
017301014000,115,-68337,69163,11.5
017301017000,12,-68335,69162,1.2
017301020000,134,-68336,69162,13.4
017301021000,17,-68337,69162,1.7
017301022000,132,-68337,69162,13.2
017301025000,36,-68339,69162,3.6
017301026000,112,-68339,69162,11.2
017301028000,41,-68341,69162,4.1
017301029000,108,-68341,69162,10.8
017301031000,61,-68342,69162,6.1
017301032000,62,-68343,69162,6.2
017301033000,25,-68344,69161,2.5
017301034000,3,-68345,69161,0.3
017301037000,55,-68343,69161,5.5
017301042000,51,-68340,69161,5.1
017301043000,34,-68340,69161,3.4
017301044000,57,-68339,69161,5.7
017301045000,32,-68339,69161,3.2
017301047000,15,-68338,69161,1.5
017301049000,71,-68337,69161,7.1
017301050000,12,-68337,69161,1.2
017301053000,1,-68335,69160,0.1
017301055000,6,-68336,69159,0.6
017301056000,7,-68337,69159,0.7
017301057000,13,-68337,69159,1.3
017301058000,9,-68338,69159,0.9
017301060000,23,-68339,69159,2.3
017301062000,29,-68340,69159,2.9
017301063000,33,-68340,69159,3.3
017301064000,31,-68341,69159,3.1
017301065000,73,-68336,69158,7.3
017301066000,0,-68336,69158,0.0
017301071000,37,-68341,69161,3.7
017301075000,20,-68338,69159,2.0
017301078000,95,-68338,69162,9.5
017301079000,41,-68340,69162,4.1
017310004000,9,-68333,69163,0.9
017312002000,117,-68333,69162,11.7
017312003000,5,-68332,69162,0.5
017312008000,10,-68334,69162,1.0
017312009000,124,-68334,69162,12.4
017312010000,10,-68331,69162,1.0
017312011000,96,-68332,69162,9.6
017312012000,97,-68330,69162,9.7
017312014000,90,-68329,69162,9.0
017312016000,104,-68331,69162,10.4
017312018000,24,-68328,69162,2.4
017312020000,46,-68326,69162,4.6
017313006000,17,-68330,69161,1.7
017313008000,19,-68329,69161,1.9
017313010000,112,-68328,69161,11.2
017313011000,39,-68327,69161,3.9
017313012000,110,-68327,69161,11.0
017313014000,107,-68325,69161,10.7
017313015000,118,-68329,69161,11.8
017313016000,23,-68328,69161,2.3
017313017000,121,-68332,69161,12.1
017313019000,112,-68331,69161,11.2
017313021000,3,-68333,69161,0.3
017313024000,107,-68326,69161,10.7
017314001000,1,-68325,69159,0.1
017314002000,29,-68325,69160,2.9
017314003000,83,-68324,69160,8.3
017314004000,97,-68324,69161,9.7
017314006000,126,-68323,69161,12.6
017315001000,75,-68322,69161,7.5
017315002000,20,-68321,69161,2.0
017316001000,2,-68335,69160,0.2
017316003000,15,-68333,69160,1.5
017316004000,17,-68332,69160,1.7
017316005000,21,-68332,69160,2.1
017316006000,20,-68331,69160,2.0
017316007000,28,-68331,69160,2.8
017316008000,22,-68330,69160,2.2
017316009000,35,-68330,69160,3.5
017316010000,24,-68329,69160,2.4
017316013000,49,-68328,69160,4.9
017316014000,44,-68327,69160,4.4
017316015000,55,-68327,69160,5.5
017316017000,46,-68326,69160,4.6
017316018000,79,-68326,69160,7.9
017317008000,24,-68331,69158,2.4
017317009000,35,-68331,69158,3.5
017317010000,26,-68330,69158,2.6
017317011000,26,-68330,69158,2.6
017317014000,12,-68328,69158,1.2
017317016000,2,-68327,69159,0.2
017317017000,7,-68326,69159,0.7
017317019000,17,-68325,69159,1.7
017317022000,11,-68324,69160,1.1
017317023000,7,-68328,69158,0.7
017317024000,3,-68327,69158,0.3
017317025000,116,-68324,69159,11.6
017317027000,9,-68325,69159,0.9
017317031000,56,-68333,69158,5.6
017317034000,62,-68334,69158,6.2
017317035000,16,-68333,69158,1.6
017318002000,18,-68322,69159,1.8
017318003000,1,-68322,69159,0.1
017320003000,57,-68319,69160,5.7
017320010000,17,-68316,69159,1.7
017320012000,121,-68314,69159,12.1
017320027000,18,-68321,69159,1.8
017320028000,83,-68320,69160,8.3
017320029000,58,-68318,69160,5.8
017320030000,50,-68318,69160,5.0
017320031000,24,-68317,69160,2.4
017320032000,50,-68319,69159,5.0
017320033000,128,-68320,69159,12.8
017320034000,70,-68321,69159,7.0
017320037000,3,-68321,69160,0.3
017330006000,40,-68354,69162,4.0
017330007000,49,-68357,69160,4.9
017330010000,47,-68354,69161,4.7
017330014000,69,-68352,69161,6.9
017330017000,37,-68350,69160,3.7
017330022000,3,-68348,69157,0.3
017330023000,12,-68349,69157,1.2
017330024000,38,-68350,69158,3.8
017330025000,43,-68350,69158,4.3
017330030000,84,-68353,69158,8.4
017330031000,44,-68353,69158,4.4
017330032000,20,-68354,69158,2.0
017330033000,2,-68354,69157,0.2
017330034000,24,-68355,69157,2.4
017330036000,68,-68356,69157,6.8
017330037000,28,-68356,69157,2.8
017330039000,25,-68357,69159,2.5
017330048000,38,-68359,69161,3.8
017330051000,78,-68352,69157,7.8
017330052000,71,-68352,69158,7.1
017340006000,71,-68347,69159,7.1
017340010000,47,-68342,69159,4.7
017340011000,34,-68342,69159,3.4
017340012000,40,-68341,69159,4.0
017340013000,31,-68348,69157,3.1
017340014000,26,-68347,69157,2.6
017340016000,113,-68346,69157,11.3
017340017000,44,-68345,69157,4.4
017340018000,33,-68345,69157,3.3
017340019000,42,-68344,69157,4.2
017340023000,124,-68340,69158,12.4
017340026000,15,-68339,69158,1.5
017340029000,89,-68337,69158,8.9
017340032000,7,-68343,69157,0.7
017340033000,75,-68341,69158,7.5
017340034000,39,-68341,69158,3.9
017350003000,22,-68359,69157,2.2
017350007000,7,-68363,69156,0.7
017350008000,9,-68362,69156,0.9
017350009000,45,-68360,69157,4.5
017350010000,22,-68360,69157,2.2
017350011000,51,-68359,69157,5.1
017350012000,49,-68358,69157,4.9
017371004000,8,-68368,69128,0.8
017371006000,28,-68364,69128,2.8
017371008000,58,-68360,69126,5.8
017371010000,124,-68361,69126,12.4
017371012000,67,-68367,69128,6.7
017371013000,10,-68366,69128,1.0
017371014000,9,-68359,69125,0.9
017371015000,17,-68358,69125,1.7
017371016000,79,-68363,69127,7.9
017371017000,47,-68366,69128,4.7
017371018000,50,-68363,69127,5.0
017371019000,112,-68365,69128,11.2
017371020000,11,-68360,69126,1.1
017371021000,37,-68364,69127,3.7
017371023000,27,-68362,69127,2.7
017371024000,42,-68362,69126,4.2
017371026000,48,-68370,69128,4.8
017372002000,47,-68368,69125,4.7
017372004000,91,-68364,69125,9.1
017372006000,11,-68362,69125,1.1
017372007000,19,-68363,69125,1.9
017372008000,61,-68369,69125,6.1
017372009000,4,-68370,69125,0.4
017372013000,90,-68365,69125,9.0
017372014000,60,-68366,69126,6.0
017372017000,39,-68366,69124,3.9
017373004000,139,-68362,69123,13.9
017373007000,20,-68360,69123,2.0
017373008000,89,-68358,69123,8.9
017373009000,29,-68359,69123,2.9
017373010000,22,-68364,69123,2.2
017373011000,84,-68363,69123,8.4
017381002000,55,-68355,69125,5.5
017381003000,26,-68355,69125,2.6
017381005000,78,-68348,69125,7.8
017381007000,30,-68345,69124,3.0
017381008000,69,-68347,69125,6.9
017381009000,2,-68346,69125,0.2
017381010000,11,-68344,69124,1.1
017381011000,14,-68349,69125,1.4
017381012000,139,-68357,69125,13.9
017381013000,50,-68356,69125,5.0
017381014000,63,-68356,69125,6.3
017381016000,1,-68352,69124,0.1
017381017000,4,-68351,69125,0.4
017381019000,34,-68350,69125,3.4
017381020000,12,-68353,69124,1.2
017381021000,21,-68353,69124,2.1
017381023000,89,-68349,69125,8.9
017381024000,0,-68354,69124,0.0
017381025000,15,-68354,69124,1.5
017381026000,12,-68346,69125,1.2
017383005000,65,-68349,69123,6.5
017383010000,95,-68352,69122,9.5
017383011000,66,-68351,69122,6.6
017383012000,79,-68354,69122,7.9
017383014000,63,-68353,69122,6.3
017383015000,25,-68346,69122,2.5
017383017000,60,-68346,69122,6.0
017383019000,40,-68355,69122,4.0
017383020000,11,-68356,69122,1.1
017390003000,29,-68338,69124,2.9
017390004000,19,-68338,69124,1.9
017390006000,6,-68336,69124,0.6
017390007000,6,-68336,69124,0.6
017390008000,11,-68335,69124,1.1
017390009000,18,-68335,69124,1.8
017390010000,26,-68334,69124,2.6
017390013000,47,-68332,69124,4.7
017390014000,57,-68331,69124,5.7
017390015000,61,-68331,69124,6.1
017400002000,69,-68328,69124,6.9
017400003000,95,-68330,69124,9.5
017400007000,52,-68328,69124,5.2
017400012000,71,-68324,69124,7.1
017400013000,35,-68324,69124,3.5
017400016000,58,-68326,69124,5.8
017400017000,75,-68327,69124,7.5
017410003000,90,-68344,69124,9.0
017410004000,55,-68343,69124,5.5
017410005000,64,-68343,69124,6.4
017410006000,120,-68342,69124,12.0
017410008000,94,-68341,69124,9.4
017410009000,87,-68340,69124,8.7
017410010000,3,-68340,69124,0.3
017420001000,74,-68319,69165,7.4
017420002000,80,-68317,69165,8.0
017420003000,33,-68319,69164,3.3
017420005000,8,-68319,69164,0.8
017420007000,59,-68319,69162,5.9
017420009000,3,-68309,69160,0.3
017420010000,27,-68312,69164,2.7
017420011000,54,-68309,69159,5.4
017420012000,140,-68313,69163,14.0
017420013000,91,-68315,69163,9.1
017420014000,5,-68313,69162,0.5
017420016000,94,-68314,69162,9.4
017420017000,37,-68314,69161,3.7
017420018000,19,-68315,69160,1.9
017420019000,10,-68316,69161,1.0
017420020000,6,-68310,69163,0.6
017420021000,44,-68311,69162,4.4
017420022000,84,-68312,69162,8.4
017420023000,86,-68312,69161,8.6
017420024000,45,-68313,69161,4.5
017420025000,96,-68313,69160,9.6
017420026000,83,-68309,69163,8.3
017420027000,14,-68310,69162,1.4
017420028000,12,-68310,69162,1.2
017420029000,22,-68311,69161,2.2
017420030000,49,-68311,69160,4.9
017420032000,62,-68308,69161,6.2
017420033000,20,-68308,69161,2.0
017430001000,5,-68327,69164,0.5
017430003000,65,-68326,69164,6.5
017430004000,36,-68326,69163,3.6
017430005000,11,-68320,69162,1.1
017430006000,132,-68324,69164,13.2
017430007000,66,-68324,69163,6.6
017430008000,2,-68324,69163,0.2
017430010000,83,-68321,69166,8.3
017430011000,124,-68321,69165,12.4
017430013000,12,-68321,69164,1.2
017440003000,5,-68419,69153,0.5
017440004000,12,-68420,69153,1.2
017440005000,44,-68420,69153,4.4
017440008000,34,-68418,69151,3.4
017440009000,69,-68417,69152,6.9
017440010000,35,-68417,69153,3.5
017440014000,26,-68419,69151,2.6
017440015000,56,-68420,69152,5.6
017450001000,116,-68393,69165,11.6
017450002000,35,-68393,69165,3.5
017450003000,16,-68392,69165,1.6
017450004000,41,-68392,69164,4.1
017450005000,98,-68392,69164,9.8
017450006000,31,-68392,69164,3.1
017450007000,31,-68392,69166,3.1
017450008000,20,-68392,69165,2.0
017450010000,75,-68392,69165,7.5
017450011000,9,-68392,69165,0.9
017450012000,10,-68391,69165,1.0
017450013000,61,-68391,69165,6.1
017450014000,14,-68391,69165,1.4
017450015000,79,-68390,69165,7.9
017450016000,13,-68390,69165,1.3
017450017000,4,-68390,69164,0.4
017450018000,63,-68390,69164,6.3
017450019000,70,-68390,69164,7.0
017450020000,35,-68390,69164,3.5
017450021000,5,-68390,69165,0.5
017450022000,17,-68390,69165,1.7
017450023000,56,-68389,69165,5.6
017450024000,107,-68389,69165,10.7
017450025000,71,-68389,69165,7.1
017450026000,25,-68389,69164,2.5
017450027000,7,-68389,69165,0.7
017450028000,78,-68388,69165,7.8
017450029000,51,-68389,69164,5.1
017450030000,23,-68388,69164,2.3
017450031000,1,-68390,69164,0.1
017450032000,6,-68390,69163,0.6
017450033000,58,-68389,69163,5.8
017450034000,97,-68389,69163,9.7
017450035000,72,-68389,69163,7.2
017460002000,131,-68402,69164,13.1
017460005000,81,-68403,69163,8.1
017460008000,40,-68403,69162,4.0
017460009000,66,-68403,69162,6.6
017460010000,47,-68403,69162,4.7
017460011000,23,-68403,69162,2.3
017460014000,20,-68404,69162,2.0
017460015000,61,-68404,69162,6.1
017460017000,96,-68404,69162,9.6
017460023000,8,-68403,69164,0.8
017460024000,16,-68403,69163,1.6
017460025000,52,-68402,69163,5.2
017460027000,56,-68403,69163,5.6
017460029000,18,-68401,69162,1.8
017460030000,2,-68401,69163,0.2
017460031000,10,-68401,69162,1.0
017460032000,11,-68401,69163,1.1
017460033000,32,-68401,69163,3.2
017460042000,51,-68404,69164,5.1
017460043000,10,-68403,69164,1.0
017460044000,38,-68402,69162,3.8
017460045000,21,-68402,69162,2.1
017470003000,61,-68403,69164,6.1
017470004000,39,-68403,69164,3.9
017470005000,8,-68403,69164,0.8
017470008000,59,-68402,69163,5.9
017470009000,61,-68404,69164,6.1
017470010000,5,-68403,69164,0.5
017470011000,1,-68403,69163,0.1
017470012000,24,-68403,69163,2.4
017470015000,45,-68403,69163,4.5
017470018000,8,-68404,69162,0.8
017470020000,61,-68404,69162,6.1
017470022000,96,-68404,69162,9.6
017470023000,81,-68403,69163,8.1
017470026000,40,-68403,69162,4.0
017470027000,66,-68403,69162,6.6
017470028000,47,-68403,69162,4.7
017470029000,23,-68403,69162,2.3
017470030000,43,-68401,69162,4.3
017470031000,24,-68401,69162,2.4
017470032000,35,-68401,69162,3.5
017470033000,16,-68401,69162,1.6
017470034000,22,-68401,69163,2.2
017480003000,94,-68384,69169,9.4
017480005000,69,-68383,69168,6.9
017480008000,121,-68381,69165,12.1
017480009000,42,-68382,69165,4.2
017480010000,46,-68383,69166,4.6
017480011000,65,-68384,69166,6.5
017480012000,4,-68384,69166,0.4
017480014000,75,-68386,69167,7.5
017490001000,16,-68527,69173,1.6
017490002000,26,-68527,69174,2.6
017490003000,68,-68527,69174,6.8
017490004000,109,-68527,69174,10.9
017490005000,97,-68527,69174,9.7
017490006000,85,-68527,69174,8.5
017490007000,26,-68527,69175,2.6
017490008000,38,-68527,69175,3.8
017490009000,49,-68527,69175,4.9
017490010000,22,-68527,69175,2.2
017490011000,20,-68527,69174,2.0
017490012000,61,-68527,69174,6.1
017490013000,85,-68527,69174,8.5
017490014000,97,-68527,69174,9.7
017490015000,109,-68527,69174,10.9
017490016000,68,-68527,69174,6.8
017490017000,26,-68527,69174,2.6
017490018000,16,-68527,69173,1.6
017490019000,16,-68527,69173,1.6
017490020000,26,-68527,69174,2.6
017490021000,68,-68527,69174,6.8
017490022000,109,-68527,69174,10.9
017490023000,97,-68527,69174,9.7
017490024000,85,-68527,69174,8.5
017490025000,61,-68527,69174,6.1
017490026000,20,-68527,69174,2.0
017490027000,22,-68527,69175,2.2
017490028000,49,-68527,69175,4.9
017490029000,38,-68527,69175,3.8
017490030000,26,-68527,69175,2.6
017490031000,26,-68527,69175,2.6
017490032000,38,-68527,69175,3.8
017490033000,49,-68527,69175,4.9
017490034000,22,-68527,69175,2.2
017490035000,20,-68527,69174,2.0
017490036000,61,-68527,69174,6.1
017500005000,138,-68421,69163,13.8
017500006000,60,-68420,69163,6.0
017500010000,59,-68415,69165,5.9
017500020000,101,-68421,69165,10.1
017510002000,6,-68414,69170,0.6
017510009000,38,-68415,69167,3.8
017510013000,43,-68418,69168,4.3
017510014000,36,-68417,69166,3.6
017510015000,62,-68418,69166,6.2
017510016000,33,-68419,69166,3.3
017520007000,12,-68421,69170,1.2
017520008000,14,-68419,69169,1.4
017520009000,5,-68421,69168,0.5
017520015000,67,-68421,69167,6.7
017520028000,104,-68427,69170,10.4
017520029000,14,-68427,69171,1.4
017530004000,89,-68425,69155,8.9
017530006000,1,-68426,69155,0.1
017530008000,23,-68428,69159,2.3
017530011000,11,-68430,69158,1.1
018021002000,53,-68187,69152,5.3
018021003000,45,-68187,69152,4.5
018021008000,79,-68190,69154,7.9
018021012000,53,-68192,69152,5.3
018021013000,40,-68192,69152,4.0
018021014000,91,-68194,69153,9.1
018021017000,30,-68192,69155,3.0
018021018000,87,-68193,69155,8.7
018021020000,19,-68195,69154,1.9
018021021000,14,-68195,69154,1.4
018021022000,28,-68196,69153,2.8
018021023000,2,-68197,69153,0.2
018021025000,5,-68199,69154,0.5
018021027000,71,-68199,69156,7.1
018021029000,50,-68197,69155,5.0
018021032000,96,-68195,69156,9.6
018021034000,47,-68188,69153,4.7
018021035000,8,-68188,69153,0.8
018021038000,31,-68185,69153,3.1
018031004000,57,-68190,69150,5.7
018031005000,61,-68191,69149,6.1
018031006000,15,-68191,69149,1.5
018031011000,33,-68195,69148,3.3
018031012000,30,-68196,69147,3.0
018031015000,33,-68198,69148,3.3
018031016000,32,-68199,69148,3.2
018031017000,137,-68200,69148,13.7
018031018000,47,-68201,69148,4.7
018031019000,11,-68199,69150,1.1
018031021000,56,-68197,69149,5.6
018031023000,66,-68196,69149,6.6
018031025000,42,-68194,69150,4.2
018031029000,52,-68192,69151,5.2
018031032000,125,-68194,69151,12.5
018031033000,45,-68195,69151,4.5
018031034000,18,-68195,69151,1.8
018031035000,23,-68196,69150,2.3
018031039000,6,-68200,69150,0.6
018031040000,28,-68200,69151,2.8
018031041000,85,-68199,69152,8.5
018031042000,44,-68198,69152,4.4
018031045000,44,-68196,69152,4.4
018031046000,29,-68195,69153,2.9
018170021000,27,-68306,69159,2.7
018170022000,47,-68307,69160,4.7
018170023000,44,-68307,69159,4.4
018170024000,40,-68307,69162,4.0
018170025000,30,-68306,69161,3.0
018170026000,85,-68305,69161,8.5
018170027000,20,-68306,69160,2.0
018190003000,82,-68169,69161,8.2
018190008000,23,-68169,69163,2.3
018300001000,35,-68300,69161,3.5
018300005000,42,-68296,69157,4.2
018300006000,12,-68296,69157,1.2
018300007000,131,-68297,69157,13.1
018300010000,45,-68295,69159,4.5
018300012000,81,-68299,69159,8.1
018300015000,45,-68298,69160,4.5
018300017000,1,-68298,69158,0.1
018300018000,10,-68298,69158,1.0
018300020000,46,-68300,69158,4.6
018300022000,30,-68296,69160,3.0
018300026000,30,-68299,69161,3.0
018300029000,100,-68302,69159,10.0
018300035000,29,-68301,69159,2.9
018310003000,72,-68286,69155,7.2
018310007000,54,-68295,69156,5.4
018310008000,12,-68295,69156,1.2
018310009000,131,-68294,69156,13.1
018310010000,28,-68294,69156,2.8
018310011000,31,-68293,69156,3.1
018310012000,37,-68293,69155,3.7
018310014000,109,-68288,69154,10.9
018310015000,8,-68286,69155,0.8
018310016000,43,-68287,69156,4.3
018310017000,5,-68287,69156,0.5
018310018000,4,-68285,69154,0.4
018310019000,96,-68284,69154,9.6
018310020000,6,-68295,69158,0.6
018310022000,75,-68293,69157,7.5
018310026000,89,-68294,69159,8.9
018310027000,23,-68290,69157,2.3
018310029000,9,-68293,69156,0.9
018310030000,106,-68292,69156,10.6
018310036000,45,-68292,69158,4.5
018310037000,98,-68290,69155,9.8
018310038000,4,-68289,69154,0.4
018310040000,98,-68291,69156,9.8
018310041000,3,-68290,69156,0.3
018310042000,74,-68289,69157,7.4
018310043000,8,-68290,69157,0.8
018310044000,30,-68288,69156,3.0
018310046000,136,-68294,69157,13.6
018320064000,23,-68282,69153,2.3
018350007000,118,-68305,69157,11.8
018350016000,96,-68308,69158,9.6
018350017000,11,-68308,69158,1.1
018351001000,48,-68298,69156,4.8
018351002000,0,-68297,69156,0.0
018351005000,58,-68297,69154,5.8
018351006000,28,-68298,69154,2.8
018351007000,20,-68298,69155,2.0
018351009000,45,-68296,69154,4.5
018351010000,99,-68297,69154,9.9
018352001000,0,-68309,69156,0.0
018352005000,121,-68306,69155,12.1
018352006000,7,-68306,69155,0.7
018352007000,71,-68305,69155,7.1
018352013000,65,-68299,69152,6.5
018352014000,80,-68298,69152,8.0
018352015000,59,-68297,69152,5.9
018352016000,40,-68304,69154,4.0
018352018000,74,-68300,69152,7.4
018352019000,30,-68300,69153,3.0
018352021000,90,-68304,69154,9.0
018352022000,5,-68304,69154,0.5
018352023000,34,-68303,69153,3.4
018352024000,69,-68303,69153,6.9
018352025000,38,-68302,69153,3.8
018352026000,111,-68302,69153,11.1
018352029000,33,-68300,69152,3.3
018352033000,66,-68307,69155,6.6
018352035000,20,-68307,69155,2.0
018361002000,0,-68291,69154,0.0
018361004000,117,-68290,69154,11.7
018361005000,28,-68289,69154,2.8
018361006000,12,-68289,69153,1.2
018361007000,3,-68289,69153,0.3
018361008000,127,-68288,69153,12.7
018361009000,44,-68288,69153,4.4
018361010000,22,-68287,69152,2.2
018361011000,84,-68287,69152,8.4
018361012000,46,-68286,69152,4.6
018361013000,46,-68286,69152,4.6
018361014000,23,-68285,69151,2.3
018361015000,104,-68286,69153,10.4
018361016000,19,-68287,69153,1.9
018361017000,36,-68287,69154,3.6
018361018000,30,-68285,69152,3.0
018361020000,96,-68292,69155,9.6
018361021000,67,-68292,69155,6.7
018361022000,74,-68291,69155,7.4
018362001000,144,-68296,69155,14.4
018362002000,4,-68295,69155,0.4
018362004000,62,-68294,69154,6.2
018362006000,88,-68293,69153,8.8
018362007000,25,-68292,69153,2.5
018362008000,15,-68293,69152,1.5
018362009000,6,-68293,69153,0.6
018362010000,93,-68294,69153,9.3
018362011000,27,-68295,69154,2.7
018362012000,79,-68296,69154,7.9
018362013000,28,-68295,69153,2.8
018362014000,108,-68293,69154,10.8
018362015000,0,-68294,69154,0.0
018363001000,78,-68291,69153,7.8
018363003000,66,-68290,69152,6.6
018363004000,74,-68289,69152,7.4
018363005000,24,-68288,69151,2.4
018363006000,120,-68288,69151,12.0
018363007000,16,-68288,69151,1.6
018363008000,25,-68287,69151,2.5
018363009000,52,-68287,69150,5.2
018363010000,73,-68286,69150,7.3
018363011000,51,-68286,69149,5.1
018363015000,2,-68289,69150,0.2
018363017000,46,-68291,69152,4.6
018363018000,41,-68292,69152,4.1
018363020000,61,-68290,69151,6.1
018363021000,110,-68290,69151,11.0
018363022000,75,-68286,69150,7.5
018363023000,30,-68291,69151,3.0
018363024000,29,-68290,69152,2.9
018364001000,50,-68296,69152,5.0
018364003000,43,-68295,69151,4.3
018364004000,8,-68295,69150,0.8
018364012000,6,-68288,69148,0.6
018364013000,40,-68290,69148,4.0
018364014000,5,-68290,69148,0.5
018364015000,9,-68294,69151,0.9
018364016000,52,-68293,69150,5.2
018364018000,70,-68291,69148,7.0
018364019000,57,-68291,69148,5.7
018364021000,27,-68292,69149,2.7
018364022000,117,-68292,69149,11.7
018371001000,58,-68284,69153,5.8
018371002000,18,-68283,69153,1.8
018371003000,21,-68283,69152,2.1
018371004000,54,-68282,69152,5.4
018371006000,42,-68281,69152,4.2
018371007000,13,-68280,69151,1.3
018371009000,144,-68279,69151,14.4
018371012000,80,-68277,69150,8.0
018371013000,20,-68279,69151,2.0
018371014000,3,-68278,69150,0.3
018371016000,101,-68282,69152,10.1
018372001000,38,-68284,69151,3.8
018372006000,15,-68280,69150,1.5
018372009000,13,-68277,69148,1.3
018372012000,85,-68277,69146,8.5
018372013000,3,-68277,69146,0.3
018372014000,58,-68278,69147,5.8
018372016000,17,-68279,69147,1.7
018372017000,7,-68279,69148,0.7
018372019000,61,-68280,69148,6.1
018372020000,17,-68281,69149,1.7
018372021000,94,-68281,69149,9.4
018372022000,26,-68282,69149,2.6
018372023000,51,-68282,69149,5.1
018372024000,14,-68282,69150,1.4
018372025000,104,-68283,69150,10.4
018372027000,59,-68284,69151,5.9
018372030000,27,-68282,69151,2.7
018372031000,3,-68282,69150,0.3
018372033000,54,-68283,69150,5.4
018372034000,15,-68278,69148,1.5
018372035000,50,-68278,69149,5.0
018372037000,137,-68281,69150,13.7
018372038000,90,-68279,69149,9.0
018372041000,87,-68280,69148,8.7
018372042000,42,-68279,69148,4.2
018373001000,63,-68276,69148,6.3
018373003000,94,-68275,69147,9.4
018373005000,11,-68275,69147,1.1
018373006000,28,-68275,69146,2.8
018373007000,82,-68274,69146,8.2
018374001000,34,-68285,69149,3.4
018374002000,83,-68284,69149,8.3
018374003000,6,-68284,69149,0.6
018374004000,72,-68283,69148,7.2
018374005000,88,-68283,69148,8.8
018374006000,42,-68282,69148,4.2
018374007000,4,-68282,69147,0.4
018374008000,1,-68281,69147,0.1
018374010000,39,-68281,69147,3.9
018374011000,14,-68280,69146,1.4
018374013000,51,-68279,69146,5.1
018374014000,54,-68279,69146,5.4
018374015000,10,-68278,69145,1.0
018374016000,101,-68278,69145,10.1
018374017000,30,-68278,69145,3.0
018374023000,3,-68283,69146,0.3
018374024000,12,-68281,69145,1.2
018374025000,79,-68280,69146,7.9
018374026000,38,-68283,69147,3.8
018374027000,75,-68283,69147,7.5
018375002000,6,-68276,69145,0.6
018375003000,33,-68275,69145,3.3
018375004000,4,-68275,69145,0.4
018375005000,38,-68275,69144,3.8
018375006000,75,-68274,69144,7.5
018375007000,7,-68276,69145,0.7
018375008000,85,-68276,69145,8.5
018381001000,58,-68271,69149,5.8
018381002000,4,-68270,69148,0.4
018381003000,146,-68270,69148,14.6
018381004000,12,-68270,69148,1.2
018381006000,52,-68269,69146,5.2
018381009000,60,-68269,69145,6.0
018381011000,29,-68268,69144,2.9
018382003000,14,-68265,69147,1.4
018382004000,71,-68264,69147,7.1
018382005000,84,-68264,69147,8.4
018382007000,91,-68263,69147,9.1
018382008000,55,-68262,69147,5.5
018382011000,54,-68261,69146,5.4
018382012000,39,-68260,69146,3.9
018382013000,115,-68260,69146,11.5
018382014000,31,-68259,69146,3.1
018382019000,23,-68268,69149,2.3
018382020000,19,-68268,69149,1.9
018382023000,56,-68266,69148,5.6
018382024000,104,-68266,69148,10.4
018382025000,82,-68267,69148,8.2
018382026000,3,-68262,69147,0.3
018383007000,96,-68263,69145,9.6
018383009000,69,-68262,69145,6.9
018383010000,31,-68262,69145,3.1
018383011000,7,-68261,69144,0.7
018383012000,45,-68261,69144,4.5
018383013000,72,-68260,69144,7.2
018383015000,64,-68259,69144,6.4
018383016000,13,-68260,69143,1.3
018383018000,43,-68261,69143,4.3
018383019000,3,-68261,69143,0.3
018383020000,33,-68262,69144,3.3
018383021000,11,-68262,69144,1.1
018383022000,27,-68265,69145,2.7
018383024000,63,-68268,69146,6.3
018383026000,5,-68261,69143,0.5
018383027000,119,-68260,69143,11.9
018383028000,11,-68268,69148,1.1
018383029000,57,-68268,69147,5.7
018383030000,40,-68265,69145,4.0
018383031000,48,-68265,69144,4.8
018383033000,18,-68263,69144,1.8
018383034000,6,-68267,69145,0.6
018383035000,66,-68266,69146,6.6
018383036000,47,-68266,69146,4.7
018383037000,119,-68266,69145,11.9
018383038000,92,-68267,69146,9.2
018383042000,79,-68264,69145,7.9
018384001000,49,-68268,69145,4.9
018384003000,41,-68267,69144,4.1
018384004000,2,-68266,69143,0.2
018384006000,68,-68265,69143,6.8
018384007000,82,-68265,69143,8.2
018384008000,64,-68264,69143,6.4
018384009000,31,-68264,69143,3.1
018384010000,7,-68263,69142,0.7
018384012000,106,-68262,69142,10.6
018384013000,40,-68261,69142,4.0
018384014000,103,-68261,69142,10.3
018384015000,32,-68260,69142,3.2
018384016000,27,-68260,69142,2.7
018384017000,29,-68260,69141,2.9
018384018000,45,-68261,69141,4.5
018384020000,115,-68262,69141,11.5
018384021000,33,-68263,69141,3.3
018384022000,64,-68263,69141,6.4
018384023000,31,-68264,69141,3.1
018384024000,36,-68264,69141,3.6
018384025000,16,-68265,69142,1.6
018384026000,85,-68265,69142,8.5
018384028000,110,-68266,69142,11.0
018384030000,124,-68267,69143,12.4
018384031000,105,-68261,69141,10.5
018384032000,37,-68262,69141,3.7
018384033000,45,-68263,69142,4.5
018384034000,48,-68262,69142,4.8
018390003000,21,-68286,69146,2.1
018390005000,125,-68284,69145,12.5
018390006000,62,-68283,69145,6.2
018390008000,17,-68281,69143,1.7
018390011000,7,-68275,69140,0.7
018390012000,24,-68273,69141,2.4
018390016000,31,-68275,69142,3.1
018390017000,1,-68275,69143,0.1
018390018000,123,-68276,69143,12.3
018390019000,39,-68276,69143,3.9
018390021000,50,-68277,69144,5.0
018390023000,6,-68279,69145,0.6
018390024000,124,-68280,69145,12.4
018390025000,1,-68274,69143,0.1
018390027000,86,-68273,69143,8.6
018390029000,34,-68279,69144,3.4
018400002000,42,-68274,69139,4.2
018400003000,16,-68274,69139,1.6
018400004000,53,-68273,69138,5.3
018400005000,67,-68272,69138,6.7
018400007000,78,-68271,69136,7.8
018400008000,65,-68267,69135,6.5
018400009000,123,-68268,69136,12.3
018400010000,8,-68269,69137,0.8
018400011000,125,-68269,69137,12.5
018400015000,18,-68270,69139,1.8
018400019000,82,-68272,69140,8.2
018400020000,15,-68273,69141,1.5
018400021000,110,-68273,69141,11.0
018400022000,15,-68273,69142,1.5
018400023000,111,-68272,69142,11.1
018400024000,48,-68272,69142,4.8
018400028000,128,-68264,69139,12.8
018400029000,27,-68264,69139,2.7
018400031000,107,-68263,69138,10.7
018400032000,45,-68262,69137,4.5
018400033000,36,-68262,69137,3.6
018400035000,87,-68261,69138,8.7
018400036000,54,-68261,69138,5.4
018400037000,14,-68262,69139,1.4
018400038000,64,-68262,69139,6.4
018400039000,44,-68263,69140,4.4
018400040000,43,-68263,69140,4.3
018400041000,68,-68262,69140,6.8
018400042000,0,-68262,69139,0.0
018400043000,50,-68261,69139,5.0
018400044000,7,-68261,69139,0.7
018500035000,37,-68220,69125,3.7
018500048000,67,-68224,69122,6.7
018500049000,37,-68223,69122,3.7
018500055000,63,-68234,69125,6.3
018500056000,5,-68233,69124,0.5
018500058000,96,-68221,69122,9.6
018500059000,81,-68221,69122,8.1
018500061000,69,-68218,69121,6.9
018500062000,95,-68218,69121,9.5
018500063000,108,-68218,69121,10.8
018511002000,60,-68253,69144,6.0
018511003000,43,-68253,69144,4.3
018511009000,106,-68256,69145,10.6
018511010000,13,-68254,69144,1.3
018511011000,32,-68254,69145,3.2
018511013000,18,-68256,69145,1.8
018511015000,32,-68257,69145,3.2
018511016000,69,-68257,69145,6.9
018511017000,24,-68258,69146,2.4
018512003000,74,-68256,69143,7.4
018512004000,14,-68254,69142,1.4
018512005000,110,-68254,69141,11.0
018512006000,45,-68258,69143,4.5
018512010000,28,-68255,69143,2.8
018512011000,7,-68256,69143,0.7
018512013000,138,-68258,69142,13.8
018512017000,47,-68257,69142,4.7
018512018000,34,-68257,69142,3.4
018512019000,17,-68255,69142,1.7
018512020000,90,-68255,69141,9.0
018512021000,11,-68254,69141,1.1
018512022000,63,-68254,69142,6.3
018512023000,44,-68258,69143,4.4
018512024000,131,-68257,69143,13.1
018512025000,2,-68256,69142,0.2
018512026000,40,-68256,69141,4.0
018513001000,41,-68252,69142,4.1
018513003000,39,-68253,69140,3.9
018513006000,48,-68252,69139,4.8
018513007000,8,-68252,69138,0.8
018514001000,69,-68259,69140,6.9
018514002000,23,-68258,69140,2.3
018514004000,49,-68257,69140,4.9
018514005000,3,-68256,69140,0.3
018514007000,114,-68254,69139,11.4
018514008000,88,-68255,69139,8.8
018514009000,0,-68256,69139,0.0
018514010000,102,-68258,69140,10.2
018514011000,74,-68257,69140,7.4
018520002000,65,-68259,69139,6.5
018520003000,56,-68259,69139,5.6
018520005000,28,-68258,69138,2.8
018520006000,43,-68258,69138,4.3
018520007000,65,-68257,69138,6.5
018520008000,22,-68256,69138,2.2
018520009000,10,-68256,69138,1.0
018520010000,8,-68255,69138,0.8
018520011000,16,-68253,69137,1.6
018520012000,51,-68254,69138,5.1
018520015000,34,-68251,69135,3.4
018520016000,20,-68250,69135,2.0
018520017000,12,-68250,69134,1.2
018520018000,3,-68249,69134,0.3
018520019000,76,-68248,69133,7.6
018520021000,37,-68257,69136,3.7
018520022000,106,-68256,69136,10.6
018520023000,79,-68255,69136,7.9
018520024000,6,-68255,69136,0.6
018520025000,60,-68254,69136,6.0
018520026000,24,-68253,69136,2.4
018520027000,60,-68253,69135,6.0
018520028000,4,-68252,69135,0.4
018520030000,9,-68252,69134,0.9
018520031000,73,-68251,69133,7.3
018520032000,35,-68250,69133,3.5
018520035000,62,-68254,69134,6.2
018520036000,29,-68254,69135,2.9
018520037000,123,-68255,69135,12.3
018520038000,38,-68256,69135,3.8
018520039000,70,-68260,69136,7.0
018520040000,42,-68260,69136,4.2
018520042000,32,-68258,69135,3.2
018520045000,4,-68256,69134,0.4
018520046000,97,-68256,69133,9.7
018520047000,80,-68255,69133,8.0
018520048000,10,-68255,69132,1.0
018520049000,65,-68254,69132,6.5
018520057000,33,-68248,69130,3.3
018520059000,114,-68250,69131,11.4
018520061000,9,-68252,69137,0.9
018531002000,6,-68244,69131,0.6
018532003000,1,-68240,69130,0.1
018533001000,98,-68236,69129,9.8
018533002000,40,-68234,69129,4.0
018534002000,66,-68239,69128,6.6
018534004000,67,-68235,69127,6.7
018534005000,55,-68235,69127,5.5
018534008000,109,-68241,69128,10.9
018534009000,51,-68242,69128,5.1
018534011000,7,-68238,69127,0.7
018534017000,107,-68240,69128,10.7
018534019000,44,-68237,69127,4.4
018534023000,1,-68246,69130,0.1
018534024000,0,-68245,69130,0.0
018534025000,68,-68246,69130,6.8
018534027000,2,-68243,69129,0.2
018540002000,77,-68231,69128,7.7
018540003000,134,-68230,69128,13.4
018540004000,17,-68229,69128,1.7
018540005000,40,-68229,69128,4.0
018540006000,6,-68228,69127,0.6
018540007000,53,-68228,69127,5.3
018540008000,100,-68227,69127,10.0
018540010000,27,-68225,69127,2.7
018540011000,19,-68224,69126,1.9
018540012000,66,-68224,69126,6.6
018540013000,91,-68223,69126,9.1
018540014000,34,-68223,69126,3.4
018540015000,86,-68222,69126,8.6
018540016000,24,-68221,69126,2.4
018540017000,34,-68223,69124,3.4
018540019000,102,-68223,69123,10.2
018540020000,54,-68225,69124,5.4
018540022000,113,-68225,69125,11.3
018540023000,31,-68226,69125,3.1
018540024000,89,-68227,69125,8.9
018540025000,16,-68228,69125,1.6
018540026000,28,-68228,69125,2.8
018540027000,37,-68229,69126,3.7
018540028000,5,-68229,69125,0.5
018540029000,41,-68230,69126,4.1
018540030000,35,-68231,69126,3.5
018540031000,90,-68231,69126,9.0
018540033000,11,-68232,69126,1.1
018540035000,10,-68234,69127,1.0
018540036000,66,-68234,69127,6.6
018540039000,32,-68231,69124,3.2
018540040000,18,-68231,69124,1.8
018540041000,96,-68230,69124,9.6
018540042000,85,-68230,69124,8.5
018540043000,31,-68229,69124,3.1
018550004000,26,-68249,69129,2.6
018550018000,0,-68250,69129,0.0
018550019000,22,-68250,69129,2.2
018550026000,66,-68251,69130,6.6
018550027000,2,-68238,69126,0.2
018550033000,101,-68243,69127,10.1
018550036000,10,-68245,69128,1.0
018550037000,79,-68246,69128,7.9
018550038000,52,-68247,69128,5.2
018560021000,62,-68227,69110,6.2
018570024000,145,-68190,69114,14.5
018570037000,8,-68177,69112,0.8
018570060000,134,-68172,69112,13.4
018570065000,30,-68180,69116,3.0
018580001000,90,-68193,69128,9.0
018580002000,19,-68195,69129,1.9
018580003000,14,-68195,69129,1.4
018580005000,110,-68197,69129,11.0
018580006000,9,-68198,69129,0.9
018580007000,13,-68199,69130,1.3
018580008000,31,-68201,69130,3.1
018580009000,36,-68202,69130,3.6
018580010000,5,-68203,69130,0.5
018580011000,4,-68204,69131,0.4
018580014000,93,-68205,69128,9.3
018580015000,29,-68205,69127,2.9
018580017000,46,-68204,69125,4.6
018580018000,41,-68204,69126,4.1
018580019000,72,-68203,69127,7.2
018580020000,97,-68203,69128,9.7
018580021000,26,-68202,69128,2.6
018580022000,43,-68201,69129,4.3
018580023000,15,-68200,69129,1.5
018580024000,8,-68201,69128,0.8
018580025000,33,-68201,69127,3.3
018580026000,65,-68202,69127,6.5
018580027000,4,-68202,69126,0.4
018580028000,132,-68203,69125,13.2
018580029000,120,-68199,69127,12.0
018580030000,128,-68198,69127,12.8
018580031000,51,-68197,69127,5.1
018580034000,18,-68194,69126,1.8
018580035000,39,-68193,69126,3.9
018580036000,70,-68194,69125,7.0
018580037000,37,-68195,69125,3.7
018580038000,9,-68196,69125,0.9
018580039000,16,-68196,69125,1.6
018580040000,48,-68197,69125,4.8
018580041000,17,-68198,69126,1.7
018580042000,77,-68199,69126,7.7
018580043000,79,-68200,69126,7.9
018580044000,67,-68202,69124,6.7
018580045000,58,-68201,69124,5.8
018580047000,58,-68199,69124,5.8
018580048000,13,-68198,69123,1.3
018580049000,84,-68197,69123,8.4
018580050000,89,-68196,69123,8.9
018580051000,97,-68195,69123,9.7
018580053000,42,-68206,69126,4.2
018590001000,100,-68192,69128,10.0
018590002000,0,-68191,69127,0.0
018590004000,87,-68190,69127,8.7
018590005000,22,-68189,69126,2.2
018590009000,88,-68184,69125,8.8
018590012000,104,-68182,69123,10.4
018590013000,80,-68183,69123,8.0
018590014000,5,-68184,69123,0.5
018590017000,69,-68186,69124,6.9
018590018000,16,-68187,69124,1.6
018590019000,108,-68189,69125,10.8
018590020000,0,-68191,69125,0.0
018590023000,13,-68193,69125,1.3
018590024000,63,-68192,69124,6.3
018590025000,95,-68191,69124,9.5
018590026000,11,-68190,69123,1.1
018590027000,37,-68188,69123,3.7
018590028000,64,-68188,69123,6.4
018590029000,29,-68186,69123,2.9
018590030000,80,-68185,69122,8.0
018590031000,31,-68184,69122,3.1
018590032000,2,-68182,69122,0.2
018590033000,99,-68181,69121,9.9
018590034000,36,-68181,69120,3.6
018590035000,61,-68182,69120,6.1
018590036000,117,-68183,69120,11.7
018590037000,35,-68184,69120,3.5
018590038000,42,-68185,69121,4.2
018590039000,67,-68187,69121,6.7
018590040000,8,-68188,69121,0.8
018590041000,130,-68190,69122,13.0
018590042000,51,-68191,69122,5.1
018590043000,31,-68192,69123,3.1
018590045000,74,-68194,69123,7.4
018590046000,33,-68193,69122,3.3
018590047000,53,-68193,69121,5.3
018590049000,63,-68186,69126,6.3
018600001000,44,-68207,69123,4.4
018600002000,7,-68206,69124,0.7
018600003000,3,-68206,69124,0.3
018600006000,5,-68197,69120,0.5
018600016000,15,-68208,69120,1.5
018600018000,29,-68204,69122,2.9
018600019000,85,-68204,69122,8.5
018600020000,61,-68204,69122,6.1
018600021000,27,-68205,69122,2.7
018600022000,4,-68205,69122,0.4
018600023000,97,-68205,69122,9.7
018600024000,48,-68205,69122,4.8
018600025000,64,-68204,69122,6.4
018600026000,120,-68204,69122,12.0
018600027000,32,-68204,69122,3.2
018600028000,29,-68204,69122,2.9
018600029000,85,-68204,69122,8.5
018600030000,61,-68204,69122,6.1
018600031000,27,-68205,69122,2.7
018600032000,4,-68205,69122,0.4
018600033000,97,-68205,69122,9.7
018600034000,48,-68205,69122,4.8
018600035000,64,-68204,69122,6.4
018600036000,120,-68204,69122,12.0
018600037000,32,-68204,69122,3.2
018600038000,37,-68204,69123,3.7
018600039000,18,-68204,69123,1.8
018600040000,10,-68204,69124,1.0
018600041000,29,-68204,69123,2.9
018600042000,110,-68204,69123,11.0
018600043000,109,-68204,69123,10.9
018600044000,37,-68204,69123,3.7
018600045000,18,-68204,69123,1.8
018600046000,10,-68204,69124,1.0
018600047000,29,-68204,69123,2.9
018600048000,110,-68204,69123,11.0
018600049000,109,-68204,69123,10.9
018610001000,126,-68192,69121,12.6
018610002000,32,-68192,69121,3.2
018610003000,66,-68191,69121,6.6
018610005000,6,-68188,69120,0.6
018610006000,37,-68187,69120,3.7
018610007000,35,-68186,69119,3.5
018610008000,12,-68186,69119,1.2
018610009000,31,-68184,69119,3.1
018610010000,10,-68183,69119,1.0
018610012000,63,-68182,69117,6.3
018610013000,21,-68183,69117,2.1
018610014000,21,-68184,69117,2.1
018610015000,1,-68185,69117,0.1
018610016000,82,-68186,69118,8.2
018610017000,5,-68188,69118,0.5
018610019000,3,-68189,69118,0.3
018610020000,68,-68191,69119,6.8
018610021000,70,-68192,69119,7.0
018610022000,15,-68192,69119,1.5
018610025000,66,-68192,69117,6.6
018622002000,106,-68173,69109,10.6
018622005000,105,-68173,69108,10.5
018622007000,15,-68175,69108,1.5
018622008000,37,-68174,69108,3.7
018622009000,61,-68173,69108,6.1
018622010000,59,-68173,69107,5.9
018623004000,57,-68170,69108,5.7
018623005000,9,-68170,69108,0.9
018623007000,87,-68170,69107,8.7
018623008000,5,-68170,69107,0.5
018623009000,44,-68172,69107,4.4
018624001000,97,-68176,69108,9.7
018624002000,84,-68177,69108,8.4
018624006000,73,-68182,69105,7.3
018624007000,81,-68180,69107,8.1
018624008000,11,-68180,69107,1.1
018624009000,62,-68181,69106,6.2
018624011000,4,-68178,69108,0.4
018624012000,41,-68179,69108,4.1
018624013000,45,-68178,69108,4.5
018625003000,101,-68177,69105,10.1
018625004000,48,-68177,69104,4.8
018625007000,62,-68180,69105,6.2
018625010000,66,-68178,69107,6.6
018625011000,74,-68178,69106,7.4
018625012000,76,-68178,69106,7.6
018625013000,45,-68178,69105,4.5
018625014000,116,-68179,69105,11.6
018625017000,57,-68177,69106,5.7
018625018000,20,-68177,69107,2.0
018626001000,11,-68175,69106,1.1
018626004000,34,-68174,69104,3.4
018626005000,6,-68174,69104,0.6
018626006000,35,-68176,69104,3.5
018626008000,66,-68175,69106,6.6
018626010000,21,-68175,69104,2.1
018626011000,29,-68174,69106,2.9
018626012000,110,-68174,69105,11.0
018626013000,37,-68174,69106,3.7
018627004000,66,-68171,69104,6.6
018627005000,55,-68171,69103,5.5
018627006000,6,-68172,69102,0.6
018627008000,14,-68172,69106,1.4
018627009000,91,-68172,69105,9.1
018627010000,19,-68171,69104,1.9
018627011000,66,-68171,69105,6.6
018630010000,118,-68167,69108,11.8
018630015000,42,-68168,69107,4.2
018630022000,19,-68170,69103,1.9
018630023000,29,-68169,69103,2.9
018630024000,93,-68169,69104,9.3
018640002000,27,-68180,69104,2.7
018640003000,17,-68180,69104,1.7
018640004000,74,-68179,69104,7.4
018640005000,26,-68178,69104,2.6
018640007000,90,-68176,69103,9.0
018640009000,42,-68175,69102,4.2
018640010000,32,-68174,69103,3.2
018640011000,131,-68173,69102,13.1
018640014000,74,-68172,69100,7.4
018640015000,59,-68173,69100,5.9
018640017000,84,-68175,69101,8.4
018640018000,14,-68175,69101,1.4
018640019000,76,-68176,69101,7.6
018640021000,10,-68177,69102,1.0
018640022000,0,-68179,69102,0.0
018650005000,76,-68170,69102,7.6
018650007000,25,-68172,69100,2.5
018650008000,77,-68171,69100,7.7
018650009000,35,-68170,69100,3.5
018650010000,14,-68169,69100,1.4
018650014000,37,-68167,69099,3.7
018670011000,58,-68199,69144,5.8
018670012000,8,-68198,69144,0.8
018670013000,81,-68195,69143,8.1
018670014000,88,-68194,69143,8.8
018670015000,82,-68193,69143,8.2
018670018000,2,-68194,69141,0.2
018670019000,66,-68195,69141,6.6
018670020000,80,-68196,69141,8.0
018670024000,10,-68201,69140,1.0
018670025000,136,-68200,69141,13.6
018670026000,29,-68199,69142,2.9
018670027000,124,-68201,69142,12.4
018670028000,120,-68202,69141,12.0
018680006000,90,-68204,69135,9.0
018680007000,49,-68203,69137,4.9
018680008000,26,-68203,69138,2.6
018680009000,15,-68202,69138,1.5
018680011000,2,-68202,69140,0.2
018680014000,41,-68200,69137,4.1
018680015000,86,-68201,69136,8.6
018680016000,41,-68201,69135,4.1
018680018000,28,-68201,69134,2.8
018680019000,25,-68199,69134,2.5
018680022000,30,-68203,69132,3.0
018680023000,30,-68202,69132,3.0
018680024000,29,-68201,69132,2.9
018680025000,25,-68200,69132,2.5
018680026000,101,-68199,69131,10.1
018680027000,80,-68199,69132,8.0
018680028000,55,-68197,69131,5.5
018680029000,20,-68197,69130,2.0
018720002000,17,-68215,69107,1.7
018720005000,0,-68212,69107,0.0
018720006000,30,-68212,69104,3.0
018720007000,16,-68213,69104,1.6
018720008000,15,-68214,69104,1.5
018720009000,25,-68215,69104,2.5
018720010000,61,-68216,69105,6.1
018730001000,23,-68211,69106,2.3
018730002000,9,-68210,69106,0.9
018730003000,9,-68209,69106,0.9
018730004000,53,-68208,69105,5.3
018730008000,91,-68204,69104,9.1
018730009000,19,-68203,69104,1.9
018730010000,53,-68202,69103,5.3
018730011000,67,-68201,69103,6.7
018730013000,8,-68211,69104,0.8
018730014000,82,-68210,69103,8.2
018730016000,58,-68208,69102,5.8
018730017000,68,-68207,69102,6.8
018730018000,76,-68206,69102,7.6
018730019000,19,-68205,69102,1.9
018740017000,18,-68190,69089,1.8
018740018000,56,-68190,69087,5.6
018750007000,29,-68197,69102,2.9
018750009000,30,-68200,69103,3.0
018750010000,44,-68200,69103,4.4
018750011000,9,-68199,69102,0.9
018750012000,73,-68198,69102,7.3
018780004000,8,-68287,69147,0.8
018780005000,58,-68287,69147,5.8
018780007000,43,-68287,69147,4.3
018780008000,10,-68287,69147,1.0
018780009000,78,-68286,69146,7.8
018780010000,62,-68288,69147,6.2
018780011000,8,-68287,69147,0.8
018780012000,58,-68287,69147,5.8
018780013000,50,-68287,69147,5.0
018780014000,43,-68287,69147,4.3
018780015000,10,-68287,69147,1.0
018780017000,78,-68284,69148,7.8
018780019000,19,-68284,69148,1.9
018810001000,92,-68196,69096,9.2
018810002000,42,-68196,69096,4.2
018810003000,92,-68196,69096,9.2
018810004000,42,-68196,69096,4.2
018810005000,100,-68196,69094,10.0
018810006000,5,-68196,69095,0.5
018810007000,95,-68196,69095,9.5
018810008000,100,-68196,69095,10.0
018810009000,100,-68196,69094,10.0
018810010000,5,-68196,69095,0.5
018810011000,95,-68196,69095,9.5
018810012000,100,-68196,69095,10.0
018810013000,8,-68195,69095,0.8
018810014000,11,-68194,69094,1.1
018810015000,49,-68194,69094,4.9
018810016000,89,-68194,69094,8.9
018810017000,8,-68195,69095,0.8
018810018000,11,-68194,69094,1.1
018810019000,49,-68194,69094,4.9
018810020000,89,-68194,69094,8.9
018810021000,52,-68194,69093,5.2
018810022000,26,-68195,69093,2.6
018810023000,115,-68195,69093,11.5
018810024000,86,-68195,69093,8.6
018810025000,52,-68194,69093,5.2
018810026000,26,-68195,69093,2.6
018810027000,115,-68195,69093,11.5
018810028000,86,-68195,69093,8.6
018810029000,64,-68197,69093,6.4
018810030000,118,-68197,69093,11.8
018810031000,70,-68197,69093,7.0
018810032000,9,-68197,69094,0.9
018810033000,64,-68197,69093,6.4
018810034000,118,-68197,69093,11.8
018810035000,70,-68197,69093,7.0
018810036000,9,-68197,69094,0.9
018810037000,105,-68196,69092,10.5
018810038000,106,-68196,69092,10.6
018810039000,105,-68196,69092,10.5
018810040000,106,-68196,69092,10.6
018810041000,2,-68196,69092,0.2
018810042000,46,-68195,69091,4.6
018810043000,115,-68195,69091,11.5
018810044000,70,-68195,69091,7.0
018810045000,2,-68196,69092,0.2
018810046000,46,-68195,69091,4.6
018810047000,115,-68195,69091,11.5
018810048000,70,-68195,69091,7.0
018810049000,47,-68195,69089,4.7
018810050000,24,-68196,69089,2.4
018810051000,31,-68196,69090,3.1
018810052000,114,-68196,69090,11.4
018810053000,47,-68195,69089,4.7
018810054000,24,-68196,69089,2.4
018810055000,31,-68196,69090,3.1
018810056000,114,-68196,69090,11.4
018810057000,46,-68196,69090,4.6
018810058000,10,-68197,69091,1.0
018810059000,74,-68197,69091,7.4
018810060000,148,-68197,69091,14.8
018810061000,46,-68196,69090,4.6
018810062000,10,-68197,69091,1.0
018810063000,74,-68197,69091,7.4
018810064000,148,-68197,69091,14.8
018810065000,29,-68197,69091,2.9
018810066000,34,-68198,69092,3.4
018810067000,29,-68197,69091,2.9
018810068000,34,-68198,69092,3.4
018820001000,66,-68197,69095,6.6
018820002000,123,-68197,69095,12.3
018820003000,43,-68197,69095,4.3
018820004000,58,-68198,69095,5.8
018820005000,66,-68197,69095,6.6
018820006000,123,-68197,69095,12.3
018820007000,43,-68197,69095,4.3
018820008000,58,-68198,69095,5.8
018820009000,40,-68197,69097,4.0
018820010000,20,-68197,69097,2.0
018820011000,11,-68197,69097,1.1
018820012000,21,-68196,69096,2.1
018820013000,40,-68197,69097,4.0
018820014000,20,-68197,69097,2.0
018820015000,11,-68197,69097,1.1
018820016000,21,-68196,69096,2.1
018820017000,49,-68197,69098,4.9
018820018000,57,-68197,69097,5.7
018820019000,49,-68197,69098,4.9
018820020000,57,-68197,69097,5.7
018820021000,64,-68198,69098,6.4
018820022000,27,-68198,69098,2.7
018820023000,38,-68199,69098,3.8
018820024000,1,-68199,69098,0.1
018820025000,64,-68198,69098,6.4
018820026000,27,-68198,69098,2.7
018820027000,38,-68199,69098,3.8
018820028000,1,-68199,69098,0.1
018820029000,111,-68199,69097,11.1
018820030000,87,-68199,69097,8.7
018820031000,1,-68198,69097,0.1
018820032000,79,-68198,69097,7.9
018820033000,111,-68199,69097,11.1
018820034000,87,-68199,69097,8.7
018820035000,1,-68198,69097,0.1
018820036000,79,-68198,69097,7.9
018820037000,15,-68199,69096,1.5
018820038000,12,-68199,69095,1.2
018820039000,23,-68199,69095,2.3
018820040000,5,-68198,69095,0.5
018820041000,15,-68199,69096,1.5
018820042000,12,-68199,69095,1.2
018820043000,23,-68199,69095,2.3
018820044000,5,-68198,69095,0.5
018820045000,5,-68198,69093,0.5
018820046000,97,-68198,69093,9.7
018820047000,5,-68198,69093,0.5
018820048000,97,-68198,69093,9.7
018820049000,7,-68197,69094,0.7
018820050000,34,-68198,69094,3.4
018820051000,7,-68197,69094,0.7
018820052000,34,-68198,69094,3.4
018820053000,37,-68200,69095,3.7
018820054000,21,-68199,69094,2.1
018820055000,66,-68199,69094,6.6
018820056000,95,-68199,69094,9.5
018820057000,37,-68200,69095,3.7
018820058000,21,-68199,69094,2.1
018820059000,66,-68199,69094,6.6
018820060000,95,-68199,69094,9.5
018830002000,63,-68200,69098,6.3
018830003000,22,-68199,69098,2.2
018830004000,63,-68200,69098,6.3
018830005000,121,-68200,69097,12.1
018830006000,67,-68200,69097,6.7
018830007000,121,-68200,69097,12.1
018830008000,67,-68200,69097,6.7
018830009000,77,-68200,69096,7.7
018830012000,77,-68200,69096,7.7
018830013000,51,-68199,69100,5.1
018830014000,47,-68199,69100,4.7
018830015000,51,-68199,69100,5.1
018830016000,47,-68199,69100,4.7
018830017000,20,-68200,69099,2.0
018830018000,5,-68199,69100,0.5
018830019000,20,-68200,69099,2.0
018830020000,5,-68199,69100,0.5
018830021000,102,-68198,69092,10.2
018830022000,23,-68198,69092,2.3
018830023000,55,-68199,69092,5.5
018830024000,16,-68199,69092,1.6
018830025000,102,-68198,69092,10.2
018830026000,23,-68198,69092,2.3
018830027000,55,-68199,69092,5.5
018830028000,16,-68199,69092,1.6
018830029000,54,-68199,69093,5.4
018830030000,43,-68200,69093,4.3
018830031000,128,-68200,69093,12.8
018830032000,62,-68200,69093,6.2
018830033000,54,-68199,69093,5.4
018830034000,43,-68200,69093,4.3
018830035000,128,-68200,69093,12.8
018830036000,62,-68200,69093,6.2
018830037000,33,-68201,69094,3.3
018830038000,118,-68201,69094,11.8
018830039000,33,-68201,69094,3.3
018830040000,118,-68201,69094,11.8
018830041000,42,-68201,69099,4.2
018830042000,21,-68200,69099,2.1
018830043000,42,-68201,69099,4.2
018830044000,21,-68200,69099,2.1
018830045000,126,-68201,69098,12.6
018830046000,32,-68201,69098,3.2
018830047000,126,-68201,69098,12.6
018830048000,32,-68201,69098,3.2
018840005000,31,-68202,69096,3.1
018840017000,31,-68202,69099,3.1
018840018000,83,-68202,69098,8.3
018840019000,31,-68202,69099,3.1
018840020000,83,-68202,69098,8.3
018840021000,32,-68202,69097,3.2
018840022000,11,-68202,69097,1.1
018840023000,32,-68202,69097,3.2
018840024000,11,-68202,69097,1.1
018840025000,35,-68203,69096,3.5
018840026000,56,-68203,69096,5.6
018840027000,35,-68203,69096,3.5
018840028000,56,-68203,69096,5.6
018840031000,2,-68203,69099,0.2
018840032000,32,-68204,69098,3.2
018840034000,103,-68204,69097,10.3
018840035000,46,-68204,69097,4.6
018840036000,89,-68204,69096,8.9
018840038000,43,-68203,69095,4.3
018840039000,137,-68203,69095,13.7
018840040000,43,-68203,69095,4.3
018840041000,137,-68203,69095,13.7
018840042000,31,-68203,69095,3.1
018840043000,75,-68202,69095,7.5
018840044000,31,-68203,69095,3.1
018840045000,75,-68202,69095,7.5
018850001000,112,-68247,69112,11.2
018850002000,49,-68247,69112,4.9
018850003000,58,-68247,69111,5.8
018850004000,29,-68246,69111,2.9
018850005000,67,-68246,69110,6.7
018850006000,50,-68246,69110,5.0
018850007000,36,-68245,69110,3.6
018850008000,55,-68245,69110,5.5
018850009000,7,-68245,69111,0.7
018850010000,11,-68245,69111,1.1
018850011000,78,-68244,69111,7.8
018850012000,126,-68244,69111,12.6
018850013000,29,-68244,69111,2.9
018850014000,23,-68243,69112,2.3
018850022000,60,-68242,69111,6.0
018850023000,124,-68242,69111,12.4
018850024000,16,-68242,69110,1.6
018850025000,3,-68241,69110,0.3
018850026000,143,-68241,69110,14.3
018850027000,5,-68240,69110,0.5
018850028000,6,-68240,69110,0.6
018850029000,93,-68240,69111,9.3
018850030000,106,-68240,69111,10.6
018850031000,4,-68240,69111,0.4
018850032000,98,-68240,69112,9.8
018850033000,72,-68240,69112,7.2
018850034000,6,-68240,69113,0.6
018850035000,14,-68240,69113,1.4
018850036000,135,-68241,69111,13.5
018850037000,54,-68241,69111,5.4
018850038000,54,-68241,69112,5.4
018850062000,48,-68243,69108,4.8
018850063000,55,-68243,69108,5.5
018850066000,8,-68242,69109,0.8
018850067000,10,-68242,69109,1.0
018850068000,7,-68242,69109,0.7
018850069000,117,-68241,69109,11.7
018850070000,55,-68241,69109,5.5
018850071000,48,-68241,69108,4.8
018850072000,41,-68241,69108,4.1
018850073000,19,-68242,69108,1.9
018850074000,38,-68242,69107,3.8
018850075000,113,-68242,69107,11.3
018850077000,41,-68243,69109,4.1
019020005000,81,-68119,69111,8.1
019020006000,34,-68120,69111,3.4
019020007000,6,-68120,69110,0.6
019020008000,77,-68121,69110,7.7
019020009000,145,-68121,69110,14.5
019020010000,73,-68121,69110,7.3
019020012000,85,-68121,69112,8.5
019030003000,140,-68103,69112,14.0
019030004000,60,-68102,69112,6.0
019030010000,39,-68105,69108,3.9
019030018000,38,-68113,69110,3.8
019030020000,40,-68112,69111,4.0
019030021000,89,-68111,69112,8.9
019030022000,76,-68110,69112,7.6
019030023000,3,-68110,69112,0.3
019030024000,77,-68109,69113,7.7
019030025000,41,-68108,69113,4.1
019030029000,3,-68110,69110,0.3
019030030000,67,-68112,69110,6.7
019030033000,59,-68114,69111,5.9
019030034000,10,-68114,69111,1.0
019030035000,40,-68113,69111,4.0
019030036000,90,-68113,69111,9.0
019030037000,120,-68113,69111,12.0
019030038000,99,-68113,69111,9.9
019030039000,67,-68113,69111,6.7
019030040000,19,-68113,69111,1.9
019030041000,29,-68112,69111,2.9
019040001000,35,-68041,69118,3.5
019040004000,21,-68035,69117,2.1
019040006000,64,-68041,69116,6.4
019040008000,8,-68042,69115,0.8
019040009000,44,-68041,69115,4.4
019040010000,10,-68040,69114,1.0
019040011000,64,-68039,69114,6.4
019040012000,107,-68038,69114,10.7
019040013000,59,-68037,69114,5.9
019040015000,34,-68035,69113,3.4
019040016000,88,-68034,69113,8.8
019040017000,74,-68032,69113,7.4
019040018000,27,-68031,69113,2.7
019040019000,75,-68043,69115,7.5
019040020000,33,-68044,69114,3.3
019040021000,100,-68044,69113,10.0
019040022000,81,-68042,69112,8.1
019040024000,80,-68041,69112,8.0
019040025000,55,-68040,69112,5.5
019040026000,8,-68039,69111,0.8
019040027000,66,-68038,69111,6.6
019040029000,61,-68035,69111,6.1
019040030000,12,-68034,69112,1.2
019040031000,39,-68034,69111,3.9
019040035000,44,-68039,69118,4.4
019040036000,5,-68038,69117,0.5
019040040000,90,-68032,69116,9.0
019040041000,38,-68031,69116,3.8
019040042000,20,-68033,69115,2.0
019040043000,88,-68040,69118,8.8
019040044000,94,-68034,69115,9.4
019040045000,56,-68043,69117,5.6
019040046000,7,-68043,69117,0.7
019040048000,96,-68035,69115,9.6
019040050000,49,-68035,69117,4.9
019040052000,115,-68042,69113,11.5
019040053000,46,-68039,69116,4.6
019040055000,49,-68036,69115,4.9
019040057000,2,-68033,69111,0.2
019040060000,56,-68036,69111,5.6
019040062000,50,-68035,69112,5.0
019040063000,67,-68036,69112,6.7
019040064000,10,-68034,69116,1.0
019040066000,12,-68036,69114,1.2
019040067000,20,-68036,69114,2.0
019040070000,56,-68038,69112,5.6
019040072000,127,-68041,69113,12.7
019040075000,66,-68040,69113,6.6
019040076000,5,-68039,69113,0.5
019050002000,47,-68029,69115,4.7
019050004000,64,-68030,69114,6.4
019050006000,30,-68028,69114,3.0
019050008000,118,-68029,69112,11.8
019050011000,10,-68026,69112,1.0
019050013000,45,-68030,69116,4.5
019050015000,12,-68032,69110,1.2
019050020000,36,-68030,69110,3.6
019050023000,58,-68030,69112,5.8
019050029000,71,-68028,69110,7.1
019050030000,71,-68025,69111,7.1
019050031000,125,-68024,69111,12.5
019050032000,99,-68023,69111,9.9
019050034000,1,-68021,69111,0.1
019050035000,39,-68021,69110,3.9
019050036000,93,-68020,69110,9.3
019050038000,20,-68026,69110,2.0
019050039000,10,-68025,69109,1.0
019050040000,21,-68025,69109,2.1
019050041000,85,-68024,69109,8.5
019050042000,138,-68023,69109,13.8
019050043000,87,-68022,69109,8.7
019050044000,24,-68021,69109,2.4
019050045000,13,-68021,69108,1.3
019050046000,63,-68020,69108,6.3
019050047000,114,-68019,69108,11.4
019050051000,116,-68027,69115,11.6
019060002000,55,-68045,69110,5.5
019060003000,58,-68045,69109,5.8
019060005000,1,-68043,69110,0.1
019060006000,13,-68043,69109,1.3
019060007000,60,-68042,69110,6.0
019060008000,84,-68042,69109,8.4
019060009000,90,-68041,69110,9.0
019060010000,76,-68041,69109,7.6
019060011000,107,-68040,69110,10.7
019060012000,23,-68040,69109,2.3
019060013000,36,-68040,69109,3.6
019060015000,17,-68039,69108,1.7
019060016000,72,-68038,69108,7.2
019060020000,53,-68034,69108,5.3
019060027000,47,-68033,69108,4.7
019060028000,64,-68037,69109,6.4
019060029000,105,-68035,69109,10.5
019060030000,136,-68036,69109,13.6
019060032000,1,-68045,69111,0.1
019060035000,0,-68035,69108,0.0
019060037000,66,-68034,69109,6.6
019060039000,78,-68045,69108,7.8
019060040000,29,-68044,69108,2.9
019060041000,5,-68043,69107,0.5
019060042000,58,-68042,69107,5.8
019060043000,8,-68041,69107,0.8
019060044000,57,-68041,69107,5.7
019060045000,75,-68040,69107,7.5
019060046000,20,-68039,69107,2.0
019060047000,9,-68038,69106,0.9
019060048000,3,-68038,69109,0.3
019060049000,58,-68039,69110,5.8
019060051000,10,-68033,69109,1.0
019060052000,62,-68044,69111,6.2
019060053000,125,-68044,69112,12.5
019060054000,7,-68035,69108,0.7
019060056000,73,-68036,69108,7.3
019060057000,51,-68037,69108,5.1
019060058000,31,-68037,69108,3.1
019060060000,70,-68034,69105,7.0
019060061000,12,-68033,69105,1.2
019080004000,15,-68132,69105,1.5
019080005000,104,-68131,69105,10.4
019080006000,74,-68130,69105,7.4
019080008000,70,-68133,69104,7.0
019080010000,59,-68133,69104,5.9
019080013000,94,-68134,69102,9.4
019080014000,28,-68135,69102,2.8
019080017000,8,-68134,69101,0.8
019080020000,43,-68132,69103,4.3
019080021000,26,-68131,69103,2.6
019080024000,7,-68129,69102,0.7
019080025000,68,-68130,69102,6.8
019080026000,48,-68130,69102,4.8
019080027000,92,-68131,69102,9.2
019080028000,59,-68131,69102,5.9
019080029000,10,-68132,69101,1.0
019080031000,26,-68133,69100,2.6
019080033000,102,-68134,69100,10.2
019080034000,43,-68135,69100,4.3
019080037000,20,-68136,69099,2.0
019080040000,79,-68136,69099,7.9
019080042000,27,-68133,69103,2.7
019090004000,75,-68126,69105,7.5
019090007000,28,-68128,69103,2.8
019090008000,95,-68128,69103,9.5
019090010000,118,-68127,69103,11.8
019090011000,42,-68126,69103,4.2
019090012000,57,-68126,69103,5.7
019090013000,54,-68125,69103,5.4
019090014000,99,-68125,69104,9.9
019090015000,6,-68123,69104,0.6
019090016000,27,-68123,69104,2.7
019090017000,46,-68123,69104,4.6
019090018000,30,-68123,69104,3.0
019090019000,79,-68122,69104,7.9
019090020000,19,-68121,69104,1.9
019090024000,93,-68118,69099,9.3
019090025000,82,-68119,69099,8.2
019090026000,59,-68119,69099,5.9
019090029000,23,-68120,69099,2.3
019090031000,4,-68122,69099,0.4
019090032000,2,-68122,69099,0.2
019090033000,9,-68123,69098,0.9
019090035000,17,-68124,69098,1.7
019090037000,48,-68120,69097,4.8
019090038000,39,-68120,69097,3.9
019090040000,17,-68119,69097,1.7
019090043000,9,-68119,69097,0.9
019090044000,14,-68118,69098,1.4
019090045000,62,-68120,69099,6.2
019100003000,46,-68120,69104,4.6
019100004000,26,-68119,69104,2.6
019100005000,105,-68119,69104,10.5
019100006000,125,-68119,69104,12.5
019100007000,56,-68119,69104,5.6
019100008000,30,-68118,69104,3.0
019100009000,103,-68118,69104,10.3
019100010000,119,-68118,69104,11.9
019100011000,52,-68118,69104,5.2
019100013000,26,-68116,69104,2.6
019100014000,31,-68117,69104,3.1
019100015000,98,-68117,69104,9.8
019101003000,39,-68121,69105,3.9
019101011000,18,-68119,69105,1.8
019102004000,41,-68123,69105,4.1
019102009000,29,-68122,69106,2.9
019102010000,78,-68121,69106,7.8
019102020000,40,-68123,69105,4.0
019103001000,99,-68125,69107,9.9
019103002000,81,-68124,69107,8.1
019103003000,74,-68124,69107,7.4
019103004000,15,-68123,69107,1.5
019103005000,64,-68123,69108,6.4
019103006000,34,-68123,69108,3.4
019103008000,30,-68122,69108,3.0
019103009000,76,-68121,69108,7.6
019103010000,3,-68120,69108,0.3
019103011000,35,-68120,69109,3.5
019103014000,12,-68118,69109,1.2
019103016000,49,-68118,69109,4.9
019103017000,22,-68117,69109,2.2
019103019000,125,-68122,69108,12.5
019104006000,16,-68123,69111,1.6
019104012000,76,-68125,69110,7.6
019104013000,30,-68125,69110,3.0
019104015000,16,-68123,69110,1.6
019104016000,92,-68124,69110,9.2
019104017000,71,-68124,69110,7.1
019105001000,20,-68125,69109,2.0
019105002000,72,-68125,69109,7.2
019105003000,72,-68124,69109,7.2
019105004000,48,-68124,69109,4.8
019105006000,37,-68123,69109,3.7
019105008000,18,-68122,69110,1.8
019105009000,54,-68122,69110,5.4
019107001000,14,-68126,69106,1.4
019108007000,41,-68128,69108,4.1
019108008000,72,-68128,69108,7.2
019108009000,81,-68127,69108,8.1
019108010000,55,-68127,69108,5.5
019110001000,13,-68115,69108,1.3
019110005000,68,-68115,69106,6.8
019110006000,117,-68114,69106,11.7
019110007000,87,-68115,69106,8.7
019110008000,16,-68115,69106,1.6
019111001000,27,-68115,69104,2.7
019111002000,31,-68114,69104,3.1
019111003000,21,-68113,69104,2.1
019111004000,4,-68113,69104,0.4
019111005000,0,-68113,69105,0.0
019111009000,90,-68112,69105,9.0
019112001000,12,-68112,69108,1.2
019112003000,15,-68111,69108,1.5
019113002000,62,-68112,69107,6.2
019113003000,20,-68111,69107,2.0
019113004000,91,-68111,69107,9.1
019113005000,8,-68111,69107,0.8
019113006000,66,-68110,69107,6.6
019113010000,77,-68112,69107,7.7
019114001000,32,-68108,69107,3.2
019114002000,45,-68107,69107,4.5
019120001000,22,-68140,69093,2.2
019120011000,8,-68130,69099,0.8
019120014000,81,-68138,69099,8.1
019120016000,120,-68139,69099,12.0
019130011000,81,-68126,69097,8.1
019130013000,58,-68125,69097,5.8
019130014000,89,-68125,69097,8.9
019130015000,70,-68124,69097,7.0
019130016000,99,-68124,69097,9.9
019130017000,67,-68123,69097,6.7
019130018000,72,-68123,69097,7.2
019130019000,49,-68122,69097,4.9
019130020000,70,-68122,69097,7.0
019130030000,8,-68121,69092,0.8
019130031000,123,-68121,69092,12.3
019130032000,5,-68121,69092,0.5
019130033000,112,-68120,69092,11.2
019130034000,4,-68120,69092,0.4
019130036000,62,-68121,69097,6.2
019130038000,14,-68121,69097,1.4
019130039000,81,-68121,69095,8.1
019130041000,81,-68119,69095,8.1
019130042000,41,-68118,69095,4.1
019130050000,61,-68125,69098,6.1
019130051000,51,-68125,69098,5.1
019140003000,7,-68118,69092,0.7
019140004000,28,-68118,69093,2.8
019140008000,21,-68107,69093,2.1
019140015000,48,-68117,69093,4.8
019140016000,142,-68116,69093,14.2
019140020000,112,-68115,69093,11.2
019150001000,15,-68117,69098,1.5
019150002000,121,-68117,69099,12.1
019150003000,80,-68116,69098,8.0
019150004000,7,-68116,69099,0.7
019151001000,110,-68115,69098,11.0
019151010000,11,-68111,69099,1.1
019151011000,7,-68110,69100,0.7
019151012000,12,-68110,69100,1.2
019151013000,30,-68109,69100,3.0
019151014000,33,-68108,69100,3.3
019151015000,52,-68108,69100,5.2
019151017000,38,-68107,69100,3.8
019151022000,18,-68105,69100,1.8
019151023000,119,-68104,69100,11.9
019151024000,68,-68103,69100,6.8
019151026000,5,-68103,69100,0.5
019151029000,83,-68106,69100,8.3
019151036000,101,-68105,69100,10.1
019151040000,102,-68113,69099,10.2
019151044000,17,-68113,69099,1.7
019151045000,44,-68112,69099,4.4
019151047000,26,-68111,69099,2.6
019151048000,35,-68112,69099,3.5
019151049000,111,-68115,69099,11.1
019152007000,114,-68110,69097,11.4
019152012000,66,-68112,69095,6.6
019152014000,44,-68111,69097,4.4
019152015000,10,-68113,69096,1.0
019152016000,17,-68112,69097,1.7
019152017000,34,-68111,69097,3.4
019152018000,61,-68111,69097,6.1
019152042000,50,-68109,69097,5.0
019152047000,12,-68111,69095,1.2
019152048000,122,-68111,69095,12.2
019152051000,59,-68110,69095,5.9
019152052000,15,-68109,69095,1.5
019152054000,97,-68112,69095,9.7
019152056000,126,-68114,69096,12.6
019152057000,4,-68114,69096,0.4
019152058000,83,-68113,69096,8.3
019160010000,13,-68096,69101,1.3
019160024000,21,-68100,69100,2.1
019160028000,34,-68101,69100,3.4
019160029000,72,-68102,69100,7.2
019160031000,37,-68101,69100,3.7
019160042000,17,-68099,69101,1.7
019160043000,7,-68099,69101,0.7
019230006000,47,-68017,69110,4.7
019230007000,7,-68016,69109,0.7
019230008000,42,-68016,69109,4.2
019230010000,133,-68014,69109,13.3
019230011000,79,-68013,69109,7.9
019230012000,25,-68012,69109,2.5
019230013000,13,-68011,69108,1.3
019230014000,36,-68011,69108,3.6
019230015000,85,-68010,69108,8.5
019230016000,111,-68009,69108,11.1
019230017000,58,-68008,69108,5.8
019230018000,21,-68007,69108,2.1
019230019000,69,-68018,69108,6.9
019230020000,100,-68019,69107,10.0
019230021000,5,-68017,69108,0.5
019230022000,4,-68018,69107,0.4
019230023000,35,-68017,69108,3.5
019230024000,56,-68016,69107,5.6
019230025000,59,-68015,69107,5.9
019230026000,9,-68014,69107,0.9
019230027000,88,-68013,69107,8.8
019230028000,21,-68012,69106,2.1
019230029000,27,-68011,69106,2.7
019230030000,48,-68011,69106,4.8
019230031000,125,-68010,69106,12.5
019230032000,106,-68009,69106,10.6
019230033000,38,-68008,69106,3.8
019230034000,6,-68007,69106,0.6
019230035000,6,-68007,69106,0.6
019230036000,41,-68006,69106,4.1
019230038000,50,-68019,69105,5.0
019230042000,16,-68015,69105,1.6
019240003000,81,-68005,69106,8.1
019240004000,52,-68004,69106,5.2
019240005000,45,-68002,69107,4.5
019240006000,56,-68001,69107,5.6
019240007000,47,-68000,69107,4.7
019240008000,90,-67999,69107,9.0
019250005000,16,-68025,69108,1.6
019250006000,44,-68023,69108,4.4
019250008000,20,-68022,69106,2.0
019250009000,93,-68021,69107,9.3
019250010000,0,-68021,69107,0.0
019250011000,71,-68020,69107,7.1
019250013000,102,-68021,69105,10.2
019250014000,83,-68022,69105,8.3
019250015000,56,-68023,69105,5.6
019250016000,3,-68023,69105,0.3
019270005000,56,-68117,69071,5.6
019270006000,65,-68116,69071,6.5
019270010000,9,-68112,69072,0.9
019270011000,25,-68112,69072,2.5
019270012000,60,-68111,69073,6.0
019270013000,108,-68111,69074,10.8
019270014000,3,-68114,69071,0.3
019280005000,89,-68116,69069,8.9
019280006000,51,-68115,69069,5.1
019280007000,10,-68117,69068,1.0
019280008000,25,-68115,69067,2.5
019280009000,15,-68117,69067,1.5
019280011000,17,-68117,69066,1.7
019280012000,34,-68115,69065,3.4
019280013000,12,-68117,69065,1.2
019280014000,39,-68115,69064,3.9
019280018000,85,-68113,69066,8.5
019280019000,85,-68113,69065,8.5
019290010000,58,-68120,69062,5.8
019290011000,51,-68121,69061,5.1
019290012000,31,-68121,69060,3.1
019290014000,102,-68117,69061,10.2
019290016000,75,-68119,69063,7.5
019290018000,1,-68116,69063,0.1
019290019000,35,-68115,69063,3.5
019290020000,3,-68118,69061,0.3
019290022000,95,-68119,69060,9.5
019300008000,6,-68144,69088,0.6
019310001000,12,-68065,69079,1.2
019310002000,57,-68066,69080,5.7
019310003000,55,-68067,69080,5.5
019310004000,32,-68068,69080,3.2
019310005000,12,-68069,69080,1.2
019310006000,8,-68070,69079,0.8
019310007000,27,-68070,69079,2.7
019310008000,43,-68071,69079,4.3
019310009000,92,-68072,69079,9.2
019310010000,88,-68072,69077,8.8
019310011000,26,-68071,69077,2.6
019310012000,1,-68071,69077,0.1
019310013000,30,-68071,69076,3.0
019310014000,93,-68070,69076,9.3
019310015000,1,-68069,69076,0.1
019310017000,47,-68069,69078,4.7
019310019000,46,-68067,69077,4.6
019310022000,26,-68066,69078,2.6
019310023000,2,-68065,69078,0.2
019320001000,24,-68064,69079,2.4
019320002000,18,-68063,69079,1.8
019320003000,32,-68062,69079,3.2
019320004000,61,-68061,69079,6.1
019320005000,65,-68060,69079,6.5
019320006000,64,-68059,69079,6.4
019320007000,44,-68058,69079,4.4
019320008000,12,-68057,69078,1.2
019320009000,32,-68056,69079,3.2
019320010000,9,-68056,69077,0.9
019320011000,24,-68057,69076,2.4
019320014000,5,-68059,69077,0.5
019320015000,70,-68060,69077,7.0
019320016000,112,-68061,69077,11.2
019320017000,125,-68062,69077,12.5
019320018000,82,-68063,69077,8.2
019320019000,4,-68065,69077,0.4
019320020000,41,-68053,69080,4.1
019320021000,65,-68052,69080,6.5
019320022000,2,-68052,69079,0.2
019320023000,47,-68053,69079,4.7
019320024000,23,-68053,69077,2.3
019320025000,54,-68054,69077,5.4
019320026000,78,-68060,69082,7.8
019320027000,97,-68061,69082,9.7
019320028000,39,-68062,69082,3.9
019320029000,19,-68063,69083,1.9
019330001000,88,-68082,69072,8.8
019330002000,39,-68082,69071,3.9
019330003000,10,-68082,69070,1.0
019330006000,79,-68080,69071,7.9
019330007000,47,-68080,69070,4.7
019330008000,9,-68081,69069,0.9
019330009000,117,-68079,69069,11.7
019330011000,21,-68077,69071,2.1
019330012000,30,-68076,69070,3.0
019330013000,37,-68077,69069,3.7
019330016000,50,-68083,69068,5.0
019330017000,123,-68081,69068,12.3
019330018000,62,-68080,69068,6.2
019330019000,27,-68079,69067,2.7
019330020000,134,-68078,69067,13.4
019330021000,98,-68077,69067,9.8
019330022000,47,-68076,69067,4.7
019330025000,115,-68083,69067,11.5
019330026000,105,-68081,69067,10.5
019330027000,19,-68080,69067,1.9
019330028000,87,-68079,69066,8.7
019330029000,7,-68078,69066,0.7
019330030000,13,-68078,69065,1.3
019330032000,7,-68078,69064,0.7
019330033000,66,-68079,69064,6.6
019330034000,123,-68080,69064,12.3
019330035000,5,-68081,69065,0.5
019330036000,69,-68081,69065,6.9
019330037000,33,-68083,69065,3.3
019330038000,21,-68083,69065,2.1
019330039000,39,-68083,69064,3.9
019330040000,68,-68082,69063,6.8
019330042000,87,-68081,69063,8.7
019330043000,70,-68080,69063,7.0
019330044000,3,-68079,69062,0.3
019330045000,56,-68078,69062,5.6
019330049000,30,-68084,69070,3.0
019330051000,34,-68084,69069,3.4
019330053000,34,-68085,69067,3.4
019340001000,0,-68076,69066,0.0
019340002000,50,-68075,69066,5.0
019340003000,99,-68074,69066,9.9
019340004000,46,-68073,69066,4.6
019340005000,37,-68073,69066,3.7
019340006000,46,-68072,69065,4.6
019340007000,107,-68071,69065,10.7
019340008000,10,-68070,69065,1.0
019340009000,97,-68070,69064,9.7
019340010000,50,-68069,69064,5.0
019340011000,44,-68069,69063,4.4
019340012000,19,-68068,69062,1.9
019340013000,85,-68068,69062,8.5
019340014000,39,-68067,69061,3.9
019340015000,46,-68069,69060,4.6
019340016000,95,-68069,69061,9.5
019340017000,19,-68070,69062,1.9
019340018000,30,-68070,69063,3.0
019340019000,89,-68071,69063,8.9
019340020000,41,-68072,69064,4.1
019340021000,8,-68072,69064,0.8
019340022000,16,-68073,69064,1.6
019340023000,37,-68074,69065,3.7
019340024000,90,-68075,69065,9.0
019340026000,70,-68076,69065,7.0
019340027000,46,-68077,69063,4.6
019340028000,30,-68076,69063,3.0
019340029000,11,-68075,69063,1.1
019340030000,9,-68074,69063,0.9
019340031000,8,-68074,69063,0.8
019340032000,77,-68073,69062,7.7
019340033000,69,-68072,69062,6.9
019340034000,3,-68071,69061,0.3
019340035000,8,-68071,69061,0.8
019340036000,18,-68071,69060,1.8
019340037000,63,-68072,69059,6.3
019340038000,113,-68072,69060,11.3
019340039000,58,-68073,69061,5.8
019340040000,25,-68074,69061,2.5
019340041000,17,-68074,69062,1.7
019340042000,58,-68075,69062,5.8
019340043000,58,-68076,69062,5.8
019340044000,50,-68077,69062,5.0
019350001000,3,-68074,69059,0.3
019350002000,22,-68075,69060,2.2
019350003000,30,-68076,69060,3.0
019350004000,28,-68077,69060,2.8
019350005000,14,-68078,69060,1.4
019350006000,15,-68079,69061,1.5
019350007000,33,-68080,69061,3.3
019350009000,67,-68081,69061,6.7
019350010000,10,-68084,69061,1.0
019350011000,24,-68084,69061,2.4
019350012000,111,-68082,69060,11.1
019350013000,66,-68084,69060,6.6
019350015000,144,-68084,69058,14.4
019350016000,102,-68084,69057,10.2
019350017000,98,-68085,69057,9.8
019350018000,87,-68082,69059,8.7
019350019000,71,-68080,69059,7.1
019350020000,54,-68079,69059,5.4
019350021000,88,-68078,69059,8.8
019350022000,82,-68077,69059,8.2
019350024000,3,-68075,69059,0.3
019350025000,16,-68074,69059,1.6
019350026000,2,-68079,69057,0.2
019350027000,9,-68079,69058,0.9
019350028000,22,-68081,69057,2.2
019350029000,33,-68082,69057,3.3
019350030000,26,-68082,69056,2.6
019350031000,45,-68081,69056,4.5
019350032000,41,-68080,69056,4.1
019350034000,107,-68083,69062,10.7
019360010000,82,-68068,69066,8.2
019360011000,6,-68068,69065,0.6
019360016000,88,-68067,69065,8.8
019360018000,32,-68074,69070,3.2
019360019000,35,-68074,69069,3.5
019360020000,98,-68074,69069,9.8
019360021000,48,-68074,69068,4.8
019360022000,105,-68074,69068,10.5
019360023000,107,-68075,69069,10.7
019360024000,76,-68075,69069,7.6
019360025000,96,-68075,69070,9.6
019360026000,5,-68074,69070,0.5
019390020000,83,-68098,69175,8.3
019480001000,36,-68108,69077,3.6
019480002000,16,-68108,69076,1.6
019480003000,17,-68108,69076,1.7
019480004000,31,-68109,69075,3.1
019480005000,84,-68109,69074,8.4
019480006000,120,-68109,69073,12.0
019480007000,20,-68107,69072,2.0
019480008000,42,-68107,69073,4.2
019480009000,67,-68107,69074,6.7
019480010000,7,-68107,69075,0.7
019480011000,56,-68106,69076,5.6
019480012000,116,-68106,69077,11.6
019480013000,0,-68104,69077,0.0
019480015000,8,-68103,69076,0.8
019480016000,3,-68102,69076,0.3
019480018000,66,-68100,69075,6.6
019480019000,69,-68099,69075,6.9
019480021000,5,-68097,69074,0.5
019480023000,53,-68096,69072,5.3
019480024000,118,-68097,69072,11.8
019480025000,78,-68098,69072,7.8
019480026000,17,-68099,69072,1.7
019480027000,34,-68100,69073,3.4
019480028000,92,-68101,69073,9.2
019480029000,138,-68102,69073,13.8
019480030000,63,-68103,69073,6.3
019480031000,102,-68104,69074,10.2
019480032000,50,-68104,69073,5.0
019480033000,42,-68104,69072,4.2
019480034000,11,-68103,69071,1.1
019480035000,36,-68102,69071,3.6
019480036000,20,-68101,69071,2.0
019480037000,14,-68100,69071,1.4
019480038000,5,-68099,69071,0.5
019480039000,2,-68099,69070,0.2
019480040000,3,-68098,69070,0.3
019480041000,1,-68097,69070,0.1
019490002000,109,-68093,69074,10.9
019490003000,20,-68092,69074,2.0
019490004000,62,-68090,69073,6.2
019490005000,93,-68089,69073,9.3
019490010000,7,-68084,69072,0.7
019490011000,62,-68085,69069,6.2
019490017000,56,-68092,69072,5.6
019490018000,75,-68093,69072,7.5
019490019000,22,-68095,69071,2.2
019490020000,32,-68095,69070,3.2
019490022000,96,-68094,69069,9.6
019490023000,47,-68093,69069,4.7
019490027000,69,-68086,69067,6.9
019500001000,82,-68096,69067,8.2
019500002000,117,-68095,69067,11.7
019500003000,17,-68094,69067,1.7
019500004000,105,-68093,69066,10.5
019500005000,75,-68092,69066,7.5
019500006000,81,-68091,69065,8.1
019500007000,80,-68091,69064,8.0
019500008000,44,-68092,69064,4.4
019500009000,35,-68093,69065,3.5
019500010000,62,-68094,69065,6.2
019500011000,60,-68095,69065,6.0
019500012000,11,-68096,69065,1.1
019500013000,53,-68097,69063,5.3
019500014000,0,-68095,69063,0.0
019500015000,0,-68095,69062,0.0
019500016000,58,-68094,69062,5.8
019500017000,88,-68093,69062,8.8
019500018000,39,-68092,69062,3.9
019500020000,5,-68090,69062,0.5
019500021000,49,-68089,69063,4.9
019500022000,45,-68089,69064,4.5
019500026000,68,-68087,69065,6.8
019500027000,24,-68087,69063,2.4
019500028000,29,-68087,69062,2.9
019500029000,14,-68088,69061,1.4
019500030000,41,-68088,69060,4.1
019500047000,58,-68085,69065,5.8
019500048000,52,-68085,69064,5.2
019500049000,104,-68085,69062,10.4
019500050000,90,-68085,69061,9.0
019510011000,68,-68104,69069,6.8
019510012000,45,-68104,69068,4.5
019510013000,76,-68105,69067,7.6
019510016000,46,-68102,69065,4.6
019510017000,2,-68101,69064,0.2
019510018000,78,-68100,69064,7.8
019510019000,98,-68099,69064,9.8
019510020000,49,-68098,69064,4.9
019510021000,68,-68097,69066,6.8
019510022000,82,-68098,69066,8.2
019510023000,86,-68099,69066,8.6
019510024000,18,-68100,69066,1.8
019510025000,53,-68101,69067,5.3
019510026000,76,-68102,69067,7.6
019510027000,81,-68102,69068,8.1
019510028000,77,-68102,69069,7.7
019510029000,11,-68101,69068,1.1
019510030000,39,-68100,69068,3.9
019510031000,70,-68099,69068,7.0
019510032000,67,-68098,69068,6.7
019510033000,2,-68097,69068,0.2
019510035000,59,-68109,69070,5.9
019520001000,94,-68108,69080,9.4
019520002000,8,-68107,69079,0.8
019520003000,97,-68106,69079,9.7
019520004000,79,-68105,69079,7.9
019520008000,7,-68109,69080,0.7
019520009000,72,-68110,69077,7.2
019520010000,50,-68111,69075,5.0
019520011000,2,-68105,69078,0.2
019520012000,32,-68104,69079,3.2
019520013000,21,-68104,69079,2.1
019520014000,75,-68104,69079,7.5
019530001000,1,-68135,69065,0.1
019530002000,75,-68135,69064,7.5
019530003000,111,-68135,69063,11.1
019530004000,2,-68133,69064,0.2
019530005000,20,-68132,69064,2.0
019530006000,48,-68130,69064,4.8
019530007000,9,-68128,69063,0.9
019530008000,48,-68127,69063,4.8
019530009000,7,-68126,69063,0.7
019530010000,2,-68125,69063,0.2
019530012000,95,-68123,69063,9.5
019530013000,42,-68123,69064,4.2
019530015000,38,-68122,69066,3.8
019530016000,78,-68121,69066,7.8
019530018000,26,-68121,69063,2.6
019530019000,41,-68121,69062,4.1
019530020000,85,-68122,69061,8.5
019530021000,12,-68122,69060,1.2
019530022000,63,-68124,69060,6.3
019530023000,25,-68125,69061,2.5
019530024000,4,-68126,69061,0.4
019530025000,93,-68127,69061,9.3
019530026000,26,-68128,69061,2.6
019530027000,34,-68129,69062,3.4
019530028000,29,-68129,69062,2.9
019530029000,93,-68130,69062,9.3
019530030000,78,-68131,69062,7.8
019530031000,16,-68132,69062,1.6
019530033000,32,-68133,69063,3.2
019530034000,72,-68134,69066,7.2
019530035000,9,-68134,69068,0.9
019530037000,42,-68132,69066,4.2
019530038000,22,-68133,69065,2.2
019530039000,44,-68131,69065,4.4
019530040000,82,-68131,69066,8.2
019530041000,117,-68131,69067,11.7
019530042000,104,-68130,69067,10.4
019530043000,42,-68129,69066,4.2
019530044000,76,-68129,69065,7.6
019530045000,0,-68130,69064,0.0
019530046000,78,-68128,69064,7.8
019530047000,136,-68128,69065,13.6
019530048000,93,-68128,69066,9.3
019530049000,70,-68126,69066,7.0
019530050000,87,-68125,69066,8.7
019530051000,87,-68124,69066,8.7
019530053000,72,-68124,69064,7.2
019530054000,43,-68125,69064,4.3
019530055000,55,-68126,69064,5.5
019530056000,14,-68127,69064,1.4
019540006000,12,-68064,69062,1.2
019540013000,74,-68071,69058,7.4
019540014000,67,-68071,69058,6.7
019540015000,35,-68073,69057,3.5
019540016000,55,-68073,69057,5.5
019540017000,96,-68072,69057,9.6
019540018000,94,-68072,69057,9.4
019540019000,32,-68072,69057,3.2
019540020000,106,-68071,69057,10.6
019540021000,68,-68071,69057,6.8
019540022000,79,-68072,69056,7.9
019540023000,148,-68072,69056,14.8
019540024000,85,-68072,69056,8.5
019540025000,39,-68071,69056,3.9
019540026000,30,-68071,69056,3.0
019540027000,28,-68071,69056,2.8
019540028000,39,-68071,69056,3.9
019550001000,16,-68099,69062,1.6
019550002000,22,-68097,69062,2.2
019550003000,32,-68096,69061,3.2
019550005000,49,-68093,69060,4.9
019550006000,11,-68093,69059,1.1
019550007000,16,-68093,69059,1.6
019550008000,70,-68094,69058,7.0
019550009000,110,-68095,69059,11.0
019550010000,16,-68096,69059,1.6
019550011000,98,-68095,69058,9.8
019550012000,58,-68096,69057,5.8
019550013000,15,-68097,69057,1.5
019550014000,63,-68097,69058,6.3
019550015000,96,-68098,69060,9.6
019550016000,110,-68099,69060,11.0
019550017000,103,-68099,69059,10.3
019550018000,40,-68099,69058,4.0
019550019000,68,-68100,69057,6.8
019550020000,28,-68100,69056,2.8
019550021000,10,-68101,69054,1.0
019550022000,14,-68098,69054,1.4
019550023000,34,-68098,69055,3.4
019550024000,69,-68097,69055,6.9
019550025000,70,-68096,69055,7.0
019550026000,49,-68095,69056,4.9
019550027000,21,-68094,69056,2.1
019550028000,15,-68094,69056,1.5
019550029000,51,-68093,69057,5.1
019550030000,86,-68092,69057,8.6
019550031000,33,-68091,69058,3.3
019550032000,93,-68090,69058,9.3
019550034000,16,-68088,69059,1.6
019550035000,59,-68089,69058,5.9
019550036000,37,-68089,69057,3.7
019550037000,10,-68090,69056,1.0
019550038000,99,-68091,69056,9.9
019550039000,47,-68092,69056,4.7
019550041000,75,-68094,69055,7.5
019550042000,41,-68095,69054,4.1
019550043000,48,-68096,69054,4.8
019550044000,39,-68097,69053,3.9
019550045000,9,-68094,69052,0.9
019550046000,70,-68093,69053,7.0
019550048000,121,-68092,69052,12.1
019550049000,60,-68091,69052,6.0
019550050000,5,-68090,69052,0.5
019550051000,73,-68089,69051,7.3
019551054000,15,-68087,69052,1.5
019551055000,24,-68089,69053,2.4
019551056000,5,-68090,69053,0.5
019551057000,44,-68091,69054,4.4
019551058000,46,-68089,69055,4.6
019551059000,108,-68088,69055,10.8
019551060000,91,-68086,69055,9.1
019551061000,86,-68085,69055,8.6
019551062000,87,-68084,69055,8.7
019551064000,80,-68085,69053,8.0
019551065000,61,-68085,69052,6.1
019551066000,82,-68084,69051,8.2
019551067000,55,-68084,69050,5.5
019551069000,47,-68087,69053,4.7
019551070000,15,-68086,69057,1.5
019551071000,11,-68086,69058,1.1
019551072000,76,-68088,69051,7.6
019560001000,13,-68082,69055,1.3
019560002000,6,-68082,69053,0.6
019560004000,6,-68082,69051,0.6
019560005000,39,-68081,69051,3.9
019560006000,4,-68081,69050,0.4
019560007000,14,-68083,69049,1.4
019560008000,90,-68080,69049,9.0
019560009000,33,-68077,69048,3.3
019560010000,59,-68078,69049,5.9
019560011000,54,-68079,69050,5.4
019560012000,19,-68079,69051,1.9
019560013000,16,-68080,69051,1.6
019560014000,53,-68080,69052,5.3
019560015000,72,-68081,69053,7.2
019560016000,26,-68081,69054,2.6
019560017000,61,-68079,69055,6.1
019560018000,84,-68079,69054,8.4
019560021000,43,-68077,69052,4.3
019560022000,105,-68077,69051,10.5
019560024000,38,-68075,69051,3.8
019560025000,6,-68075,69052,0.6
019560026000,59,-68074,69052,5.9
019560027000,73,-68073,69053,7.3
019560029000,62,-68071,69052,6.2
019560030000,3,-68071,69053,0.3
019560031000,18,-68070,69054,1.8
019560032000,8,-68070,69055,0.8
019560033000,12,-68069,69056,1.2
019560034000,28,-68068,69055,2.8
019560035000,47,-68068,69054,4.7
019560036000,14,-68068,69053,1.4
019560037000,144,-68069,69052,14.4
019560038000,111,-68068,69052,11.1
019560039000,79,-68067,69052,7.9
019560040000,52,-68066,69052,5.2
019560041000,27,-68067,69053,2.7
019560042000,111,-68066,69054,11.1
019560043000,5,-68065,69054,0.5
019560044000,28,-68063,69053,2.8
019560045000,17,-68064,69052,1.7
019560046000,36,-68065,69052,3.6
019560047000,70,-68061,69053,7.0
019560048000,0,-68061,69052,0.0
019560049000,106,-68062,69051,10.6
019560050000,64,-68063,69050,6.4
019560051000,80,-68064,69050,8.0
019560052000,87,-68065,69050,8.7
019560053000,88,-68066,69050,8.8
019560054000,90,-68067,69050,9.0
019560055000,86,-68068,69050,8.6
019560056000,72,-68069,69050,7.2
019560057000,56,-68070,69050,5.6
019560058000,45,-68071,69050,4.5
019560061000,57,-68072,69049,5.7
019560062000,82,-68071,69049,8.2
019560063000,9,-68070,69049,0.9
019560064000,53,-68069,69048,5.3
019560065000,22,-68068,69048,2.2
019560066000,5,-68067,69048,0.5
019560067000,13,-68066,69049,1.3
019560068000,31,-68065,69049,3.1
019560069000,50,-68064,69049,5.0
019560070000,93,-68063,69049,9.3
019560071000,127,-68062,69049,12.7
019560072000,133,-68063,69047,13.3
019560073000,124,-68063,69046,12.4
019560074000,54,-68063,69045,5.4
019560075000,13,-68064,69044,1.3
019560077000,90,-68065,69046,9.0
019560078000,96,-68065,69047,9.6
019560080000,79,-68067,69046,7.9
019560081000,83,-68068,69046,8.3
019560082000,54,-68069,69046,5.4
019560083000,1,-68070,69046,0.1
019560084000,31,-68071,69047,3.1
019560085000,29,-68072,69047,2.9
019560086000,43,-68073,69048,4.3
019560087000,30,-68074,69049,3.0
019560088000,3,-68074,69049,0.3
019560090000,24,-68075,69049,2.4
019560091000,9,-68066,69046,0.9
019560093000,77,-68066,69045,7.7
019560096000,14,-68078,69052,1.4
019560098000,39,-68073,69050,3.9
019570001000,68,-68057,69088,6.8
019570002000,128,-68056,69088,12.8
019570003000,27,-68056,69090,2.7
019570004000,79,-68055,69090,7.9
019570005000,67,-68055,69088,6.7
019570006000,1,-68054,69088,0.1
019570007000,79,-68054,69090,7.9
019570009000,8,-68054,69087,0.8
019570010000,69,-68053,69087,6.9
019570011000,112,-68052,69087,11.2
019570012000,19,-68052,69089,1.9
019570013000,33,-68052,69089,3.3
019570014000,69,-68051,69089,6.9
019570015000,51,-68051,69087,5.1
019570016000,9,-68050,69087,0.9
019570017000,7,-68049,69087,0.7
019570018000,24,-68050,69086,2.4
019570019000,67,-68051,69086,6.7
019570020000,1,-68051,69085,0.1
019570021000,63,-68050,69085,6.3
019570022000,89,-68050,69084,8.9
019570023000,31,-68052,69084,3.1
019570024000,40,-68052,69084,4.0
019570025000,75,-68050,69083,7.5
019570026000,105,-68052,69083,10.5
019570027000,117,-68052,69082,11.7
019570028000,32,-68053,69082,3.2
019580001000,9,-68134,69068,0.9
019580002000,32,-68133,69069,3.2
019580003000,55,-68133,69070,5.5
019580004000,62,-68133,69071,6.2
019580005000,0,-68131,69071,0.0
019580006000,12,-68131,69070,1.2
019580007000,59,-68131,69070,5.9
019580008000,106,-68130,69070,10.6
019580009000,54,-68129,69070,5.4
019580010000,37,-68130,69071,3.7
019580011000,23,-68129,69072,2.3
019580012000,54,-68128,69071,5.4
019580014000,15,-68127,69069,1.5
019580015000,1,-68126,69068,0.1
019580016000,2,-68126,69069,0.2
019580022000,33,-68122,69072,3.3
019580026000,9,-68122,69067,0.9
019580027000,29,-68124,69067,2.9
019580028000,57,-68125,69067,5.7
019580029000,77,-68126,69067,7.7
019580030000,10,-68128,69067,1.0
019580031000,63,-68128,69068,6.3
019580032000,113,-68129,69068,11.3
019580033000,137,-68130,69068,13.7
019580034000,70,-68131,69068,7.0
019580035000,58,-68132,69069,5.8
019580036000,101,-68132,69068,10.1
019580045000,12,-68123,69070,1.2
019590001000,97,-68062,69084,9.7
019590002000,30,-68062,69085,3.0
019590003000,32,-68061,69086,3.2
019590004000,24,-68061,69087,2.4
019590005000,37,-68061,69087,3.7
019590006000,84,-68061,69088,8.4
019590007000,3,-68061,69089,0.3
019590008000,9,-68060,69090,0.9
019590009000,60,-68060,69091,6.0
019590010000,17,-68060,69092,1.7
019590011000,25,-68058,69091,2.5
019590012000,74,-68058,69090,7.4
019590013000,47,-68057,69090,4.7
019590014000,14,-68058,69089,1.4
019590015000,32,-68058,69088,3.2
019590016000,76,-68059,69088,7.6
019590017000,94,-68059,69087,9.4
019590018000,33,-68059,69086,3.3
019590019000,29,-68060,69085,2.9
019590020000,4,-68060,69085,0.4
019590021000,60,-68060,69084,6.0
019600020000,8,-68106,69085,0.8
019600021000,30,-68106,69085,3.0
019600022000,114,-68106,69086,11.4
019600023000,64,-68106,69087,6.4
019600024000,124,-68105,69087,12.4
019600025000,52,-68104,69087,5.2
019600026000,44,-68104,69087,4.4
019600027000,7,-68103,69087,0.7
019600028000,40,-68103,69086,4.0
019600029000,25,-68102,69086,2.5
019600030000,76,-68102,69086,7.6
019600031000,25,-68101,69086,2.5
019600032000,131,-68101,69086,13.1
019600033000,27,-68100,69086,2.7
019600034000,83,-68101,69084,8.3
019600035000,48,-68101,69084,4.8
019600036000,26,-68102,69084,2.6
019600037000,31,-68102,69084,3.1
019600038000,2,-68103,69085,0.2
019600039000,41,-68104,69085,4.1
019600040000,2,-68105,69085,0.2
019600041000,30,-68105,69084,3.0
019600042000,35,-68104,69084,3.5
019600043000,80,-68104,69084,8.0
019600044000,3,-68104,69083,0.3
019600045000,22,-68103,69083,2.2
019600046000,18,-68103,69083,1.8
019600047000,38,-68102,69083,3.8
019600048000,21,-68102,69083,2.1
019600049000,75,-68101,69083,7.5
019610042000,59,-68102,69082,5.9
019610043000,26,-68102,69082,2.6
019610044000,27,-68101,69082,2.7
019610045000,73,-68101,69082,7.3
019610046000,47,-68101,69081,4.7
019610047000,43,-68101,69081,4.3
019610048000,1,-68102,69081,0.1
019610049000,40,-68102,69081,4.0
019610050000,15,-68103,69081,1.5
019610051000,50,-68103,69081,5.0
019610052000,56,-68103,69081,5.6
019610053000,61,-68103,69081,6.1
019610054000,46,-68104,69081,4.6
019610055000,99,-68104,69081,9.9
019610056000,6,-68105,69081,0.6
019610057000,56,-68105,69081,5.6
019610058000,74,-68105,69081,7.4
019610059000,52,-68105,69081,5.2
019610060000,46,-68104,69082,4.6
019610061000,98,-68104,69082,9.8
019610062000,138,-68104,69082,13.8
019610063000,99,-68104,69082,9.9
019610064000,42,-68105,69082,4.2
019610065000,21,-68105,69082,2.1
019610066000,2,-68105,69083,0.2
019610067000,21,-68105,69083,2.1
019610068000,31,-68106,69082,3.1
019610069000,79,-68106,69082,7.9
019610070000,111,-68106,69082,11.1
019610071000,127,-68106,69082,12.7
019610072000,10,-68107,69082,1.0
019610073000,4,-68107,69083,0.4
019610074000,19,-68107,69083,1.9
019610075000,32,-68107,69083,3.2
019610076000,9,-68107,69083,0.9
019610077000,21,-68107,69083,2.1
019610078000,30,-68107,69083,3.0
019610079000,22,-68106,69083,2.2
019620044000,45,-68026,69035,4.5
019620045000,23,-68026,69036,2.3
019620046000,79,-68026,69036,7.9
019620047000,48,-68026,69036,4.8
019620050000,45,-68026,69035,4.5
019620051000,26,-68026,69036,2.6
019620052000,80,-68026,69036,8.0
019620053000,48,-68026,69036,4.8
019620054000,19,-68026,69036,1.9
019620055000,45,-68026,69035,4.5
019620056000,23,-68026,69036,2.3
019620057000,96,-68026,69036,9.6
019620058000,42,-68026,69036,4.2
019630002000,9,-68070,69096,0.9
019630003000,45,-68069,69097,4.5
019630004000,27,-68069,69097,2.7
019630005000,131,-68068,69097,13.1
019630006000,96,-68067,69097,9.6
019630007000,71,-68068,69096,7.1
019630008000,14,-68067,69096,1.4
019630009000,28,-68067,69095,2.8
019630010000,29,-68066,69097,2.9
019630012000,100,-68064,69096,10.0
019630013000,91,-68064,69095,9.1
019630014000,24,-68066,69095,2.4
019630015000,61,-68064,69094,6.1
019630016000,1,-68064,69093,0.1
019630017000,45,-68065,69092,4.5
019630018000,35,-68065,69092,3.5
019630019000,115,-68065,69091,11.5
019630020000,67,-68065,69090,6.7
019630021000,28,-68067,69091,2.8
019630022000,47,-68067,69091,4.7
019630023000,121,-68068,69091,12.1
019630024000,79,-68069,69091,7.9
019630025000,22,-68070,69091,2.2
019630026000,18,-68071,69092,1.8
019630027000,14,-68071,69092,1.4
019630028000,55,-68070,69093,5.5
019630029000,116,-68070,69094,11.6
019630030000,43,-68070,69095,4.3
019630031000,59,-68069,69094,5.9
019630032000,123,-68069,69093,12.3
019630033000,68,-68068,69093,6.8
019630034000,12,-68068,69093,1.2
019630035000,43,-68067,69092,4.3
019630036000,92,-68066,69092,9.2
019630037000,114,-68066,69093,11.4
019630038000,93,-68066,69094,9.3
019630039000,39,-68067,69094,3.9
019630040000,23,-68067,69094,2.3
019630041000,120,-68068,69094,12.0
019640007000,16,-68163,69110,1.6
019640009000,19,-68162,69109,1.9
019640011000,36,-68163,69110,3.6
019640012000,13,-68163,69109,1.3
019640013000,4,-68162,69109,0.4
019640015000,18,-68162,69109,1.8
019650003000,21,-68157,69108,2.1
019650004000,22,-68157,69108,2.2
019650005000,44,-68156,69108,4.4
019650006000,52,-68156,69108,5.2
019650007000,28,-68157,69108,2.8
019650008000,52,-68156,69108,5.2
019650009000,28,-68157,69108,2.8
019650010000,51,-68156,69108,5.1
019650014000,92,-68155,69108,9.2
019650015000,101,-68155,69108,10.1
019650016000,32,-68155,69108,3.2
019650018000,115,-68154,69108,11.5
019650019000,92,-68155,69108,9.2
019650020000,102,-68155,69108,10.2
019650024000,92,-68155,69108,9.2
019650025000,30,-68155,69108,3.0
019650026000,115,-68154,69108,11.5
019650029000,19,-68155,69108,1.9
019650030000,95,-68154,69108,9.5
019660007000,72,-68092,69151,7.2
019660011000,101,-68094,69148,10.1
019660012000,40,-68093,69147,4.0
019660013000,49,-68092,69147,4.9
019660017000,31,-68097,69146,3.1
019660018000,82,-68097,69145,8.2
019660019000,132,-68098,69144,13.2
019660035000,33,-68092,69156,3.3
019660036000,37,-68092,69155,3.7
019660037000,126,-68093,69154,12.6
019660038000,38,-68094,69153,3.8
019660039000,1,-68094,69153,0.1
019660040000,65,-68095,69152,6.5
019660054000,26,-68098,69150,2.6
019670013000,21,-68100,69127,2.1
019670016000,34,-68102,69126,3.4
019680005000,50,-68081,69102,5.0
019680007000,24,-68080,69102,2.4
019680009000,9,-68079,69101,0.9
019680011000,33,-68078,69101,3.3
019680012000,50,-68077,69101,5.0
019680013000,62,-68077,69101,6.2
019680017000,5,-68086,69101,0.5
019690003000,16,-68076,69093,1.6
019690004000,147,-68076,69093,14.7
019690005000,34,-68075,69093,3.4
019690006000,92,-68075,69093,9.2
019690007000,29,-68075,69093,2.9
019690008000,61,-68074,69093,6.1
019690009000,30,-68074,69093,3.0
019690010000,12,-68073,69093,1.2
019690011000,15,-68073,69092,1.5
019690012000,21,-68072,69092,2.1
019690013000,2,-68071,69093,0.2
019690014000,42,-68071,69093,4.2
019690015000,23,-68072,69093,2.3
019690016000,4,-68073,69093,0.4
019690017000,14,-68073,69094,1.4
019690018000,0,-68074,69094,0.0
019690019000,59,-68074,69094,5.9
019690020000,19,-68074,69094,1.9
019690021000,96,-68075,69094,9.6
019690022000,83,-68075,69094,8.3
019690023000,67,-68076,69094,6.7
019690024000,98,-68076,69094,9.8
019690027000,70,-68076,69095,7.0
019690028000,16,-68075,69095,1.6
019690029000,27,-68075,69095,2.7
019690030000,7,-68075,69095,0.7
019690031000,15,-68074,69094,1.5
019690032000,36,-68074,69094,3.6
019690033000,60,-68073,69094,6.0
019690034000,80,-68073,69094,8.0
019690035000,11,-68072,69094,1.1
019690036000,119,-68072,69094,11.9
019690037000,114,-68071,69094,11.4
019690038000,36,-68071,69095,3.6
019690039000,99,-68072,69095,9.9
019690040000,61,-68072,69095,6.1
019690041000,58,-68073,69095,5.8
019690042000,46,-68073,69095,4.6
019690043000,26,-68074,69095,2.6
019690044000,6,-68074,69095,0.6
019690045000,1,-68075,69096,0.1
019690046000,38,-68075,69096,3.8
019690047000,57,-68075,69096,5.7
019690048000,74,-68076,69096,7.4
019690050000,27,-68073,69097,2.7
019690051000,63,-68073,69097,6.3
019690052000,6,-68073,69098,0.6
019690053000,87,-68073,69098,8.7
019690054000,55,-68072,69098,5.5
019690055000,128,-68072,69098,12.8
019690056000,22,-68071,69098,2.2
019690057000,89,-68071,69098,8.9
019690058000,50,-68071,69098,5.0
019690059000,24,-68070,69098,2.4
019690060000,47,-68071,69097,4.7
019690061000,75,-68072,69097,7.5
019690062000,69,-68072,69097,6.9
019690063000,22,-68072,69096,2.2
019690064000,89,-68071,69096,8.9
019690065000,30,-68071,69096,3.0
019700034000,86,-68097,69136,8.6
019700035000,25,-68097,69136,2.5
019700036000,35,-68096,69136,3.5
019700037000,65,-68096,69136,6.5
019700038000,22,-68096,69136,2.2
019700039000,8,-68096,69136,0.8
019700040000,7,-68095,69135,0.7
019700041000,21,-68095,69135,2.1
019700042000,6,-68097,69134,0.6
019700043000,20,-68097,69134,2.0
019700044000,34,-68097,69134,3.4
019700045000,49,-68097,69134,4.9
019700046000,46,-68097,69134,4.6
019700047000,14,-68096,69134,1.4
019700048000,111,-68096,69134,11.1
019700049000,105,-68096,69134,10.5
019700050000,45,-68096,69134,4.5
019700051000,15,-68095,69134,1.5
019700052000,75,-68095,69134,7.5
019700053000,124,-68095,69134,12.4
019720007000,143,-67988,69158,14.3
019720008000,52,-67989,69158,5.2
019720009000,14,-67990,69158,1.4
019720010000,23,-67990,69157,2.3
019730010000,118,-67999,69133,11.8
019730043000,33,-67998,69132,3.3
019730044000,12,-67998,69131,1.2
019730046000,70,-67998,69129,7.0
019730047000,100,-67998,69129,10.0
019730049000,106,-67998,69128,10.6
019730050000,9,-67998,69128,0.9
019730051000,51,-67999,69127,5.1
019740006000,40,-68000,69126,4.0
019740007000,7,-68002,69127,0.7
019740011000,21,-68007,69126,2.1
019740013000,57,-68009,69126,5.7
019740014000,68,-68010,69126,6.8
019740015000,55,-68011,69126,5.5
019740016000,26,-68012,69126,2.6
019740017000,1,-68014,69125,0.1
019740018000,38,-68015,69125,3.8
019740019000,96,-68016,69125,9.6
019740024000,20,-68013,69123,2.0
019740025000,83,-68012,69123,8.3
019740026000,50,-68011,69124,5.0
019740028000,5,-68008,69124,0.5
019740030000,97,-68006,69124,9.7
019740033000,23,-68002,69124,2.3
019740040000,29,-68006,69117,2.9
019740041000,92,-68007,69117,9.2
019740043000,1,-67993,69117,0.1
019740044000,66,-67995,69116,6.6
019740053000,127,-68006,69115,12.7
019740069000,52,-67996,69130,5.2
019740070000,113,-67996,69130,11.3
019740071000,22,-67996,69129,2.2
019740073000,64,-67996,69129,6.4
019740074000,89,-67996,69128,8.9
019740075000,97,-68016,69130,9.7
019740076000,80,-68015,69130,8.0
019740077000,44,-68014,69131,4.4
019740078000,137,-68013,69131,13.7
019740080000,68,-68011,69131,6.8
019740081000,47,-68010,69131,4.7
019740082000,37,-68009,69131,3.7
019740083000,2,-68007,69131,0.2
019740084000,67,-68009,69129,6.7
019740085000,82,-68010,69129,8.2
019740086000,45,-68011,69129,4.5
019740087000,50,-68012,69129,5.0
019740088000,120,-68013,69129,12.0
019740089000,32,-68014,69129,3.2
019740090000,1,-68015,69128,0.1
019741001000,63,-67999,69119,6.3
019741002000,51,-67998,69119,5.1
019741003000,42,-67997,69119,4.2
019741004000,42,-67996,69119,4.2
019741005000,42,-67995,69119,4.2
019741006000,25,-67994,69119,2.5
019741007000,31,-67992,69119,3.1
019741008000,25,-67991,69121,2.5
019750002000,46,-68007,69115,4.6
019750003000,53,-68009,69114,5.3
019750018000,36,-68031,69122,3.6
019750021000,87,-68032,69126,8.7
019750022000,56,-68032,69127,5.6
019750023000,24,-68031,69128,2.4
019750030000,40,-68020,69127,4.0
019750031000,5,-68022,69128,0.5
019750032000,14,-68023,69129,1.4
019750033000,4,-68024,69129,0.4
019750034000,13,-68024,69130,1.3
019750035000,6,-68026,69131,0.6
019750036000,1,-68027,69131,0.1
019750037000,55,-68028,69130,5.5
019750038000,22,-68029,69129,2.2
019750040000,103,-68028,69125,10.3
019750041000,27,-68027,69125,2.7
019750042000,58,-68025,69125,5.8
019750043000,34,-68024,69125,3.4
019750044000,100,-68023,69124,10.0
019750045000,45,-68022,69124,4.5
019770003000,3,-68082,69167,0.3
019770004000,3,-68083,69169,0.3
019770005000,7,-68083,69170,0.7
019770007000,40,-68083,69172,4.0
019770008000,27,-68082,69173,2.7
019770012000,17,-68082,69177,1.7
019770014000,14,-68080,69177,1.4
019770015000,38,-68079,69176,3.8
019770017000,73,-68081,69170,7.3
019770019000,2,-68080,69168,0.2
019780001000,53,-68081,69179,5.3
019780003000,61,-68080,69180,6.1
019780005000,20,-68077,69180,2.0
019780006000,112,-68076,69181,11.2
019780009000,90,-68077,69182,9.0
019780010000,43,-68078,69182,4.3
019780012000,122,-68080,69183,12.2
019780013000,36,-68080,69184,3.6
019780014000,44,-68079,69185,4.4
019780015000,23,-68078,69184,2.3
019780016000,30,-68077,69184,3.0
019780020000,8,-68075,69179,0.8
019780023000,32,-68073,69177,3.2
019780024000,37,-68074,69177,3.7
019780025000,53,-68075,69177,5.3
019780027000,24,-68077,69177,2.4
019780028000,7,-68078,69178,0.7
019790004000,67,-68066,69181,6.7
019790010000,14,-68069,69181,1.4
019790011000,67,-68068,69181,6.7
019790013000,109,-68069,69183,10.9
019790014000,19,-68070,69184,1.9
019790015000,71,-68071,69184,7.1
019790018000,10,-68073,69182,1.0
019790026000,88,-68070,69177,8.8
019790027000,81,-68071,69178,8.1
019800002000,38,-68074,69186,3.8
019800003000,24,-68075,69186,2.4
019800004000,8,-68077,69186,0.8
019800008000,28,-68075,69188,2.8
019800009000,61,-68074,69188,6.1
019800011000,98,-68072,69188,9.8
019800012000,23,-68070,69188,2.3
019800015000,4,-68068,69189,0.4
019800016000,11,-68068,69191,1.1
019800017000,72,-68068,69192,7.2
019800022000,111,-68066,69188,11.1
019800023000,46,-68067,69187,4.6
019800024000,24,-68067,69187,2.4
019800027000,85,-68068,69185,8.5
019800028000,52,-68067,69184,5.2
019800029000,36,-68072,69185,3.6
019810006000,5,-68098,69082,0.5
019810007000,82,-68098,69082,8.2
019810008000,86,-68098,69083,8.6
019810009000,18,-68098,69083,1.8
019810010000,120,-68098,69084,12.0
019810011000,77,-68098,69085,7.7
019810012000,83,-68097,69085,8.3
019810013000,44,-68096,69085,4.4
019810014000,35,-68096,69085,3.5
019810015000,40,-68095,69084,4.0
019810016000,53,-68094,69084,5.3
019810017000,78,-68094,69084,7.8
019810018000,22,-68093,69084,2.2
019810019000,136,-68096,69081,13.6
019810020000,28,-68096,69082,2.8
019810021000,91,-68096,69082,9.1
019810022000,86,-68096,69083,8.6
019810023000,36,-68096,69083,3.6
019810024000,20,-68097,69084,2.0
019810025000,61,-68097,69083,6.1
019810026000,23,-68097,69083,2.3
019810027000,117,-68097,69082,11.7
019810028000,55,-68097,69081,5.5
019810029000,12,-68091,69083,1.2
019810030000,78,-68091,69083,7.8
019810031000,90,-68092,69083,9.0
019810032000,42,-68093,69083,4.2
019810033000,89,-68090,69082,8.9
019810034000,66,-68089,69082,6.6
019810035000,65,-68089,69082,6.5
019810036000,15,-68088,69081,1.5
019810037000,70,-68087,69081,7.0
019810038000,54,-68087,69081,5.4
019810039000,77,-68086,69081,7.7
019810040000,8,-68085,69081,0.8
019820008000,17,-68094,69082,1.7
019820009000,45,-68095,69082,4.5
019820010000,69,-68095,69081,6.9
019820013000,90,-68095,69079,9.0
019820014000,94,-68094,69079,9.4
019820015000,14,-68094,69079,1.4
019820016000,115,-68094,69080,11.5
019820017000,47,-68094,69081,4.7
019820018000,53,-68094,69081,5.3
019820019000,37,-68093,69082,3.7
019820022000,72,-68092,69081,7.2
019820024000,15,-68093,69080,1.5
019820025000,64,-68093,69079,6.4
019820027000,38,-68092,69079,3.8
019820028000,85,-68092,69079,8.5
019820029000,69,-68092,69080,6.9
019820030000,3,-68092,69080,0.3
019820031000,82,-68091,69081,8.2
019820033000,25,-68088,69077,2.5
019820034000,43,-68088,69078,4.3
019820035000,31,-68087,69079,3.1
019820036000,36,-68087,69079,3.6
019820039000,58,-68088,69080,5.8
019820040000,77,-68088,69080,7.7
019820041000,88,-68088,69079,8.8
019820042000,47,-68088,69079,4.7
019820043000,7,-68088,69078,0.7
019820044000,21,-68089,69078,2.1
019820045000,115,-68090,69078,11.5
019820046000,9,-68090,69079,0.9
019820047000,4,-68090,69079,0.4
019820048000,34,-68089,69080,3.4
019820049000,74,-68089,69080,7.4
019820050000,70,-68089,69081,7.0
019820052000,2,-68090,69080,0.2
019820053000,112,-68090,69080,11.2
019820054000,48,-68090,69079,4.8
019820055000,24,-68091,69079,2.4
019820056000,68,-68091,69078,6.8
019820057000,104,-68087,69080,10.4
019830004000,112,-68098,69081,11.2
019830005000,100,-68095,69078,10.0
019830006000,59,-68096,69078,5.9
019830007000,17,-68096,69078,1.7
019830008000,66,-68097,69079,6.6
019830009000,66,-68096,69080,6.6
019830010000,43,-68096,69080,4.3
019830011000,50,-68097,69081,5.0
019830012000,106,-68097,69080,10.6
019830013000,28,-68098,69079,2.8
019830014000,63,-68098,69079,6.3
019830015000,85,-68098,69078,8.5
019830018000,109,-68097,69076,10.9
019830019000,83,-68096,69076,8.3
019830021000,14,-68095,69076,1.4
019830022000,13,-68095,69075,1.3
019830023000,68,-68094,69077,6.8
019830024000,84,-68095,69077,8.4
019830025000,54,-68095,69077,5.4
019830026000,60,-68096,69077,6.0
019830027000,32,-68096,69078,3.2
019830028000,38,-68094,69078,3.8
019830029000,36,-68095,69078,3.6
019830031000,6,-68093,69078,0.6
019830032000,14,-68092,69077,1.4
019830033000,23,-68091,69077,2.3
019830034000,107,-68091,69077,10.7
019830035000,55,-68090,69077,5.5
019830036000,76,-68090,69077,7.6
019830037000,26,-68089,69077,2.6
019830038000,21,-68089,69076,2.1
019830039000,32,-68088,69076,3.2
019830040000,60,-68088,69076,6.0
019830041000,23,-68089,69076,2.3
019830042000,15,-68089,69076,1.5
019830043000,104,-68090,69076,10.4
019830044000,7,-68091,69076,0.7
019830045000,58,-68091,69076,5.8
019830046000,7,-68092,69076,0.7
019830047000,21,-68092,69077,2.1
019830048000,39,-68093,69077,3.9
019830049000,47,-68094,69077,4.7
019830050000,54,-68094,69075,5.4
019830051000,26,-68093,69075,2.6
019830052000,99,-68093,69075,9.9
019830053000,63,-68092,69075,6.3
019830054000,73,-68092,69075,7.3
019830055000,89,-68091,69075,8.9
019830056000,33,-68091,69075,3.3
019830057000,19,-68090,69074,1.9
019830058000,22,-68090,69074,2.2
019830059000,98,-68089,69074,9.8
019830060000,98,-68088,69074,9.8
019830061000,20,-68087,69074,2.0
019830062000,97,-68087,69075,9.7
019830063000,106,-68087,69076,10.6
019830064000,0,-68087,69076,0.0
019840004000,86,-68054,69198,8.6
019840005000,76,-68055,69199,7.6
019840007000,49,-68055,69201,4.9
019840009000,31,-68055,69205,3.1
019840010000,42,-68055,69204,4.2
019840011000,87,-68054,69203,8.7
019840013000,114,-68053,69201,11.4
019840014000,88,-68053,69200,8.8
019840015000,39,-68052,69198,3.9
019840017000,33,-68050,69199,3.3
019840018000,55,-68049,69199,5.5
019840019000,29,-68048,69199,2.9
019840021000,51,-68046,69198,5.1
019840022000,20,-68045,69198,2.0
019840023000,36,-68046,69195,3.6
019840024000,20,-68047,69196,2.0
019840027000,13,-68050,69197,1.3
019840030000,8,-68053,69196,0.8
019850003000,66,-68039,69192,6.6
019850004000,43,-68040,69192,4.3
019850005000,37,-68041,69191,3.7
019850006000,27,-68042,69191,2.7
019850007000,72,-68043,69190,7.2
019850008000,22,-68044,69197,2.2
019850009000,28,-68043,69197,2.8
019850010000,28,-68042,69197,2.8
019850011000,15,-68041,69197,1.5
019850014000,40,-68044,69195,4.0
019850018000,59,-68049,69193,5.9
019850020000,69,-68047,69193,6.9
019850021000,66,-68046,69193,6.6
019850022000,20,-68044,69192,2.0
019850024000,81,-68043,69193,8.1
019850026000,70,-68041,69194,7.0
019860002000,28,-68029,69193,2.8
019860005000,35,-68032,69194,3.5
019860006000,69,-68033,69194,6.9
019860007000,9,-68034,69194,0.9
019860010000,6,-68038,69195,0.6
019860011000,84,-68037,69196,8.4
019860013000,69,-68035,69196,6.9
019860014000,54,-68034,69196,5.4
019860015000,12,-68033,69196,1.2
019860016000,37,-68032,69197,3.7
019860017000,28,-68031,69197,2.8
019860018000,6,-68029,69197,0.6
019870002000,9,-68044,69189,0.9
019870003000,16,-68045,69188,1.6
019870011000,59,-68056,69189,5.9
019870014000,51,-68056,69192,5.1
019870016000,12,-68056,69195,1.2
019870017000,43,-68054,69195,4.3
019870019000,28,-68054,69192,2.8
019870020000,31,-68054,69191,3.1
019870022000,67,-68054,69189,6.7
019870024000,2,-68054,69187,0.2
019870025000,19,-68054,69186,1.9
019870026000,28,-68052,69186,2.8
019870028000,31,-68050,69187,3.1
019870029000,29,-68050,69188,2.9
019870030000,51,-68049,69189,5.1
019870032000,77,-68047,69190,7.7
019870033000,4,-68046,69191,0.4
019870036000,64,-68050,69191,6.4
019870037000,57,-68051,69192,5.7
019880001000,43,-68039,69185,4.3
019880003000,20,-68038,69186,2.0
019880004000,7,-68036,69187,0.7
019880007000,27,-68036,69184,2.7
019880008000,37,-68030,69182,3.7
019880009000,5,-68031,69183,0.5
019880010000,34,-68031,69184,3.4
019880011000,11,-68031,69186,1.1
019880012000,44,-68028,69184,4.4
019880013000,44,-68029,69185,4.4
019880014000,106,-68029,69186,10.6
019880017000,5,-68028,69189,0.5
019890001000,47,-68050,69184,4.7
019890003000,80,-68052,69183,8.0
019890005000,92,-68054,69181,9.2
019890007000,71,-68055,69179,7.1
019890008000,109,-68056,69178,10.9
019890009000,7,-68058,69178,0.7
019890011000,80,-68057,69180,8.0
019890013000,138,-68056,69182,13.8
019890016000,60,-68056,69185,6.0
019890018000,124,-68053,69185,12.4
019900002000,38,-68037,69178,3.8
019900004000,102,-68039,69178,10.2
019900005000,90,-68040,69178,9.0
019900007000,99,-68042,69177,9.9
019900009000,11,-68044,69176,1.1
019900010000,17,-68045,69178,1.7
019900011000,59,-68044,69178,5.9
019900014000,23,-68042,69182,2.3
019900017000,25,-68037,69183,2.5
019900018000,97,-68038,69183,9.7
019900021000,102,-68040,69180,10.2
019900024000,86,-68036,69181,8.6
019900025000,62,-68035,69180,6.2
019910001000,24,-68044,69175,2.4
019910002000,28,-68045,69175,2.8
019910005000,106,-68049,69172,10.6
019910006000,53,-68050,69171,5.3
019910007000,6,-68053,69170,0.6
019910008000,62,-68052,69172,6.2
019910009000,32,-68052,69173,3.2
019910011000,67,-68050,69174,6.7
019910012000,7,-68049,69174,0.7
019910013000,85,-68048,69175,8.5
019910014000,0,-68048,69176,0.0
019910015000,42,-68047,69176,4.2
019910016000,5,-68056,69177,0.5
019910017000,32,-68057,69176,3.2
019910020000,18,-68059,69176,1.8
019920012000,27,-68112,69123,2.7
019930004000,55,-68049,69042,5.5
019930005000,45,-68049,69042,4.5
019930006000,95,-68048,69042,9.5
019930007000,75,-68048,69042,7.5
019930008000,93,-68047,69042,9.3
019930009000,93,-68047,69042,9.3
019930010000,22,-68046,69043,2.2
019930011000,8,-68046,69043,0.8
019930012000,76,-68045,69042,7.6
019930013000,44,-68045,69042,4.4
019930014000,57,-68045,69041,5.7
019930015000,30,-68046,69041,3.0
019930016000,39,-68046,69040,3.9
019930017000,92,-68046,69040,9.2
019930018000,34,-68047,69040,3.4
019930019000,1,-68048,69040,0.1
019930020000,41,-68048,69041,4.1
019930021000,27,-68048,69041,2.7
019930022000,102,-68049,69041,10.2
019930023000,80,-68049,69041,8.0
019930024000,75,-68050,69041,7.5
019930025000,92,-68050,69041,9.2
019930029000,40,-68049,69046,4.0
019930030000,41,-68050,69045,4.1
019930031000,148,-68050,69045,14.8
019930032000,56,-68050,69045,5.6
019930033000,30,-68051,69044,3.0
019930034000,104,-68051,69044,10.4
019930035000,28,-68051,69044,2.8
019930036000,92,-68051,69043,9.2
019930037000,55,-68052,69042,5.5
019930038000,36,-68053,69042,3.6
019930039000,13,-68051,69041,1.3
019930040000,99,-68051,69042,9.9
019930041000,21,-68050,69044,2.1
019930042000,84,-68049,69044,8.4
019930043000,58,-68049,69044,5.8
019930044000,28,-68049,69045,2.8
019930045000,65,-68048,69045,6.5
019930046000,26,-68048,69045,2.6
019930047000,14,-68042,69039,1.4
019930048000,96,-68043,69040,9.6
019930049000,111,-68044,69041,11.1
019930050000,17,-68044,69041,1.7
019930051000,80,-68045,69040,8.0
019930052000,6,-68045,69040,0.6
019930053000,88,-68044,69039,8.8
019940004000,9,-67993,69135,0.9
019940005000,60,-67993,69136,6.0
019940006000,54,-67993,69137,5.4
019940007000,93,-67992,69137,9.3
019940008000,6,-67991,69137,0.6
019940009000,69,-67991,69137,6.9
019940010000,20,-67991,69137,2.0
019940011000,64,-67990,69138,6.4
019940012000,75,-67990,69139,7.5
019940013000,25,-67990,69140,2.5
019940014000,74,-67989,69140,7.4
019940015000,38,-67989,69140,3.8
019940016000,17,-67988,69140,1.7
019940017000,0,-67988,69140,0.0
019940018000,40,-67988,69139,4.0
019950004000,119,-68061,69067,11.9
019950005000,62,-68061,69067,6.2
019950006000,29,-68060,69067,2.9
019950007000,123,-68060,69067,12.3
019950008000,30,-68060,69067,3.0
019950009000,65,-68059,69067,6.5
019950010000,56,-68059,69067,5.6
019950011000,42,-68059,69067,4.2
019950012000,11,-68058,69067,1.1
019950013000,15,-68058,69066,1.5
019950014000,29,-68058,69066,2.9
019950015000,56,-68057,69066,5.6
019950016000,11,-68060,69066,1.1
019950017000,60,-68059,69066,6.0
019950018000,1,-68059,69065,0.1
019950019000,44,-68059,69065,4.4
019950020000,14,-68059,69065,1.4
019950021000,58,-68058,69065,5.8
019950022000,46,-68058,69065,4.6
019950024000,49,-68066,69068,4.9
019950025000,4,-68066,69067,0.4
019950026000,2,-68064,69066,0.2
019950027000,47,-68064,69066,4.7
019950028000,107,-68063,69065,10.7
019950034000,61,-68064,69068,6.1
019960002000,24,-68098,69086,2.4
019960003000,33,-68099,69086,3.3
019960004000,95,-68099,69085,9.5
019960005000,96,-68099,69085,9.6
019960006000,55,-68099,69085,5.5
019960007000,25,-68099,69084,2.5
019960008000,57,-68099,69084,5.7
019960009000,34,-68099,69084,3.4
019960010000,13,-68099,69084,1.3
019960011000,10,-68100,69083,1.0
019960012000,38,-68100,69083,3.8
019960013000,36,-68100,69083,3.6
019960014000,36,-68100,69082,3.6
019960015000,40,-68100,69082,4.0
019960016000,33,-68100,69082,3.3
019960017000,21,-68100,69081,2.1
019960018000,18,-68100,69081,1.8
019960019000,10,-68100,69081,1.0
019960020000,101,-68099,69079,10.1
019960021000,64,-68099,69079,6.4
019960022000,6,-68100,69079,0.6
019960023000,69,-68100,69079,6.9
019960024000,48,-68100,69078,4.8
019960025000,65,-68100,69078,6.5
019960026000,54,-68100,69078,5.4
019960027000,24,-68101,69078,2.4
019960028000,22,-68100,69077,2.2
019960029000,40,-68100,69077,4.0
019960031000,56,-68100,69077,5.6
019960032000,58,-68101,69077,5.8
019960033000,115,-68101,69077,11.5
019960034000,96,-68101,69077,9.6
019960035000,19,-68101,69077,1.9
019970003000,19,-68100,69118,1.9
019970004000,65,-68101,69118,6.5
019970044000,12,-68103,69118,1.2
019970045000,63,-68103,69118,6.3
019970046000,100,-68103,69118,10.0
019970047000,131,-68103,69119,13.1
019970048000,66,-68103,69119,6.6
019970049000,15,-68103,69119,1.5
019970050000,42,-68102,69120,4.2
019970051000,63,-68102,69120,6.3
019970052000,65,-68102,69120,6.5
019970053000,39,-68101,69120,3.9
019970054000,114,-68101,69120,11.4
019970055000,98,-68101,69120,9.8
019970056000,22,-68100,69120,2.2
019970057000,50,-68100,69120,5.0
019970058000,21,-68100,69120,2.1
019970059000,9,-68100,69121,0.9
019970060000,61,-68104,69118,6.1
019970061000,34,-68104,69118,3.4
019970062000,11,-68104,69119,1.1
019970063000,7,-68104,69118,0.7
019970064000,97,-68104,69119,9.7
019970065000,91,-68104,69119,9.1
019970066000,109,-68104,69119,10.9
019970067000,136,-68104,69119,13.6
019970068000,73,-68099,69120,7.3
019970069000,90,-68099,69120,9.0
019970070000,4,-68099,69121,0.4
019970071000,21,-68099,69120,2.1
019970072000,37,-68099,69119,3.7
019970073000,11,-68099,69119,1.1
019970074000,83,-68099,69120,8.3
019970075000,58,-68099,69120,5.8
019980014000,85,-68088,69152,8.5
019980015000,37,-68087,69152,3.7
019980016000,6,-68087,69152,0.6
019980017000,29,-68086,69151,2.9
019980018000,66,-68086,69151,6.6
019980019000,78,-68085,69151,7.8
019980020000,77,-68085,69151,7.7
019980021000,67,-68084,69151,6.7
019980025000,76,-68084,69149,7.6
019980029000,17,-68085,69147,1.7
019980030000,67,-68086,69147,6.7
019980031000,14,-68086,69146,1.4
019980032000,70,-68087,69146,7.0
019980033000,97,-68087,69146,9.7
019980034000,49,-68088,69146,4.9
019980040000,44,-68090,69147,4.4
019980041000,126,-68090,69148,12.6
019980042000,23,-68090,69148,2.3
019980043000,58,-68090,69149,5.8
019980049000,51,-68087,69150,5.1
019980050000,111,-68087,69150,11.1
019980051000,125,-68087,69150,12.5
019980052000,63,-68087,69150,6.3
019980053000,4,-68087,69150,0.4
019980054000,51,-68087,69149,5.1
019980055000,21,-68087,69149,2.1
019980056000,19,-68088,69149,1.9
019980057000,75,-68088,69149,7.5
019980058000,63,-68088,69149,6.3
019980059000,28,-68088,69149,2.8
019980060000,7,-68088,69148,0.7
019980061000,24,-68089,69147,2.4
019980062000,44,-68088,69147,4.4
019980063000,110,-68088,69147,11.0
019980064000,127,-68088,69147,12.7
019980065000,10,-68088,69147,1.0
019980066000,47,-68087,69147,4.7
019980067000,23,-68087,69147,2.3
019980068000,15,-68087,69148,1.5
019980069000,55,-68087,69148,5.5
019980070000,14,-68087,69148,1.4
019980071000,43,-68086,69148,4.3
019980072000,96,-68086,69148,9.6
019980073000,47,-68086,69148,4.7
019980074000,5,-68086,69149,0.5
019980075000,59,-68086,69149,5.9
019980076000,58,-68086,69149,5.8
019980077000,27,-68086,69149,2.7
019980078000,4,-68085,69149,0.4
020020016000,99,-70720,69079,9.9
020020018000,4,-70718,69079,0.4
020020024000,108,-70713,69082,10.8
020020025000,17,-70713,69083,1.7
020020028000,84,-70711,69079,8.4
020030013000,40,-70714,69075,4.0
020030014000,91,-70713,69075,9.1
020030015000,105,-70712,69075,10.5
020030016000,30,-70711,69075,3.0
020030017000,48,-70717,69072,4.8
020030018000,37,-70717,69072,3.7
020030019000,9,-70716,69072,0.9
020030020000,26,-70715,69072,2.6
020030021000,48,-70715,69071,4.8
020030022000,52,-70716,69070,5.2
020030023000,100,-70717,69070,10.0
020030024000,75,-70715,69070,7.5
020030025000,86,-70715,69069,8.6
020030026000,67,-70713,69068,6.7
020030027000,12,-70713,69068,1.2
020030028000,14,-70713,69069,1.4
020030029000,53,-70713,69070,5.3
020030030000,135,-70713,69071,13.5
020030031000,81,-70713,69072,8.1
020030032000,66,-70714,69072,6.6
020030033000,115,-70711,69071,11.5
020030034000,107,-70711,69070,10.7
020030035000,6,-70710,69069,0.6
020030036000,74,-70709,69069,7.4
020040024000,78,-70725,69075,7.8
020040026000,61,-70724,69071,6.1
020040027000,1,-70723,69072,0.1
020040028000,7,-70724,69073,0.7
020040029000,26,-70724,69074,2.6
020040030000,46,-70723,69072,4.6
020040031000,5,-70722,69072,0.5
020040032000,72,-70723,69074,7.2
020040033000,84,-70722,69075,8.4
020040034000,46,-70721,69073,4.6
020040035000,58,-70721,69073,5.8
020040038000,68,-70720,69073,6.8
020040039000,10,-70719,69074,1.0
020040040000,70,-70719,69074,7.0
020040043000,126,-70718,69074,12.6
020040044000,10,-70717,69074,1.0
020040045000,101,-70718,69076,10.1
020040046000,13,-70717,69076,1.3
020040047000,36,-70718,69072,3.6
020040048000,55,-70719,69071,5.5
020040049000,46,-70719,69071,4.6
020040050000,96,-70720,69071,9.6
020040051000,23,-70721,69071,2.3
020040052000,49,-70721,69070,4.9
020050015000,46,-70724,69068,4.6
020050016000,46,-70724,69069,4.6
020050017000,73,-70723,69069,7.3
020050018000,55,-70723,69070,5.5
020050019000,128,-70722,69070,12.8
020050020000,83,-70718,69070,8.3
020050021000,7,-70719,69069,0.7
020050022000,53,-70719,69069,5.3
020050024000,35,-70722,69068,3.5
020050025000,69,-70723,69067,6.9
020050026000,81,-70723,69066,8.1
020050028000,8,-70724,69065,0.8
020050029000,10,-70723,69064,1.0
020050030000,45,-70722,69065,4.5
020050031000,51,-70722,69065,5.1
020050032000,87,-70721,69066,8.7
020050033000,59,-70720,69067,5.9
020050034000,49,-70720,69068,4.9
020050035000,12,-70717,69068,1.2
020050036000,32,-70718,69066,3.2
020050037000,35,-70718,69066,3.5
020050038000,79,-70719,69065,7.9
020050040000,88,-70720,69064,8.8
020050041000,97,-70718,69063,9.7
020050042000,13,-70718,69063,1.3
020050043000,70,-70717,69064,7.0
020050044000,57,-70717,69065,5.7
020050045000,24,-70716,69065,2.4
020050046000,95,-70716,69066,9.5
020050047000,58,-70716,69067,5.8
020050048000,6,-70716,69067,0.6
020050049000,50,-70713,69067,5.0
020050050000,11,-70714,69066,1.1
020050051000,73,-70714,69066,7.3
020050052000,130,-70714,69065,13.0
020050053000,33,-70714,69064,3.3
020050054000,5,-70714,69064,0.5
020050055000,66,-70715,69063,6.6
020050056000,47,-70715,69062,4.7
020060020000,13,-70728,69071,1.3
020060021000,39,-70727,69071,3.9
020060022000,36,-70727,69071,3.6
020060024000,95,-70726,69072,9.5
020060025000,17,-70725,69071,1.7
020060026000,0,-70726,69070,0.0
020060027000,15,-70726,69069,1.5
020060028000,45,-70727,69069,4.5
020060029000,38,-70727,69068,3.8
020060030000,82,-70728,69068,8.2
020060032000,32,-70727,69066,3.2
020060033000,10,-70726,69066,1.0
020060034000,92,-70725,69065,9.2
020060035000,28,-70726,69067,2.8
020060037000,16,-70725,69068,1.6
020070018000,48,-70728,69064,4.8
020070019000,12,-70727,69064,1.2
020070020000,16,-70727,69064,1.6
020070021000,111,-70726,69063,11.1
020070023000,101,-70728,69063,10.1
020080004000,72,-70725,69063,7.2
020080005000,59,-70724,69062,5.9
020080007000,41,-70722,69062,4.1
020080008000,9,-70722,69062,0.9
020080010000,11,-70720,69064,1.1
020080012000,106,-70721,69061,10.6
020080013000,102,-70720,69061,10.2
020080014000,31,-70719,69061,3.1
020080015000,65,-70718,69060,6.5
020080016000,32,-70718,69061,3.2
020080017000,29,-70718,69061,2.9
020080018000,54,-70715,69062,5.4
020080019000,24,-70715,69061,2.4
020080020000,59,-70716,69060,5.9
020080021000,36,-70716,69060,3.6
020080022000,95,-70716,69059,9.5
020080023000,19,-70716,69058,1.9
020280003000,122,-70662,69032,12.2
020280004000,54,-70663,69031,5.4
020280011000,61,-70661,69030,6.1
020280012000,44,-70660,69031,4.4
020280018000,30,-70658,69030,3.0
020280019000,79,-70658,69031,7.9
020280020000,16,-70659,69032,1.6
020280021000,28,-70657,69032,2.8
020280022000,31,-70656,69031,3.1
020280023000,58,-70656,69030,5.8
020280024000,18,-70656,69028,1.8
020290001000,108,-70662,69035,10.8
020290002000,86,-70662,69036,8.6
020290005000,136,-70663,69039,13.6
020290006000,73,-70662,69039,7.3
020290009000,12,-70658,69037,1.2
020290011000,17,-70658,69035,1.7
020290012000,20,-70659,69036,2.0
020290013000,11,-70661,69035,1.1
020290014000,6,-70661,69033,0.6
020290015000,12,-70659,69034,1.2
020290016000,85,-70658,69033,8.5
020290022000,11,-70656,69034,1.1
020290023000,16,-70655,69032,1.6
020290028000,13,-70657,69040,1.3
020300004000,116,-70665,69038,11.6
020300007000,75,-70669,69038,7.5
020300013000,55,-70665,69036,5.5
020310001000,11,-70667,69043,1.1
020310005000,69,-70664,69046,6.9
020310006000,6,-70663,69046,0.6
020310008000,9,-70662,69048,0.9
020310010000,51,-70660,69046,5.1
020310016000,83,-70662,69041,8.3
020310020000,76,-70657,69042,7.6
020310021000,81,-70657,69043,8.1
020310022000,25,-70657,69044,2.5
020310024000,117,-70659,69045,11.7
020310025000,6,-70658,69048,0.6
020310026000,51,-70657,69047,5.1
020310028000,22,-70655,69047,2.2
020310029000,33,-70653,69046,3.3
020310033000,68,-70653,69044,6.8
020320002000,79,-70655,69054,7.9
020320003000,0,-70656,69053,0.0
020320004000,83,-70656,69052,8.3
020320007000,24,-70659,69050,2.4
020320008000,116,-70660,69049,11.6
020320009000,8,-70661,69049,0.8
020320011000,1,-70655,69049,0.1
020320019000,89,-70654,69049,8.9
020320020000,82,-70655,69048,8.2
020320024000,31,-70650,69049,3.1
020330004000,35,-70652,69057,3.5
020330005000,15,-70653,69057,1.5
020330006000,42,-70654,69056,4.2
020340002000,99,-70689,69062,9.9
020340003000,1,-70690,69062,0.1
020340004000,14,-70687,69060,1.4
020340006000,83,-70689,69059,8.3
020340009000,13,-70684,69064,1.3
020340010000,35,-70683,69064,3.5
020340011000,5,-70681,69064,0.5
020340012000,60,-70680,69064,6.0
020340013000,103,-70679,69064,10.3
020340014000,8,-70678,69062,0.8
020340015000,91,-70679,69062,9.1
020340016000,70,-70680,69062,7.0
020340017000,33,-70681,69061,3.3
020340018000,23,-70683,69061,2.3
020340019000,53,-70684,69061,5.3
020340023000,32,-70686,69063,3.2
020350003000,15,-70697,69064,1.5
020350004000,11,-70697,69063,1.1
020350005000,18,-70696,69062,1.8
020350007000,6,-70693,69061,0.6
020350008000,96,-70692,69061,9.6
020350014000,26,-70695,69059,2.6
020350015000,19,-70696,69060,1.9
020350016000,8,-70697,69060,0.8
020350017000,2,-70698,69061,0.2
020350018000,24,-70698,69061,2.4
020350019000,83,-70699,69062,8.3
020350024000,0,-70701,69060,0.0
020360002000,26,-70706,69057,2.6
020360003000,51,-70707,69057,5.1
020360004000,91,-70708,69057,9.1
020360005000,90,-70709,69057,9.0
020360006000,73,-70710,69057,7.3
020360007000,9,-70712,69057,0.9
020360008000,23,-70711,69056,2.3
020360009000,67,-70709,69055,6.7
020370002000,90,-70706,69052,9.0
020370003000,63,-70706,69051,6.3
020370009000,110,-70704,69049,11.0
020390006000,49,-70694,69041,4.9
020390007000,70,-70695,69041,7.0
020390008000,3,-70696,69041,0.3
020390010000,24,-70701,69041,2.4
020390011000,82,-70702,69041,8.2
020390012000,63,-70703,69041,6.3
020390013000,51,-70704,69041,5.1
020390014000,26,-70706,69041,2.6
020390015000,44,-70705,69042,4.4
020390016000,74,-70704,69042,7.4
020390017000,63,-70703,69043,6.3
020390018000,15,-70702,69043,1.5
020390019000,1,-70707,69039,0.1
020390020000,18,-70706,69039,1.8
020390021000,34,-70705,69039,3.4
020390022000,2,-70704,69038,0.2
020390023000,25,-70703,69038,2.5
020390025000,2,-70700,69038,0.2
020390026000,33,-70700,69039,3.3
020390028000,124,-70698,69039,12.4
020390029000,52,-70697,69039,5.2
020390030000,19,-70697,69039,1.9
020400011000,33,-70693,69043,3.3
020400012000,41,-70691,69041,4.1
020400013000,104,-70692,69041,10.4
020400017000,34,-70693,69039,3.4
020400019000,83,-70691,69039,8.3
020400021000,93,-70692,69039,9.3
020400022000,15,-70688,69040,1.5
020400025000,41,-70687,69042,4.1
020410001000,58,-70678,69065,5.8
020410002000,50,-70677,69065,5.0
020410003000,37,-70675,69066,3.7
020410007000,42,-70675,69063,4.2
020410008000,24,-70676,69063,2.4
020410010000,65,-70672,69067,6.5
020430002000,12,-70668,69071,1.2
020430005000,65,-70667,69068,6.5
020440003000,89,-70708,69067,8.9
020440020000,126,-70705,69066,12.6
020440022000,96,-70704,69063,9.6
020440023000,99,-70703,69063,9.9
020440024000,45,-70702,69064,4.5
020440025000,38,-70702,69064,3.8
020440028000,86,-70705,69059,8.6
020440031000,36,-70709,69067,3.6
020450003000,111,-70711,69059,11.1
020450004000,121,-70710,69059,12.1
020450005000,120,-70709,69059,12.0
020450006000,115,-70708,69059,11.5
020450007000,83,-70707,69059,8.3
020450008000,93,-70706,69059,9.3
020450010000,90,-70714,69058,9.0
020450011000,105,-70714,69057,10.5
020450013000,13,-70714,69056,1.3
020450015000,12,-70713,69054,1.2
020460002000,60,-70711,69049,6.0
020460003000,90,-70710,69048,9.0
020460004000,99,-70709,69048,9.9
020460008000,32,-70712,69048,3.2
020470001000,53,-70706,69044,5.3
020470002000,22,-70706,69043,2.2
020470004000,65,-70710,69043,6.5
020470005000,24,-70709,69042,2.4
020470006000,40,-70708,69042,4.0
020470008000,87,-70709,69040,8.7
020470009000,88,-70709,69039,8.8
020480002000,57,-70662,69068,5.7
020490003000,101,-70655,69062,10.1
020490004000,17,-70656,69061,1.7
020490013000,101,-70656,69059,10.1
020490014000,7,-70655,69060,0.7
020500002000,15,-70665,69059,1.5
020500003000,88,-70666,69058,8.8
020500006000,84,-70665,69056,8.4
020500008000,31,-70666,69055,3.1
020500009000,2,-70667,69055,0.2
020500010000,53,-70668,69056,5.3
020510005000,84,-70671,69048,8.4
020520007000,38,-70673,69045,3.8
020520008000,4,-70674,69045,0.4
020520010000,49,-70677,69045,4.9
020550001000,6,-70707,69037,0.6
020550005000,17,-70707,69034,1.7
020550006000,53,-70706,69036,5.3
020550019000,8,-70703,69033,0.8
020550020000,117,-70703,69032,11.7
020550029000,17,-70700,69030,1.7
020550030000,38,-70698,69032,3.8
020550038000,58,-70700,69036,5.8
020560001000,48,-70710,69033,4.8
020560002000,70,-70710,69031,7.0
020560006000,37,-70709,69030,3.7
020560016000,25,-70703,69029,2.5
020570001000,92,-70710,69027,9.2
020580012000,27,-70719,69031,2.7
020580013000,43,-70718,69030,4.3
020590001000,30,-70720,69028,3.0
020590004000,33,-70720,69026,3.3
020590007000,93,-70720,69025,9.3
020590015000,115,-70721,69021,11.5
020590016000,89,-70720,69022,8.9
020590018000,69,-70719,69021,6.9
020590019000,68,-70718,69020,6.8
020590021000,63,-70719,69024,6.3
020590022000,109,-70718,69023,10.9
020590023000,52,-70717,69022,5.2
020590024000,5,-70716,69024,0.5
020590025000,75,-70717,69024,7.5
020590026000,87,-70718,69025,8.7
020590027000,11,-70718,69026,1.1
020590028000,9,-70719,69028,0.9
020750003000,21,-70659,69070,2.1
020750005000,17,-70660,69071,1.7
020750006000,86,-70661,69071,8.6
020750007000,20,-70662,69070,2.0
020750011000,104,-70664,69073,10.4
020750012000,9,-70665,69073,0.9
020750013000,57,-70665,69074,5.7
020750014000,7,-70666,69075,0.7
020750015000,37,-70666,69075,3.7
020750016000,1,-70667,69076,0.1
020750017000,26,-70668,69077,2.6
020750018000,98,-70668,69076,9.8
020750019000,58,-70668,69075,5.8
020750020000,37,-70669,69074,3.7
020750021000,42,-70668,69074,4.2
020750022000,17,-70667,69073,1.7
020750024000,94,-70666,69072,9.4
020750026000,22,-70668,69072,2.2
020750027000,51,-70669,69072,5.1
020750028000,19,-70670,69071,1.9
020750029000,4,-70670,69070,0.4
020750030000,90,-70671,69070,9.0
020750031000,37,-70671,69072,3.7
020750032000,114,-70671,69073,11.4
020750033000,41,-70671,69074,4.1
020750034000,5,-70670,69074,0.5
020750035000,75,-70670,69075,7.5
020750036000,129,-70670,69076,12.9
020750037000,70,-70670,69077,7.0
020760001000,17,-70659,69072,1.7
020760002000,71,-70658,69073,7.1
020760003000,79,-70657,69074,7.9
020760004000,3,-70656,69075,0.3
020760006000,4,-70656,69077,0.4
020760007000,32,-70657,69077,3.2
020760008000,112,-70658,69076,11.2
020760009000,12,-70659,69076,1.2
020760010000,109,-70659,69075,10.9
020760011000,17,-70660,69075,1.7
020760012000,84,-70660,69074,8.4
020760013000,99,-70661,69073,9.9
020760014000,1,-70662,69074,0.1
020760015000,81,-70662,69075,8.1
020760016000,63,-70663,69075,6.3
020760017000,55,-70663,69076,5.5
020760018000,37,-70664,69076,3.7
020760019000,89,-70664,69077,8.9
020760020000,36,-70663,69078,3.6
020760021000,27,-70662,69077,2.7
020760022000,82,-70662,69077,8.2
020760023000,104,-70661,69077,10.4
020760026000,100,-70659,69078,10.0
020760027000,28,-70658,69078,2.8
020760029000,44,-70660,69080,4.4
020760030000,52,-70661,69080,5.2
020760031000,118,-70662,69080,11.8
020760032000,111,-70663,69080,11.1
020760033000,37,-70664,69080,3.7
020760034000,11,-70664,69079,1.1
020760035000,100,-70665,69078,10.0
020760036000,90,-70666,69077,9.0
020760037000,20,-70667,69078,2.0
020760038000,47,-70666,69079,4.7
020760039000,58,-70665,69080,5.8
020760040000,62,-70665,69081,6.2
020760041000,56,-70667,69082,5.6
020760042000,61,-70667,69081,6.1
020760043000,8,-70668,69080,0.8
020760045000,31,-70669,69079,3.1
020760046000,70,-70669,69079,7.0
020760047000,55,-70669,69078,5.5
020780002000,44,-70699,69069,4.4
020780003000,49,-70699,69069,4.9
020780004000,1,-70700,69068,0.1
020780005000,63,-70700,69067,6.3
020780006000,36,-70700,69067,3.6
020780007000,84,-70700,69066,8.4
020780008000,91,-70697,69069,9.1
020780009000,102,-70696,69069,10.2
020780010000,67,-70695,69069,6.7
020780011000,25,-70695,69069,2.5
020780012000,94,-70694,69069,9.4
020780013000,45,-70693,69068,4.5
020780014000,27,-70692,69069,2.7
020780015000,44,-70692,69070,4.4
020780016000,33,-70691,69069,3.3
020780017000,41,-70691,69068,4.1
020780018000,112,-70690,69068,11.2
020780020000,43,-70689,69067,4.3
020780021000,83,-70688,69067,8.3
020780022000,77,-70687,69066,7.7
020780023000,16,-70688,69066,1.6
020780024000,101,-70689,69066,10.1
020780025000,34,-70690,69066,3.4
020780026000,10,-70691,69067,1.0
020780027000,54,-70691,69067,5.4
020780028000,97,-70692,69067,9.7
020780029000,33,-70693,69067,3.3
020780031000,72,-70694,69067,7.2
020780032000,29,-70695,69067,2.9
020780033000,15,-70695,69068,1.5
020780034000,58,-70696,69068,5.8
020780035000,74,-70697,69068,7.4
020780036000,10,-70697,69068,1.0
020780037000,74,-70698,69066,7.4
020780038000,11,-70697,69066,1.1
020780039000,4,-70697,69066,0.4
020780040000,37,-70696,69066,3.7
020780043000,54,-70694,69065,5.4
020780044000,39,-70694,69065,3.9
020780045000,99,-70693,69065,9.9
020780046000,82,-70694,69064,8.2
020780048000,72,-70692,69062,7.2
020780050000,60,-70691,69063,6.0
020780052000,27,-70691,69064,2.7
020780053000,71,-70690,69064,7.1
020780054000,72,-70689,69064,7.2
020780056000,104,-70686,69065,10.4
020780061000,7,-70687,69065,0.7
020790002000,29,-70699,69071,2.9
020790003000,33,-70698,69072,3.3
020790004000,72,-70698,69073,7.2
020790009000,25,-70694,69075,2.5
020790010000,10,-70694,69075,1.0
020790021000,105,-70696,69072,10.5
020790022000,36,-70695,69073,3.6
020790023000,14,-70694,69073,1.4
020790024000,64,-70694,69072,6.4
020790025000,7,-70693,69071,0.7
020790026000,7,-70693,69070,0.7
020790027000,55,-70694,69071,5.5
020790028000,76,-70695,69071,7.6
020790029000,38,-70696,69071,3.8
020790030000,12,-70697,69071,1.2
020800002000,37,-70684,69071,3.7
020800003000,48,-70685,69070,4.8
020800004000,40,-70685,69070,4.0
020800005000,39,-70686,69069,3.9
020800006000,23,-70687,69068,2.3
020800007000,76,-70686,69068,7.6
020800008000,26,-70686,69068,2.6
020800009000,90,-70685,69067,9.0
020800010000,47,-70684,69067,4.7
020800011000,15,-70683,69067,1.5
020800013000,55,-70684,69069,5.5
020800014000,49,-70683,69070,4.9
020800015000,32,-70683,69071,3.2
020800017000,102,-70682,69072,10.2
020800018000,22,-70681,69072,2.2
020800019000,126,-70680,69072,12.6
020800020000,20,-70679,69071,2.0
020800021000,4,-70679,69071,0.4
020800024000,87,-70681,69069,8.7
020800025000,79,-70682,69069,7.9
020800026000,1,-70682,69068,0.1
020800027000,21,-70681,69068,2.1
020800028000,32,-70681,69068,3.2
020800029000,137,-70680,69068,13.7
020800030000,52,-70679,69068,5.2
020800031000,3,-70679,69069,0.3
020800032000,86,-70678,69069,8.6
020800033000,55,-70677,69069,5.5
020800034000,71,-70677,69070,7.1
020800036000,128,-70676,69071,12.8
020800038000,39,-70675,69068,3.9
020800039000,84,-70676,69067,8.4
020800040000,73,-70677,69067,7.3
020800041000,33,-70677,69067,3.3
020800042000,37,-70678,69066,3.7
020800043000,61,-70679,69066,6.1
020800044000,39,-70679,69066,3.9
020800045000,12,-70680,69065,1.2
020800046000,20,-70681,69065,2.0
020800047000,0,-70681,69065,0.0
020800048000,52,-70682,69065,5.2
020800049000,68,-70683,69065,6.8
020800050000,39,-70684,69065,3.9
020800051000,46,-70684,69065,4.6
020800052000,83,-70685,69065,8.3
020830001000,7,-70695,69027,0.7
020830002000,78,-70694,69028,7.8
020830003000,74,-70694,69029,7.4
020830004000,14,-70693,69030,1.4
020830005000,50,-70693,69031,5.0
020830006000,71,-70693,69032,7.1
020830007000,27,-70693,69033,2.7
020830009000,30,-70692,69034,3.0
020830011000,45,-70690,69032,4.5
020830012000,9,-70690,69032,0.9
020830013000,54,-70690,69031,5.4
020830014000,22,-70690,69030,2.2
020830017000,31,-70691,69027,3.1
020830018000,61,-70692,69027,6.1
020840001000,114,-70684,69032,11.4
020840017000,34,-70685,69025,3.4
020840019000,90,-70682,69031,9.0
020850004000,65,-70683,69035,6.5
020850005000,106,-70683,69034,10.6
020850007000,38,-70684,69033,3.8
020850014000,0,-70681,69033,0.0
020860001000,51,-70695,69027,5.1
020860002000,71,-70695,69026,7.1
020860003000,39,-70696,69025,3.9
020860004000,65,-70696,69024,6.5
020860005000,16,-70697,69024,1.6
020860006000,67,-70697,69023,6.7
020860007000,2,-70698,69022,0.2
020860011000,68,-70693,69025,6.8
020860013000,47,-70693,69023,4.7
020860014000,16,-70693,69021,1.6
020860015000,31,-70693,69020,3.1
020860017000,48,-70691,69023,4.8
020870001000,68,-70702,69019,6.8
020870004000,25,-70700,69021,2.5
020870005000,41,-70700,69022,4.1
020870006000,118,-70699,69022,11.8
020870007000,69,-70696,69021,6.9
020870009000,1,-70698,69020,0.1
020870010000,111,-70699,69019,11.1
020870011000,47,-70700,69018,4.7
020870012000,47,-70701,69018,4.7
020870013000,26,-70701,69016,2.6
020870014000,15,-70699,69017,1.5
020870015000,64,-70698,69017,6.4
020870016000,58,-70697,69018,5.8
020870018000,104,-70695,69019,10.4
020870019000,14,-70694,69020,1.4
020880001000,35,-70703,69018,3.5
020880003000,10,-70704,69016,1.0
020890001000,38,-70692,69057,3.8
020890003000,33,-70694,69056,3.3
020890005000,46,-70696,69058,4.6
020890006000,15,-70697,69058,1.5
020890007000,54,-70697,69058,5.4
020890008000,130,-70698,69059,13.0
020890010000,33,-70700,69059,3.3
020890011000,63,-70700,69058,6.3
020890012000,77,-70701,69058,7.7
020890013000,65,-70700,69057,6.5
020890014000,15,-70699,69056,1.5
020890015000,75,-70699,69057,7.5
020890016000,12,-70698,69056,1.2
020890017000,22,-70698,69056,2.2
020890018000,22,-70697,69055,2.2
020890019000,22,-70695,69056,2.2
020890021000,51,-70694,69055,5.1
020890022000,15,-70693,69054,1.5
020890023000,54,-70694,69052,5.4
020890024000,85,-70695,69053,8.5
020890025000,107,-70696,69053,10.7
020890026000,55,-70697,69053,5.5
020890031000,62,-70701,69055,6.2
020890032000,18,-70702,69056,1.8
020890033000,67,-70703,69056,6.7
020890034000,80,-70704,69056,8.0
020890035000,53,-70705,69056,5.3
020900002000,51,-70682,69059,5.1
020900003000,36,-70683,69059,3.6
020900004000,4,-70684,69059,0.4
020900005000,3,-70684,69059,0.3
020900006000,45,-70687,69059,4.5
020900007000,85,-70686,69058,8.5
020900008000,27,-70685,69058,2.7
020900009000,2,-70684,69057,0.2
020900010000,1,-70683,69057,0.1
020900011000,46,-70683,69057,4.6
020900012000,6,-70682,69057,0.6
020900017000,74,-70682,69055,7.4
020900018000,59,-70683,69055,5.9
020900019000,19,-70684,69056,1.9
020900020000,2,-70685,69056,0.2
020900021000,24,-70685,69056,2.4
020900022000,20,-70686,69057,2.0
020900024000,56,-70688,69057,5.6
020900025000,123,-70689,69057,12.3
020900026000,79,-70690,69057,7.9
020900027000,40,-70691,69057,4.0
020900028000,26,-70692,69054,2.6
020900029000,6,-70691,69054,0.6
020900030000,41,-70690,69055,4.1
020900031000,64,-70689,69055,6.4
020900032000,51,-70688,69055,5.1
020900033000,0,-70687,69054,0.0
020900036000,109,-70685,69054,10.9
020900037000,23,-70684,69054,2.3
020900039000,52,-70682,69053,5.2
020900040000,17,-70681,69052,1.7
020900041000,19,-70680,69052,1.9
020900042000,131,-70679,69053,13.1
020900047000,26,-70681,69056,2.6
020910003000,68,-70675,69061,6.8
020910004000,75,-70676,69061,7.5
020910005000,1,-70676,69061,0.1
020910006000,23,-70677,69060,2.3
020910007000,108,-70678,69060,10.8
020910010000,29,-70679,69058,2.9
020910011000,91,-70678,69057,9.1
020910012000,50,-70678,69055,5.0
020910016000,36,-70676,69058,3.6
020910019000,16,-70673,69059,1.6
020910027000,40,-70673,69062,4.0
020910028000,19,-70674,69062,1.9
020910029000,85,-70674,69059,8.5
020920001000,34,-70682,69051,3.4
020920002000,10,-70683,69052,1.0
020920003000,74,-70684,69052,7.4
020920006000,23,-70688,69053,2.3
020920007000,9,-70689,69053,0.9
020920010000,18,-70692,69053,1.8
020920011000,129,-70693,69052,12.9
020920012000,16,-70692,69052,1.6
020920013000,28,-70691,69051,2.8
020920015000,1,-70689,69051,0.1
020920016000,34,-70689,69051,3.4
020920017000,53,-70688,69050,5.3
020920019000,1,-70686,69049,0.1
020920020000,29,-70685,69049,2.9
020920021000,27,-70684,69049,2.7
020920022000,37,-70683,69049,3.7
020920023000,30,-70682,69049,3.0
020920024000,23,-70681,69049,2.3
020920025000,9,-70680,69050,0.9
020920026000,108,-70680,69051,10.8
020920031000,2,-70691,69053,0.2
020920036000,3,-70690,69053,0.3
020930002000,31,-70673,69062,3.1
020930003000,67,-70671,69060,6.7
021020007000,136,-70846,68726,13.6
021020008000,20,-70845,68726,2.0
021020009000,33,-70844,68725,3.3
021020010000,32,-70843,68725,3.2
021020012000,24,-70845,68728,2.4
021020013000,56,-70844,68728,5.6
021020014000,18,-70846,68724,1.8
021020015000,84,-70847,68724,8.4
021020016000,10,-70848,68725,1.0
021020017000,76,-70849,68724,7.6
021020018000,6,-70850,68724,0.6
021020019000,97,-70851,68724,9.7
021020020000,11,-70852,68724,1.1
021020021000,59,-70852,68724,5.9
021020022000,35,-70851,68723,3.5
021020023000,27,-70851,68722,2.7
021020024000,6,-70851,68721,0.6
021020027000,53,-70849,68723,5.3
021020028000,117,-70848,68723,11.7
021020029000,22,-70847,68722,2.2
021020030000,117,-70847,68721,11.7
021020031000,80,-70846,68721,8.0
021020032000,25,-70846,68721,2.5
021020033000,34,-70845,68720,3.4
021020034000,19,-70844,68720,1.9
021020035000,33,-70844,68719,3.3
021020042000,33,-70850,68721,3.3
021020043000,84,-70849,68721,8.4
021030002000,74,-70854,68724,7.4
021030003000,59,-70854,68723,5.9
021030004000,99,-70854,68722,9.9
021030005000,35,-70854,68721,3.5
021030006000,23,-70854,68721,2.3
021030007000,86,-70853,68720,8.6
021030008000,41,-70852,68719,4.1
021030009000,32,-70851,68719,3.2
021030010000,7,-70851,68719,0.7
021030011000,1,-70850,68718,0.1
021030012000,48,-70849,68719,4.8
021030013000,69,-70848,68719,6.9
021030014000,52,-70847,68719,5.2
021030015000,22,-70846,68718,2.2
021030016000,74,-70846,68718,7.4
021030017000,80,-70847,68717,8.0
021030020000,22,-70848,68715,2.2
021030022000,80,-70846,68713,8.0
021030023000,51,-70846,68714,5.1
021030024000,4,-70845,68714,0.4
021030025000,72,-70845,68715,7.2
021030026000,36,-70845,68716,3.6
021030027000,85,-70844,68717,8.5
021030028000,26,-70843,68719,2.6
021030029000,51,-70843,68718,5.1
021030030000,39,-70843,68717,3.9
021030031000,1,-70844,68716,0.1
021030032000,73,-70844,68715,7.3
021030033000,4,-70843,68714,0.4
021030034000,44,-70843,68713,4.4
021030035000,31,-70843,68712,3.1
021030037000,112,-70853,68717,11.2
021030038000,47,-70852,68717,4.7
021030041000,21,-70850,68714,2.1
021030042000,87,-70851,68714,8.7
021030043000,72,-70852,68714,7.2
021030044000,29,-70853,68715,2.9
021030045000,12,-70854,68715,1.2
021030046000,71,-70854,68715,7.1
021040006000,108,-70855,68713,10.8
021040007000,107,-70855,68712,10.7
021040008000,15,-70853,68713,1.5
021040009000,2,-70853,68712,0.2
021040010000,74,-70852,68712,7.4
021040011000,73,-70851,68712,7.3
021040012000,21,-70851,68711,2.1
021040013000,108,-70850,68711,10.8
021040018000,64,-70849,68707,6.4
021040019000,84,-70850,68707,8.4
021040020000,131,-70851,68708,13.1
021040021000,6,-70851,68709,0.6
021040022000,139,-70852,68709,13.9
021040023000,17,-70853,68709,1.7
021040024000,126,-70853,68710,12.6
021040025000,46,-70854,68710,4.6
021040026000,18,-70855,68711,1.8
021040027000,82,-70855,68710,8.2
021040028000,117,-70855,68709,11.7
021040029000,45,-70855,68708,4.5
021040030000,27,-70855,68708,2.7
021040032000,33,-70855,68707,3.3
021040033000,19,-70854,68706,1.9
021040034000,21,-70853,68706,2.1
021040035000,34,-70852,68706,3.4
021040036000,40,-70852,68706,4.0
021040037000,24,-70851,68706,2.4
021040040000,57,-70843,68712,5.7
021040041000,133,-70843,68711,13.3
021040042000,68,-70843,68710,6.8
021040043000,8,-70843,68709,0.8
021040044000,26,-70843,68709,2.6
021040046000,87,-70854,68714,8.7
021040047000,9,-70850,68711,0.9
021040048000,72,-70849,68710,7.2
021050003000,65,-70852,68703,6.5
021050004000,54,-70853,68703,5.4
021050005000,29,-70853,68704,2.9
021050006000,58,-70854,68704,5.8
021050008000,75,-70853,68701,7.5
021050009000,91,-70853,68700,9.1
021050011000,37,-70851,68701,3.7
021050013000,32,-70853,68698,3.2
021050014000,18,-70853,68697,1.8
021050015000,11,-70853,68697,1.1
021050018000,15,-70850,68696,1.5
021050019000,38,-70851,68696,3.8
021050020000,106,-70851,68697,10.6
021050021000,115,-70851,68698,11.5
021050022000,112,-70851,68699,11.2
021050023000,70,-70850,68699,7.0
021050024000,31,-70849,68700,3.1
021050025000,41,-70849,68700,4.1
021050026000,67,-70848,68700,6.7
021050027000,63,-70847,68699,6.3
021050028000,10,-70848,68697,1.0
021050029000,22,-70847,68698,2.2
021050030000,45,-70846,68698,4.5
021050031000,3,-70845,68698,0.3
021050032000,26,-70845,68698,2.6
021050033000,9,-70844,68698,0.9
021050035000,117,-70841,68698,11.7
021060002000,18,-70848,68697,1.8
021060003000,97,-70849,68695,9.7
021060004000,3,-70849,68695,0.3
021060005000,99,-70850,68694,9.9
021060006000,12,-70851,68693,1.2
021060007000,56,-70852,68694,5.6
021060008000,29,-70852,68695,2.9
021060009000,81,-70849,68692,8.1
021060010000,10,-70848,68693,1.0
021060011000,80,-70848,68693,8.0
021060012000,68,-70847,68694,6.8
021060013000,10,-70847,68694,1.0
021060014000,86,-70846,68695,8.6
021060015000,31,-70846,68695,3.1
021060016000,4,-70845,68696,0.4
021060020000,54,-70843,68693,5.4
021060021000,33,-70844,68692,3.3
021060022000,40,-70844,68692,4.0
021060023000,127,-70844,68691,12.7
021060024000,84,-70844,68690,8.4
021060025000,3,-70844,68690,0.3
021060026000,70,-70844,68689,7.0
021060027000,41,-70844,68688,4.1
021060028000,45,-70843,68687,4.5
021060029000,34,-70843,68687,3.4
021060034000,69,-70843,68694,6.9
021060035000,11,-70843,68694,1.1
021060036000,15,-70852,68695,1.5
021070005000,29,-70839,68695,2.9
021070006000,33,-70840,68694,3.3
021070007000,53,-70840,68693,5.3
021070008000,76,-70841,68693,7.6
021070009000,82,-70841,68692,8.2
021070010000,12,-70841,68692,1.2
021070011000,129,-70841,68691,12.9
021070012000,54,-70841,68690,5.4
021070013000,62,-70841,68690,6.2
021070014000,121,-70841,68689,12.1
021070015000,7,-70841,68688,0.7
021080002000,21,-70838,68713,2.1
021080004000,60,-70840,68712,6.0
021080005000,12,-70840,68712,1.2
021080006000,62,-70841,68712,6.2
021080007000,49,-70841,68710,4.9
021080008000,31,-70840,68710,3.1
021080011000,38,-70838,68711,3.8
021080012000,56,-70837,68712,5.6
021080013000,6,-70836,68712,0.6
021080014000,47,-70834,68711,4.7
021080015000,67,-70835,68710,6.7
021080016000,34,-70835,68710,3.4
021080017000,32,-70836,68709,3.2
021080018000,64,-70836,68709,6.4
021080019000,51,-70837,68709,5.1
021080020000,57,-70837,68708,5.7
021080021000,77,-70838,68708,7.7
021080022000,38,-70838,68707,3.8
021080023000,48,-70839,68707,4.8
021080027000,32,-70838,68710,3.2
021090002000,7,-70837,68721,0.7
021090004000,73,-70839,68721,7.3
021090005000,59,-70837,68720,5.9
021090006000,22,-70838,68722,2.2
021090007000,19,-70840,68720,1.9
021090008000,26,-70839,68719,2.6
021090009000,5,-70837,68719,0.5
021090010000,24,-70837,68719,2.4
021090011000,49,-70839,68719,4.9
021090012000,117,-70839,68718,11.7
021090013000,16,-70836,68718,1.6
021090014000,91,-70839,68717,9.1
021090015000,46,-70836,68717,4.6
021090016000,18,-70836,68716,1.8
021090017000,4,-70839,68716,0.4
021090018000,52,-70837,68716,5.2
021090019000,69,-70839,68716,6.9
021090022000,91,-70840,68715,9.1
021090023000,56,-70838,68714,5.6
021090024000,100,-70836,68713,10.0
021090025000,16,-70836,68713,1.6
021090026000,55,-70835,68714,5.5
021090027000,66,-70835,68715,6.6
021090028000,16,-70835,68715,1.6
021090030000,36,-70834,68717,3.6
021090031000,23,-70835,68718,2.3
021090033000,28,-70832,68718,2.8
021090034000,79,-70832,68717,7.9
021090035000,50,-70831,68717,5.0
021090036000,95,-70831,68715,9.5
021090037000,0,-70831,68715,0.0
021090038000,8,-70832,68715,0.8
021090039000,15,-70833,68714,1.5
021090040000,23,-70833,68713,2.3
021090041000,114,-70833,68713,11.4
021090042000,29,-70833,68712,2.9
021090043000,66,-70834,68712,6.6
021090044000,55,-70834,68711,5.5
021100002000,61,-70836,68727,6.1
021100003000,88,-70836,68726,8.8
021100006000,15,-70837,68725,1.5
021100007000,98,-70837,68725,9.8
021100008000,52,-70835,68724,5.2
021100009000,43,-70835,68723,4.3
021100010000,53,-70837,68724,5.3
021100011000,25,-70835,68723,2.5
021100012000,25,-70838,68724,2.5
021100013000,86,-70836,68722,8.6
021100014000,130,-70838,68723,13.0
021100015000,2,-70836,68721,0.2
021110004000,44,-70821,68714,4.4
021110005000,45,-70821,68714,4.5
021110006000,74,-70821,68715,7.4
021110007000,47,-70821,68716,4.7
021110008000,15,-70818,68715,1.5
021110009000,6,-70819,68714,0.6
021110014000,9,-70819,68712,0.9
021110015000,17,-70819,68711,1.7
021110016000,2,-70820,68711,0.2
021110017000,106,-70820,68710,10.6
021110018000,14,-70821,68710,1.4
021110019000,59,-70822,68709,5.9
021110020000,8,-70823,68709,0.8
021110022000,23,-70823,68711,2.3
021110023000,75,-70822,68712,7.5
021110024000,27,-70821,68712,2.7
021110025000,119,-70821,68713,11.9
021120002000,1,-70814,68724,0.1
021120003000,31,-70814,68724,3.1
021120004000,72,-70814,68723,7.2
021120005000,99,-70814,68722,9.9
021120006000,47,-70819,68722,4.7
021120007000,24,-70819,68721,2.4
021120008000,85,-70820,68721,8.5
021120009000,40,-70818,68720,4.0
021120010000,109,-70820,68720,10.9
021120011000,45,-70818,68719,4.5
021120012000,46,-70820,68719,4.6
021120013000,53,-70818,68719,5.3
021120014000,33,-70820,68719,3.3
021120015000,127,-70818,68718,12.7
021120017000,9,-70818,68717,0.9
021120018000,5,-70820,68717,0.5
021120019000,107,-70818,68717,10.7
021120020000,4,-70821,68716,0.4
021120021000,70,-70818,68716,7.0
021120022000,41,-70818,68716,4.1
021120023000,37,-70818,68722,3.7
021130002000,69,-70818,68734,6.9
021130003000,91,-70818,68733,9.1
021130004000,19,-70819,68732,1.9
021130005000,9,-70819,68733,0.9
021130006000,67,-70820,68734,6.7
021130007000,55,-70821,68734,5.5
021130008000,2,-70821,68734,0.2
021130009000,116,-70822,68735,11.6
021130010000,99,-70823,68733,9.9
021130011000,14,-70822,68732,1.4
021130012000,109,-70822,68732,10.9
021130013000,50,-70821,68732,5.0
021130014000,54,-70821,68731,5.4
021130015000,113,-70820,68731,11.3
021130021000,22,-70817,68727,2.2
021130023000,50,-70815,68726,5.0
021130024000,101,-70814,68726,10.1
021130025000,125,-70813,68726,12.5
021130026000,33,-70812,68726,3.3
021130027000,8,-70812,68726,0.8
021130028000,71,-70811,68725,7.1
021130029000,45,-70810,68727,4.5
021130030000,6,-70810,68728,0.6
021130031000,89,-70811,68728,8.9
021130032000,27,-70812,68728,2.7
021130033000,68,-70812,68728,6.8
021130034000,30,-70813,68728,3.0
021130035000,1,-70814,68729,0.1
021130036000,2,-70815,68729,0.2
021130037000,24,-70815,68730,2.4
021130038000,97,-70815,68730,9.7
021130039000,37,-70815,68731,3.7
021130040000,54,-70816,68731,5.4
021130041000,5,-70816,68732,0.5
021130043000,102,-70819,68730,10.2
021130045000,15,-70820,68730,1.5
021130046000,79,-70818,68728,7.9
021130047000,32,-70818,68729,3.2
021130048000,33,-70817,68729,3.3
021140002000,8,-70815,68733,0.8
021140003000,96,-70815,68733,9.6
021140004000,21,-70814,68732,2.1
021140005000,87,-70814,68732,8.7
021140006000,11,-70813,68731,1.1
021140007000,70,-70813,68731,7.0
021140008000,41,-70812,68730,4.1
021140010000,42,-70811,68730,4.2
021140012000,11,-70809,68730,1.1
021140013000,19,-70809,68731,1.9
021140014000,116,-70808,68731,11.6
021140015000,105,-70807,68731,10.5
021140016000,37,-70806,68732,3.7
021140017000,44,-70806,68733,4.4
021140018000,59,-70807,68734,5.9
021140019000,2,-70807,68734,0.2
021140020000,85,-70808,68734,8.5
021140021000,107,-70809,68734,10.7
021140022000,37,-70810,68734,3.7
021140023000,51,-70810,68734,5.1
021140024000,52,-70811,68734,5.2
021140025000,36,-70812,68733,3.6
021140026000,5,-70812,68734,0.5
021140027000,12,-70813,68735,1.2
021140028000,43,-70813,68735,4.3
021140029000,17,-70814,68736,1.7
021140030000,65,-70814,68736,6.5
021140031000,3,-70814,68737,0.3
021140034000,78,-70817,68738,7.8
021140035000,6,-70818,68737,0.6
021140038000,127,-70817,68735,12.7
021140039000,10,-70817,68734,1.0
021150002000,56,-70809,68728,5.6
021150003000,68,-70808,68729,6.8
021150005000,37,-70805,68729,3.7
021150007000,54,-70808,68726,5.4
021150008000,21,-70810,68725,2.1
021150009000,33,-70810,68725,3.3
021150010000,82,-70809,68724,8.2
021150011000,26,-70809,68724,2.6
021150012000,26,-70807,68726,2.6
021150013000,12,-70808,68723,1.2
021150014000,34,-70806,68725,3.4
021150015000,14,-70807,68723,1.4
021150016000,74,-70806,68725,7.4
021150017000,10,-70807,68723,1.0
021150018000,68,-70805,68724,6.8
021150019000,13,-70806,68722,1.3
021150020000,61,-70805,68724,6.1
021150022000,32,-70806,68721,3.2
021150023000,19,-70803,68724,1.9
021150024000,120,-70803,68725,12.0
021150025000,23,-70804,68725,2.3
021150026000,133,-70804,68726,13.3
021150027000,10,-70805,68727,1.0
021150028000,23,-70805,68728,2.3
021150029000,117,-70804,68729,11.7
021150031000,82,-70802,68728,8.2
021150034000,90,-70801,68726,9.0
021150035000,35,-70801,68728,3.5
021150036000,33,-70801,68729,3.3
021150037000,29,-70798,68728,2.9
021150038000,60,-70798,68728,6.0
021150039000,29,-70798,68727,2.9
021150040000,13,-70799,68726,1.3
021150041000,11,-70799,68725,1.1
021150042000,60,-70799,68725,6.0
021150043000,4,-70799,68724,0.4
021150045000,53,-70802,68723,5.3
021150046000,5,-70801,68722,0.5
021150047000,66,-70801,68722,6.6
021150048000,80,-70800,68721,8.0
021150049000,7,-70799,68721,0.7
021150050000,17,-70799,68720,1.7
021150051000,82,-70804,68723,8.2
021150052000,93,-70809,68727,9.3
021150054000,39,-70802,68727,3.9
021150055000,57,-70801,68727,5.7
021160005000,92,-70800,68736,9.2
021160006000,19,-70799,68735,1.9
021160007000,107,-70800,68734,10.7
021160008000,13,-70798,68734,1.3
021160009000,79,-70799,68733,7.9
021160010000,17,-70800,68733,1.7
021160011000,66,-70800,68732,6.6
021160012000,31,-70801,68732,3.1
021160013000,3,-70802,68733,0.3
021160014000,71,-70802,68734,7.1
021160015000,36,-70802,68735,3.6
021160016000,77,-70803,68736,7.7
021160017000,8,-70804,68736,0.8
021160020000,43,-70806,68736,4.3
021160021000,51,-70806,68735,5.1
021160022000,100,-70805,68734,10.0
021160023000,6,-70805,68734,0.6
021160024000,129,-70804,68733,12.9
021160025000,65,-70804,68732,6.5
021160026000,4,-70804,68732,0.4
021160027000,135,-70803,68731,13.5
021160028000,13,-70802,68730,1.3
021160030000,52,-70800,68730,5.2
021160031000,8,-70800,68729,0.8
021160032000,119,-70798,68729,11.9
021160033000,92,-70798,68730,9.2
021160034000,10,-70798,68731,1.0
021160035000,4,-70798,68731,0.4
021160036000,91,-70797,68726,9.1
021160038000,17,-70796,68727,1.7
021160039000,92,-70795,68726,9.2
021160040000,27,-70794,68725,2.7
021170002000,88,-70796,68722,8.8
021170003000,1,-70797,68723,0.1
021170005000,59,-70797,68725,5.9
021170006000,90,-70794,68724,9.0
021170008000,51,-70794,68722,5.1
021170009000,42,-70795,68721,4.2
021170010000,94,-70794,68721,9.4
021170011000,12,-70794,68721,1.2
021170013000,111,-70793,68720,11.1
021170014000,23,-70792,68719,2.3
021170015000,45,-70792,68720,4.5
021170016000,110,-70791,68721,11.0
021170021000,63,-70789,68719,6.3
021170022000,28,-70790,68718,2.8
021170023000,31,-70790,68718,3.1
021170029000,49,-70795,68718,4.9
021170030000,34,-70796,68719,3.4
021170031000,74,-70796,68719,7.4
021170032000,15,-70797,68719,1.5
021170033000,0,-70798,68720,0.0
021170034000,104,-70798,68720,10.4
021180003000,82,-70795,68670,8.2
021180004000,32,-70795,68671,3.2
021180005000,42,-70795,68672,4.2
021180006000,36,-70795,68673,3.6
021180007000,33,-70795,68673,3.3
021180008000,28,-70795,68674,2.8
021180009000,23,-70795,68675,2.3
021180010000,18,-70795,68676,1.8
021180011000,80,-70798,68675,8.0
021180012000,6,-70798,68675,0.6
021180013000,53,-70798,68674,5.3
021180014000,61,-70798,68673,6.1
021180015000,44,-70798,68672,4.4
021180016000,31,-70798,68672,3.1
021180018000,123,-70799,68670,12.3
021180019000,41,-70799,68669,4.1
021180022000,27,-70796,68668,2.7
021180023000,106,-70795,68668,10.6
021180024000,90,-70794,68669,9.0
021180025000,20,-70794,68670,2.0
021180026000,75,-70793,68670,7.5
021180027000,22,-70792,68671,2.2
021180028000,90,-70792,68671,9.0
021180029000,97,-70792,68672,9.7
021180030000,66,-70792,68673,6.6
021180031000,19,-70792,68673,1.9
021180032000,61,-70792,68674,6.1
021180033000,49,-70792,68675,4.9
021180034000,26,-70792,68676,2.6
021180035000,40,-70789,68675,4.0
021180036000,45,-70789,68675,4.5
021180037000,46,-70789,68674,4.6
021180038000,34,-70789,68673,3.4
021180039000,1,-70789,68673,0.1
021180040000,10,-70789,68672,1.0
021180041000,8,-70790,68671,0.8
021180042000,16,-70790,68670,1.6
021180043000,109,-70788,68671,10.9
021180044000,10,-70788,68672,1.0
021180047000,10,-70785,68671,1.0
021180048000,53,-70786,68670,5.3
021180049000,16,-70787,68669,1.6
021180050000,17,-70787,68669,1.7
021180051000,67,-70788,68668,6.7
021180052000,66,-70789,68668,6.6
021180053000,42,-70790,68668,4.2
021180054000,34,-70790,68669,3.4
021180055000,85,-70791,68669,8.5
021180056000,76,-70792,68668,7.6
021180057000,10,-70792,68668,1.0
021180058000,78,-70793,68667,7.8
021180061000,7,-70797,68669,0.7
021180062000,119,-70798,68669,11.9
021180063000,28,-70786,68672,2.8
021180065000,25,-70785,68672,2.5
021190003000,33,-70797,68684,3.3
021190004000,122,-70797,68684,12.2
021190005000,6,-70797,68683,0.6
021190006000,56,-70798,68683,5.6
021190008000,6,-70800,68682,0.6
021190009000,87,-70800,68682,8.7
021190010000,105,-70800,68681,10.5
021190011000,12,-70800,68681,1.2
021190014000,100,-70801,68678,10.0
021190018000,9,-70798,68680,0.9
021190019000,6,-70798,68680,0.6
021190020000,90,-70798,68679,9.0
021190021000,78,-70798,68678,7.8
021190022000,37,-70798,68677,3.7
021190023000,47,-70798,68677,4.7
021190024000,44,-70798,68676,4.4
021190025000,14,-70795,68676,1.4
021190026000,9,-70795,68677,0.9
021190027000,5,-70795,68678,0.5
021190028000,0,-70795,68679,0.0
021190029000,4,-70796,68679,0.4
021190030000,9,-70796,68680,0.9
021190031000,22,-70796,68681,2.2
021190032000,11,-70796,68681,1.1
021190033000,87,-70795,68682,8.7
021190034000,79,-70795,68683,7.9
021190035000,34,-70794,68683,3.4
021190036000,116,-70794,68684,11.6
021190038000,110,-70799,68677,11.0
021200002000,15,-70791,68683,1.5
021200003000,55,-70791,68681,5.5
021200004000,28,-70791,68681,2.8
021200005000,78,-70791,68680,7.8
021200006000,22,-70791,68679,2.2
021200007000,4,-70791,68678,0.4
021200008000,1,-70792,68678,0.1
021200011000,82,-70789,68676,8.2
021200012000,87,-70789,68677,8.7
021200013000,1,-70789,68678,0.1
021200014000,79,-70789,68678,7.9
021200015000,108,-70789,68679,10.8
021200016000,10,-70789,68680,1.0
021200017000,24,-70789,68681,2.4
021200018000,101,-70789,68682,10.1
021200019000,23,-70789,68683,2.3
021200020000,25,-70790,68684,2.5
021200022000,10,-70786,68683,1.0
021200023000,27,-70786,68683,2.7
021200024000,30,-70786,68682,3.0
021200025000,47,-70786,68681,4.7
021200026000,23,-70788,68680,2.3
021200027000,43,-70786,68680,4.3
021200028000,54,-70786,68680,5.4
021200029000,100,-70787,68679,10.0
021200030000,53,-70788,68677,5.3
021200031000,127,-70787,68677,12.7
021200032000,56,-70786,68677,5.6
021200033000,1,-70785,68677,0.1
021200036000,20,-70784,68678,2.0
021200037000,48,-70783,68679,4.8
021200038000,8,-70783,68680,0.8
021200039000,61,-70783,68680,6.1
021200040000,68,-70783,68681,6.8
021200041000,34,-70784,68682,3.4
021200042000,24,-70784,68683,2.4
021200043000,29,-70783,68683,2.9
021200045000,19,-70792,68677,1.9
021210004000,44,-70803,68690,4.4
021210008000,1,-70797,68694,0.1
021210009000,42,-70797,68694,4.2
021210011000,50,-70797,68693,5.0
021210012000,90,-70797,68692,9.0
021210013000,21,-70797,68691,2.1
021210014000,71,-70797,68691,7.1
021210022000,120,-70794,68685,12.0
021210023000,130,-70794,68686,13.0
021210024000,28,-70794,68687,2.8
021210025000,7,-70794,68688,0.7
021210026000,25,-70794,68689,2.5
021210027000,3,-70794,68690,0.3
021210028000,20,-70795,68691,2.0
021210029000,43,-70795,68691,4.3
021210030000,66,-70795,68692,6.6
021210031000,77,-70795,68693,7.7
021210032000,9,-70795,68693,0.9
021210033000,97,-70795,68694,9.7
021210034000,65,-70797,68693,6.5
021220002000,56,-70791,68686,5.6
021220003000,43,-70790,68687,4.3
021220004000,45,-70790,68688,4.5
021220005000,18,-70790,68689,1.8
021220006000,41,-70791,68690,4.1
021220007000,71,-70791,68691,7.1
021220008000,64,-70791,68692,6.4
021220009000,22,-70791,68692,2.2
021220010000,106,-70791,68693,10.6
021220011000,11,-70789,68694,1.1
021220015000,57,-70788,68689,5.7
021220016000,105,-70788,68688,10.5
021220017000,137,-70788,68687,13.7
021220018000,73,-70788,68686,7.3
021220019000,5,-70788,68686,0.5
021220020000,120,-70789,68685,12.0
021220021000,35,-70789,68684,3.5
021220022000,100,-70787,68685,10.0
021220023000,15,-70786,68685,1.5
021220024000,66,-70786,68685,6.6
021220025000,29,-70785,68686,2.9
021220026000,42,-70785,68687,4.2
021220027000,7,-70785,68687,0.7
021220028000,19,-70786,68688,1.9
021220029000,68,-70787,68688,6.8
021220030000,61,-70787,68691,6.1
021220031000,91,-70786,68691,9.1
021220032000,48,-70785,68691,4.8
021220033000,26,-70785,68690,2.6
021220034000,117,-70784,68690,11.7
021220038000,49,-70781,68689,4.9
021220039000,24,-70781,68688,2.4
021220040000,89,-70781,68686,8.9
021220042000,43,-70783,68685,4.3
021220043000,72,-70783,68684,7.2
021220044000,77,-70782,68684,7.7
021230003000,116,-70795,68695,11.6
021230004000,36,-70795,68696,3.6
021230005000,25,-70795,68696,2.5
021230006000,27,-70795,68697,2.7
021230007000,57,-70796,68698,5.7
021230008000,29,-70796,68699,2.9
021230009000,7,-70794,68703,0.7
021230010000,68,-70794,68703,6.8
021230011000,89,-70794,68702,8.9
021230012000,86,-70793,68701,8.6
021230013000,5,-70793,68700,0.5
021230014000,27,-70792,68699,2.7
021230015000,75,-70792,68699,7.5
021230016000,62,-70792,68698,6.2
021230017000,7,-70792,68697,0.7
021230018000,35,-70791,68697,3.5
021230019000,60,-70791,68696,6.0
021230020000,70,-70791,68695,7.0
021230021000,16,-70791,68695,1.6
021230022000,106,-70791,68694,10.6
021230023000,52,-70789,68694,5.2
021230024000,75,-70789,68695,7.5
021230025000,62,-70789,68696,6.2
021230026000,25,-70789,68696,2.5
021230027000,112,-70789,68697,11.2
021230028000,97,-70789,68698,9.7
021230029000,27,-70789,68699,2.7
021230030000,90,-70790,68700,9.0
021230031000,90,-70790,68701,9.0
021230032000,6,-70791,68701,0.6
021230033000,121,-70791,68702,12.1
021230034000,50,-70791,68703,5.0
021230035000,57,-70792,68703,5.7
021230036000,46,-70789,68702,4.6
021230037000,41,-70788,68701,4.1
021230038000,48,-70788,68701,4.8
021230039000,19,-70788,68699,1.9
021230040000,7,-70787,68698,0.7
021230041000,81,-70787,68698,8.1
021230042000,110,-70787,68697,11.0
021230043000,86,-70787,68696,8.6
021230045000,49,-70785,68695,4.9
021230047000,66,-70784,68697,6.6
021230048000,5,-70785,68698,0.5
021230049000,65,-70785,68699,6.5
021230050000,50,-70785,68700,5.0
021230051000,11,-70785,68700,1.1
021230052000,28,-70785,68701,2.8
021240003000,103,-70797,68700,10.3
021240004000,17,-70798,68700,1.7
021240005000,147,-70798,68701,14.7
021240006000,11,-70798,68702,1.1
021240007000,99,-70799,68702,9.9
021240008000,98,-70799,68703,9.8
021240009000,11,-70799,68704,1.1
021240010000,72,-70799,68704,7.2
021240011000,25,-70802,68705,2.5
021240012000,32,-70802,68704,3.2
021240013000,39,-70802,68703,3.9
021240016000,18,-70804,68703,1.8
021240017000,90,-70805,68703,9.0
021240018000,43,-70806,68703,4.3
021240019000,22,-70807,68703,2.2
021240020000,16,-70807,68703,1.6
021240021000,40,-70808,68703,4.0
021240022000,0,-70808,68699,0.0
021240028000,89,-70803,68700,8.9
021240029000,21,-70802,68701,2.1
021240030000,46,-70801,68702,4.6
021240031000,120,-70801,68701,12.0
021240032000,76,-70801,68700,7.6
021240033000,43,-70800,68700,4.3
021240034000,69,-70800,68699,6.9
021240035000,30,-70800,68699,3.0
021240036000,45,-70799,68698,4.5
021240037000,66,-70799,68698,6.6
021240041000,34,-70798,68696,3.4
021240042000,43,-70797,68695,4.3
021250002000,9,-70812,68698,0.9
021250003000,7,-70812,68699,0.7
021250004000,98,-70813,68699,9.8
021250005000,4,-70812,68700,0.4
021250006000,5,-70811,68700,0.5
021250007000,44,-70811,68700,4.4
021250008000,46,-70809,68703,4.6
021250009000,31,-70810,68703,3.1
021250010000,22,-70810,68703,2.2
021250011000,49,-70811,68703,4.9
021250014000,24,-70814,68703,2.4
021250015000,51,-70814,68702,5.1
021250016000,48,-70815,68702,4.8
021250017000,115,-70815,68701,11.5
021250018000,11,-70816,68700,1.1
021250019000,10,-70816,68699,1.0
021250022000,88,-70815,68697,8.8
021250023000,6,-70814,68697,0.6
021250024000,37,-70814,68696,3.7
021250025000,136,-70813,68696,13.6
021250026000,6,-70812,68695,0.6
021250027000,88,-70812,68695,8.8
021250028000,17,-70811,68694,1.7
021250031000,7,-70809,68696,0.7
021250032000,63,-70810,68697,6.3
021250034000,140,-70809,68699,14.0
021260002000,40,-70813,68716,4.0
021260003000,2,-70813,68715,0.2
021260004000,19,-70814,68715,1.9
021260005000,64,-70814,68714,6.4
021260006000,39,-70814,68714,3.9
021260007000,140,-70814,68713,14.0
021260008000,60,-70814,68712,6.0
021260010000,15,-70815,68711,1.5
021260011000,1,-70815,68711,0.1
021260012000,31,-70815,68710,3.1
021260013000,72,-70814,68709,7.2
021260014000,30,-70814,68708,3.0
021260015000,35,-70813,68708,3.5
021260016000,42,-70813,68707,4.2
021260017000,128,-70812,68707,12.8
021260018000,58,-70811,68707,5.8
021260019000,15,-70811,68707,1.5
021260020000,33,-70810,68707,3.3
021260021000,11,-70809,68708,1.1
021260022000,51,-70809,68708,5.1
021260023000,88,-70808,68708,8.8
021260024000,10,-70808,68708,1.0
021260025000,130,-70807,68708,13.0
021260026000,50,-70806,68708,5.0
021260027000,0,-70807,68711,0.0
021260028000,62,-70807,68711,6.2
021260029000,61,-70808,68711,6.1
021260030000,59,-70809,68711,5.9
021260031000,25,-70809,68711,2.5
021260032000,56,-70810,68710,5.6
021260033000,98,-70811,68710,9.8
021260034000,69,-70812,68710,6.9
021260035000,23,-70812,68711,2.3
021260036000,35,-70812,68711,3.5
021260037000,61,-70811,68712,6.1
021260038000,56,-70811,68713,5.6
021260039000,26,-70811,68713,2.6
021260040000,107,-70811,68714,10.7
021260041000,134,-70811,68715,13.4
021260042000,83,-70809,68715,8.3
021260043000,88,-70809,68714,8.8
021260047000,76,-70806,68712,7.6
021260050000,24,-70807,68713,2.4
021270003000,93,-70804,68714,9.3
021270004000,3,-70804,68713,0.3
021270005000,106,-70803,68713,10.6
021270006000,65,-70802,68713,6.5
021270007000,24,-70802,68712,2.4
021270008000,126,-70801,68712,12.6
021270011000,10,-70798,68709,1.0
021270012000,12,-70798,68709,1.2
021270013000,53,-70798,68708,5.3
021270014000,16,-70798,68707,1.6
021270015000,25,-70799,68706,2.5
021270016000,67,-70799,68706,6.7
021270017000,134,-70799,68705,13.4
021270018000,44,-70802,68706,4.4
021270019000,24,-70801,68706,2.4
021270020000,78,-70801,68707,7.8
021270021000,38,-70801,68707,3.8
021270022000,47,-70801,68708,4.7
021270024000,24,-70802,68711,2.4
021270025000,56,-70803,68710,5.6
021270026000,36,-70803,68710,3.6
021270027000,84,-70804,68709,8.4
021270028000,17,-70804,68708,1.7
021270029000,116,-70805,68708,11.6
021270030000,49,-70806,68708,4.9
021270031000,68,-70805,68711,6.8
021270032000,35,-70806,68712,3.5
021280002000,54,-70795,68704,5.4
021280003000,86,-70795,68705,8.6
021280004000,34,-70795,68706,3.4
021280005000,37,-70795,68706,3.7
021280006000,21,-70795,68707,2.1
021280007000,3,-70794,68708,0.3
021280008000,1,-70794,68709,0.1
021280009000,17,-70795,68709,1.7
021280010000,61,-70795,68710,6.1
021280011000,68,-70795,68711,6.8
021280012000,31,-70795,68711,3.1
021280014000,42,-70793,68712,4.2
021280015000,20,-70792,68711,2.0
021280016000,67,-70792,68710,6.7
021280017000,18,-70792,68710,1.8
021280018000,103,-70792,68709,10.3
021280019000,113,-70792,68708,11.3
021280020000,29,-70792,68707,2.9
021280021000,57,-70792,68707,5.7
021280022000,40,-70792,68706,4.0
021280023000,14,-70792,68705,1.4
021280024000,12,-70792,68705,1.2
021280025000,105,-70792,68704,10.5
021280026000,55,-70789,68703,5.5
021280027000,27,-70789,68703,2.7
021280028000,109,-70790,68704,10.9
021280032000,114,-70787,68705,11.4
021280033000,49,-70787,68704,4.9
021280034000,24,-70786,68704,2.4
021280035000,96,-70786,68703,9.6
021280036000,53,-70786,68702,5.3
021290002000,61,-70805,68720,6.1
021290003000,68,-70805,68720,6.8
021290004000,44,-70804,68719,4.4
021290005000,23,-70804,68719,2.3
021290006000,1,-70804,68718,0.1
021290007000,17,-70803,68718,1.7
021290008000,54,-70802,68717,5.4
021290009000,61,-70802,68717,6.1
021290010000,11,-70801,68717,1.1
021290011000,10,-70800,68716,1.0
021290012000,103,-70800,68716,10.3
021290013000,8,-70799,68716,0.8
021290014000,5,-70799,68715,0.5
021290015000,83,-70798,68715,8.3
021290021000,55,-70795,68716,5.5
021290022000,28,-70796,68716,2.8
021290023000,13,-70797,68717,1.3
021290024000,85,-70797,68717,8.5
021290025000,16,-70798,68718,1.6
021290026000,25,-70798,68718,2.5
021290027000,102,-70799,68718,10.2
021290028000,3,-70800,68719,0.3
021290029000,66,-70800,68719,6.6
021290030000,95,-70801,68719,9.5
021290031000,20,-70802,68719,2.0
021290032000,124,-70802,68720,12.4
021290033000,6,-70802,68721,0.6
021290034000,82,-70803,68721,8.2
021290035000,41,-70803,68722,4.1
021290037000,8,-70795,68712,0.8
021300003000,120,-70813,68722,12.0
021300004000,23,-70812,68722,2.3
021300005000,47,-70812,68721,4.7
021300006000,98,-70811,68721,9.8
021300007000,7,-70810,68720,0.7
021300008000,118,-70810,68720,11.8
021300009000,14,-70809,68720,1.4
021300010000,140,-70809,68719,14.0
021300011000,15,-70809,68718,1.5
021300012000,93,-70808,68718,9.3
021300013000,64,-70808,68717,6.4
021300014000,50,-70807,68717,5.0
021300015000,115,-70807,68716,11.5
021300016000,8,-70806,68716,0.8
021300017000,131,-70806,68715,13.1
021300018000,21,-70805,68715,2.1
021300019000,94,-70805,68714,9.4
021300020000,19,-70809,68715,1.9
021300021000,130,-70810,68716,13.0
021300022000,48,-70811,68717,4.8
021300023000,116,-70811,68718,11.6
021300024000,22,-70812,68718,2.2
021300025000,28,-70813,68717,2.8
021300026000,90,-70813,68717,9.0
021310002000,76,-70831,68731,7.6
021310003000,75,-70830,68731,7.5
021310004000,22,-70830,68731,2.2
021310005000,44,-70829,68731,4.4
021310006000,16,-70828,68732,1.6
021310007000,11,-70828,68732,1.1
021310008000,102,-70827,68732,10.2
021310009000,105,-70826,68732,10.5
021310010000,15,-70826,68733,1.5
021310011000,18,-70824,68732,1.8
021310012000,71,-70824,68731,7.1
021310013000,35,-70825,68730,3.5
021310014000,28,-70825,68730,2.8
021310015000,47,-70826,68730,4.7
021310016000,8,-70827,68729,0.8
021310017000,7,-70827,68729,0.7
021310018000,107,-70828,68729,10.7
021310021000,15,-70820,68730,1.5
021310022000,81,-70821,68729,8.1
021310023000,6,-70821,68728,0.6
021310024000,59,-70822,68728,5.9
021310025000,29,-70822,68727,2.9
021310026000,37,-70823,68727,3.7
021310027000,50,-70823,68726,5.0
021310028000,83,-70824,68726,8.3
021310029000,89,-70824,68725,8.9
021310030000,39,-70823,68724,3.9
021310031000,23,-70822,68724,2.3
021310032000,34,-70822,68724,3.4
021310033000,81,-70821,68725,8.1
021310034000,19,-70821,68725,1.9
021310035000,66,-70820,68726,6.6
021310036000,3,-70820,68726,0.3
021310037000,59,-70819,68727,5.9
021310038000,19,-70819,68728,1.9
021310039000,7,-70830,68729,0.7
021310041000,94,-70829,68729,9.4
021320002000,7,-70839,68733,0.7
021320003000,8,-70839,68732,0.8
021320010000,58,-70841,68725,5.8
021320011000,80,-70841,68726,8.0
021320012000,14,-70840,68726,1.4
021320013000,130,-70840,68727,13.0
021320014000,50,-70840,68728,5.0
021320015000,60,-70839,68728,6.0
021320016000,121,-70839,68729,12.1
021320017000,4,-70839,68730,0.4
021320018000,83,-70838,68730,8.3
021320019000,46,-70838,68731,4.6
021320021000,34,-70837,68732,3.4
021320022000,44,-70836,68732,4.4
021320023000,13,-70832,68731,1.3
021320024000,43,-70832,68730,4.3
021320025000,117,-70833,68730,11.7
021320026000,63,-70834,68730,6.3
021320027000,66,-70834,68729,6.6
021320028000,37,-70835,68729,3.7
021320029000,127,-70835,68728,12.7
021320030000,14,-70835,68727,1.4
021320031000,10,-70830,68728,1.0
021320032000,75,-70831,68728,7.5
021320033000,12,-70832,68728,1.2
021320034000,74,-70832,68728,7.4
021320035000,67,-70833,68727,6.7
021320036000,67,-70831,68727,6.7
021320037000,82,-70830,68726,8.2
021320043000,1,-70834,68726,0.1
021330002000,20,-70838,68734,2.0
021330003000,56,-70837,68735,5.6
021330004000,31,-70836,68736,3.1
021330005000,67,-70835,68736,6.7
021330006000,25,-70835,68736,2.5
021330007000,64,-70834,68736,6.4
021330008000,7,-70833,68737,0.7
021330009000,24,-70833,68737,2.4
021330010000,123,-70832,68737,12.3
021330011000,78,-70831,68737,7.8
021330012000,0,-70831,68738,0.0
021330013000,80,-70830,68738,8.0
021330014000,115,-70829,68738,11.5
021330015000,39,-70828,68738,3.9
021330016000,36,-70828,68738,3.6
021330017000,113,-70827,68738,11.3
021330018000,10,-70826,68738,1.0
021330019000,28,-70826,68737,2.8
021330020000,78,-70825,68737,7.8
021330021000,37,-70824,68736,3.7
021330022000,84,-70824,68736,8.4
021330023000,33,-70823,68736,3.3
021330025000,5,-70824,68734,0.5
021330026000,99,-70825,68734,9.9
021330027000,24,-70826,68734,2.4
021330028000,36,-70826,68735,3.6
021330029000,135,-70827,68735,13.5
021330030000,75,-70828,68735,7.5
021330031000,12,-70828,68735,1.2
021330032000,80,-70829,68735,8.0
021330033000,112,-70830,68735,11.2
021330034000,17,-70831,68735,1.7
021330035000,42,-70831,68735,4.2
021330036000,29,-70832,68734,2.9
021330037000,19,-70833,68734,1.9
021330038000,81,-70833,68734,8.1
021330039000,60,-70834,68734,6.0
021330040000,6,-70835,68733,0.6
021330041000,75,-70835,68733,7.5
021330042000,97,-70836,68733,9.7
021340002000,59,-70849,68675,5.9
021340003000,11,-70848,68675,1.1
021340004000,66,-70848,68674,6.6
021340005000,25,-70847,68673,2.5
021340006000,106,-70847,68673,10.6
021340007000,23,-70846,68672,2.3
021340008000,70,-70846,68672,7.0
021340009000,18,-70846,68671,1.8
021340010000,33,-70845,68671,3.3
021340011000,59,-70845,68670,5.9
021340024000,82,-70841,68670,8.2
021340025000,55,-70841,68670,5.5
021340026000,77,-70842,68671,7.7
021340027000,29,-70842,68671,2.9
021340028000,60,-70843,68672,6.0
021340029000,36,-70843,68672,3.6
021340030000,80,-70844,68673,8.0
021340031000,57,-70845,68674,5.7
021340032000,50,-70844,68674,5.0
021340033000,26,-70844,68675,2.6
021340034000,85,-70843,68674,8.5
021340035000,52,-70842,68674,5.2
021340036000,3,-70842,68674,0.3
021340037000,91,-70841,68673,9.1
021340040000,12,-70840,68672,1.2
021340041000,136,-70839,68671,13.6
021340042000,8,-70840,68673,0.8
021340044000,80,-70840,68672,8.0
021340045000,122,-70837,68673,12.2
021340046000,3,-70838,68674,0.3
021340047000,137,-70838,68674,13.7
021340048000,10,-70839,68675,1.0
021340049000,113,-70839,68675,11.3
021340050000,57,-70840,68675,5.7
021340051000,13,-70840,68676,1.3
021340052000,122,-70841,68676,12.2
021340053000,69,-70842,68676,6.9
021340054000,20,-70842,68677,2.0
021340055000,106,-70843,68677,10.6
021340056000,83,-70844,68677,8.3
021340057000,24,-70845,68677,2.4
021340058000,87,-70845,68677,8.7
021340059000,104,-70836,68675,10.4
021350003000,43,-70844,68682,4.3
021350004000,29,-70843,68681,2.9
021350005000,38,-70842,68681,3.8
021350006000,71,-70842,68681,7.1
021350007000,0,-70841,68681,0.0
021350008000,10,-70840,68680,1.0
021350011000,18,-70839,68679,1.8
021350012000,125,-70838,68679,12.5
021350013000,56,-70837,68679,5.6
021350014000,54,-70837,68678,5.4
021350015000,108,-70836,68678,10.8
021350016000,6,-70836,68677,0.6
021350017000,118,-70835,68677,11.8
021350019000,5,-70836,68675,0.5
021350020000,71,-70837,68676,7.1
021350021000,44,-70838,68676,4.4
021350022000,20,-70838,68677,2.0
021350023000,101,-70839,68677,10.1
021350024000,5,-70839,68677,0.5
021350025000,3,-70840,68677,0.3
021350026000,77,-70841,68678,7.7
021350027000,33,-70841,68678,3.3
021350028000,32,-70842,68678,3.2
021350029000,49,-70843,68679,4.9
021350030000,61,-70843,68679,6.1
021350031000,61,-70844,68679,6.1
021350032000,22,-70845,68680,2.2
021350049000,5,-70844,68682,0.5
021350050000,99,-70840,68680,9.9
021350051000,29,-70839,68680,2.9
021360002000,18,-70850,68684,1.8
021360003000,104,-70850,68683,10.4
021360004000,99,-70850,68682,9.9
021360005000,23,-70850,68681,2.3
021360006000,59,-70850,68681,5.9
021360007000,37,-70850,68680,3.7
021360010000,82,-70850,68677,8.2
021360012000,37,-70847,68677,3.7
021360013000,60,-70847,68678,6.0
021360014000,38,-70847,68678,3.8
021360015000,38,-70848,68679,3.8
021360016000,49,-70848,68680,4.9
021360017000,60,-70848,68681,6.0
021360018000,43,-70848,68682,4.3
021360019000,118,-70848,68683,11.8
021360020000,16,-70847,68684,1.6
021360021000,85,-70847,68683,8.5
021360022000,2,-70846,68682,0.2
021360023000,39,-70846,68681,3.9
021360024000,23,-70846,68681,2.3
021360025000,47,-70845,68680,4.7
021360026000,77,-70846,68676,7.7
021360027000,36,-70846,68676,3.6
021360033000,110,-70850,68678,11.0
021370002000,68,-70850,68684,6.8
021370003000,101,-70850,68685,10.1
021370004000,63,-70850,68686,6.3
021370005000,27,-70850,68686,2.7
021370006000,88,-70850,68687,8.8
021370007000,57,-70850,68688,5.7
021370008000,3,-70851,68689,0.3
021370009000,91,-70851,68689,9.1
021370010000,39,-70851,68690,3.9
021370011000,77,-70852,68691,7.7
021370015000,29,-70848,68687,2.9
021370016000,22,-70848,68687,2.2
021370017000,22,-70847,68686,2.2
021370018000,32,-70847,68685,3.2
021370019000,97,-70846,68685,9.7
021380002000,114,-70821,68645,11.4
021380003000,10,-70821,68645,1.0
021380004000,116,-70822,68644,11.6
021380005000,55,-70823,68645,5.5
021380006000,35,-70823,68645,3.5
021380007000,22,-70825,68644,2.2
021380008000,75,-70825,68644,7.5
021380009000,87,-70825,68643,8.7
021380010000,12,-70824,68642,1.2
021380011000,39,-70824,68642,3.9
021380012000,34,-70824,68641,3.4
021380013000,55,-70824,68640,5.5
021380020000,66,-70822,68641,6.6
021380021000,4,-70822,68642,0.4
021380022000,19,-70822,68642,1.9
021380023000,73,-70820,68642,7.3
021380024000,26,-70820,68643,2.6
021380032000,72,-70826,68645,7.2
021380033000,47,-70826,68646,4.7
021380034000,26,-70826,68646,2.6
021380035000,82,-70827,68647,8.2
021380036000,2,-70827,68648,0.2
021380037000,45,-70827,68648,4.5
021380038000,75,-70828,68649,7.5
021380039000,8,-70828,68649,0.8
021380040000,19,-70829,68650,1.9
021380041000,15,-70830,68650,1.5
021380042000,30,-70830,68651,3.0
021390002000,23,-70834,68655,2.3
021390003000,72,-70834,68655,7.2
021390004000,51,-70833,68654,5.1
021390005000,87,-70833,68654,8.7
021390006000,40,-70832,68653,4.0
021390007000,67,-70832,68653,6.7
021390008000,21,-70831,68652,2.1
021390009000,48,-70831,68652,4.8
021390010000,3,-70830,68651,0.3
021390022000,15,-70831,68656,1.5
021390023000,25,-70831,68655,2.5
021390024000,1,-70830,68654,0.1
021390025000,49,-70830,68654,4.9
021390026000,24,-70829,68653,2.4
021390027000,72,-70829,68653,7.2
021390028000,43,-70828,68652,4.3
021390029000,79,-70828,68652,7.9
021390030000,12,-70827,68651,1.2
021390031000,6,-70827,68651,0.6
021390032000,87,-70826,68651,8.7
021390033000,87,-70825,68651,8.7
021390034000,43,-70835,68656,4.3
021390037000,85,-70837,68659,8.5
021400001000,78,-70824,68652,7.8
021400002000,100,-70824,68651,10.0
021400003000,98,-70822,68652,9.8
021400004000,92,-70821,68652,9.2
021400005000,2,-70820,68652,0.2
021400006000,79,-70820,68652,7.9
021400007000,29,-70819,68652,2.9
021400008000,35,-70819,68653,3.5
021400010000,93,-70818,68650,9.3
021400011000,65,-70819,68650,6.5
021400013000,7,-70820,68650,0.7
021400014000,43,-70820,68649,4.3
021400015000,58,-70821,68649,5.8
021400016000,61,-70822,68649,6.1
021400017000,40,-70823,68649,4.0
021400018000,42,-70823,68649,4.2
021400019000,38,-70825,68649,3.8
021400020000,35,-70825,68649,3.5
021400021000,20,-70824,68648,2.0
021400022000,52,-70824,68647,5.2
021400023000,59,-70824,68647,5.9
021400024000,26,-70823,68646,2.6
021400027000,10,-70819,68648,1.0
021400028000,48,-70819,68648,4.8
021400029000,47,-70820,68647,4.7
021400030000,12,-70820,68646,1.2
021400031000,29,-70821,68646,2.9
021400032000,40,-70818,68645,4.0
021400033000,10,-70818,68646,1.0
021400034000,43,-70817,68646,4.3
021400035000,62,-70817,68647,6.2
021400036000,10,-70817,68647,1.0
021400037000,113,-70816,68648,11.3
021400038000,14,-70816,68648,1.4
021400039000,88,-70815,68649,8.8
021400040000,131,-70815,68650,13.1
021400041000,61,-70815,68651,6.1
021400042000,79,-70816,68652,7.9
021400043000,35,-70815,68652,3.5
021400044000,61,-70815,68653,6.1
021400045000,81,-70814,68653,8.1
021400046000,29,-70814,68651,2.9
021400048000,79,-70812,68651,7.9
021410001000,102,-70803,68659,10.2
021410002000,106,-70809,68658,10.6
021410003000,92,-70810,68658,9.2
021410004000,116,-70811,68658,11.6
021410005000,125,-70813,68654,12.5
021410006000,9,-70812,68655,0.9
021410007000,128,-70812,68655,12.8
021410008000,47,-70811,68655,4.7
021410009000,4,-70810,68656,0.4
021410010000,43,-70812,68653,4.3
021410011000,81,-70811,68652,8.1
021410012000,9,-70810,68654,0.9
021410016000,27,-70808,68655,2.7
021410017000,109,-70809,68656,10.9
021410018000,40,-70808,68656,4.0
021410019000,50,-70808,68656,5.0
021410020000,111,-70807,68656,11.1
021410022000,22,-70803,68657,2.2
021410023000,100,-70802,68657,10.0
021410024000,13,-70802,68657,1.3
021410025000,32,-70801,68658,3.2
021410026000,60,-70800,68658,6.0
021410027000,53,-70800,68658,5.3
021420001000,13,-70819,68663,1.3
021420002000,54,-70818,68662,5.4
021420003000,66,-70818,68661,6.6
021420005000,22,-70816,68661,2.2
021420006000,56,-70816,68661,5.6
021420007000,138,-70815,68661,13.8
021420008000,79,-70814,68661,7.9
021420009000,23,-70812,68658,2.3
021420010000,43,-70812,68658,4.3
021420011000,50,-70813,68657,5.0
021420012000,2,-70813,68657,0.2
021420013000,22,-70814,68656,2.2
021420014000,28,-70815,68656,2.8
021420015000,13,-70815,68656,1.3
021420016000,64,-70816,68655,6.4
021420017000,25,-70816,68655,2.5
021420018000,28,-70817,68654,2.8
021420019000,45,-70817,68654,4.5
021420020000,83,-70818,68655,8.3
021420021000,44,-70818,68655,4.4
021420022000,41,-70819,68656,4.1
021420023000,6,-70819,68656,0.6
021420024000,1,-70819,68657,0.1
021420025000,33,-70820,68658,3.3
021420026000,44,-70820,68658,4.4
021420027000,72,-70821,68659,7.2
021420028000,59,-70821,68659,5.9
021420029000,43,-70822,68660,4.3
021420030000,20,-70822,68660,2.0
021420031000,62,-70824,68659,6.2
021420032000,67,-70823,68658,6.7
021420033000,50,-70823,68658,5.0
021420034000,25,-70822,68657,2.5
021420035000,11,-70822,68657,1.1
021420036000,17,-70822,68656,1.7
021420037000,28,-70821,68655,2.8
021420043000,28,-70821,68655,2.8
021420044000,106,-70820,68654,10.6
021430002000,45,-70835,68660,4.5
021430003000,99,-70834,68660,9.9
021430004000,15,-70834,68661,1.5
021430005000,140,-70833,68661,14.0
021430006000,19,-70832,68661,1.9
021430007000,90,-70832,68662,9.0
021430008000,65,-70831,68662,6.5
021430009000,69,-70831,68663,6.9
021430010000,136,-70830,68663,13.6
021430011000,22,-70829,68663,2.2
021430012000,36,-70828,68662,3.6
021430013000,3,-70827,68662,0.3
021430014000,57,-70827,68662,5.7
021430015000,48,-70826,68662,4.8
021430016000,38,-70825,68661,3.8
021430017000,4,-70825,68660,0.4
021430018000,19,-70825,68660,1.9
021430019000,42,-70824,68659,4.2
021430020000,91,-70834,68658,9.1
021430021000,40,-70833,68659,4.0
021430022000,16,-70833,68659,1.6
021430023000,10,-70832,68659,1.0
021430024000,35,-70831,68660,3.5
021430026000,68,-70830,68661,6.8
021430027000,11,-70829,68661,1.1
021430028000,75,-70828,68660,7.5
021430029000,112,-70827,68660,11.2
021430030000,70,-70826,68659,7.0
021430031000,11,-70826,68659,1.1
021430032000,36,-70825,68658,3.6
021430033000,29,-70825,68657,2.9
021430034000,7,-70825,68657,0.7
021430035000,68,-70824,68656,6.8
021430036000,49,-70824,68656,4.9
021430037000,80,-70823,68655,8.0
021430038000,24,-70823,68655,2.4
021430039000,38,-70822,68654,3.8
021430040000,21,-70822,68653,2.1
021430041000,65,-70832,68656,6.5
021430042000,39,-70832,68657,3.9
021430043000,120,-70831,68657,12.0
021430044000,37,-70830,68658,3.7
021430046000,21,-70829,68658,2.1
021430047000,100,-70828,68657,10.0
021430048000,20,-70827,68657,2.0
021430049000,40,-70826,68655,4.0
021430050000,43,-70826,68654,4.3
021430051000,74,-70826,68654,7.4
021430052000,36,-70825,68653,3.6
021430053000,80,-70825,68653,8.0
021430054000,20,-70824,68652,2.0
021430056000,72,-70828,68654,7.2
021440001000,27,-70833,68664,2.7
021440002000,50,-70833,68664,5.0
021440003000,69,-70834,68663,6.9
021440004000,12,-70834,68663,1.2
021440005000,79,-70835,68662,7.9
021440006000,48,-70836,68662,4.8
021440008000,122,-70837,68664,12.2
021440009000,8,-70837,68665,0.8
021440010000,66,-70838,68665,6.6
021440012000,93,-70841,68665,9.3
021440013000,23,-70840,68664,2.3
021440014000,112,-70840,68664,11.2
021440015000,28,-70840,68663,2.8
021440016000,46,-70839,68663,4.6
021440025000,5,-70844,68669,0.5
021440026000,100,-70844,68669,10.0
021440027000,30,-70843,68668,3.0
021440028000,90,-70843,68668,9.0
021440029000,11,-70843,68667,1.1
021440030000,54,-70842,68667,5.4
021440031000,51,-70842,68666,5.1
021440032000,17,-70841,68666,1.7
021440033000,48,-70839,68667,4.8
021440034000,45,-70840,68668,4.5
021440035000,52,-70840,68669,5.2
021440036000,32,-70840,68669,3.2
021450002000,55,-70834,68674,5.5
021450003000,6,-70835,68673,0.6
021450004000,81,-70835,68672,8.1
021450005000,20,-70835,68672,2.0
021450006000,60,-70836,68671,6.0
021450007000,12,-70837,68671,1.2
021450008000,22,-70837,68670,2.2
021450009000,91,-70838,68670,9.1
021450010000,32,-70835,68670,3.2
021450011000,5,-70836,68669,0.5
021450012000,104,-70837,68668,10.4
021450013000,43,-70837,68667,4.3
021450014000,36,-70837,68667,3.6
021450016000,58,-70833,68665,5.8
021450017000,115,-70833,68666,11.5
021450018000,48,-70833,68667,4.8
021450019000,31,-70832,68668,3.1
021450020000,64,-70832,68668,6.4
021450021000,122,-70832,68669,12.2
021450022000,44,-70832,68670,4.4
021450023000,11,-70831,68670,1.1
021450024000,80,-70831,68671,8.0
021450025000,66,-70831,68672,6.6
021450026000,19,-70831,68672,1.9
021450029000,114,-70828,68671,11.4
021450030000,88,-70827,68671,8.8
021450031000,12,-70827,68671,1.2
021450032000,29,-70826,68670,2.9
021450033000,89,-70825,68670,8.9
021450034000,116,-70826,68668,11.6
021450035000,16,-70827,68668,1.6
021450038000,107,-70830,68668,10.7
021450039000,12,-70830,68667,1.2
021450040000,28,-70830,68667,2.8
021450041000,72,-70831,68666,7.2
021450042000,77,-70831,68665,7.7
021450043000,54,-70830,68665,5.4
021450044000,84,-70829,68665,8.4
021450045000,28,-70828,68665,2.8
021450046000,52,-70827,68664,5.2
021460001000,1,-70823,68661,0.1
021460002000,19,-70823,68662,1.9
021460003000,42,-70823,68662,4.2
021460004000,66,-70824,68663,6.6
021460005000,71,-70824,68663,7.1
021460006000,33,-70825,68664,3.3
021460007000,9,-70826,68664,0.9
021460008000,72,-70826,68664,7.2
021460009000,36,-70819,68663,3.6
021460010000,64,-70820,68664,6.4
021460011000,63,-70820,68664,6.3
021460012000,34,-70821,68665,3.4
021460013000,19,-70821,68665,1.9
021460014000,16,-70821,68666,1.6
021460015000,34,-70822,68667,3.4
021460016000,3,-70823,68667,0.3
021460017000,86,-70823,68667,8.6
021460018000,54,-70824,68667,5.4
021460019000,12,-70825,68668,1.2
021460020000,78,-70825,68668,7.8
021460021000,11,-70825,68670,1.1
021460022000,73,-70824,68670,7.3
021460023000,7,-70823,68670,0.7
021460024000,9,-70823,68669,0.9
021460025000,109,-70822,68669,10.9
021460026000,91,-70821,68669,9.1
021460027000,6,-70820,68669,0.6
021460028000,92,-70820,68668,9.2
021460029000,29,-70819,68667,2.9
021460030000,25,-70819,68669,2.5
021460031000,51,-70817,68668,5.1
021460032000,7,-70817,68667,0.7
021460033000,65,-70817,68666,6.5
021460034000,4,-70818,68666,0.4
021460035000,77,-70818,68665,7.7
021460036000,23,-70818,68665,2.3
021460037000,146,-70817,68664,14.6
021460040000,109,-70815,68665,10.9
021460041000,48,-70815,68666,4.8
021460042000,10,-70815,68667,1.0
021470004000,15,-70812,68670,1.5
021470005000,24,-70812,68669,2.4
021470006000,94,-70811,68669,9.4
021470007000,37,-70810,68669,3.7
021470008000,20,-70810,68669,2.0
021470009000,90,-70809,68669,9.0
021470014000,24,-70807,68666,2.4
021470015000,14,-70806,68665,1.4
021470016000,21,-70806,68664,2.1
021470017000,19,-70805,68664,1.9
021470018000,31,-70805,68663,3.1
021470019000,90,-70805,68663,9.0
021470020000,70,-70805,68662,7.0
021470021000,49,-70804,68662,4.9
021470022000,80,-70804,68661,8.0
021470023000,23,-70806,68661,2.3
021470024000,52,-70807,68661,5.2
021470025000,97,-70808,68662,9.7
021470026000,19,-70808,68662,1.9
021470027000,42,-70808,68663,4.2
021470028000,68,-70809,68664,6.8
021470029000,11,-70809,68664,1.1
021470030000,46,-70809,68665,4.6
021470031000,61,-70810,68666,6.1
021470032000,21,-70811,68666,2.1
021470033000,55,-70812,68667,5.5
021470034000,81,-70812,68666,8.1
021470035000,30,-70812,68665,3.0
021470036000,0,-70812,68665,0.0
021470037000,82,-70811,68664,8.2
021470039000,64,-70811,68662,6.4
021470040000,77,-70812,68662,7.7
021470041000,69,-70813,68663,6.9
021470042000,102,-70813,68662,10.2
021470043000,13,-70813,68662,1.3
021470045000,35,-70807,68667,3.5
021480001000,116,-70795,68667,11.6
021480002000,37,-70795,68666,3.7
021480006000,8,-70796,68664,0.8
021480007000,125,-70796,68663,12.5
021480008000,12,-70797,68663,1.2
021480009000,28,-70798,68662,2.8
021480011000,91,-70800,68661,9.1
021480012000,5,-70800,68661,0.5
021480013000,98,-70801,68660,9.8
021480014000,51,-70802,68660,5.1
021480015000,4,-70802,68659,0.4
021480016000,4,-70793,68666,0.4
021480017000,84,-70793,68666,8.4
021480018000,129,-70793,68665,12.9
021480019000,41,-70793,68664,4.1
021480020000,44,-70793,68664,4.4
021480024000,20,-70795,68661,2.0
021480025000,61,-70795,68661,6.1
021480026000,29,-70796,68660,2.9
021480029000,41,-70799,68659,4.1
021480037000,21,-70795,68665,2.1
021480038000,0,-70795,68664,0.0
021490002000,71,-70822,68676,7.1
021490003000,27,-70822,68676,2.7
021490004000,10,-70820,68674,1.0
021490007000,80,-70819,68673,8.0
021490008000,107,-70818,68673,10.7
021490009000,4,-70818,68673,0.4
021490010000,103,-70817,68673,10.3
021490014000,12,-70814,68672,1.2
021490015000,16,-70815,68670,1.6
021490016000,66,-70814,68670,6.6
021490017000,126,-70813,68670,12.6
021490019000,135,-70814,68668,13.5
021490020000,21,-70815,68668,2.1
021490021000,44,-70816,68669,4.4
021490022000,9,-70817,68669,0.9
021490024000,35,-70818,68670,3.5
021490025000,32,-70818,68670,3.2
021490026000,3,-70819,68670,0.3
021490027000,17,-70820,68671,1.7
021490028000,18,-70821,68671,1.8
021490029000,87,-70821,68671,8.7
021490030000,33,-70822,68671,3.3
021490031000,8,-70822,68672,0.8
021490032000,109,-70823,68672,10.9
021490033000,108,-70824,68672,10.8
021490034000,47,-70814,68667,4.7
021490037000,8,-70820,68674,0.8
021490038000,46,-70819,68673,4.6
021500005000,72,-70832,68679,7.2
021500006000,32,-70832,68679,3.2
021500007000,31,-70833,68678,3.1
021500008000,38,-70833,68676,3.8
021500009000,13,-70833,68676,1.3
021500010000,67,-70834,68675,6.7
021500011000,46,-70834,68674,4.6
021500012000,18,-70831,68674,1.8
021500014000,69,-70830,68676,6.9
021500015000,94,-70829,68676,9.4
021500016000,53,-70827,68675,5.3
021500017000,47,-70827,68676,4.7
021500018000,28,-70827,68676,2.8
021500020000,80,-70828,68678,8.0
021500021000,40,-70828,68679,4.0
021500022000,1,-70828,68679,0.1
021500023000,29,-70824,68676,2.9
021500024000,51,-70824,68675,5.1
021500025000,97,-70825,68674,9.7
021500026000,3,-70823,68674,0.3
021500027000,36,-70825,68672,3.6
021500028000,61,-70825,68672,6.1
021500029000,36,-70826,68672,3.6
021500030000,30,-70827,68673,3.0
021500031000,61,-70827,68673,6.1
021500032000,54,-70828,68673,5.4
021500033000,8,-70829,68673,0.8
021510002000,33,-70825,68686,3.3
021510003000,63,-70824,68685,6.3
021510004000,0,-70824,68685,0.0
021510005000,16,-70824,68684,1.6
021510006000,81,-70823,68683,8.1
021510007000,50,-70823,68682,5.0
021510008000,58,-70823,68682,5.8
021510009000,11,-70822,68681,1.1
021510010000,21,-70822,68681,2.1
021510011000,126,-70822,68680,12.6
021510012000,40,-70822,68679,4.0
021510013000,73,-70822,68679,7.3
021510014000,95,-70822,68678,9.5
021510015000,3,-70822,68678,0.3
021510016000,49,-70822,68677,4.9
021510017000,6,-70824,68677,0.6
021510018000,22,-70825,68677,2.2
021510019000,43,-70825,68678,4.3
021510020000,53,-70825,68679,5.3
021510023000,0,-70826,68681,0.0
021510027000,90,-70827,68684,9.0
021510028000,65,-70827,68685,6.5
021510029000,5,-70828,68685,0.5
021510030000,21,-70828,68686,2.1
021510031000,61,-70829,68686,6.1
021510032000,10,-70829,68686,1.0
021510033000,5,-70830,68685,0.5
021510035000,10,-70827,68680,1.0
021510038000,53,-70825,68680,5.3
021520004000,59,-70836,68688,5.9
021520005000,86,-70836,68687,8.6
021520006000,109,-70837,68687,10.9
021520007000,32,-70838,68687,3.2
021520008000,52,-70838,68687,5.2
021520009000,96,-70839,68687,9.6
021520011000,32,-70842,68686,3.2
021520013000,57,-70841,68685,5.7
021520014000,63,-70840,68684,6.3
021520015000,73,-70839,68684,7.3
021520016000,10,-70839,68684,1.0
021520017000,59,-70838,68684,5.9
021520018000,19,-70837,68685,1.9
021520019000,20,-70837,68683,2.0
021520020000,4,-70837,68682,0.4
021520022000,116,-70835,68683,11.6
021520023000,27,-70836,68685,2.7
021520024000,76,-70835,68685,7.6
021520025000,104,-70834,68685,10.4
021520026000,69,-70833,68685,6.9
021520027000,31,-70834,68684,3.1
021520028000,8,-70834,68683,0.8
021520029000,33,-70833,68682,3.3
021520030000,34,-70833,68681,3.4
021520031000,26,-70834,68681,2.6
021520032000,26,-70832,68680,2.6
021520033000,23,-70831,68681,2.3
021520034000,68,-70831,68681,6.8
021520035000,115,-70831,68682,11.5
021520036000,68,-70831,68683,6.8
021520037000,18,-70831,68683,1.8
021520038000,35,-70831,68684,3.5
021520039000,11,-70831,68685,1.1
021520040000,13,-70832,68686,1.3
021520041000,43,-70836,68689,4.3
021530002000,89,-70835,68690,8.9
021530005000,46,-70833,68690,4.6
021530006000,4,-70833,68690,0.4
021530007000,32,-70833,68689,3.2
021530010000,1,-70832,68687,0.1
021530011000,6,-70831,68688,0.6
021530012000,77,-70830,68688,7.7
021530013000,10,-70828,68687,1.0
021530014000,27,-70829,68688,2.7
021530015000,45,-70829,68689,4.5
021530016000,36,-70829,68689,3.6
021530017000,79,-70829,68690,7.9
021530018000,13,-70829,68691,1.3
021530019000,90,-70829,68691,9.0
021530020000,120,-70829,68692,12.0
021530025000,3,-70826,68692,0.3
021530026000,60,-70826,68691,6.0
021530027000,64,-70826,68690,6.4
021530028000,46,-70826,68690,4.6
021530029000,18,-70826,68689,1.8
021530030000,12,-70825,68688,1.2
021530031000,59,-70825,68688,5.9
021530032000,37,-70825,68687,3.7
021530033000,24,-70825,68687,2.4
021530037000,80,-70833,68688,8.0
021530039000,59,-70833,68687,5.9
021540001000,77,-70817,68742,7.7
021540003000,39,-70815,68743,3.9
021540004000,60,-70814,68743,6.0
021540005000,2,-70813,68742,0.2
021540006000,96,-70812,68742,9.6
021540007000,5,-70812,68742,0.5
021540008000,25,-70811,68742,2.5
021540009000,70,-70810,68741,7.0
021540010000,96,-70809,68741,9.6
021540012000,24,-70806,68740,2.4
021540013000,120,-70806,68739,12.0
021540016000,33,-70808,68738,3.3
021540017000,57,-70809,68738,5.7
021540023000,92,-70811,68739,9.2
021540024000,47,-70812,68739,4.7
021540025000,1,-70812,68740,0.1
021540026000,82,-70813,68740,8.2
021540027000,59,-70814,68740,5.9
021540028000,47,-70815,68741,4.7
021540029000,64,-70816,68740,6.4
021550002000,106,-70818,68742,10.6
021550003000,20,-70819,68742,2.0
021550004000,14,-70819,68742,1.4
021550005000,66,-70820,68741,6.6
021550006000,46,-70821,68741,4.6
021550007000,123,-70821,68740,12.3
021550008000,49,-70821,68739,4.9
021550009000,53,-70822,68741,5.3
021550010000,2,-70823,68741,0.2
021550013000,9,-70823,68738,0.9
021550014000,46,-70823,68738,4.6
021550015000,79,-70822,68737,7.9
021550016000,69,-70821,68736,6.9
021550017000,29,-70820,68736,2.9
021550018000,115,-70820,68737,11.5
021550019000,35,-70819,68738,3.5
021550020000,93,-70819,68739,9.3
021550021000,20,-70818,68739,2.0
021550022000,17,-70817,68740,1.7
021550023000,27,-70817,68740,2.7
021740016000,33,-70859,68708,3.3
021740017000,96,-70859,68709,9.6
021740018000,131,-70859,68710,13.1
021740019000,105,-70859,68711,10.5
021740024000,13,-70857,68711,1.3
021740025000,87,-70857,68710,8.7
021740026000,35,-70859,68705,3.5
021740027000,4,-70859,68706,0.4
021740028000,123,-70859,68712,12.3
021740029000,2,-70859,68712,0.2
021740030000,126,-70859,68713,12.6
021740031000,85,-70859,68714,8.5
021740032000,25,-70858,68716,2.5
021740033000,81,-70858,68716,8.1
021740034000,57,-70857,68707,5.7
021740035000,47,-70857,68707,4.7
021740036000,49,-70856,68714,4.9
021740037000,16,-70857,68714,1.6
021740038000,67,-70857,68714,6.7
021740039000,104,-70857,68713,10.4
021740040000,44,-70857,68713,4.4
021740041000,80,-70857,68712,8.0
021740042000,37,-70857,68712,3.7
021740043000,96,-70857,68711,9.6
021740044000,42,-70857,68708,4.2
021740045000,71,-70857,68708,7.1
021740046000,26,-70856,68704,2.6
021740047000,4,-70856,68704,0.4
021740048000,139,-70859,68706,13.9
021740049000,7,-70859,68706,0.7
021740050000,43,-70859,68707,4.3
021740051000,8,-70859,68707,0.8
021740052000,141,-70857,68716,14.1
021740053000,53,-70856,68716,5.3
021740054000,9,-70857,68709,0.9
021740055000,75,-70857,68709,7.5
021740056000,61,-70859,68715,6.1
021740057000,9,-70859,68714,0.9
021740058000,41,-70857,68704,4.1
021740059000,30,-70857,68704,3.0
021750001000,69,-70830,68717,6.9
021750002000,104,-70830,68718,10.4
021750003000,125,-70830,68719,12.5
021750004000,74,-70830,68720,7.4
021750005000,15,-70830,68721,1.5
021750008000,28,-70828,68721,2.8
021750009000,46,-70828,68720,4.6
021750010000,81,-70828,68719,8.1
021750011000,102,-70828,68718,10.2
021750012000,53,-70827,68717,5.3
021760001000,19,-70845,68729,1.9
021760003000,29,-70848,68731,2.9
021760005000,130,-70849,68730,13.0
021770001000,47,-70821,68640,4.7
021770002000,15,-70821,68639,1.5
021770003000,29,-70821,68639,2.9
021770004000,53,-70821,68638,5.3
021770005000,1,-70822,68637,0.1
021770009000,1,-70824,68636,0.1
021770010000,83,-70824,68637,8.3
021770011000,116,-70824,68638,11.6
021770012000,91,-70824,68639,9.1
021770013000,1,-70824,68640,0.1
021780003000,118,-70854,68742,11.8
021780004000,31,-70854,68742,3.1
021780005000,1,-70853,68741,0.1
021780006000,49,-70853,68741,4.9
021780007000,100,-70853,68741,10.0
021780008000,31,-70853,68741,3.1
021780009000,45,-70852,68741,4.5
021780010000,47,-70852,68741,4.7
021780011000,4,-70852,68740,0.4
022090006000,121,-70721,69281,12.1
022090010000,43,-70718,69279,4.3
022090011000,15,-70716,69280,1.5
022110022000,26,-70731,69246,2.6
022110023000,104,-70732,69245,10.4
022110025000,11,-70729,69244,1.1
022110028000,39,-70724,69246,3.9
022110029000,65,-70723,69244,6.5
022110030000,28,-70725,69245,2.8
022110031000,64,-70725,69244,6.4
022110036000,52,-70722,69246,5.2
022110037000,58,-70721,69245,5.8
022110039000,19,-70721,69241,1.9
022110042000,7,-70723,69240,0.7
022130015000,89,-70691,69242,8.9
022150010000,15,-70642,69265,1.5
022150012000,67,-70642,69266,6.7
022150016000,12,-70639,69267,1.2
022150018000,1,-70639,69265,0.1
022150026000,107,-70644,69260,10.7
022150028000,37,-70639,69266,3.7
022150029000,38,-70643,69259,3.8
022150032000,60,-70640,69264,6.0
022170017000,28,-70659,69230,2.8
022170018000,108,-70657,69231,10.8
022170034000,10,-70657,69233,1.0
022190013000,7,-70652,69222,0.7
022190020000,5,-70648,69222,0.5
022190029000,39,-70651,69226,3.9
022190030000,8,-70650,69227,0.8
022190031000,18,-70649,69227,1.8
022190032000,12,-70648,69227,1.2
022190033000,2,-70647,69227,0.2
022190034000,6,-70645,69227,0.6
022250002000,65,-70634,69199,6.5
022250011000,11,-70634,69189,1.1
022250020000,108,-70633,69200,10.8
022260004000,27,-70634,69184,2.7
022260019000,93,-70639,69178,9.3
022260064000,31,-70640,69176,3.1
022300014000,7,-70689,69205,0.7
022310028000,3,-70728,69232,0.3
022310029000,14,-70723,69235,1.4
022310030000,17,-70724,69233,1.7
022320022000,148,-70726,69237,14.8
022320023000,51,-70725,69237,5.1
022320024000,35,-70722,69239,3.5
022320025000,91,-70722,69238,9.1
022700001000,50,-70665,69275,5.0
022700002000,19,-70666,69276,1.9
022700003000,47,-70668,69276,4.7
022700010000,45,-70666,69274,4.5
022700011000,6,-70667,69274,0.6
022700012000,17,-70668,69273,1.7
022710001000,9,-70667,69269,0.9
022710002000,57,-70666,69269,5.7
022710003000,32,-70667,69268,3.2
022710004000,42,-70668,69267,4.2
022710005000,91,-70666,69267,9.1
022710006000,42,-70665,69267,4.2
022710007000,107,-70664,69267,10.7
022710008000,54,-70664,69268,5.4
022710009000,67,-70664,69269,6.7
022710010000,62,-70665,69270,6.2
022710011000,55,-70666,69271,5.5
022710012000,56,-70666,69272,5.6
022710013000,137,-70665,69273,13.7
022710014000,31,-70664,69272,3.1
022710015000,26,-70664,69271,2.6
022710016000,23,-70664,69270,2.3
022710017000,16,-70663,69269,1.6
022710018000,46,-70661,69269,4.6
022710019000,83,-70662,69268,8.3
022710020000,95,-70663,69267,9.5
022710021000,30,-70662,69266,3.0
022710022000,38,-70661,69266,3.8
022710024000,81,-70660,69267,8.1
022710025000,40,-70660,69268,4.0
022710029000,13,-70660,69270,1.3
022710030000,45,-70660,69270,4.5
022710031000,64,-70659,69270,6.4
022710032000,123,-70659,69270,12.3
022710033000,45,-70659,69270,4.5
022710034000,53,-70659,69271,5.3
022710035000,85,-70659,69271,8.5
022710036000,51,-70659,69271,5.1
022710037000,6,-70660,69271,0.6
022710038000,88,-70660,69272,8.8
022710039000,63,-70660,69272,6.3
022710040000,11,-70660,69272,1.1
022710043000,34,-70659,69272,3.4
022710044000,9,-70659,69272,0.9
022710045000,17,-70658,69272,1.7
022710046000,40,-70658,69273,4.0
022710047000,68,-70658,69273,6.8
022710048000,70,-70658,69273,7.0
022710049000,76,-70658,69274,7.6
022710050000,103,-70659,69274,10.3
022710051000,6,-70659,69274,0.6
022710052000,89,-70660,69274,8.9
022710053000,116,-70660,69274,11.6
022710056000,49,-70661,69273,4.9
022710057000,47,-70661,69272,4.7
022710058000,126,-70661,69272,12.6
022710059000,21,-70661,69272,2.1
022710060000,80,-70661,69271,8.0
022710061000,116,-70661,69271,11.6
022710062000,20,-70661,69271,2.0
022710063000,50,-70661,69270,5.0
022710064000,60,-70662,69271,6.0
022710065000,46,-70662,69272,4.6
022710066000,100,-70662,69272,10.0
022710067000,43,-70662,69272,4.3
022710068000,56,-70662,69273,5.6
022710069000,122,-70662,69273,12.2
022710071000,2,-70661,69274,0.2
022710072000,53,-70661,69274,5.3
022710073000,21,-70660,69274,2.1
022730001000,110,-70658,69269,11.0
022730002000,7,-70658,69270,0.7
022730003000,2,-70658,69270,0.2
022730004000,23,-70657,69271,2.3
022730005000,37,-70657,69271,3.7
022730006000,48,-70657,69272,4.8
022730007000,52,-70657,69273,5.2
022730008000,39,-70656,69273,3.9
022730009000,14,-70655,69272,1.4
022730010000,45,-70654,69272,4.5
022730011000,100,-70653,69272,10.0
022730012000,7,-70652,69272,0.7
022730013000,27,-70652,69271,2.7
022730014000,58,-70652,69271,5.8
022730015000,107,-70652,69270,10.7
022730016000,78,-70652,69269,7.8
022730017000,38,-70653,69268,3.8
022730018000,11,-70653,69268,1.1
022730019000,56,-70654,69268,5.6
022730020000,26,-70655,69267,2.6
022730021000,32,-70656,69268,3.2
022730022000,25,-70656,69269,2.5
022730025000,35,-70655,69270,3.5
022730026000,9,-70655,69271,0.9
022730027000,88,-70654,69271,8.8
022730028000,75,-70654,69270,7.5
022730029000,56,-70654,69270,5.6
022730030000,1,-70654,69269,0.1
023070007000,12,-70647,69172,1.2
023070015000,18,-70655,69168,1.8
023070032000,17,-70655,69168,1.7
023070059000,147,-70646,69172,14.7
023080005000,5,-70644,69173,0.5
023080006000,98,-70644,69173,9.8
023080007000,103,-70643,69174,10.3
023080008000,53,-70643,69173,5.3
023080009000,34,-70642,69173,3.4
023080019000,11,-70636,69161,1.1
023080020000,19,-70636,69159,1.9
023080033000,74,-70642,69172,7.4
023080043000,35,-70638,69161,3.5
023090002000,44,-70643,69160,4.4
023090003000,103,-70644,69158,10.3
023090006000,38,-70646,69155,3.8
023090007000,24,-70644,69156,2.4
023100002000,51,-70646,69154,5.1
023100004000,126,-70645,69152,12.6
023100005000,55,-70644,69152,5.5
023100007000,39,-70646,69150,3.9
023100009000,138,-70646,69149,13.8
023100010000,20,-70644,69149,2.0
023100012000,99,-70644,69154,9.9
023100013000,50,-70644,69153,5.0
023100014000,70,-70645,69151,7.0
023100015000,32,-70644,69151,3.2
023110002000,84,-70646,69148,8.4
023110012000,5,-70646,69147,0.5
023110017000,37,-70643,69138,3.7
023110018000,111,-70644,69138,11.1
023110023000,39,-70645,69136,3.9
023200010000,19,-70679,69112,1.9
023200011000,8,-70679,69111,0.8
023210002000,37,-70681,69110,3.7
023240011000,96,-70722,69130,9.6
023240015000,50,-70723,69136,5.0
023250043000,20,-70727,69130,2.0
023250048000,45,-70714,69118,4.5
023250051000,16,-70714,69119,1.6
023250052000,65,-70713,69119,6.5
023250068000,45,-70711,69120,4.5
023260001000,48,-70722,69128,4.8
023260002000,117,-70721,69128,11.7
023260003000,14,-70720,69128,1.4
023260004000,85,-70719,69127,8.5
023260005000,81,-70718,69127,8.1
023260007000,64,-70717,69125,6.4
023260008000,122,-70716,69124,12.2
023260010000,33,-70715,69122,3.3
023260011000,84,-70714,69123,8.4
023260012000,88,-70714,69124,8.8
023260013000,31,-70715,69125,3.1
023260014000,22,-70716,69126,2.2
023260015000,23,-70714,69126,2.3
023260016000,30,-70713,69126,3.0
023260017000,21,-70712,69125,2.1
023260018000,27,-70712,69124,2.7
023260019000,34,-70712,69123,3.4
023260022000,30,-70717,69122,3.0
023260023000,32,-70718,69123,3.2
023260024000,25,-70719,69124,2.5
023270003000,11,-70708,69121,1.1
023270004000,79,-70707,69122,7.9
023270005000,65,-70706,69124,6.5
023270006000,92,-70707,69124,9.2
023270009000,1,-70711,69124,0.1
023270016000,78,-70709,69123,7.8
023270017000,63,-70708,69124,6.3
023300023000,44,-70724,69091,4.4
023310019000,45,-70678,69140,4.5
023330002000,44,-70653,69078,4.4
023330008000,2,-70658,69082,0.2
023330009000,57,-70659,69082,5.7
023330011000,38,-70656,69075,3.8
023330012000,90,-70655,69074,9.0
023330014000,6,-70653,69073,0.6
023330015000,2,-70652,69073,0.2
023340001000,44,-70650,69081,4.4
023340003000,28,-70650,69083,2.8
023340006000,35,-70650,69087,3.5
023340007000,5,-70650,69088,0.5
023340008000,10,-70651,69088,1.0
023340009000,23,-70652,69089,2.3
023340014000,122,-70656,69088,12.2
023340015000,22,-70656,69087,2.2
023340016000,34,-70657,69086,3.4
023340017000,93,-70657,69085,9.3
023340018000,70,-70657,69084,7.0
023340019000,66,-70658,69083,6.6
023340022000,10,-70654,69084,1.0
023340023000,34,-70654,69086,3.4
023340025000,57,-70652,69086,5.7
023340026000,118,-70652,69085,11.8
023340028000,87,-70652,69083,8.7
023340029000,7,-70652,69082,0.7
023350003000,128,-70666,69084,12.8
023350007000,38,-70662,69086,3.8
023350008000,98,-70663,69086,9.8
023350009000,35,-70664,69086,3.5
023350011000,112,-70665,69087,11.2
023350012000,23,-70666,69087,2.3
023350013000,15,-70667,69088,1.5
023350014000,32,-70667,69088,3.2
023350049000,14,-70662,69083,1.4
023350050000,33,-70663,69083,3.3
023350051000,34,-70664,69082,3.4
023370014000,93,-70634,69093,9.3
023400001000,6,-70648,69084,0.6
023400002000,46,-70648,69083,4.6
023400003000,84,-70648,69082,8.4
023400004000,34,-70648,69081,3.4
023400005000,44,-70647,69081,4.4
023410005000,47,-70648,69088,4.7
023410006000,34,-70648,69087,3.4
023410007000,23,-70647,69086,2.3
023420001000,110,-70649,69080,11.0
023420002000,59,-70650,69079,5.9
023420005000,8,-70652,69076,0.8
023420006000,101,-70653,69076,10.1
023430001000,25,-70677,69100,2.5
023430002000,134,-70678,69099,13.4
023430003000,29,-70676,69099,2.9
023430004000,22,-70676,69098,2.2
023430005000,38,-70677,69097,3.8
023430006000,51,-70679,69097,5.1
023430007000,75,-70680,69096,7.5
023430008000,39,-70677,69096,3.9
023430010000,45,-70679,69094,4.5
023430011000,0,-70679,69093,0.0
023430012000,45,-70680,69093,4.5
023430013000,144,-70679,69092,14.4
023430014000,65,-70678,69093,6.5
023430015000,11,-70678,69093,1.1
023430017000,119,-70676,69095,11.9
023430018000,35,-70675,69096,3.5
023430019000,4,-70675,69097,0.4
023430020000,64,-70674,69097,6.4
023430022000,33,-70673,69098,3.3
023430032000,21,-70671,69093,2.1
023430033000,5,-70671,69095,0.5
023430034000,51,-70672,69095,5.1
023430035000,58,-70673,69095,5.8
023430036000,132,-70674,69094,13.2
023430039000,111,-70676,69092,11.1
023430040000,100,-70677,69091,10.0
023440002000,110,-70684,69102,11.0
023440003000,10,-70683,69102,1.0
023440004000,61,-70682,69101,6.1
023440005000,22,-70681,69101,2.2
023440006000,25,-70681,69100,2.5
023440007000,83,-70680,69100,8.3
023440008000,51,-70679,69100,5.1
023440009000,36,-70680,69098,3.6
023440010000,122,-70681,69098,12.2
023440011000,18,-70682,69099,1.8
023440012000,11,-70683,69099,1.1
023440013000,33,-70683,69099,3.3
023440014000,65,-70684,69100,6.5
023440017000,52,-70686,69100,5.2
023440018000,89,-70685,69099,8.9
023440019000,35,-70684,69098,3.5
023440020000,13,-70684,69098,1.3
023440021000,58,-70683,69097,5.8
023440022000,70,-70682,69097,7.0
023440023000,33,-70681,69096,3.3
023440024000,4,-70681,69095,0.4
023440025000,114,-70683,69095,11.4
023440026000,15,-70684,69095,1.5
023440027000,106,-70685,69096,10.6
023440028000,57,-70686,69097,5.7
023440029000,11,-70687,69097,1.1
023440034000,30,-70687,69095,3.0
023440037000,56,-70684,69094,5.6
023440038000,56,-70683,69093,5.6
023440039000,37,-70682,69094,3.7
023450012000,44,-70693,69088,4.4
023450013000,116,-70692,69088,11.6
023450014000,39,-70691,69088,3.9
023450018000,52,-70688,69087,5.2
023450019000,64,-70687,69087,6.4
023450020000,60,-70686,69087,6.0
023450021000,67,-70685,69087,6.7
023450022000,62,-70684,69087,6.2
023450023000,58,-70683,69087,5.8
023450025000,74,-70682,69088,7.4
023450027000,13,-70683,69089,1.3
023450028000,80,-70684,69089,8.0
023450029000,48,-70685,69089,4.8
023450030000,98,-70686,69089,9.8
023450032000,104,-70685,69090,10.4
023450033000,18,-70684,69091,1.8
023450034000,86,-70683,69091,8.6
023450035000,80,-70682,69092,8.0
023450036000,80,-70681,69092,8.0
023460001000,7,-70680,69091,0.7
023460002000,29,-70681,69091,2.9
023460003000,16,-70681,69091,1.6
023460004000,56,-70681,69088,5.6
023460005000,59,-70680,69089,5.9
023460006000,16,-70679,69089,1.6
023460007000,39,-70678,69090,3.9
023460008000,8,-70678,69091,0.8
023460010000,42,-70670,69090,4.2
023460013000,83,-70670,69087,8.3
023460014000,9,-70671,69089,0.9
023460015000,9,-70672,69089,0.9
023460016000,94,-70671,69087,9.4
023460017000,10,-70672,69086,1.0
023460018000,3,-70672,69089,0.3
023460020000,46,-70673,69086,4.6
023460021000,55,-70674,69086,5.5
023460022000,29,-70674,69088,2.9
023460023000,55,-70675,69088,5.5
023460024000,13,-70676,69087,1.3
023460025000,99,-70677,69087,9.9
023470002000,0,-70682,69086,0.0
023470003000,112,-70681,69086,11.2
023470004000,81,-70680,69086,8.1
023470005000,2,-70679,69086,0.2
023470006000,81,-70678,69087,8.1
023470007000,34,-70675,69085,3.4
023470008000,19,-70676,69085,1.9
023470009000,20,-70677,69085,2.0
023470010000,14,-70678,69084,1.4
023470012000,15,-70679,69084,1.5
023470013000,8,-70680,69084,0.8
023470014000,41,-70681,69083,4.1
023470015000,47,-70682,69083,4.7
023470017000,43,-70681,69082,4.3
023470018000,93,-70680,69082,9.3
023470020000,89,-70677,69083,8.9
023470021000,67,-70676,69083,6.7
023470022000,13,-70675,69084,1.3
023470023000,121,-70674,69084,12.1
023470026000,8,-70672,69084,0.8
023470028000,69,-70670,69081,6.9
023470030000,16,-70671,69079,1.6
023470031000,7,-70671,69079,0.7
023470032000,57,-70671,69078,5.7
023470033000,50,-70673,69079,5.0
023470034000,42,-70672,69080,4.2
023470035000,50,-70674,69080,5.0
023470036000,116,-70672,69081,11.6
023470037000,95,-70673,69082,9.5
023470038000,34,-70674,69082,3.4
023470039000,54,-70675,69081,5.4
023470040000,76,-70675,69080,7.6
023470041000,41,-70676,69080,4.1
023470042000,99,-70676,69081,9.9
023470043000,136,-70677,69081,13.6
023470044000,8,-70677,69079,0.8
023470045000,88,-70678,69079,8.8
023470046000,85,-70678,69081,8.5
023470047000,98,-70679,69080,9.8
023470049000,83,-70679,69079,8.3
023480001000,71,-70696,69082,7.1
023480002000,71,-70695,69083,7.1
023480005000,25,-70685,69084,2.5
023480006000,8,-70686,69084,0.8
023480008000,21,-70687,69083,2.1
023480013000,36,-70692,69081,3.6
023480014000,107,-70693,69081,10.7
023480015000,59,-70694,69081,5.9
023480016000,50,-70695,69080,5.0
023480019000,97,-70689,69080,9.7
023480024000,71,-70684,69082,7.1
023480025000,52,-70683,69082,5.2
023480026000,93,-70683,69081,9.3
023480027000,11,-70684,69081,1.1
023480029000,122,-70686,69080,12.2
023480030000,12,-70687,69079,1.2
023480033000,19,-70690,69078,1.9
023480036000,51,-70683,69078,5.1
023490005000,42,-70700,69090,4.2
023490006000,138,-70699,69090,13.8
023490007000,41,-70698,69090,4.1
023490009000,67,-70697,69089,6.7
023490010000,14,-70697,69089,1.4
023490011000,88,-70696,69088,8.8
023490013000,40,-70694,69087,4.0
023490014000,103,-70694,69086,10.3
023490015000,65,-70694,69085,6.5
023490016000,65,-70695,69084,6.5
023490017000,57,-70697,69084,5.7
023490018000,67,-70697,69085,6.7
023490019000,102,-70696,69086,10.2
023490020000,52,-70697,69086,5.2
023490021000,81,-70698,69087,8.1
023490022000,87,-70699,69087,8.7
023490023000,46,-70700,69088,4.6
023490024000,7,-70701,69088,0.7
023490025000,24,-70702,69088,2.4
023490028000,129,-70704,69087,12.9
023490029000,60,-70703,69087,6.0
023490030000,18,-70702,69087,1.8
023490033000,18,-70699,69086,1.8
023490034000,93,-70698,69085,9.3
023490037000,6,-70701,69087,0.6
023490039000,86,-70700,69086,8.6
023500002000,69,-70704,69085,6.9
023500003000,14,-70703,69084,1.4
023500004000,55,-70702,69084,5.5
023500005000,132,-70701,69084,13.2
023500006000,45,-70700,69084,4.5
023500007000,22,-70700,69083,2.2
023500008000,12,-70699,69083,1.2
023500009000,101,-70698,69082,10.1
023500010000,2,-70698,69081,0.2
023500011000,28,-70700,69081,2.8
023500012000,5,-70701,69082,0.5
023500013000,10,-70701,69082,1.0
023500014000,4,-70702,69082,0.4
023500015000,58,-70703,69083,5.8
023500016000,59,-70704,69083,5.9
023500017000,60,-70705,69084,6.0
023500018000,97,-70706,69084,9.7
023500019000,62,-70707,69082,6.2
023500020000,26,-70706,69082,2.6
023500021000,101,-70705,69081,10.1
023500022000,87,-70704,69081,8.7
023500023000,26,-70703,69080,2.6
023500025000,15,-70702,69080,1.5
023500026000,41,-70701,69079,4.1
023500027000,16,-70700,69079,1.6
023500028000,2,-70699,69078,0.2
023500029000,56,-70697,69078,5.6
023510001000,82,-70696,69078,8.2
023510002000,3,-70695,69078,0.3
023510003000,1,-70694,69079,0.1
023510004000,0,-70694,69077,0.0
023510005000,65,-70693,69077,6.5
023510006000,8,-70692,69077,0.8
023510007000,69,-70691,69076,6.9
023510008000,89,-70690,69076,8.9
023510009000,46,-70689,69076,4.6
023510010000,93,-70687,69076,9.3
023510011000,61,-70686,69077,6.1
023520001000,98,-70681,69079,9.8
023520002000,0,-70682,69078,0.0
023520003000,102,-70680,69078,10.2
023520007000,7,-70679,69077,0.7
023520008000,108,-70678,69077,10.8
023520009000,80,-70677,69077,8.0
023520010000,31,-70676,69077,3.1
023520011000,65,-70675,69078,6.5
023520012000,11,-70674,69077,1.1
023520013000,81,-70673,69077,8.1
023520014000,25,-70674,69076,2.5
023520016000,90,-70674,69075,9.0
023520017000,107,-70674,69074,10.7
023520018000,89,-70675,69074,8.9
023520019000,16,-70676,69075,1.6
023520021000,86,-70677,69075,8.6
023520022000,128,-70678,69075,12.8
023520023000,48,-70679,69075,4.8
023520025000,46,-70680,69073,4.6
023520027000,9,-70677,69073,0.9
023520028000,62,-70676,69072,6.2
023520029000,68,-70675,69072,6.8
023520030000,41,-70674,69072,4.1
023520031000,29,-70673,69072,2.9
023520032000,30,-70672,69073,3.0
023520034000,49,-70672,69074,4.9
023520035000,55,-70672,69075,5.5
023520036000,9,-70671,69076,0.9
023520037000,66,-70671,69077,6.6
023530007000,98,-70710,69083,9.8
023530008000,90,-70708,69083,9.0
023530009000,146,-70708,69082,14.6
023560007000,46,-70650,69072,4.6
023560008000,28,-70650,69071,2.8
023560009000,87,-70650,69071,8.7
023560010000,94,-70650,69071,9.4
023560011000,80,-70650,69071,8.0
023560012000,45,-70650,69070,4.5
023560013000,19,-70650,69070,1.9
023560014000,11,-70650,69069,1.1
023560015000,15,-70651,69069,1.5
023560016000,30,-70651,69069,3.0
023560018000,86,-70651,69068,8.6
023560019000,85,-70651,69068,8.5
023560020000,36,-70651,69068,3.6
023560021000,1,-70652,69068,0.1
023560022000,31,-70652,69068,3.1
023560023000,40,-70653,69066,4.0
023560024000,13,-70653,69066,1.3
023560025000,22,-70653,69067,2.2
023560026000,15,-70654,69067,1.5
023560027000,78,-70654,69067,7.8
023560028000,59,-70655,69067,5.9
023560029000,24,-70655,69067,2.4
023560030000,24,-70655,69068,2.4
023560031000,47,-70655,69068,4.7
023560032000,13,-70655,69068,1.3
023560034000,52,-70654,69070,5.2
023560035000,65,-70654,69070,6.5
023560036000,30,-70654,69070,3.0
023560037000,18,-70654,69071,1.8
023560038000,54,-70654,69071,5.4
023560039000,95,-70652,69071,9.5
023560040000,121,-70652,69071,12.1
023560041000,89,-70652,69071,8.9
023560042000,42,-70652,69071,4.2
023560043000,8,-70651,69071,0.8
023560044000,68,-70652,69070,6.8
023560045000,47,-70652,69070,4.7
023560046000,8,-70652,69069,0.8
023560047000,53,-70652,69069,5.3
023560048000,106,-70652,69069,10.6
023560049000,76,-70653,69069,7.6
023560050000,22,-70653,69069,2.2
023560051000,21,-70654,69069,2.1
023560052000,76,-70654,69069,7.6
023560053000,44,-70654,69069,4.4
023570001000,104,-70711,69090,10.4
023570002000,44,-70711,69090,4.4
023570003000,9,-70712,69089,0.9
023570004000,71,-70712,69089,7.1
023570005000,77,-70712,69088,7.7
023570006000,129,-70712,69088,12.9
023570007000,23,-70711,69087,2.3
023570008000,48,-70711,69087,4.8
023570009000,48,-70711,69087,4.8
023570010000,23,-70711,69087,2.3
023570011000,18,-70711,69089,1.8
023570012000,108,-70711,69089,10.8
023570013000,71,-70711,69089,7.1
023570014000,7,-70711,69090,0.7
023570015000,17,-70710,69091,1.7
023570016000,115,-70710,69091,11.5
023570017000,49,-70710,69091,4.9
023570018000,64,-70709,69091,6.4
023570019000,49,-70710,69091,4.9
023570020000,64,-70709,69091,6.4
023570021000,26,-70710,69090,2.6
023570022000,3,-70710,69090,0.3
023570023000,26,-70710,69090,2.6
023570024000,3,-70710,69090,0.3
023570025000,60,-70710,69087,6.0
023570026000,54,-70709,69087,5.4
023570027000,60,-70710,69087,6.0
023570028000,54,-70709,69087,5.4
023570029000,126,-70709,69088,12.6
023570030000,39,-70709,69088,3.9
023570031000,83,-70709,69089,8.3
023570032000,102,-70709,69089,10.2
023570033000,102,-70709,69089,10.2
023570034000,83,-70709,69089,8.3
023570035000,39,-70709,69088,3.9
023570036000,126,-70709,69088,12.6
023570037000,66,-70708,69088,6.6
023570038000,34,-70708,69089,3.4
023570039000,139,-70708,69089,13.9
023570040000,23,-70708,69089,2.3
023570041000,139,-70708,69089,13.9
023570042000,23,-70708,69089,2.3
023570043000,95,-70708,69090,9.5
023570044000,73,-70708,69090,7.3
023580012000,17,-70672,69157,1.7
023610002000,36,-70704,69124,3.6
023620012000,85,-70656,69094,8.5
023630001000,10,-70649,69088,1.0
023630002000,50,-70649,69089,5.0
023630003000,80,-70650,69090,8.0
023630004000,28,-70650,69091,2.8
023630007000,28,-70654,69092,2.8
023630010000,61,-70656,69091,6.1
023630012000,6,-70658,69090,0.6
024010005000,18,-70711,69011,1.8
024010006000,107,-70710,69010,10.7
024010008000,101,-70709,69009,10.1
024010010000,6,-70709,69008,0.6
024020001000,49,-70708,69007,4.9
024020006000,37,-70706,69004,3.7
024020011000,23,-70708,69002,2.3
024040012000,51,-70711,68983,5.1
024040013000,141,-70712,68984,14.1
024040019000,5,-70717,68987,0.5
024040022000,43,-70715,68984,4.3
024050001000,39,-70718,68984,3.9
024050002000,133,-70717,68983,13.3
024050008000,112,-70709,68982,11.2
024050009000,51,-70708,68981,5.1
024050013000,113,-70707,68979,11.3
024050014000,77,-70708,68979,7.7
024060006000,8,-70700,68984,0.8
024060008000,117,-70700,68982,11.7
024060009000,45,-70702,68981,4.5
024060010000,24,-70703,68981,2.4
024210003000,108,-70713,68964,10.8
024210005000,53,-70715,68963,5.3
024230012000,40,-70730,68942,4.0
024270002000,20,-70722,68971,2.0
024300006000,50,-70672,69020,5.0
024300007000,27,-70674,69020,2.7
024300008000,57,-70675,69020,5.7
024310010000,27,-70675,69019,2.7
024310011000,43,-70674,69019,4.3
024320006000,4,-70675,69009,0.4
024320007000,37,-70674,69010,3.7
024320008000,57,-70674,69011,5.7
024320009000,57,-70674,69012,5.7
024320010000,1,-70674,69012,0.1
024320013000,38,-70675,69016,3.8
024320014000,33,-70675,69017,3.3
024330007000,2,-70680,69013,0.2
024330008000,28,-70680,69013,2.8
024330009000,24,-70679,69014,2.4
024340010000,33,-70675,69008,3.3
024560005000,41,-70726,68985,4.1
024560006000,20,-70728,68985,2.0
024560009000,14,-70727,68987,1.4
024560010000,21,-70729,68989,2.1
024560011000,108,-70730,68990,10.8
024560012000,52,-70731,68990,5.2
024560013000,52,-70733,68991,5.2
024560014000,12,-70734,68990,1.2
024560016000,57,-70731,68989,5.7
024570007000,112,-70724,68984,11.2
024570008000,25,-70722,68985,2.5
024570010000,26,-70723,68987,2.6
024570011000,59,-70725,68986,5.9
024570013000,10,-70725,68988,1.0
024570015000,26,-70726,68988,2.6
024580018000,10,-70721,68975,1.0
024590003000,84,-70739,68977,8.4
024590005000,80,-70737,68976,8.0
024590016000,75,-70739,68980,7.5
024590018000,24,-70740,68978,2.4
024600005000,32,-70726,68974,3.2
024600006000,20,-70726,68975,2.0
024600007000,44,-70728,68975,4.4
024600015000,24,-70731,68974,2.4
024600018000,23,-70733,68970,2.3
024610002000,21,-70743,68974,2.1
024610005000,87,-70742,68977,8.7
024610007000,27,-70744,68979,2.7
024610012000,60,-70746,68982,6.0
024610013000,22,-70747,68983,2.2
024610016000,2,-70749,68980,0.2
024610017000,42,-70750,68978,4.2
024610020000,73,-70751,68975,7.3
024610022000,67,-70747,68974,6.7
024610023000,21,-70747,68975,2.1
024610025000,42,-70748,68976,4.2
024610026000,20,-70746,68976,2.0
024610028000,44,-70748,68977,4.4
024610029000,4,-70748,68978,0.4
024610030000,129,-70746,68978,12.9
024610031000,52,-70746,68979,5.2
024610032000,36,-70747,68979,3.6
024610033000,16,-70747,68981,1.6
024610034000,1,-70745,68980,0.1
024620004000,18,-70740,68969,1.8
024620009000,88,-70737,68973,8.8
024620018000,4,-70743,68969,0.4
024620019000,30,-70744,68969,3.0
024640003000,37,-70739,68965,3.7
024640004000,63,-70739,68964,6.3
024640005000,52,-70742,68968,5.2
024640011000,61,-70744,68966,6.1
024640012000,50,-70744,68967,5.0
024640013000,53,-70744,68968,5.3
024640017000,32,-70746,68967,3.2
024640022000,11,-70746,68970,1.1
024640023000,15,-70745,68969,1.5
024640029000,45,-70750,68968,4.5
024640030000,88,-70750,68969,8.8
024640039000,17,-70752,68972,1.7
024640040000,6,-70751,68974,0.6
024650004000,35,-70738,68958,3.5
024650009000,107,-70739,68961,10.7
024650011000,41,-70740,68959,4.1
024650013000,3,-70743,68958,0.3
024650014000,15,-70744,68957,1.5
024650015000,35,-70746,68958,3.5
024650016000,9,-70744,68958,0.9
024650017000,73,-70743,68959,7.3
024650018000,104,-70742,68960,10.4
024650019000,45,-70741,68961,4.5
024650020000,18,-70740,68962,1.8
024660002000,76,-70747,68963,7.6
024660003000,55,-70747,68962,5.5
024660006000,80,-70749,68962,8.0
024660007000,90,-70750,68961,9.0
024660012000,92,-70752,68962,9.2
024670008000,53,-70746,68957,5.3
024670009000,31,-70745,68957,3.1
024700010000,91,-70680,68997,9.1
024700017000,5,-70679,68985,0.5
024750006000,36,-70713,69012,3.6
024750007000,107,-70713,69010,10.7
024750011000,86,-70710,69007,8.6
024750012000,74,-70710,69006,7.4
024750015000,14,-70713,69007,1.4
024750016000,53,-70713,69008,5.3
024750017000,27,-70714,69008,2.7
024750018000,44,-70715,69007,4.4
024750019000,41,-70715,69006,4.1
024760007000,96,-70727,69006,9.6
024770010000,27,-70715,69003,2.7
024770011000,31,-70715,69004,3.1
024770012000,36,-70715,69005,3.6
024770021000,94,-70710,69002,9.4
024770022000,132,-70709,69003,13.2
024780009000,26,-70714,68995,2.6
024780013000,8,-70715,68991,0.8
024780014000,109,-70713,68993,10.9
024790008000,28,-70728,69002,2.8
024790024000,67,-70729,68999,6.7
024790028000,91,-70729,68998,9.1
024800010000,62,-70733,69005,6.2
024800011000,10,-70735,69005,1.0
024810010000,40,-70736,68998,4.0
024810013000,50,-70736,68999,5.0
024810015000,16,-70735,69000,1.6
024820008000,100,-70727,68995,10.0
024820012000,114,-70728,68990,11.4
024830005000,91,-70725,68990,9.1
024830012000,57,-70719,68992,5.7
024830015000,68,-70721,68987,6.8
024830016000,14,-70720,68985,1.4
024830017000,92,-70719,68985,9.2
024830018000,40,-70719,68987,4.0
024830022000,45,-70716,68990,4.5
024840008000,87,-70751,68951,8.7
024840009000,53,-70752,68951,5.3
024840016000,5,-70757,68956,0.5
024840025000,4,-70754,68954,0.4
024840026000,88,-70754,68953,8.8
024850001000,31,-70760,68945,3.1
024850002000,42,-70758,68945,4.2
024850019000,83,-70746,68935,8.3
024850022000,15,-70746,68936,1.5
024850023000,101,-70745,68938,10.1
024850024000,2,-70747,68938,0.2
024850025000,76,-70746,68939,7.6
024850026000,80,-70745,68939,8.0
024850027000,47,-70745,68941,4.7
024850028000,44,-70743,68942,4.4
024850040000,5,-70755,68942,0.5
024850041000,50,-70757,68941,5.0
024850053000,61,-70753,68940,6.1
024850059000,79,-70751,68937,7.9
024850061000,89,-70751,68936,8.9
024850062000,67,-70751,68935,6.7
024860001000,8,-70743,68940,0.8
024860002000,12,-70743,68939,1.2
024860006000,49,-70741,68936,4.9
024860007000,69,-70742,68935,6.9
024860016000,72,-70742,68932,7.2
024860017000,45,-70741,68931,4.5
024880015000,134,-70723,68939,13.4
024880016000,54,-70722,68940,5.4
024880034000,115,-70718,68934,11.5
024880035000,106,-70719,68933,10.6
026010001000,11,-70593,69161,1.1
026010011000,20,-70593,69160,2.0
026010012000,45,-70594,69159,4.5
026010013000,10,-70594,69158,1.0
026010015000,11,-70595,69155,1.1
026020015000,88,-70568,69148,8.8
026310002000,19,-70606,69080,1.9
026310006000,39,-70608,69078,3.9
026310007000,56,-70609,69078,5.6
026310008000,68,-70608,69079,6.8
026310009000,14,-70610,69079,1.4
026310010000,73,-70609,69080,7.3
026310011000,37,-70610,69081,3.7
026310014000,17,-70614,69084,1.7
026310015000,47,-70614,69081,4.7
026310017000,1,-70613,69080,0.1
026310018000,12,-70612,69079,1.2
026320002000,101,-70607,69074,10.1
026320006000,3,-70609,69075,0.3
026320007000,85,-70610,69076,8.5
026320009000,4,-70613,69075,0.4
026320010000,69,-70614,69076,6.9
026320013000,4,-70615,69079,0.4
026320014000,56,-70613,69078,5.6
026320015000,32,-70611,69079,3.2
026320017000,16,-70611,69078,1.6
026330006000,6,-70627,69065,0.6
026340002000,2,-70630,69062,0.2
026340012000,107,-70627,69062,10.7
026350002000,110,-70640,69056,11.0
026350010000,93,-70635,69061,9.3
026350018000,34,-70638,69058,3.4
026370003000,33,-70638,69051,3.3
026370019000,82,-70635,69049,8.2
026370020000,82,-70635,69050,8.2
026370021000,82,-70635,69051,8.2
026370022000,22,-70635,69052,2.2
026370023000,55,-70636,69053,5.5
026510005000,62,-70570,69032,6.2
028050007000,35,-70437,69115,3.5
028070014000,30,-70429,69088,3.0
028100025000,9,-70421,69083,0.9
028221022000,57,-70451,69014,5.7
028261026000,56,-70478,69010,5.6
028261040000,18,-70455,69011,1.8
029010001000,106,-70668,69373,10.6
029010003000,143,-70663,69368,14.3
029010004000,5,-70662,69368,0.5
029010005000,32,-70663,69367,3.2
029010006000,104,-70663,69366,10.4
029010007000,64,-70660,69367,6.4
029010008000,95,-70661,69366,9.5
029010010000,82,-70661,69365,8.2
029010011000,24,-70660,69365,2.4
029010013000,20,-70658,69366,2.0
029010014000,116,-70659,69365,11.6
029010015000,39,-70667,69372,3.9
029020001000,65,-70658,69364,6.5
029020002000,57,-70658,69364,5.7
029020003000,91,-70660,69364,9.1
029020004000,30,-70660,69364,3.0
029020005000,94,-70659,69363,9.4
029020006000,47,-70659,69363,4.7
029020007000,20,-70658,69362,2.0
029020008000,27,-70658,69362,2.7
029020009000,60,-70658,69360,6.0
029020010000,52,-70659,69360,5.2
029020011000,12,-70659,69359,1.2
029020012000,80,-70660,69359,8.0
029020013000,91,-70661,69360,9.1
029020014000,26,-70661,69360,2.6
029020015000,51,-70662,69361,5.1
029020016000,37,-70663,69361,3.7
029020017000,15,-70663,69360,1.5
029020018000,42,-70664,69361,4.2
029020019000,11,-70664,69362,1.1
029020020000,18,-70664,69363,1.8
029020021000,72,-70664,69363,7.2
029020022000,57,-70664,69364,5.7
029020023000,0,-70664,69365,0.0
029020024000,30,-70663,69365,3.0
029020025000,20,-70662,69364,2.0
029020026000,52,-70662,69363,5.2
029020027000,32,-70663,69362,3.2
029020028000,56,-70662,69362,5.6
029020029000,96,-70661,69362,9.6
029020030000,2,-70661,69361,0.2
029020031000,105,-70660,69361,10.5
029020032000,32,-70659,69361,3.2
029020033000,132,-70660,69362,13.2
029020034000,25,-70661,69363,2.5
029020035000,102,-70661,69363,10.2
029020036000,18,-70661,69364,1.8
029040002000,108,-70661,69347,10.8
029040005000,37,-70662,69345,3.7
029040006000,46,-70662,69346,4.6
029040007000,36,-70662,69343,3.6
029040015000,23,-70662,69345,2.3
029040016000,3,-70662,69346,0.3
029040017000,89,-70663,69346,8.9
029040019000,4,-70664,69346,0.4
029040020000,112,-70664,69346,11.2
029040021000,24,-70664,69346,2.4
029040022000,36,-70664,69346,3.6
029040023000,42,-70663,69345,4.2
029040024000,77,-70663,69345,7.7
029040025000,19,-70664,69346,1.9
029040026000,68,-70665,69346,6.8
029040027000,44,-70665,69346,4.4
029040028000,16,-70665,69346,1.6
029040029000,23,-70662,69345,2.3
029040030000,3,-70662,69346,0.3
029040031000,77,-70663,69345,7.7
029040032000,89,-70663,69346,8.9
029040033000,120,-70663,69346,12.0
029040034000,4,-70664,69346,0.4
029040035000,36,-70664,69346,3.6
029040036000,42,-70663,69345,4.2
029040037000,112,-70664,69346,11.2
029040038000,24,-70664,69346,2.4
029040039000,19,-70664,69346,1.9
029040040000,68,-70665,69346,6.8
029040041000,30,-70665,69346,3.0
029050003000,30,-70688,69347,3.0
029050004000,48,-70688,69345,4.8
029050005000,45,-70686,69348,4.5
029050008000,6,-70683,69346,0.6
029050009000,60,-70683,69346,6.0
029050011000,7,-70682,69345,0.7
029050012000,74,-70681,69345,7.4
029050014000,30,-70679,69345,3.0
029050015000,13,-70678,69344,1.3
029050016000,45,-70678,69344,4.5
029050017000,78,-70677,69344,7.8
029050021000,39,-70676,69342,3.9
029050022000,23,-70677,69342,2.3
029050023000,35,-70677,69342,3.5
029050024000,5,-70677,69342,0.5
029050028000,14,-70676,69345,1.4
029050029000,47,-70684,69347,4.7
029050030000,27,-70684,69347,2.7
029050032000,13,-70680,69345,1.3
029050033000,105,-70687,69350,10.5
029050035000,32,-70688,69348,3.2
029050036000,57,-70686,69350,5.7
029050037000,21,-70685,69350,2.1
029050038000,53,-70685,69350,5.3
029050039000,14,-70684,69350,1.4
029050040000,16,-70683,69349,1.6
029050041000,45,-70682,69349,4.5
029050042000,46,-70682,69348,4.6
029050043000,1,-70683,69347,0.1
029050044000,70,-70683,69347,7.0
029050045000,88,-70686,69349,8.8
029060001000,116,-70687,69346,11.6
029060002000,37,-70687,69345,3.7
029060003000,69,-70687,69345,6.9
029060004000,96,-70688,69344,9.6
029060005000,102,-70687,69344,10.2
029060006000,4,-70688,69343,0.4
029060007000,2,-70687,69344,0.2
029060008000,19,-70688,69343,1.9
029060009000,43,-70687,69343,4.3
029060010000,15,-70687,69342,1.5
029060011000,37,-70688,69342,3.7
029060012000,15,-70688,69342,1.5
029060013000,45,-70689,69341,4.5
029060014000,9,-70687,69341,0.9
029060015000,97,-70687,69340,9.7
029060016000,52,-70686,69340,5.2
029060017000,20,-70686,69339,2.0
029060018000,36,-70685,69339,3.6
029060019000,57,-70685,69339,5.7
029060020000,37,-70684,69338,3.7
029060021000,119,-70684,69338,11.9
029060022000,16,-70683,69338,1.6
029060023000,91,-70683,69337,9.1
029060024000,18,-70682,69337,1.8
029060025000,25,-70686,69345,2.5
029060026000,126,-70685,69345,12.6
029060027000,18,-70684,69345,1.8
029060028000,26,-70684,69344,2.6
029060029000,29,-70683,69344,2.9
029060030000,87,-70683,69344,8.7
029060031000,24,-70682,69344,2.4
029060032000,3,-70681,69343,0.3
029060033000,21,-70682,69343,2.1
029060034000,32,-70683,69343,3.2
029060035000,68,-70683,69343,6.8
029060036000,108,-70684,69343,10.8
029060037000,15,-70684,69343,1.5
029060038000,114,-70685,69344,11.4
029060039000,64,-70686,69344,6.4
029060040000,20,-70686,69343,2.0
029060041000,28,-70685,69342,2.8
029060042000,125,-70685,69342,12.5
029060043000,27,-70684,69342,2.7
029060044000,24,-70684,69341,2.4
029060045000,70,-70683,69341,7.0
029060046000,39,-70682,69341,3.9
029060047000,40,-70683,69341,4.0
029060048000,128,-70683,69340,12.8
029060049000,55,-70683,69339,5.5
029060050000,94,-70684,69340,9.4
029060051000,43,-70684,69340,4.3
029060052000,56,-70685,69341,5.6
029060053000,25,-70685,69341,2.5
029060054000,12,-70686,69342,1.2
029060055000,80,-70679,69343,8.0
029060056000,135,-70680,69343,13.5
029060057000,90,-70679,69342,9.0
029060058000,54,-70680,69342,5.4
029060059000,25,-70679,69342,2.5
029060060000,31,-70681,69342,3.1
029060061000,66,-70680,69341,6.6
029060062000,118,-70681,69341,11.8
029060063000,8,-70680,69341,0.8
029060064000,47,-70681,69340,4.7
029060066000,15,-70681,69340,1.5
029060068000,54,-70682,69339,5.4
029060070000,31,-70682,69338,3.1
029060071000,12,-70682,69338,1.2
029060072000,23,-70681,69337,2.3
029060073000,73,-70680,69338,7.3
029060074000,76,-70681,69337,7.6
029060075000,44,-70680,69336,4.4
029060078000,13,-70681,69339,1.3
029060080000,94,-70680,69340,9.4
029060081000,14,-70680,69339,1.4
029070001000,18,-70677,69341,1.8
029070002000,31,-70677,69342,3.1
029070003000,28,-70678,69341,2.8
029070004000,3,-70678,69340,0.3
029070005000,8,-70678,69340,0.8
029070006000,87,-70679,69339,8.7
029070007000,15,-70679,69338,1.5
029070008000,25,-70677,69339,2.5
029070010000,132,-70677,69338,13.2
029070011000,27,-70678,69338,2.7
029070012000,13,-70678,69338,1.3
029070013000,32,-70680,69337,3.2
029070014000,10,-70678,69336,1.0
029070015000,109,-70677,69336,10.9
029080005000,95,-70673,69345,9.5
029080006000,28,-70673,69344,2.8
029080007000,57,-70672,69344,5.7
029080008000,11,-70671,69344,1.1
029080010000,20,-70663,69343,2.0
029080011000,59,-70675,69344,5.9
029080012000,11,-70674,69344,1.1
029080013000,13,-70674,69344,1.3
029080016000,49,-70676,69342,4.9
029080017000,73,-70675,69342,7.3
029080018000,88,-70675,69342,8.8
029080019000,46,-70674,69342,4.6
029080020000,52,-70674,69342,5.2
029080022000,76,-70676,69341,7.6
029080023000,70,-70675,69341,7.0
029080024000,64,-70675,69341,6.4
029080025000,17,-70674,69340,1.7
029080026000,79,-70673,69340,7.9
029080027000,11,-70672,69340,1.1
029080028000,66,-70674,69340,6.6
029080029000,128,-70672,69342,12.8
029080030000,64,-70671,69342,6.4
029080031000,36,-70672,69341,3.6
029080032000,26,-70672,69340,2.6
029080033000,61,-70672,69340,6.1
029080035000,123,-70668,69340,12.3
029080038000,55,-70667,69342,5.5
029080039000,89,-70667,69342,8.9
029080040000,45,-70667,69341,4.5
029080041000,86,-70667,69341,8.6
029080042000,25,-70667,69340,2.5
029080043000,63,-70666,69340,6.3
029080044000,113,-70666,69339,11.3
029080048000,81,-70664,69338,8.1
029080049000,73,-70663,69338,7.3
029080052000,8,-70672,69342,0.8
029080053000,84,-70673,69342,8.4
029080054000,130,-70664,69341,13.0
029080056000,81,-70663,69342,8.1
029090002000,18,-70667,69337,1.8
029090003000,17,-70667,69336,1.7
029090004000,55,-70667,69336,5.5
029090005000,115,-70667,69335,11.5
029090006000,38,-70667,69334,3.8
029090007000,35,-70666,69334,3.5
029090008000,100,-70666,69333,10.0
029090009000,25,-70667,69333,2.5
029090010000,26,-70668,69334,2.6
029090011000,17,-70668,69335,1.7
029090012000,5,-70668,69336,0.5
029090013000,37,-70669,69336,3.7
029090014000,64,-70669,69337,6.4
029090015000,6,-70669,69338,0.6
029090016000,3,-70671,69338,0.3
029090017000,27,-70670,69337,2.7
029090018000,20,-70670,69334,2.0
029090019000,56,-70669,69333,5.6
029090020000,3,-70670,69333,0.3
029090021000,16,-70671,69335,1.6
029090022000,23,-70671,69336,2.3
029090023000,33,-70671,69337,3.3
029090024000,9,-70672,69338,0.9
029090025000,51,-70671,69338,5.1
029090026000,51,-70672,69338,5.1
029090027000,44,-70673,69338,4.4
029090028000,95,-70674,69337,9.5
029090029000,125,-70673,69337,12.5
029090030000,93,-70673,69336,9.3
029090032000,21,-70672,69334,2.1
029090034000,55,-70675,69334,5.5
029090035000,69,-70675,69334,6.9
029090036000,37,-70675,69335,3.7
029090037000,45,-70675,69335,4.5
029090038000,48,-70675,69336,4.8
029090039000,124,-70676,69336,12.4
029090041000,54,-70675,69338,5.4
029090042000,103,-70676,69338,10.3
029090043000,134,-70676,69339,13.4
029090044000,1,-70665,69336,0.1
029090045000,56,-70675,69338,5.6
029090046000,5,-70674,69339,0.5
029100001000,66,-70666,69337,6.6
029100002000,12,-70666,69336,1.2
029100003000,8,-70665,69335,0.8
029100004000,17,-70665,69334,1.7
029100005000,31,-70664,69334,3.1
029100006000,34,-70664,69333,3.4
029100007000,20,-70664,69332,2.0
029110002000,49,-70684,69330,4.9
029110003000,46,-70685,69331,4.6
029110004000,10,-70687,69332,1.0
029110005000,21,-70687,69331,2.1
029120001000,1,-70682,69332,0.1
029120007000,20,-70682,69333,2.0
029120008000,106,-70688,69334,10.6
029120009000,111,-70686,69332,11.1
029120010000,36,-70686,69332,3.6
029120011000,44,-70685,69333,4.4
029120014000,24,-70687,69334,2.4
029120015000,26,-70687,69334,2.6
029120017000,51,-70686,69334,5.1
029120018000,139,-70685,69333,13.9
029120019000,7,-70685,69333,0.7
029120022000,107,-70685,69337,10.7
029120023000,70,-70684,69337,7.0
029120024000,17,-70684,69336,1.7
029120025000,23,-70683,69335,2.3
029120026000,26,-70682,69336,2.6
029120027000,31,-70678,69336,3.1
029120028000,71,-70679,69335,7.1
029120030000,20,-70680,69334,2.0
029120031000,73,-70681,69334,7.3
029120032000,92,-70681,69334,9.2
029120036000,60,-70680,69334,6.0
029120037000,72,-70679,69334,7.2
029120038000,3,-70678,69335,0.3
029120039000,115,-70687,69333,11.5
029120040000,3,-70687,69333,0.3
029120041000,35,-70686,69336,3.5
029120042000,18,-70686,69335,1.8
029120043000,54,-70686,69335,5.4
029120044000,44,-70685,69336,4.4
029130001000,91,-70681,69333,9.1
029130002000,27,-70680,69333,2.7
029130003000,14,-70680,69333,1.4
029130004000,61,-70679,69333,6.1
029130005000,14,-70678,69333,1.4
029130006000,56,-70678,69333,5.6
029130007000,13,-70678,69332,1.3
029130008000,6,-70677,69331,0.6
029130009000,16,-70678,69331,1.6
029130010000,25,-70678,69330,2.5
029130011000,27,-70678,69330,2.7
029130012000,129,-70678,69329,12.9
029130013000,63,-70679,69329,6.3
029130014000,80,-70679,69329,8.0
029130015000,74,-70680,69329,7.4
029130016000,71,-70680,69329,7.1
029130017000,81,-70681,69329,8.1
029130018000,47,-70681,69329,4.7
029130019000,0,-70682,69329,0.0
029130020000,39,-70682,69330,3.9
029130021000,130,-70682,69331,13.0
029130022000,20,-70682,69332,2.0
029130023000,7,-70681,69330,0.7
029130024000,38,-70680,69330,3.8
029130025000,19,-70679,69330,1.9
029130026000,30,-70679,69330,3.0
029130027000,62,-70679,69331,6.2
029130028000,32,-70679,69331,3.2
029130029000,82,-70680,69331,8.2
029130030000,4,-70681,69331,0.4
029140001000,73,-70666,69332,7.3
029140002000,28,-70666,69332,2.8
029140006000,18,-70668,69327,1.8
029140008000,16,-70667,69332,1.6
029140009000,31,-70668,69331,3.1
029140010000,95,-70668,69331,9.5
029140011000,24,-70668,69330,2.4
029140012000,68,-70669,69329,6.8
029140013000,92,-70670,69329,9.2
029140015000,13,-70670,69332,1.3
029140016000,14,-70670,69333,1.4
029140017000,43,-70671,69332,4.3
029140021000,25,-70673,69330,2.5
029140022000,68,-70674,69330,6.8
029140023000,9,-70675,69332,0.9
029140024000,111,-70675,69332,11.1
029140025000,18,-70674,69333,1.8
029140026000,14,-70672,69333,1.4
029140027000,11,-70674,69333,1.1
029140028000,118,-70675,69333,11.8
029140029000,133,-70677,69335,13.3
029140030000,1,-70676,69334,0.1
029140032000,44,-70676,69332,4.4
029140033000,58,-70676,69331,5.8
029140034000,79,-70676,69331,7.9
029140035000,120,-70676,69330,12.0
029140037000,11,-70675,69328,1.1
029140039000,81,-70674,69327,8.1
029140040000,23,-70670,69330,2.3
029150001000,16,-70664,69331,1.6
029150002000,39,-70665,69330,3.9
029150003000,78,-70664,69330,7.8
029150004000,128,-70661,69330,12.8
029150005000,58,-70662,69330,5.8
029150006000,17,-70663,69330,1.7
029150007000,92,-70663,69329,9.2
029150009000,59,-70664,69328,5.9
029150010000,101,-70665,69329,10.1
029150012000,39,-70666,69328,3.9
029150013000,16,-70666,69327,1.6
029150014000,52,-70666,69327,5.2
029150015000,42,-70667,69326,4.2
029150017000,61,-70664,69325,6.1
029150020000,38,-70661,69328,3.8
029150021000,59,-70660,69328,5.9
029150022000,34,-70660,69329,3.4
029150023000,119,-70659,69329,11.9
029150024000,10,-70658,69329,1.0
029150026000,56,-70653,69328,5.6
029150028000,31,-70656,69325,3.1
029150029000,121,-70656,69324,12.1
029150031000,46,-70657,69326,4.6
029150033000,5,-70659,69324,0.5
029150034000,107,-70658,69323,10.7
029150035000,31,-70658,69324,3.1
029150036000,47,-70657,69324,4.7
029150037000,37,-70657,69324,3.7
029150038000,33,-70656,69323,3.3
029150039000,44,-70655,69323,4.4
029150040000,13,-70654,69323,1.3
029150041000,120,-70654,69324,12.0
029150042000,82,-70654,69325,8.2
029150043000,66,-70653,69325,6.6
029150045000,113,-70659,69324,11.3
029150047000,99,-70658,69325,9.9
029160003000,1,-70645,69325,0.1
029160004000,69,-70646,69325,6.9
029160005000,16,-70645,69323,1.6
029160006000,123,-70646,69323,12.3
029160007000,31,-70647,69324,3.1
029160009000,4,-70646,69322,0.4
029160010000,22,-70646,69321,2.2
029160011000,72,-70647,69320,7.2
029160012000,111,-70648,69321,11.1
029160013000,55,-70648,69321,5.5
029160014000,10,-70648,69321,1.0
029160016000,41,-70648,69322,4.1
029160017000,32,-70651,69322,3.2
029160019000,58,-70652,69324,5.8
029160020000,56,-70653,69324,5.6
029160021000,20,-70653,69324,2.0
029161001000,8,-70642,69326,0.8
029161002000,38,-70642,69325,3.8
029161003000,65,-70641,69325,6.5
029161004000,21,-70640,69324,2.1
029161005000,67,-70640,69324,6.7
029161006000,12,-70640,69323,1.2
029161007000,20,-70641,69324,2.0
029161008000,4,-70641,69324,0.4
029161009000,29,-70642,69324,2.9
029161011000,5,-70643,69324,0.5
029161012000,137,-70643,69324,13.7
029161013000,34,-70644,69324,3.4
029161014000,46,-70643,69323,4.6
029161015000,83,-70642,69323,8.3
029161016000,79,-70641,69322,7.9
029161017000,53,-70641,69322,5.3
029161019000,49,-70643,69323,4.9
029161021000,1,-70641,69321,0.1
029161022000,52,-70642,69320,5.2
029161023000,43,-70644,69321,4.3
029161024000,12,-70644,69321,1.2
029161025000,0,-70643,69320,0.0
029161026000,121,-70643,69320,12.1
029161027000,48,-70643,69320,4.8
029161028000,34,-70642,69319,3.4
029161029000,116,-70642,69319,11.6
029161030000,2,-70641,69319,0.2
029161031000,11,-70644,69319,1.1
029161032000,116,-70645,69320,11.6
029161033000,92,-70644,69322,9.2
029170001000,72,-70636,69325,7.2
029170002000,8,-70637,69325,0.8
029170003000,2,-70637,69325,0.2
029170005000,2,-70639,69326,0.2
029170006000,78,-70639,69325,7.8
029170008000,98,-70636,69324,9.8
029170009000,20,-70637,69323,2.0
029170011000,86,-70639,69324,8.6
029170014000,33,-70640,69322,3.3
029170015000,4,-70639,69322,0.4
029170017000,111,-70640,69321,11.1
029170018000,65,-70640,69320,6.5
029170019000,17,-70640,69319,1.7
029170020000,4,-70638,69319,0.4
029170021000,52,-70637,69318,5.2
029170022000,70,-70637,69319,7.0
029170023000,76,-70637,69320,7.6
029170024000,74,-70637,69321,7.4
029170025000,54,-70637,69322,5.4
029170026000,28,-70635,69324,2.8
029170027000,72,-70635,69323,7.2
029170028000,13,-70635,69322,1.3
029170029000,11,-70636,69321,1.1
029170030000,36,-70636,69320,3.6
029170031000,72,-70636,69319,7.2
029170032000,43,-70636,69318,4.3
029170034000,94,-70633,69316,9.4
029170035000,65,-70633,69317,6.5
029170036000,26,-70633,69318,2.6
029170037000,33,-70633,69318,3.3
029170038000,15,-70633,69319,1.5
029170039000,4,-70633,69320,0.4
029170040000,26,-70632,69320,2.6
029170041000,15,-70633,69320,1.5
029170042000,8,-70632,69321,0.8
029170043000,13,-70632,69322,1.3
029170044000,16,-70632,69323,1.6
029170046000,11,-70632,69323,1.1
029170051000,6,-70639,69323,0.6
029170053000,97,-70639,69320,9.7
029170056000,95,-70638,69326,9.5
029170059000,78,-70637,69324,7.8
029171001000,33,-70627,69320,3.3
029171002000,126,-70627,69320,12.6
029171003000,35,-70628,69320,3.5
029171004000,53,-70628,69320,5.3
029171005000,0,-70629,69321,0.0
029171006000,112,-70627,69321,11.2
029171007000,54,-70628,69321,5.4
029171008000,94,-70628,69322,9.4
029171009000,76,-70629,69322,7.6
029171010000,24,-70630,69322,2.4
029171011000,44,-70631,69323,4.4
029171012000,13,-70631,69322,1.3
029171013000,28,-70631,69321,2.8
029171014000,61,-70631,69321,6.1
029171015000,31,-70629,69321,3.1
029171016000,23,-70630,69321,2.3
029171017000,36,-70631,69320,3.6
029171018000,69,-70631,69319,6.9
029171019000,121,-70630,69319,12.1
029171020000,33,-70629,69319,3.3
029171021000,25,-70629,69318,2.5
029171024000,38,-70628,69317,3.8
029171025000,19,-70629,69316,1.9
029171026000,77,-70630,69317,7.7
029171027000,22,-70631,69318,2.2
029171028000,3,-70631,69316,0.3
029171029000,67,-70631,69316,6.7
029171030000,58,-70630,69316,5.8
029180003000,101,-70656,69321,10.1
029180005000,83,-70655,69318,8.3
029180006000,32,-70656,69318,3.2
029180007000,65,-70656,69318,6.5
029180008000,62,-70657,69318,6.2
029180009000,4,-70657,69319,0.4
029180010000,1,-70657,69319,0.1
029180011000,58,-70659,69319,5.8
029180012000,74,-70658,69320,7.4
029180013000,11,-70658,69320,1.1
029180014000,14,-70657,69322,1.4
029180015000,34,-70657,69322,3.4
029180016000,29,-70657,69322,2.9
029180017000,10,-70658,69323,1.0
029180019000,128,-70659,69322,12.8
029180020000,24,-70659,69322,2.4
029180021000,16,-70660,69321,1.6
029180023000,41,-70660,69320,4.1
029180024000,16,-70661,69321,1.6
029180025000,133,-70661,69322,13.3
029180026000,4,-70660,69323,0.4
029180027000,103,-70660,69323,10.3
029180028000,26,-70665,69325,2.6
029180030000,120,-70662,69318,12.0
029180031000,29,-70659,69318,2.9
029180032000,82,-70659,69317,8.2
029180033000,107,-70659,69317,10.7
029180034000,33,-70659,69317,3.3
029180035000,12,-70659,69317,1.2
029180036000,109,-70658,69317,10.9
029180039000,50,-70659,69316,5.0
029180040000,57,-70658,69316,5.7
029180041000,66,-70657,69317,6.6
029180042000,12,-70657,69317,1.2
029180043000,9,-70656,69317,0.9
029180044000,26,-70656,69316,2.6
029180045000,60,-70655,69316,6.0
029180047000,37,-70658,69322,3.7
029180048000,98,-70659,69321,9.8
029190002000,11,-70650,69321,1.1
029190003000,30,-70651,69320,3.0
029190004000,112,-70650,69320,11.2
029190006000,9,-70649,69319,0.9
029190007000,104,-70648,69319,10.4
029190008000,35,-70648,69318,3.5
029190009000,82,-70648,69318,8.2
029190010000,27,-70649,69317,2.7
029190011000,13,-70649,69317,1.3
029190012000,60,-70649,69316,6.0
029190013000,46,-70649,69316,4.6
029190014000,99,-70649,69315,9.9
029190015000,62,-70650,69316,6.2
029190016000,61,-70650,69317,6.1
029190017000,62,-70651,69316,6.2
029190018000,47,-70651,69316,4.7
029190019000,8,-70651,69316,0.8
029190020000,28,-70652,69317,2.8
029190021000,18,-70652,69317,1.8
029190022000,82,-70653,69317,8.2
029190025000,30,-70652,69319,3.0
029190026000,4,-70653,69317,0.4
029190028000,47,-70655,69316,4.7
029190029000,4,-70654,69316,0.4
029190030000,16,-70653,69315,1.6
029190031000,28,-70653,69316,2.8
029190032000,78,-70652,69315,7.8
029190033000,83,-70652,69315,8.3
029190034000,21,-70652,69315,2.1
029190035000,22,-70651,69315,2.2
029190036000,35,-70651,69314,3.5
029190038000,120,-70644,69319,12.0
029190039000,23,-70644,69319,2.3
029190040000,39,-70643,69318,3.9
029190041000,83,-70643,69318,8.3
029190042000,33,-70642,69318,3.3
029190043000,82,-70642,69317,8.2
029190044000,24,-70642,69316,2.4
029190045000,34,-70643,69316,3.4
029190046000,62,-70643,69315,6.2
029190047000,3,-70644,69317,0.3
029190050000,17,-70646,69318,1.7
029190051000,112,-70646,69318,11.2
029190052000,74,-70645,69317,7.4
029190053000,4,-70645,69317,0.4
029190054000,63,-70646,69317,6.3
029190056000,15,-70647,69316,1.5
029190057000,10,-70647,69316,1.0
029190059000,32,-70643,69315,3.2
029190060000,17,-70643,69314,1.7
029190061000,72,-70643,69313,7.2
029190062000,19,-70643,69312,1.9
029190064000,27,-70652,69317,2.7
029190065000,102,-70651,69318,10.2
029190066000,23,-70651,69317,2.3
029200004000,73,-70631,69314,7.3
029200007000,25,-70632,69313,2.5
029200008000,49,-70633,69315,4.9
029200009000,28,-70634,69315,2.8
029200010000,54,-70640,69318,5.4
029200011000,77,-70639,69318,7.7
029200014000,25,-70638,69317,2.5
029200015000,89,-70637,69316,8.9
029200016000,8,-70637,69316,0.8
029200017000,30,-70636,69315,3.0
029200018000,114,-70635,69315,11.4
029200020000,34,-70637,69315,3.4
029200021000,46,-70637,69315,4.6
029200022000,82,-70638,69315,8.2
029200023000,39,-70639,69316,3.9
029200024000,5,-70640,69316,0.5
029200026000,5,-70640,69318,0.5
029200027000,11,-70641,69317,1.1
029200028000,25,-70641,69316,2.5
029200029000,58,-70641,69315,5.8
029200030000,51,-70641,69314,5.1
029200031000,101,-70640,69315,10.1
029200032000,13,-70640,69314,1.3
029200033000,25,-70639,69314,2.5
029200034000,30,-70638,69314,3.0
029200035000,12,-70638,69313,1.2
029200036000,87,-70637,69313,8.7
029200037000,38,-70636,69313,3.8
029200038000,10,-70637,69312,1.0
029200039000,52,-70637,69312,5.2
029200040000,56,-70638,69312,5.6
029200041000,28,-70639,69312,2.8
029200042000,56,-70639,69312,5.6
029200043000,109,-70640,69312,10.9
029200044000,4,-70641,69312,0.4
029200045000,114,-70641,69312,11.4
029200049000,33,-70640,69318,3.3
029200050000,92,-70636,69314,9.2
029200052000,32,-70639,69317,3.2
029200053000,21,-70642,69312,2.1
029200054000,42,-70642,69312,4.2
029210013000,88,-70682,69323,8.8
029220001000,36,-70675,69320,3.6
029220008000,21,-70671,69318,2.1
029220010000,94,-70672,69316,9.4
029220011000,87,-70672,69317,8.7
029220012000,131,-70673,69317,13.1
029220013000,52,-70675,69319,5.2
029220016000,77,-70671,69319,7.7
029220017000,41,-70671,69318,4.1
029230001000,17,-70656,69316,1.7
029230002000,40,-70656,69315,4.0
029230003000,41,-70656,69315,4.1
029230004000,15,-70656,69315,1.5
029230005000,18,-70656,69314,1.8
029230006000,92,-70658,69315,9.2
029230007000,48,-70658,69315,4.8
029230008000,81,-70658,69314,8.1
029230009000,6,-70658,69313,0.6
029230010000,14,-70657,69313,1.4
029230011000,77,-70657,69312,7.7
029230012000,4,-70657,69311,0.4
029230013000,46,-70659,69311,4.6
029230016000,106,-70660,69315,10.6
029230017000,118,-70661,69315,11.8
029230018000,57,-70661,69316,5.7
029230020000,52,-70661,69316,5.2
029230021000,92,-70662,69317,9.2
029230022000,35,-70661,69317,3.5
029240001000,59,-70655,69315,5.9
029240002000,42,-70654,69314,4.2
029240003000,99,-70654,69314,9.9
029240004000,23,-70654,69313,2.3
029240005000,15,-70655,69313,1.5
029240006000,35,-70655,69313,3.5
029240007000,86,-70655,69312,8.6
029240008000,72,-70655,69312,7.2
029240010000,102,-70656,69311,10.2
029240011000,46,-70657,69310,4.6
029240012000,38,-70657,69311,3.8
029240014000,24,-70656,69313,2.4
029240015000,16,-70655,69313,1.6
029240016000,94,-70655,69314,9.4
029240017000,70,-70655,69314,7.0
029241003000,44,-70650,69312,4.4
029241004000,36,-70649,69311,3.6
029241008000,135,-70651,69313,13.5
029241009000,17,-70651,69313,1.7
029241010000,78,-70652,69314,7.8
029241011000,40,-70653,69314,4.0
029241012000,45,-70653,69313,4.5
029241013000,92,-70653,69313,9.2
029241014000,13,-70653,69313,1.3
029241015000,50,-70654,69312,5.0
029241016000,5,-70654,69312,0.5
029241017000,70,-70654,69311,7.0
029241018000,2,-70655,69310,0.2
029241019000,92,-70655,69310,9.2
029241020000,41,-70656,69310,4.1
029241021000,76,-70656,69309,7.6
029241022000,124,-70655,69309,12.4
029241023000,0,-70654,69308,0.0
029241024000,106,-70654,69308,10.6
029242001000,103,-70643,69311,10.3
029242002000,19,-70644,69311,1.9
029242003000,11,-70645,69311,1.1
029242004000,56,-70645,69312,5.6
029242005000,34,-70645,69311,3.4
029242006000,45,-70646,69312,4.5
029242010000,7,-70647,69307,0.7
029242011000,95,-70647,69306,9.5
029242012000,16,-70645,69306,1.6
029242013000,5,-70646,69307,0.5
029242017000,0,-70644,69309,0.0
029242018000,75,-70646,69308,7.5
029242020000,77,-70646,69308,7.7
029250007000,94,-70639,69310,9.4
029250008000,102,-70640,69310,10.2
029250010000,54,-70638,69310,5.4
029250011000,96,-70636,69311,9.6
029250013000,11,-70636,69309,1.1
029250014000,43,-70636,69309,4.3
029250015000,32,-70637,69310,3.2
029270001000,15,-70645,69305,1.5
029270002000,19,-70645,69305,1.9
029270003000,19,-70647,69306,1.9
029270009000,11,-70648,69302,1.1
029270012000,40,-70650,69301,4.0
029270013000,19,-70650,69301,1.9
029270014000,115,-70650,69302,11.5
029270015000,24,-70650,69302,2.4
029270016000,115,-70650,69303,11.5
029270017000,26,-70650,69303,2.6
029270018000,20,-70650,69304,2.0
029270019000,62,-70649,69304,6.2
029270023000,26,-70651,69304,2.6
029270024000,61,-70651,69303,6.1
029270025000,26,-70651,69302,2.6
029270026000,65,-70651,69302,6.5
029270027000,28,-70651,69301,2.8
029270028000,70,-70651,69301,7.0
029270029000,27,-70653,69301,2.7
029270030000,21,-70653,69302,2.1
029270039000,26,-70651,69300,2.6
029280004000,2,-70650,69298,0.2
029280007000,21,-70650,69295,2.1
029280015000,6,-70653,69300,0.6
029290017000,111,-70655,69288,11.1
029310006000,58,-70647,69285,5.8
029310009000,89,-70647,69286,8.9
029310010000,15,-70648,69287,1.5
029320006000,125,-70644,69280,12.5
029320007000,49,-70644,69280,4.9
029320008000,48,-70644,69280,4.8
029320009000,39,-70643,69278,3.9
029320010000,30,-70643,69278,3.0
029320012000,119,-70643,69278,11.9
029320019000,34,-70651,69287,3.4
029330001000,17,-70660,69357,1.7
029330002000,4,-70661,69358,0.4
029330003000,60,-70661,69359,6.0
029330005000,116,-70662,69359,11.6
029330006000,12,-70663,69359,1.2
029330007000,27,-70664,69359,2.7
029330008000,24,-70664,69359,2.4
029330009000,82,-70665,69359,8.2
029330010000,48,-70666,69360,4.8
029330011000,36,-70666,69360,3.6
029330012000,102,-70667,69360,10.2
029330013000,43,-70668,69360,4.3
029330014000,25,-70669,69361,2.5
029330015000,37,-70670,69361,3.7
029330016000,31,-70671,69361,3.1
029330017000,71,-70671,69360,7.1
029330018000,20,-70671,69359,2.0
029330019000,33,-70671,69359,3.3
029330020000,3,-70672,69358,0.3
029330021000,68,-70671,69357,6.8
029330022000,76,-70670,69357,7.6
029330023000,8,-70670,69356,0.8
029330024000,21,-70669,69356,2.1
029330026000,52,-70668,69355,5.2
029330027000,69,-70668,69354,6.9
029330030000,55,-70666,69354,5.5
029330031000,110,-70666,69355,11.0
029330032000,39,-70667,69356,3.9
029330033000,78,-70667,69357,7.8
029330034000,85,-70668,69357,8.5
029330035000,47,-70669,69358,4.7
029330036000,4,-70669,69358,0.4
029330037000,88,-70669,69359,8.8
029330038000,62,-70668,69359,6.2
029330039000,57,-70667,69358,5.7
029330040000,110,-70666,69358,11.0
029330041000,22,-70666,69357,2.2
029330042000,30,-70665,69356,3.0
029330043000,22,-70665,69357,2.2
029330044000,14,-70664,69355,1.4
029330047000,68,-70662,69354,6.8
029330048000,26,-70662,69355,2.6
029330049000,47,-70663,69356,4.7
029330050000,6,-70663,69357,0.6
029330051000,7,-70664,69358,0.7
029330052000,3,-70662,69358,0.3
029330053000,63,-70662,69357,6.3
029330054000,83,-70661,69356,8.3
029330055000,67,-70661,69355,6.7
029330056000,47,-70661,69354,4.7
029330061000,48,-70663,69353,4.8
029330062000,69,-70664,69353,6.9
029330064000,29,-70667,69354,2.9
029330065000,16,-70664,69354,1.6
029330066000,58,-70662,69353,5.8
029360002000,5,-70645,69319,0.5
029360003000,7,-70646,69320,0.7
029360005000,71,-70645,69319,7.1
029360006000,3,-70644,69318,0.3
029360007000,48,-70644,69318,4.8
029360008000,9,-70644,69318,0.9
029360009000,45,-70645,69318,4.5
029360010000,8,-70645,69318,0.8
029380001000,18,-70653,69301,1.8
029380002000,11,-70653,69301,1.1
029380003000,13,-70654,69302,1.3
029380005000,42,-70654,69302,4.2
029380006000,61,-70655,69302,6.1
029380007000,61,-70655,69302,6.1
029380008000,23,-70655,69302,2.3
029380009000,14,-70655,69302,1.4
029380010000,21,-70655,69301,2.1
029380011000,58,-70655,69301,5.8
029380012000,68,-70654,69301,6.8
029380013000,18,-70656,69302,1.8
029380014000,39,-70656,69302,3.9
029380016000,44,-70657,69303,4.4
029390001000,43,-70663,69281,4.3
029390002000,62,-70663,69281,6.2
029390003000,59,-70663,69281,5.9
029390004000,1,-70663,69281,0.1
029390005000,8,-70662,69280,0.8
029390006000,65,-70662,69280,6.5
029390007000,107,-70662,69280,10.7
029390008000,82,-70662,69280,8.2
029390009000,43,-70663,69281,4.3
029390010000,62,-70663,69281,6.2
029390011000,59,-70663,69281,5.9
029390012000,1,-70663,69281,0.1
029390013000,77,-70662,69281,7.7
029390014000,86,-70662,69281,8.6
029390015000,45,-70662,69281,4.5
029390016000,8,-70662,69280,0.8
029390017000,65,-70662,69280,6.5
029390018000,107,-70662,69280,10.7
029390019000,82,-70662,69280,8.2
029390020000,43,-70663,69281,4.3
029390021000,62,-70663,69281,6.2
029390022000,59,-70663,69281,5.9
029390023000,1,-70663,69281,0.1
029390024000,72,-70662,69281,7.2
029390025000,129,-70662,69281,12.9
029390026000,60,-70662,69281,6.0
029390027000,8,-70662,69280,0.8
029390028000,65,-70662,69280,6.5
029390029000,107,-70662,69280,10.7
029390030000,82,-70662,69280,8.2
030030015000,2,-70755,69804,0.2
030120012000,6,-70829,69741,0.6
030120015000,41,-70830,69744,4.1
030120017000,17,-70829,69745,1.7
030120021000,28,-70830,69746,2.8
030130014000,13,-70806,69730,1.3
030150014000,118,-70821,69721,11.8
031010001000,82,-70960,69565,8.2
031010002000,126,-70960,69566,12.6
031010003000,97,-70959,69566,9.7
031010004000,33,-70958,69567,3.3
031010005000,9,-70958,69567,0.9
031010006000,67,-70959,69568,6.7
031010007000,2,-70959,69569,0.2
031010011000,40,-70957,69569,4.0
031010012000,4,-70957,69568,0.4
031010013000,52,-70956,69569,5.2
031010014000,37,-70955,69570,3.7
031010015000,30,-70955,69570,3.0
031010016000,37,-70954,69570,3.7
031010017000,68,-70953,69570,6.8
031010018000,52,-70952,69570,5.2
031010019000,11,-70952,69570,1.1
031010020000,15,-70951,69569,1.5
031010022000,26,-70950,69568,2.6
031010023000,68,-70950,69568,6.8
031010024000,104,-70950,69567,10.4
031010025000,92,-70950,69566,9.2
031010026000,7,-70950,69565,0.7
031010027000,20,-70950,69565,2.0
031010028000,15,-70951,69564,1.5
031010029000,59,-70956,69563,5.9
031010030000,133,-70958,69564,13.3
031010031000,20,-70957,69565,2.0
031010032000,8,-70955,69563,0.8
031010034000,33,-70955,69565,3.3
031010035000,32,-70954,69564,3.2
031010038000,101,-70953,69565,10.1
031010039000,14,-70954,69566,1.4
031010040000,50,-70953,69566,5.0
031010041000,4,-70952,69567,0.4
031010042000,99,-70954,69567,9.9
031010043000,96,-70954,69568,9.6
031010044000,25,-70952,69568,2.5
031010046000,56,-70953,69564,5.6
031010048000,1,-70954,69564,0.1
031020001000,23,-70963,69564,2.3
031020002000,95,-70962,69564,9.5
031020003000,135,-70961,69564,13.5
031020004000,45,-70960,69564,4.5
031020005000,106,-70959,69563,10.6
031020006000,41,-70958,69563,4.1
031020007000,39,-70958,69562,3.9
031020009000,20,-70956,69563,2.0
031020010000,34,-70951,69563,3.4
031020011000,92,-70951,69562,9.2
031020012000,88,-70951,69561,8.8
031020014000,91,-70952,69560,9.1
031020015000,46,-70953,69560,4.6
031020016000,51,-70954,69561,5.1
031020017000,15,-70955,69561,1.5
031020018000,65,-70955,69561,6.5
031020019000,62,-70956,69560,6.2
031020020000,14,-70954,69560,1.4
031020021000,73,-70954,69559,7.3
031020022000,92,-70953,69558,9.2
031020023000,39,-70953,69557,3.9
031020024000,4,-70953,69557,0.4
031020025000,46,-70953,69556,4.6
031020027000,67,-70956,69557,6.7
031020028000,24,-70956,69558,2.4
031020029000,56,-70957,69558,5.6
031020030000,21,-70958,69559,2.1
031020031000,97,-70958,69559,9.7
031020032000,32,-70959,69560,3.2
031020033000,81,-70959,69560,8.1
031020034000,4,-70960,69561,0.4
031020035000,54,-70960,69561,5.4
031020037000,58,-70961,69561,5.8
031020038000,8,-70962,69561,0.8
031020039000,21,-70962,69562,2.1
031020040000,39,-70963,69562,3.9
031030002000,80,-70972,69573,8.0
031030003000,28,-70971,69573,2.8
031030005000,30,-70970,69571,3.0
031030006000,68,-70970,69570,6.8
031030007000,33,-70974,69572,3.3
031030008000,25,-70973,69571,2.5
031030009000,68,-70973,69570,6.8
031030010000,51,-70973,69569,5.1
031030011000,19,-70971,69569,1.9
031030012000,26,-70971,69568,2.6
031030013000,11,-70973,69569,1.1
031030014000,21,-70974,69568,2.1
031030015000,69,-70971,69568,6.9
031030016000,53,-70971,69567,5.3
031030017000,66,-70974,69567,6.6
031030018000,38,-70974,69566,3.8
031030019000,26,-70971,69566,2.6
031030020000,3,-70970,69566,0.3
031030021000,10,-70969,69566,1.0
031030022000,64,-70969,69566,6.4
031030023000,46,-70967,69566,4.6
031030024000,13,-70967,69566,1.3
031030025000,42,-70966,69565,4.2
031030026000,79,-70965,69565,7.9
031030027000,21,-70965,69565,2.1
031030028000,58,-70964,69565,5.8
031030029000,8,-70963,69564,0.8
031040008000,25,-70964,69559,2.5
031040009000,19,-70965,69559,1.9
031040010000,30,-70966,69560,3.0
031040011000,65,-70966,69560,6.5
031040012000,10,-70967,69561,1.0
031040013000,26,-70968,69561,2.6
031040014000,45,-70968,69561,4.5
031040015000,22,-70969,69561,2.2
031040016000,18,-70971,69562,1.8
031040017000,17,-70972,69561,1.7
031040018000,83,-70973,69561,8.3
031040019000,7,-70974,69561,0.7
031040020000,47,-70974,69561,4.7
031040021000,66,-70975,69560,6.6
031040022000,12,-70971,69559,1.2
031040023000,36,-70969,69559,3.6
031040024000,32,-70969,69559,3.2
031040025000,48,-70968,69558,4.8
031040026000,53,-70967,69558,5.3
031040027000,22,-70967,69558,2.2
031040028000,26,-70967,69557,2.6
031040029000,92,-70966,69556,9.2
031050003000,6,-70964,69557,0.6
031050004000,16,-70963,69558,1.6
031050005000,147,-70962,69558,14.7
031050007000,122,-70962,69556,12.2
031050009000,55,-70961,69555,5.5
031050011000,32,-70959,69556,3.2
031050012000,68,-70958,69556,6.8
031050013000,34,-70958,69555,3.4
031050014000,127,-70957,69555,12.7
031050015000,52,-70956,69555,5.2
031050016000,3,-70956,69554,0.3
031050017000,63,-70955,69555,6.3
031050019000,132,-70953,69554,13.2
031050020000,37,-70953,69553,3.7
031050021000,24,-70954,69552,2.4
031050022000,72,-70954,69552,7.2
031050023000,133,-70954,69551,13.3
031050024000,40,-70954,69550,4.0
031050025000,143,-70956,69552,14.3
031050026000,80,-70957,69552,8.0
031050029000,7,-70959,69553,0.7
031050030000,3,-70961,69553,0.3
031050031000,71,-70961,69553,7.1
031050032000,15,-70962,69553,1.5
031050033000,4,-70963,69554,0.4
031050034000,94,-70963,69554,9.4
031050035000,50,-70964,69554,5.0
031050036000,34,-70964,69555,3.4
031050037000,123,-70965,69555,12.3
031050038000,23,-70966,69556,2.3
031050040000,10,-70958,69552,1.0
031050041000,14,-70957,69552,1.4
031060003000,41,-70977,69557,4.1
031060004000,20,-70977,69556,2.0
031060005000,13,-70977,69556,1.3
031060006000,98,-70978,69555,9.8
031060007000,88,-70978,69554,8.8
031060008000,21,-70978,69553,2.1
031060009000,73,-70976,69553,7.3
031060010000,18,-70976,69553,1.8
031060011000,4,-70976,69554,0.4
031060013000,121,-70975,69556,12.1
031060014000,63,-70974,69556,6.3
031060015000,43,-70974,69555,4.3
031060016000,16,-70972,69555,1.6
031060017000,1,-70973,69554,0.1
031060018000,23,-70973,69554,2.3
031060019000,79,-70974,69553,7.9
031060020000,16,-70974,69553,1.6
031060023000,32,-70971,69553,3.2
031060024000,9,-70970,69554,0.9
031060026000,25,-70970,69553,2.5
031060027000,51,-70969,69553,5.1
031060028000,102,-70968,69552,10.2
031060029000,29,-70969,69551,2.9
031060030000,5,-70965,69552,0.5
031060031000,48,-70965,69553,4.8
031060032000,37,-70966,69553,3.7
031060033000,22,-70966,69554,2.2
031060034000,56,-70967,69554,5.6
031060035000,18,-70968,69555,1.8
031060036000,44,-70969,69555,4.4
031060037000,45,-70969,69556,4.5
031060038000,132,-70970,69556,13.2
031060039000,20,-70971,69556,2.0
031060040000,81,-70971,69557,8.1
031060042000,85,-70972,69557,8.5
031060043000,6,-70972,69557,0.6
031060044000,36,-70974,69558,3.6
031060045000,32,-70973,69558,3.2
031060046000,84,-70972,69559,8.4
031070001000,91,-70964,69552,9.1
031070002000,13,-70964,69552,1.3
031070003000,7,-70963,69552,0.7
031070004000,70,-70962,69551,7.0
031070005000,5,-70961,69552,0.5
031070006000,12,-70961,69551,1.2
031070007000,139,-70967,69551,13.9
031070008000,15,-70966,69551,1.5
031070009000,81,-70966,69550,8.1
031070010000,13,-70967,69549,1.3
031070011000,42,-70968,69549,4.2
031070014000,2,-70964,69549,0.2
031070016000,11,-70962,69549,1.1
031070017000,60,-70962,69548,6.0
031070018000,31,-70963,69548,3.1
031070019000,7,-70963,69547,0.7
031070020000,80,-70964,69547,8.0
031070021000,27,-70964,69547,2.7
031070022000,99,-70965,69546,9.9
031070023000,25,-70966,69546,2.5
031070024000,84,-70964,69544,8.4
031070025000,45,-70963,69544,4.5
031070026000,56,-70963,69545,5.6
031070027000,110,-70962,69545,11.0
031070028000,4,-70962,69546,0.4
031070029000,126,-70961,69546,12.6
031070030000,46,-70960,69546,4.6
031070031000,60,-70960,69547,6.0
031070032000,22,-70959,69547,2.2
031070033000,97,-70959,69548,9.7
031070034000,123,-70959,69549,12.3
031070035000,66,-70959,69550,6.6
031070036000,19,-70959,69550,1.9
031070037000,69,-70959,69551,6.9
031070038000,58,-70957,69551,5.8
031070039000,98,-70957,69550,9.8
031070040000,21,-70957,69549,2.1
031070041000,68,-70957,69549,6.8
031070042000,84,-70957,69548,8.4
031070043000,44,-70957,69547,4.4
031070044000,8,-70957,69547,0.8
031070045000,31,-70958,69546,3.1
031070046000,74,-70958,69545,7.4
031070048000,25,-70960,69544,2.5
031070049000,79,-70960,69544,7.9
031070050000,12,-70961,69544,1.2
031070051000,6,-70962,69543,0.6
031070052000,108,-70957,69543,10.8
031070053000,49,-70956,69543,4.9
031070054000,51,-70956,69544,5.1
031070055000,29,-70955,69545,2.9
031070057000,101,-70955,69546,10.1
031070058000,109,-70955,69547,10.9
031070059000,20,-70955,69548,2.0
031070060000,26,-70955,69548,2.6
031070061000,20,-70954,69549,2.0
031070062000,52,-70954,69550,5.2
031080001000,37,-70979,69553,3.7
031080002000,101,-70979,69552,10.1
031080003000,33,-70979,69551,3.3
031080005000,59,-70979,69551,5.9
031080006000,28,-70980,69550,2.8
031080007000,123,-70977,69550,12.3
031080008000,52,-70977,69551,5.2
031080009000,10,-70977,69551,1.0
031080010000,55,-70976,69552,5.5
031080011000,2,-70974,69552,0.2
031080013000,43,-70975,69550,4.3
031080014000,43,-70975,69550,4.3
031080015000,71,-70975,69549,7.1
031080016000,3,-70972,69552,0.3
031080017000,70,-70972,69551,7.0
031080018000,55,-70972,69550,5.5
031080020000,41,-70971,69549,4.1
031080021000,2,-70971,69550,0.2
031080022000,32,-70970,69550,3.2
031080023000,62,-70969,69551,6.2
031080024000,35,-70969,69548,3.5
031080025000,27,-70969,69548,2.7
031080026000,74,-70970,69547,7.4
031080027000,4,-70971,69547,0.4
031080028000,86,-70971,69547,8.6
031080029000,55,-70972,69547,5.5
031080030000,50,-70973,69547,5.0
031080031000,22,-70973,69547,2.2
031080032000,89,-70974,69547,8.9
031080033000,91,-70975,69547,9.1
031080034000,67,-70976,69547,6.7
031080035000,36,-70976,69547,3.6
031080036000,7,-70977,69548,0.7
031080037000,37,-70978,69549,3.7
031080038000,130,-70979,69548,13.0
031080040000,34,-70981,69547,3.4
031080043000,49,-70977,69545,4.9
031080045000,36,-70975,69545,3.6
031080046000,93,-70974,69545,9.3
031080047000,7,-70973,69544,0.7
031080048000,14,-70973,69544,1.4
031080049000,15,-70972,69543,1.5
031080050000,10,-70971,69544,1.0
031080051000,93,-70970,69545,9.3
031080053000,38,-70969,69544,3.8
031080057000,47,-70975,69551,4.7
031090001000,65,-70967,69544,6.5
031090003000,76,-70968,69543,7.6
031090004000,106,-70968,69542,10.6
031090005000,2,-70970,69543,0.2
031090006000,71,-70970,69541,7.1
031090007000,43,-70968,69541,4.3
031090008000,56,-70969,69540,5.6
031090009000,72,-70969,69539,7.2
031090010000,11,-70969,69539,1.1
031090011000,58,-70967,69538,5.8
031090012000,10,-70967,69538,1.0
031090013000,61,-70966,69539,6.1
031090014000,123,-70966,69540,12.3
031090015000,19,-70966,69541,1.9
031090016000,74,-70965,69541,7.4
031090017000,105,-70965,69542,10.5
031090018000,5,-70965,69543,0.5
031090019000,41,-70964,69543,4.1
031090020000,16,-70962,69543,1.6
031090021000,19,-70963,69542,1.9
031090022000,102,-70963,69541,10.2
031090023000,24,-70963,69540,2.4
031090024000,49,-70963,69540,4.9
031090025000,79,-70963,69539,7.9
031090026000,19,-70963,69538,1.9
031090027000,1,-70963,69537,0.1
031090028000,84,-70964,69537,8.4
031090029000,24,-70962,69536,2.4
031090030000,26,-70961,69537,2.6
031090031000,52,-70961,69537,5.2
031090032000,146,-70961,69538,14.6
031090033000,60,-70961,69539,6.0
031090034000,34,-70961,69539,3.4
031090035000,13,-70960,69540,1.3
031090036000,10,-70960,69541,1.0
031090037000,67,-70959,69542,6.7
031090038000,107,-70958,69542,10.7
031090039000,8,-70958,69542,0.8
031090041000,31,-70958,69540,3.1
031090043000,79,-70957,69539,7.9
031090045000,120,-70959,69539,12.0
031090046000,73,-70959,69538,7.3
031090047000,40,-70959,69537,4.0
031100001000,20,-70971,69539,2.0
031100002000,107,-70971,69537,10.7
031100003000,53,-70970,69537,5.3
031100004000,1,-70969,69537,0.1
031100005000,16,-70969,69538,1.6
031100006000,93,-70967,69537,9.3
031100007000,45,-70967,69536,4.5
031100008000,84,-70966,69536,8.4
031100010000,89,-70965,69536,8.9
031100011000,1,-70965,69536,0.1
031100012000,107,-70970,69535,10.7
031100013000,120,-70970,69534,12.0
031100014000,44,-70970,69533,4.4
031100015000,93,-70968,69534,9.3
031100016000,120,-70967,69534,12.0
031100017000,121,-70968,69533,12.1
031100018000,14,-70968,69532,1.4
031100019000,24,-70967,69532,2.4
031100020000,137,-70966,69534,13.7
031100021000,81,-70966,69533,8.1
031100022000,28,-70965,69532,2.8
031100023000,27,-70964,69531,2.7
031100024000,16,-70964,69533,1.6
031100025000,72,-70964,69534,7.2
031100026000,111,-70963,69534,11.1
031100027000,17,-70962,69535,1.7
031100028000,104,-70962,69535,10.4
031100029000,93,-70962,69533,9.3
031100030000,59,-70961,69533,5.9
031100031000,7,-70960,69533,0.7
031100032000,41,-70960,69533,4.1
031100035000,40,-70957,69535,4.0
031110001000,92,-70981,69546,9.2
031110002000,134,-70981,69545,13.4
031110003000,48,-70981,69544,4.8
031110004000,42,-70981,69544,4.2
031110008000,105,-70983,69541,10.5
031110009000,32,-70983,69540,3.2
031110010000,17,-70984,69539,1.7
031110011000,79,-70984,69538,7.9
031110012000,51,-70981,69538,5.1
031110013000,13,-70981,69538,1.3
031110014000,4,-70980,69539,0.4
031110015000,35,-70980,69540,3.5
031110018000,36,-70979,69542,3.6
031110019000,73,-70979,69543,7.3
031110020000,75,-70979,69544,7.5
031110021000,26,-70978,69544,2.6
031110022000,73,-70978,69543,7.3
031110023000,59,-70977,69543,5.9
031110024000,4,-70976,69542,0.4
031110025000,35,-70975,69543,3.5
031110026000,38,-70976,69542,3.8
031110027000,110,-70977,69541,11.0
031110028000,56,-70978,69541,5.6
031110029000,10,-70979,69540,1.0
031110030000,103,-70979,69539,10.3
031110031000,75,-70979,69538,7.5
031110032000,11,-70979,69537,1.1
031110033000,74,-70977,69536,7.4
031110034000,120,-70977,69537,12.0
031110035000,26,-70977,69538,2.6
031110036000,47,-70977,69538,4.7
031110037000,31,-70976,69539,3.1
031110038000,45,-70976,69539,4.5
031110039000,39,-70975,69540,3.9
031110041000,5,-70974,69540,0.5
031110042000,3,-70974,69542,0.3
031110043000,31,-70973,69542,3.1
031110044000,126,-70972,69541,12.6
031110046000,35,-70972,69539,3.5
031110048000,43,-70974,69538,4.3
031110049000,56,-70975,69538,5.6
031110050000,1,-70976,69537,0.1
031110051000,65,-70975,69536,6.5
031110052000,134,-70973,69537,13.4
031110053000,85,-70972,69537,8.5
031110059000,106,-70982,69543,10.6
031110060000,66,-70982,69542,6.6
031120002000,8,-70984,69538,0.8
031120004000,84,-70984,69536,8.4
031120005000,17,-70984,69535,1.7
031120006000,50,-70985,69535,5.0
031120007000,106,-70985,69534,10.6
031120008000,38,-70985,69533,3.8
031120009000,50,-70985,69533,5.0
031120010000,60,-70983,69532,6.0
031120011000,21,-70983,69533,2.1
031120012000,15,-70982,69533,1.5
031120013000,75,-70982,69534,7.5
031120014000,74,-70982,69535,7.4
031120015000,17,-70982,69535,1.7
031120016000,35,-70981,69536,3.5
031120017000,110,-70981,69537,11.0
031120018000,6,-70980,69537,0.6
031120019000,72,-70980,69536,7.2
031120020000,118,-70980,69535,11.8
031120021000,47,-70980,69534,4.7
031120022000,13,-70981,69534,1.3
031120023000,75,-70981,69533,7.5
031120024000,96,-70981,69532,9.6
031120025000,29,-70978,69532,2.9
031120026000,47,-70978,69533,4.7
031120027000,14,-70978,69533,1.4
031120028000,102,-70978,69534,10.2
031120029000,42,-70978,69535,4.2
031120030000,7,-70977,69536,0.7
031130001000,54,-70976,69535,5.4
031130002000,10,-70976,69535,1.0
031130003000,93,-70976,69534,9.3
031130004000,51,-70976,69533,5.1
031130005000,49,-70976,69532,4.9
031130006000,101,-70978,69531,10.1
031130007000,36,-70978,69531,3.6
031130008000,40,-70976,69532,4.0
031130009000,93,-70977,69530,9.3
031130010000,35,-70976,69531,3.5
031130011000,4,-70976,69530,0.4
031130012000,30,-70975,69530,3.0
031130013000,36,-70975,69530,3.6
031130014000,93,-70976,69529,9.3
031130015000,124,-70974,69529,12.4
031130016000,78,-70971,69529,7.8
031130017000,58,-70971,69530,5.8
031130018000,31,-70972,69530,3.1
031130020000,57,-70973,69532,5.7
031130021000,64,-70974,69533,6.4
031130022000,26,-70974,69534,2.6
031130023000,64,-70973,69534,6.4
031130024000,21,-70972,69535,2.1
031130025000,21,-70972,69535,2.1
031130026000,22,-70970,69532,2.2
031140006000,61,-70959,69529,6.1
031140007000,20,-70967,69531,2.0
031140015000,55,-70972,69526,5.5
031140016000,1,-70971,69525,0.1
031140017000,64,-70970,69528,6.4
031140018000,41,-70969,69527,4.1
031140019000,57,-70969,69527,5.7
031140020000,5,-70968,69526,0.5
031140021000,84,-70967,69527,8.4
031140023000,77,-70965,69527,7.7
031150001000,55,-70971,69525,5.5
031150002000,35,-70970,69524,3.5
031150003000,37,-70969,69524,3.7
031150005000,46,-70967,69524,4.6
031150007000,40,-70966,69524,4.0
031150008000,61,-70966,69524,6.1
031150009000,93,-70965,69523,9.3
031150011000,34,-70963,69521,3.4
031150013000,0,-70962,69522,0.0
031160001000,29,-70986,69532,2.9
031160002000,48,-70986,69531,4.8
031160003000,5,-70985,69530,0.5
031160004000,13,-70985,69530,1.3
031160005000,110,-70986,69529,11.0
031160006000,25,-70987,69529,2.5
031160007000,133,-70987,69528,13.3
031160008000,72,-70987,69527,7.2
031160009000,20,-70988,69527,2.0
031160010000,92,-70983,69531,9.2
031160011000,4,-70983,69530,0.4
031160012000,71,-70983,69530,7.1
031160013000,119,-70983,69529,11.9
031160014000,15,-70983,69528,1.5
031160015000,105,-70982,69528,10.5
031160016000,1,-70981,69527,0.1
031160017000,102,-70981,69527,10.2
031160018000,109,-70980,69527,10.9
031160019000,22,-70979,69527,2.2
031160020000,68,-70979,69527,6.8
031160021000,89,-70978,69527,8.9
031160022000,56,-70977,69527,5.6
031160024000,11,-70980,69529,1.1
031160027000,94,-70981,69531,9.4
031160028000,25,-70975,69528,2.5
031160029000,82,-70975,69527,8.2
031160030000,7,-70976,69526,0.7
031160031000,4,-70975,69526,0.4
031160032000,97,-70974,69525,9.7
031160033000,11,-70974,69522,1.1
031160036000,38,-70977,69524,3.8
031160041000,58,-70980,69524,5.8
031160042000,113,-70981,69524,11.3
031160043000,8,-70982,69524,0.8
031160044000,9,-70983,69525,0.9
031160045000,98,-70983,69525,9.8
031160047000,87,-70984,69527,8.7
031160048000,33,-70985,69527,3.3
031160049000,97,-70985,69526,9.7
031160050000,34,-70985,69525,3.4
031170001000,7,-70973,69524,0.7
031170002000,14,-70973,69524,1.4
031170003000,48,-70972,69523,4.8
031170004000,6,-70971,69523,0.6
031170005000,34,-70971,69522,3.4
031170006000,93,-70970,69522,9.3
031170007000,7,-70969,69522,0.7
031170008000,79,-70969,69522,7.9
031170009000,55,-70968,69521,5.5
031170010000,35,-70968,69521,3.5
031170011000,89,-70967,69521,8.9
031170012000,7,-70966,69520,0.7
031170013000,19,-70965,69520,1.9
031170023000,65,-70971,69519,6.5
031170024000,41,-70971,69519,4.1
031170025000,66,-70972,69520,6.6
031170026000,54,-70973,69520,5.4
031170027000,58,-70973,69521,5.8
031170028000,18,-70974,69521,1.8
031180001000,128,-70988,69526,12.8
031180002000,7,-70989,69525,0.7
031180003000,98,-70989,69525,9.8
031180004000,0,-70989,69524,0.0
031180005000,71,-70990,69524,7.1
031180006000,74,-70990,69523,7.4
031180007000,52,-70991,69522,5.2
031180009000,54,-70987,69520,5.4
031180010000,81,-70987,69521,8.1
031180011000,36,-70987,69522,3.6
031180012000,67,-70987,69523,6.7
031180013000,8,-70986,69523,0.8
031180014000,104,-70986,69524,10.4
031180015000,18,-70986,69524,1.8
031190001000,64,-70992,69522,6.4
031190002000,60,-70993,69521,6.0
031190008000,46,-70995,69517,4.6
031190009000,11,-70995,69517,1.1
031190010000,94,-70994,69516,9.4
031190012000,61,-70992,69516,6.1
031190016000,69,-70989,69517,6.9
031190017000,0,-70988,69518,0.0
031190020000,27,-70987,69519,2.7
031200003000,11,-71003,69535,1.1
031200004000,30,-71004,69534,3.0
031200005000,62,-71004,69533,6.2
031200006000,54,-71004,69532,5.4
031200007000,34,-71004,69532,3.4
031200010000,33,-71003,69529,3.3
031200014000,14,-71000,69530,1.4
031200015000,19,-70999,69531,1.9
031200016000,75,-70999,69531,7.5
031200017000,0,-70999,69532,0.0
031200018000,24,-70998,69533,2.4
031200019000,54,-70998,69533,5.4
031200020000,101,-70998,69534,10.1
031200023000,69,-71004,69531,6.9
031210001000,58,-71005,69543,5.8
031210002000,53,-71004,69543,5.3
031210003000,54,-71003,69543,5.4
031210004000,13,-71002,69543,1.3
031210005000,136,-71002,69542,13.6
031210006000,97,-71002,69541,9.7
031210007000,37,-71002,69540,3.7
031210008000,9,-71002,69540,0.9
031210009000,97,-71003,69539,9.7
031210010000,25,-71003,69539,2.5
031210013000,13,-71001,69536,1.3
031210014000,97,-71001,69537,9.7
031210015000,28,-71001,69538,2.8
031210016000,19,-71000,69538,1.9
031210017000,108,-71000,69539,10.8
031210018000,6,-71000,69540,0.6
031210019000,13,-70999,69540,1.3
031210020000,6,-70999,69541,0.6
031210021000,35,-71000,69542,3.5
031210022000,23,-70999,69542,2.3
031210026000,31,-70998,69541,3.1
031210027000,51,-70997,69540,5.1
031210028000,15,-70998,69540,1.5
031210029000,133,-70998,69539,13.3
031210030000,59,-70998,69538,5.9
031210031000,20,-70999,69538,2.0
031210034000,27,-71000,69535,2.7
031210035000,37,-71001,69536,3.7
031210036000,31,-70997,69535,3.1
031210037000,83,-70997,69535,8.3
031210038000,21,-70997,69536,2.1
031210039000,5,-70996,69536,0.5
031210040000,112,-70996,69537,11.2
031210041000,47,-70996,69538,4.7
031210042000,10,-70995,69539,1.0
031210043000,103,-70995,69539,10.3
031210044000,139,-70995,69540,13.9
031210045000,85,-70995,69541,8.5
031210052000,61,-70999,69536,6.1
031210054000,124,-70999,69537,12.4
031210059000,37,-71003,69535,3.7
031220020000,33,-71000,69544,3.3
031220021000,127,-70998,69545,12.7
031220022000,122,-70997,69545,12.2
031220023000,50,-70996,69545,5.0
031220024000,19,-70996,69545,1.9
031220025000,35,-70995,69544,3.5
031220032000,49,-70993,69543,4.9
031220033000,64,-70991,69544,6.4
031220036000,34,-70988,69545,3.4
031220037000,21,-70989,69545,2.1
031220039000,29,-70999,69543,2.9
031220040000,74,-70997,69543,7.4
031220041000,24,-70997,69542,2.4
031220042000,3,-70995,69542,0.3
031220043000,64,-70995,69542,6.4
031230028000,24,-70984,69551,2.4
031230029000,48,-70985,69550,4.8
031230030000,57,-70986,69549,5.7
031230031000,95,-70983,69550,9.5
031230032000,62,-70982,69550,6.2
031230033000,13,-70981,69550,1.3
031240028000,44,-70984,69552,4.4
031240029000,96,-70983,69553,9.6
031240030000,86,-70982,69553,8.6
031240031000,47,-70982,69554,4.7
031240032000,24,-70982,69555,2.4
031240035000,81,-70981,69557,8.1
031240037000,139,-70980,69558,13.9
031240038000,13,-70979,69558,1.3
031250035000,84,-70978,69566,8.4
031250036000,0,-70978,69565,0.0
031250042000,25,-70979,69559,2.5
031250043000,69,-70978,69560,6.9
031250045000,73,-70978,69561,7.3
031250046000,47,-70978,69562,4.7
031260009000,32,-70983,69573,3.2
031260010000,21,-70984,69574,2.1
031260011000,77,-70984,69574,7.7
031260014000,7,-70986,69575,0.7
031260015000,72,-70987,69575,7.2
031260016000,55,-70986,69577,5.5
031260017000,30,-70985,69576,3.0
031260018000,75,-70984,69576,7.5
031260019000,75,-70983,69576,7.5
031260020000,46,-70982,69576,4.6
031260021000,14,-70981,69575,1.4
031260022000,57,-70980,69575,5.7
031260023000,69,-70979,69575,6.9
031260024000,76,-70978,69575,7.6
031260025000,118,-70978,69573,11.8
031260026000,82,-70979,69573,8.2
031260027000,1,-70980,69573,0.1
031260028000,57,-70981,69573,5.7
031260029000,19,-70981,69573,1.9
031260031000,4,-70980,69572,0.4
031260033000,14,-70978,69571,1.4
031260034000,28,-70978,69570,2.8
031260041000,41,-70978,69569,4.1
031260042000,71,-70978,69568,7.1
031260043000,86,-70978,69567,8.6
031260044000,6,-70976,69567,0.6
031260045000,31,-70976,69567,3.1
031260046000,53,-70976,69568,5.3
031260047000,52,-70976,69569,5.2
031260048000,22,-70976,69570,2.2
031260049000,51,-70976,69570,5.1
031260050000,51,-70976,69571,5.1
031260051000,50,-70976,69572,5.0
031260052000,8,-70976,69573,0.8
031270004000,7,-70998,69578,0.7
031270005000,52,-70999,69578,5.2
031270006000,84,-71000,69578,8.4
031270010000,109,-70997,69576,10.9
031270011000,56,-70996,69577,5.6
031270013000,63,-70994,69577,6.3
031270014000,51,-70993,69577,5.1
031270015000,34,-70992,69577,3.4
031270018000,64,-70988,69575,6.4
031270019000,35,-70988,69575,3.5
031320006000,138,-71016,69546,13.8
031320007000,50,-71015,69546,5.0
031320008000,28,-71015,69546,2.8
031320009000,88,-71014,69546,8.8
031320010000,114,-71013,69546,11.4
031320011000,27,-71012,69546,2.7
031320012000,57,-71012,69546,5.7
031320013000,114,-71011,69546,11.4
031320014000,73,-71010,69546,7.3
031320015000,13,-71009,69546,1.3
031320016000,24,-71009,69546,2.4
031320017000,15,-71006,69543,1.5
031320018000,74,-71006,69543,7.4
031320019000,122,-71007,69543,12.2
031320020000,46,-71008,69543,4.6
031320021000,24,-71008,69543,2.4
031320022000,81,-71009,69543,8.1
031320023000,20,-71010,69544,2.0
031320024000,2,-71011,69544,0.2
031320025000,17,-71011,69544,1.7
031320026000,14,-71012,69543,1.4
031320027000,80,-71013,69543,8.0
031320029000,64,-71014,69543,6.4
031320030000,135,-71015,69543,13.5
031320031000,82,-71016,69543,8.2
031320032000,73,-71017,69544,7.3
031320033000,123,-71017,69543,12.3
031320034000,114,-71017,69542,11.4
031320041000,1,-71002,69545,0.1
031320043000,40,-71004,69545,4.0
031320044000,2,-71005,69545,0.2
031320045000,21,-71005,69546,2.1
031320046000,80,-71006,69546,8.0
031320047000,128,-71007,69546,12.8
031320048000,61,-71008,69546,6.1
031330002000,70,-71028,69550,7.0
031330003000,51,-71027,69549,5.1
031330004000,66,-71025,69549,6.6
031330005000,2,-71023,69549,0.2
031330006000,91,-71023,69549,9.1
031330007000,111,-71022,69549,11.1
031330008000,46,-71021,69549,4.6
031330009000,30,-71021,69549,3.0
031330010000,39,-71020,69548,3.9
031330011000,64,-71019,69548,6.4
031330012000,38,-71020,69545,3.8
031330013000,74,-71020,69545,7.4
031330014000,65,-71021,69546,6.5
031330015000,20,-71021,69546,2.0
031330016000,59,-71022,69546,5.9
031330017000,14,-71023,69546,1.4
031330018000,20,-71024,69547,2.0
031330019000,15,-71024,69547,1.5
031330020000,3,-71025,69547,0.3
031330023000,76,-71027,69546,7.6
031330024000,10,-71027,69546,1.0
031330025000,88,-71028,69546,8.8
031330026000,62,-71029,69546,6.2
031330027000,21,-71029,69547,2.1
031330028000,107,-71029,69548,10.7
031330029000,12,-71030,69547,1.2
031330032000,40,-71018,69547,4.0
031330033000,58,-71017,69546,5.8
031330036000,17,-71020,69542,1.7
031330038000,103,-71019,69544,10.3
031330039000,29,-71018,69545,2.9
031370008000,26,-71001,69578,2.6
031370009000,12,-71001,69576,1.2
031420001000,78,-71037,69554,7.8
031420003000,42,-71036,69553,4.2
031420004000,55,-71035,69553,5.5
031420005000,38,-71034,69552,3.8
031420006000,101,-71034,69551,10.1
031420008000,97,-71032,69550,9.7
031420009000,62,-71032,69551,6.2
031420010000,17,-71033,69552,1.7
031420011000,82,-71033,69553,8.2
031420015000,49,-71031,69554,4.9
031420016000,71,-71031,69553,7.1
031420017000,4,-71030,69552,0.4
031430010000,3,-71041,69550,0.3
031430011000,106,-71041,69551,10.6
031430012000,9,-71040,69551,0.9
031430013000,62,-71039,69551,6.2
031430014000,124,-71038,69551,12.4
031430015000,35,-71037,69551,3.5
031430016000,3,-71036,69551,0.3
031430017000,9,-71036,69550,0.9
031430019000,123,-71037,69549,12.3
031430020000,9,-71038,69549,0.9
031440001000,7,-71046,69544,0.7
031440002000,100,-71046,69545,10.0
031440003000,83,-71046,69546,8.3
031440004000,15,-71046,69547,1.5
031440006000,93,-71045,69548,9.3
031440007000,37,-71045,69549,3.7
031440008000,56,-71045,69549,5.6
031440009000,31,-71045,69550,3.1
031440010000,34,-71042,69549,3.4
031440011000,42,-71042,69549,4.2
031440012000,120,-71042,69548,12.0
031440013000,73,-71042,69547,7.3
031440014000,5,-71042,69547,0.5
031440015000,45,-71043,69546,4.5
031440016000,103,-71043,69545,10.3
031440017000,14,-71043,69544,1.4
031440018000,76,-71043,69544,7.6
031440020000,49,-71041,69543,4.9
031440021000,13,-71041,69544,1.3
031440022000,67,-71041,69545,6.7
031440023000,9,-71041,69545,0.9
031440024000,134,-71040,69546,13.4
031440025000,13,-71040,69547,1.3
031440027000,19,-71039,69548,1.9
031440028000,106,-71038,69548,10.6
031440029000,44,-71041,69542,4.4
031450002000,64,-71047,69542,6.4
031450003000,29,-71047,69542,2.9
031450004000,17,-71047,69543,1.7
031450005000,41,-71046,69544,4.1
031450006000,21,-71043,69543,2.1
031450007000,37,-71044,69542,3.7
031450008000,47,-71044,69542,4.7
031450009000,125,-71044,69541,12.5
031450010000,51,-71044,69540,5.1
031450011000,43,-71044,69539,4.3
031450012000,33,-71044,69539,3.3
031450013000,97,-71044,69538,9.7
031450014000,25,-71044,69536,2.5
031450015000,12,-71044,69537,1.2
031450016000,110,-71043,69537,11.0
031450017000,23,-71042,69537,2.3
031450018000,56,-71042,69538,5.6
031450019000,68,-71041,69539,6.8
031450021000,60,-71041,69540,6.0
031450022000,49,-71041,69541,4.9
031460002000,16,-71044,69533,1.6
031460003000,41,-71043,69534,4.1
031460004000,87,-71042,69534,8.7
031460008000,128,-71046,69533,12.8
031460009000,78,-71045,69533,7.8
032460028000,83,-70499,69614,8.3
032480009000,70,-70559,69592,7.0
033010001000,129,-71028,69522,12.9
033010004000,103,-71026,69523,10.3
033010005000,29,-71025,69523,2.9
033010006000,39,-71025,69523,3.9
033010007000,2,-71024,69523,0.2
033010008000,32,-71023,69524,3.2
033010009000,7,-71023,69524,0.7
033010010000,74,-71022,69524,7.4
033010011000,37,-71021,69525,3.7
033010012000,39,-71021,69525,3.9
033010015000,42,-71019,69525,4.2
033010017000,15,-71018,69523,1.5
033010019000,19,-71020,69522,1.9
033010020000,18,-71020,69522,1.8
033010021000,50,-71021,69522,5.0
033010022000,83,-71020,69520,8.3
033010023000,96,-71022,69521,9.6
033010024000,37,-71022,69522,3.7
033010025000,130,-71024,69521,13.0
033010026000,101,-71025,69521,10.1
033010027000,19,-71026,69521,1.9
033020001000,29,-71028,69521,2.9
033020002000,24,-71028,69520,2.4
033020003000,6,-71029,69520,0.6
033020004000,121,-71029,69519,12.1
033020005000,99,-71029,69518,9.9
033020009000,45,-71026,69518,4.5
033020010000,120,-71026,69519,12.0
033020011000,138,-71026,69520,13.8
033020013000,26,-71022,69520,2.6
033020014000,103,-71021,69520,10.3
033020015000,32,-71023,69519,3.2
033020016000,63,-71024,69518,6.3
033020022000,61,-71022,69512,6.1
033020023000,9,-71022,69513,0.9
033020024000,36,-71022,69514,3.6
033020025000,73,-71021,69516,7.3
033020026000,120,-71022,69516,12.0
033020027000,128,-71021,69517,12.8
033020028000,1,-71020,69517,0.1
033030008000,75,-71023,69504,7.5
033030009000,136,-71023,69505,13.6
033030010000,49,-71022,69505,4.9
033030011000,38,-71021,69504,3.8
033030012000,40,-71020,69504,4.0
033030013000,12,-71018,69505,1.2
033030016000,77,-71021,69507,7.7
033030017000,32,-71022,69507,3.2
033030018000,45,-71022,69507,4.5
033030019000,107,-71023,69507,10.7
033030020000,88,-71024,69507,8.8
033030021000,32,-71023,69508,3.2
033030023000,75,-71023,69510,7.5
033030024000,17,-71023,69511,1.7
033040005000,79,-71024,69500,7.9
033040008000,71,-71023,69499,7.1
033040012000,53,-71021,69500,5.3
033040013000,32,-71022,69499,3.2
033040015000,33,-71021,69502,3.3
033040016000,48,-71022,69503,4.8
033040017000,97,-71020,69503,9.7
033040018000,83,-71019,69502,8.3
033040019000,6,-71019,69501,0.6
033040020000,56,-71018,69501,5.6
033040022000,115,-71017,69499,11.5
033040023000,73,-71017,69498,7.3
033040025000,52,-71015,69501,5.2
033040026000,81,-71016,69502,8.1
033040027000,23,-71017,69503,2.3
033040028000,69,-71017,69504,6.9
033040029000,29,-71018,69505,2.9
033050009000,35,-71021,69493,3.5
033050010000,5,-71020,69492,0.5
033050011000,90,-71019,69493,9.0
033050012000,23,-71018,69492,2.3
033050013000,56,-71018,69493,5.6
033050016000,88,-71015,69496,8.8
033050017000,2,-71016,69496,0.2
033050018000,84,-71016,69497,8.4
033050019000,68,-71017,69495,6.8
033050020000,26,-71017,69496,2.6
033050021000,38,-71018,69496,3.8
033050022000,10,-71019,69496,1.0
033050023000,77,-71020,69495,7.7
033050024000,39,-71021,69495,3.9
033050025000,21,-71021,69497,2.1
033050026000,24,-71021,69497,2.4
033060005000,14,-71012,69496,1.4
033060007000,54,-71011,69494,5.4
033060009000,12,-71009,69493,1.2
033060010000,24,-71009,69493,2.4
033060011000,24,-71008,69493,2.4
033060012000,9,-71007,69494,0.9
033060014000,65,-71005,69494,6.5
033060015000,124,-71004,69494,12.4
033060016000,13,-71004,69492,1.3
033060017000,2,-71004,69491,0.2
033060018000,1,-71006,69491,0.1
033060019000,54,-71006,69491,5.4
033060020000,126,-71007,69491,12.6
033060021000,66,-71008,69491,6.6
033060022000,20,-71008,69491,2.0
033060023000,104,-71009,69491,10.4
033060024000,110,-71010,69491,11.0
033060025000,21,-71011,69491,2.1
033060026000,70,-71011,69491,7.0
033060027000,30,-71012,69491,3.0
033060028000,9,-71013,69492,0.9
033060029000,45,-71013,69492,4.5
033060030000,84,-71014,69492,8.4
033060031000,99,-71015,69492,9.9
033060033000,36,-71014,69494,3.6
033060034000,12,-71013,69495,1.2
033060035000,98,-71014,69495,9.8
033070001000,132,-71003,69494,13.2
033070004000,106,-71000,69493,10.6
033070005000,116,-70999,69493,11.6
033070006000,40,-70998,69493,4.0
033070007000,9,-70998,69492,0.9
033070011000,73,-70995,69489,7.3
033070012000,97,-70995,69488,9.7
033070014000,103,-70995,69486,10.3
033070017000,27,-70998,69485,2.7
033070018000,47,-70997,69486,4.7
033070020000,71,-70997,69489,7.1
033070021000,5,-70998,69490,0.5
033070022000,110,-70998,69490,11.0
033070023000,87,-70999,69490,8.7
033070024000,12,-71000,69490,1.2
033070025000,60,-71000,69491,6.0
033070026000,131,-71001,69491,13.1
033070027000,46,-71002,69491,4.6
033070028000,32,-71003,69492,3.2
033080001000,53,-70998,69484,5.3
033080002000,69,-70998,69483,6.9
033080003000,18,-70999,69482,1.8
033080004000,7,-71000,69483,0.7
033080005000,22,-71000,69482,2.2
033080006000,58,-71001,69482,5.8
033080007000,34,-71002,69481,3.4
033080008000,18,-71003,69481,1.8
033080009000,82,-71003,69481,8.2
033080010000,10,-71004,69480,1.0
033080011000,6,-71004,69480,0.6
033080012000,107,-71005,69480,10.7
033080013000,44,-71004,69478,4.4
033080014000,12,-71000,69480,1.2
033080015000,9,-71000,69480,0.9
033080016000,54,-71000,69479,5.4
033080017000,40,-71000,69478,4.0
033080018000,13,-71000,69477,1.3
033080019000,42,-70999,69477,4.2
033080020000,45,-70997,69476,4.5
033080022000,3,-70997,69478,0.3
033080023000,76,-70997,69478,7.6
033080024000,32,-70997,69479,3.2
033080025000,71,-70997,69480,7.1
033080026000,34,-70997,69481,3.4
033080027000,19,-70996,69481,1.9
033080028000,69,-70996,69482,6.9
033080029000,33,-70995,69483,3.3
033080030000,81,-70995,69484,8.1
033090001000,76,-71012,69481,7.6
033090002000,95,-71011,69481,9.5
033090003000,18,-71010,69480,1.8
033090004000,79,-71009,69480,7.9
033090005000,66,-71008,69480,6.6
033090006000,1,-71007,69480,0.1
033090007000,4,-71006,69479,0.4
033090008000,1,-71006,69479,0.1
033090010000,27,-71005,69478,2.7
033090011000,25,-71004,69476,2.5
033090012000,11,-71004,69475,1.1
033090015000,3,-71006,69475,0.3
033090017000,112,-71007,69477,11.2
033090018000,96,-71008,69477,9.6
033090019000,30,-71009,69478,3.0
033090023000,10,-71013,69479,1.0
033090024000,36,-71012,69480,3.6
033090026000,55,-71014,69476,5.5
033090027000,33,-71014,69475,3.3
033090028000,15,-71012,69475,1.5
033090029000,23,-71010,69473,2.3
033090030000,11,-71011,69474,1.1
033090034000,16,-71008,69474,1.6
033090035000,57,-71008,69473,5.7
033090036000,107,-71010,69478,10.7
033090038000,81,-71011,69478,8.1
033100001000,40,-70999,69476,4.0
033100002000,76,-70999,69475,7.6
033100003000,7,-70999,69474,0.7
033100004000,27,-71000,69474,2.7
033100005000,40,-71000,69473,4.0
033100006000,1,-70999,69472,0.1
033100007000,8,-71000,69471,0.8
033100008000,20,-71000,69470,2.0
033100009000,77,-71000,69470,7.7
033100013000,118,-70998,69469,11.8
033100014000,56,-70997,69471,5.6
033100016000,95,-70997,69473,9.5
033100017000,119,-70997,69474,11.9
033100018000,35,-70997,69475,3.5
033100019000,49,-70997,69475,4.9
033100023000,3,-70997,69467,0.3
033110001000,67,-71008,69470,6.7
033110002000,50,-71007,69469,5.0
033110005000,35,-71009,69468,3.5
033110007000,86,-71006,69466,8.6
033110008000,37,-71005,69466,3.7
033110009000,25,-71005,69465,2.5
033110010000,28,-71004,69464,2.8
033110011000,64,-71006,69464,6.4
033110012000,8,-71006,69464,0.8
033110013000,64,-71007,69463,6.4
033110014000,120,-71006,69462,12.0
033110016000,34,-71004,69463,3.4
033110017000,90,-71003,69463,9.0
033110018000,3,-71003,69462,0.3
033110019000,39,-71001,69462,3.9
033110020000,65,-71001,69463,6.5
033110021000,46,-71001,69464,4.6
033110024000,95,-71002,69466,9.5
033110030000,2,-71008,69467,0.2
033120001000,72,-71016,69473,7.2
033120002000,20,-71015,69473,2.0
033120003000,71,-71014,69473,7.1
033120004000,82,-71013,69473,8.2
033120005000,139,-71012,69473,13.9
033120006000,123,-71011,69472,12.3
033120007000,39,-71011,69473,3.9
033120008000,54,-71008,69472,5.4
033120009000,17,-71009,69471,1.7
033120010000,4,-71009,69470,0.4
033120013000,34,-71013,69469,3.4
033120014000,12,-71013,69469,1.2
033120015000,60,-71012,69470,6.0
033120017000,98,-71013,69471,9.8
033120018000,83,-71014,69471,8.3
033120019000,17,-71015,69471,1.7
033130002000,67,-71022,69474,6.7
033130003000,4,-71022,69473,0.4
033130007000,29,-71023,69470,2.9
033130008000,55,-71024,69469,5.5
033130009000,37,-71024,69469,3.7
033130010000,38,-71022,69468,3.8
033130011000,33,-71021,69468,3.3
033130012000,99,-71021,69469,9.9
033130013000,72,-71021,69470,7.2
033130014000,89,-71020,69470,8.9
033130015000,17,-71019,69470,1.7
033130016000,44,-71019,69470,4.4
033130017000,46,-71020,69472,4.6
033130018000,76,-71020,69473,7.6
033130019000,16,-71020,69473,1.6
033130020000,78,-71020,69474,7.8
033130021000,3,-71020,69475,0.3
033130022000,17,-71019,69476,1.7
033140001000,115,-71024,69468,11.5
033140002000,49,-71024,69467,4.9
033140004000,59,-71022,69466,5.9
033140005000,82,-71023,69465,8.2
033140007000,21,-71025,69467,2.1
033140008000,70,-71025,69466,7.0
033140009000,101,-71025,69465,10.1
033140010000,71,-71025,69464,7.1
033140011000,53,-71025,69463,5.3
033140012000,9,-71025,69462,0.9
033140013000,49,-71024,69462,4.9
033140014000,146,-71024,69461,14.6
033140015000,44,-71024,69460,4.4
033140016000,52,-71023,69460,5.2
033150001000,62,-71020,69459,6.2
033150002000,91,-71019,69459,9.1
033150003000,46,-71018,69459,4.6
033150004000,2,-71018,69459,0.2
033150005000,148,-71023,69459,14.8
033150006000,33,-71023,69458,3.3
033150007000,74,-71022,69458,7.4
033150008000,14,-71022,69457,1.4
033150012000,78,-71019,69456,7.8
033150013000,30,-71018,69457,3.0
033150015000,32,-71019,69454,3.2
033150017000,80,-71021,69452,8.0
033150019000,2,-71019,69451,0.2
033160001000,36,-71017,69458,3.6
033160002000,78,-71016,69458,7.8
033160003000,30,-71015,69458,3.0
033160004000,73,-71015,69458,7.3
033160005000,62,-71014,69457,6.2
033160006000,56,-71014,69457,5.6
033160007000,51,-71013,69456,5.1
033160008000,36,-71013,69456,3.6
033160009000,92,-71012,69455,9.2
033160010000,36,-71011,69455,3.6
033160011000,73,-71011,69454,7.3
033160012000,71,-71010,69454,7.1
033160013000,21,-71012,69452,2.1
033160014000,58,-71012,69452,5.8
033160015000,63,-71013,69451,6.3
033160016000,8,-71013,69451,0.8
033160017000,62,-71014,69451,6.2
033160018000,109,-71015,69451,10.9
033160019000,71,-71016,69451,7.1
033160020000,16,-71016,69451,1.6
033160021000,104,-71017,69451,10.4
033160022000,105,-71018,69451,10.5
033160023000,40,-71019,69451,4.0
033160026000,51,-71017,69454,5.1
033160027000,49,-71016,69453,4.9
033160028000,123,-71015,69453,12.3
033160029000,90,-71014,69453,9.0
033160030000,43,-71013,69454,4.3
033160032000,12,-71015,69454,1.2
033160033000,52,-71015,69455,5.2
033160034000,31,-71016,69455,3.1
033160035000,69,-71016,69456,6.9
033160036000,80,-71017,69456,8.0
033160037000,2,-71018,69456,0.2
033180004000,85,-71021,69490,8.5
033180005000,44,-71021,69491,4.4
033180006000,26,-71020,69492,2.6
033180008000,1,-71018,69492,0.1
033180009000,84,-71019,69491,8.4
033180010000,88,-71019,69490,8.8
033180011000,17,-71019,69489,1.7
033180012000,14,-71020,69489,1.4
033180013000,92,-71020,69488,9.2
033180014000,23,-71019,69487,2.3
033180017000,11,-71017,69487,1.1
033180018000,30,-71017,69488,3.0
033180019000,103,-71017,69489,10.3
033180020000,81,-71017,69490,8.1
033180021000,1,-71017,69490,0.1
033190001000,29,-71019,69520,2.9
033190005000,140,-71016,69520,14.0
033190007000,44,-71015,69519,4.4
033190008000,60,-71014,69518,6.0
033190009000,64,-71013,69518,6.4
033190010000,44,-71013,69517,4.4
033190011000,39,-71012,69517,3.9
033190012000,63,-71011,69517,6.3
033190015000,83,-71008,69515,8.3
033190023000,41,-71016,69517,4.1
033190024000,72,-71017,69517,7.2
033190025000,36,-71017,69518,3.6
033190026000,131,-71018,69518,13.1
033190027000,75,-71019,69518,7.5
033200008000,20,-71001,69516,2.0
033200020000,105,-71005,69514,10.5
033210001000,35,-70997,69511,3.5
033210009000,10,-70987,69509,1.0
033210010000,20,-70986,69509,2.0
033210012000,81,-70986,69506,8.1
033210013000,21,-70987,69506,2.1
033210014000,39,-70987,69507,3.9
033220001000,56,-70984,69508,5.6
033220002000,34,-70985,69508,3.4
033220003000,82,-70985,69508,8.2
033220004000,25,-70985,69510,2.5
033220005000,94,-70984,69510,9.4
033220006000,81,-70983,69510,8.1
033220008000,14,-70981,69510,1.4
033220009000,46,-70981,69509,4.6
033220010000,69,-70982,69508,6.9
033220011000,126,-70982,69507,12.6
033220013000,1,-70984,69506,0.1
033220014000,72,-70985,69505,7.2
033220015000,25,-70985,69504,2.5
033220016000,2,-70983,69504,0.2
033220017000,51,-70983,69505,5.1
033220018000,41,-70981,69505,4.1
033220019000,3,-70980,69505,0.3
033220020000,67,-70980,69504,6.7
033220021000,128,-70980,69503,12.8
033220022000,40,-70978,69503,4.0
033220023000,59,-70978,69504,5.9
033220024000,71,-70978,69505,7.1
033220025000,32,-70979,69506,3.2
033230001000,58,-70985,69499,5.8
033230002000,31,-70988,69499,3.1
033230003000,0,-70987,69500,0.0
033230004000,15,-70985,69499,1.5
033230005000,109,-70985,69500,10.9
033230006000,24,-70987,69501,2.4
033230007000,40,-70987,69502,4.0
033230008000,89,-70985,69501,8.9
033230009000,17,-70985,69502,1.7
033230010000,44,-70987,69502,4.4
033230011000,77,-70987,69503,7.7
033230012000,84,-70986,69504,8.4
033230014000,64,-70984,69502,6.4
033230015000,16,-70984,69503,1.6
033230017000,48,-70978,69502,4.8
033230018000,10,-70978,69502,1.0
033230019000,97,-70980,69502,9.7
033230020000,29,-70980,69501,2.9
033230021000,68,-70978,69501,6.8
033230022000,126,-70978,69500,12.6
033230023000,25,-70980,69501,2.5
033230024000,78,-70981,69500,7.8
033230025000,26,-70978,69499,2.6
033230026000,18,-70979,69499,1.8
033230029000,63,-70981,69499,6.3
033230030000,125,-70979,69498,12.5
033230031000,13,-70979,69497,1.3
033230033000,45,-70982,69498,4.5
033230034000,5,-70982,69498,0.5
033240001000,21,-70999,69500,2.1
033240002000,64,-71000,69502,6.4
033240003000,114,-71000,69503,11.4
033240004000,49,-71000,69504,4.9
033240005000,114,-70999,69506,11.4
033240022000,110,-70992,69498,11.0
033240023000,111,-70992,69499,11.1
033240024000,36,-70992,69500,3.6
033240025000,18,-70993,69501,1.8
033240026000,14,-70994,69500,1.4
033240027000,85,-70995,69500,8.5
033240028000,132,-70995,69499,13.2
033240029000,9,-70996,69500,0.9
033250003000,24,-71008,69511,2.4
033250004000,62,-71008,69511,6.2
033250005000,112,-71008,69510,11.2
033250006000,23,-71006,69510,2.3
033250008000,57,-71006,69511,5.7
033250009000,26,-71006,69512,2.6
033250010000,38,-71006,69512,3.8
033250011000,51,-71003,69512,5.1
033250012000,89,-71003,69511,8.9
033250013000,15,-71003,69510,1.5
033250014000,34,-71004,69510,3.4
033250015000,106,-71004,69509,10.6
033250020000,6,-70999,69507,0.6
033250021000,24,-71001,69505,2.4
033250022000,26,-71001,69505,2.6
033250023000,61,-71002,69506,6.1
033250024000,11,-71003,69506,1.1
033250025000,14,-71003,69507,1.4
033250026000,102,-71004,69507,10.2
033250027000,47,-71005,69507,4.7
033250028000,43,-71005,69507,4.3
033250029000,31,-71006,69507,3.1
033250030000,43,-71007,69508,4.3
033250031000,118,-71008,69508,11.8
033250032000,137,-71009,69508,13.7
033250033000,71,-71010,69508,7.1
033250034000,23,-71010,69507,2.3
033250035000,68,-71011,69507,6.8
033250036000,65,-71011,69506,6.5
033250037000,74,-71009,69505,7.4
033250039000,75,-71008,69505,7.5
033250040000,65,-71007,69506,6.5
033250041000,22,-71006,69506,2.2
033250042000,42,-71005,69505,4.2
033250043000,21,-71005,69505,2.1
033250044000,13,-71004,69505,1.3
033250045000,24,-71003,69504,2.4
033250046000,46,-71003,69504,4.6
033250047000,92,-71002,69503,9.2
033260001000,111,-71021,69513,11.1
033260002000,43,-71020,69512,4.3
033260003000,25,-71020,69512,2.5
033260004000,84,-71021,69511,8.4
033260008000,68,-71018,69510,6.8
033260009000,95,-71018,69511,9.5
033260010000,33,-71017,69510,3.3
033260011000,12,-71016,69510,1.2
033260012000,78,-71016,69509,7.8
033260013000,35,-71015,69509,3.5
033260014000,50,-71015,69508,5.0
033260015000,74,-71014,69507,7.4
033260016000,67,-71013,69507,6.7
033260017000,15,-71012,69509,1.5
033260018000,26,-71012,69509,2.6
033260019000,38,-71013,69510,3.8
033260020000,45,-71013,69510,4.5
033260021000,93,-71014,69511,9.3
033260022000,53,-71015,69512,5.3
033260023000,12,-71015,69512,1.2
033260024000,42,-71016,69513,4.2
033260025000,29,-71017,69513,2.9
033260027000,60,-71018,69513,6.0
033260028000,15,-71019,69514,1.5
033260029000,89,-71020,69515,8.9
033260030000,26,-71020,69516,2.6
033260031000,105,-71019,69516,10.5
033260032000,104,-71018,69516,10.4
033260033000,27,-71017,69516,2.7
033260034000,0,-71017,69514,0.0
033260036000,43,-71010,69510,4.3
033260037000,6,-71010,69510,0.6
033260038000,13,-71010,69511,1.3
033260039000,83,-71011,69512,8.3
033260040000,45,-71011,69513,4.5
033270003000,49,-71014,69506,4.9
033270004000,101,-71014,69505,10.1
033270010000,50,-71011,69504,5.0
033270011000,51,-71011,69505,5.1
033270013000,4,-71010,69503,0.4
033270014000,9,-71009,69502,0.9
033270015000,57,-71009,69502,5.7
033270016000,33,-71009,69501,3.3
033270017000,62,-71007,69500,6.2
033270018000,85,-71007,69501,8.5
033270019000,143,-71007,69502,14.3
033270020000,48,-71007,69503,4.8
033270021000,20,-71006,69503,2.0
033270022000,46,-71006,69503,4.6
033280001000,28,-71013,69500,2.8
033280012000,45,-71003,69496,4.5
033280015000,38,-71001,69500,3.8
033280016000,76,-71002,69499,7.6
033280017000,28,-71003,69499,2.8
033280018000,48,-71004,69500,4.8
033280019000,2,-71005,69500,0.2
033280020000,80,-71005,69500,8.0
033280021000,36,-71006,69500,3.6
033280022000,73,-71005,69502,7.3
033280023000,45,-71005,69502,4.5
033280024000,45,-71004,69501,4.5
033290004000,73,-71000,69500,7.3
033290007000,68,-70996,69499,6.8
033290008000,26,-70996,69498,2.6
033290013000,32,-70995,69497,3.2
033290015000,19,-70993,69495,1.9
033290016000,18,-70993,69496,1.8
033290018000,109,-70992,69497,10.9
033290022000,43,-70990,69495,4.3
033290023000,7,-70991,69494,0.7
033290024000,65,-70993,69494,6.5
033290026000,24,-70993,69493,2.4
033290027000,18,-70991,69494,1.8
033290028000,96,-70991,69493,9.6
033290029000,100,-70991,69492,10.0
033290031000,6,-70994,69492,0.6
033290032000,30,-70993,69491,3.0
033290033000,49,-70991,69491,4.9
033290034000,13,-70991,69491,1.3
033300003000,94,-70988,69497,9.4
033300006000,38,-70988,69494,3.8
033300007000,48,-70988,69494,4.8
033300008000,5,-70988,69493,0.5
033300009000,9,-70988,69492,0.9
033300010000,12,-70988,69491,1.2
033300011000,66,-70988,69491,6.6
033300012000,63,-70985,69490,6.3
033300013000,82,-70985,69491,8.2
033300014000,8,-70985,69491,0.8
033300015000,12,-70986,69492,1.2
033300016000,18,-70986,69493,1.8
033300017000,2,-70986,69494,0.2
033300020000,54,-70985,69496,5.4
033300021000,17,-70985,69497,1.7
033300022000,29,-70985,69498,2.9
033300025000,60,-70982,69497,6.0
033300026000,55,-70982,69496,5.5
033300027000,86,-70982,69495,8.6
033300028000,2,-70982,69495,0.2
033300029000,6,-70982,69494,0.6
033300031000,13,-70981,69493,1.3
033300032000,21,-70980,69492,2.1
033300034000,22,-70980,69491,2.2
033300036000,112,-70980,69489,11.2
033300037000,19,-70982,69489,1.9
033300038000,52,-70982,69490,5.2
033300039000,60,-70983,69490,6.0
033300040000,8,-70977,69489,0.8
033300041000,30,-70978,69490,3.0
033300042000,58,-70978,69491,5.8
033300043000,30,-70978,69491,3.0
033300044000,39,-70979,69492,3.9
033300046000,53,-70980,69496,5.3
033300047000,10,-70980,69497,1.0
033300049000,19,-70985,69495,1.9
033300050000,8,-70985,69494,0.8
033310001000,33,-70984,69489,3.3
033310003000,107,-70988,69490,10.7
033310005000,31,-70986,69489,3.1
033310007000,97,-70988,69487,9.7
033310009000,138,-70986,69486,13.8
033310010000,11,-70985,69486,1.1
033310011000,116,-70984,69487,11.6
033310012000,88,-70983,69487,8.8
033310013000,14,-70982,69487,1.4
033310015000,35,-70980,69488,3.5
033310016000,58,-70980,69488,5.8
033310017000,118,-70980,69487,11.8
033310018000,65,-70980,69486,6.5
033310020000,9,-70980,69485,0.9
033310021000,25,-70979,69484,2.5
033310023000,30,-70976,69483,3.0
033310024000,23,-70977,69484,2.3
033310025000,63,-70977,69484,6.3
033310026000,100,-70977,69485,10.0
033310027000,59,-70977,69486,5.9
033310028000,28,-70977,69486,2.8
033310029000,95,-70977,69487,9.5
033310030000,63,-70977,69488,6.3
033310031000,1,-70977,69488,0.1
033320002000,84,-70993,69490,8.4
033320004000,95,-70993,69488,9.5
033320005000,54,-70993,69487,5.4
033320006000,33,-70993,69487,3.3
033320007000,83,-70992,69486,8.3
033320008000,66,-70992,69485,6.6
033320009000,25,-70992,69485,2.5
033320012000,2,-70989,69485,0.2
033320013000,38,-70990,69486,3.8
033320014000,19,-70990,69486,1.9
033320015000,110,-70990,69487,11.0
033320016000,100,-70990,69488,10.0
033320017000,9,-70990,69489,0.9
033320018000,65,-70990,69489,6.5
033320019000,30,-70990,69490,3.0
033330001000,61,-70973,69509,6.1
033330002000,19,-70972,69509,1.9
033330004000,97,-70971,69510,9.7
033330005000,18,-70972,69510,1.8
033330006000,106,-70973,69511,10.6
033330017000,20,-70967,69508,2.0
033340001000,12,-70976,69510,1.2
033340002000,102,-70975,69510,10.2
033340003000,69,-70974,69510,6.9
033340004000,14,-70974,69511,1.4
033340006000,29,-70974,69513,2.9
033340007000,4,-70975,69514,0.4
033340008000,63,-70975,69514,6.3
033340009000,127,-70976,69514,12.7
033340010000,15,-70976,69512,1.5
033340011000,13,-70977,69512,1.3
033340012000,7,-70977,69512,0.7
033340020000,43,-70975,69517,4.3
033340021000,1,-70975,69517,0.1
033340022000,105,-70974,69516,10.5
033340023000,26,-70973,69516,2.6
033350003000,44,-70970,69503,4.4
033350005000,43,-70973,69503,4.3
033350006000,4,-70972,69503,0.4
033350007000,62,-70972,69504,6.2
033350008000,60,-70972,69505,6.0
033350009000,20,-70972,69506,2.0
033350012000,30,-70971,69505,3.0
033350018000,62,-70967,69506,6.2
033350019000,6,-70967,69507,0.6
033350020000,13,-70968,69507,1.3
033350021000,12,-70969,69507,1.2
033350022000,82,-70970,69508,8.2
033350023000,60,-70971,69508,6.0
033360003000,33,-70979,69510,3.3
033360004000,136,-70979,69509,13.6
033360005000,21,-70979,69508,2.1
033360007000,54,-70978,69506,5.4
033360008000,118,-70977,69507,11.8
033360011000,127,-70976,69509,12.7
033360012000,29,-70973,69508,2.9
033360013000,97,-70974,69508,9.7
033360014000,50,-70974,69507,5.0
033360016000,1,-70975,69506,0.1
033360017000,97,-70975,69506,9.7
033360019000,22,-70976,69504,2.2
033360020000,5,-70975,69504,0.5
033360021000,43,-70977,69508,4.3
033360023000,56,-70976,69508,5.6
033370001000,54,-70978,69495,5.4
033370002000,4,-70977,69496,0.4
033370003000,38,-70976,69496,3.8
033370004000,52,-70976,69496,5.2
033370005000,20,-70975,69496,2.0
033370006000,117,-70974,69496,11.7
033370007000,10,-70973,69496,1.0
033370008000,144,-70972,69496,14.4
033370009000,19,-70972,69497,1.9
033370010000,29,-70973,69497,2.9
033370011000,74,-70973,69498,7.4
033370012000,31,-70974,69499,3.1
033370013000,79,-70974,69499,7.9
033370014000,43,-70974,69500,4.3
033370020000,46,-70975,69501,4.6
033370022000,42,-70972,69501,4.2
033370023000,36,-70972,69500,3.6
033370025000,110,-70971,69499,11.0
033370026000,7,-70971,69499,0.7
033370027000,33,-70970,69498,3.3
033370028000,86,-70970,69497,8.6
033370030000,21,-70971,69495,2.1
033370031000,45,-70972,69494,4.5
033370032000,61,-70971,69493,6.1
033370033000,91,-70968,69493,9.1
033370034000,28,-70968,69494,2.8
033370035000,54,-70968,69494,5.4
033370036000,0,-70970,69495,0.0
033370037000,19,-70969,69496,1.9
033370038000,89,-70968,69496,8.9
033370041000,41,-70966,69499,4.1
033370042000,85,-70967,69499,8.5
033370043000,22,-70968,69499,2.2
033370044000,26,-70968,69498,2.6
033370047000,30,-70970,69501,3.0
033370048000,19,-70967,69496,1.9
033370050000,77,-70967,69496,7.7
033380001000,82,-70979,69495,8.2
033380003000,54,-70978,69493,5.4
033380004000,50,-70977,69493,5.0
033380005000,21,-70976,69493,2.1
033380006000,31,-70976,69493,3.1
033380007000,90,-70975,69493,9.0
033380008000,116,-70974,69493,11.6
033380009000,43,-70973,69493,4.3
033380010000,34,-70973,69493,3.4
033380011000,19,-70971,69493,1.9
033380012000,21,-70972,69492,2.1
033380014000,3,-70971,69491,0.3
033380015000,61,-70972,69491,6.1
033380016000,106,-70973,69491,10.6
033380017000,18,-70974,69491,1.8
033380021000,56,-70974,69488,5.6
033380022000,3,-70973,69489,0.3
033380023000,49,-70972,69488,4.9
033380024000,56,-70973,69487,5.6
033380025000,86,-70973,69486,8.6
033380026000,36,-70974,69487,3.6
033380028000,95,-70970,69486,9.5
033380029000,2,-70970,69487,0.2
033380034000,18,-70969,69491,1.8
033380035000,4,-70968,69492,0.4
033390001000,84,-70975,69485,8.4
033390003000,20,-70974,69484,2.0
033390004000,74,-70973,69484,7.4
033390006000,107,-70974,69481,10.7
033390007000,88,-70974,69480,8.8
033390008000,18,-70974,69479,1.8
033390009000,34,-70975,69480,3.4
033390010000,28,-70976,69481,2.8
033390011000,57,-70976,69481,5.7
033390012000,124,-70977,69481,12.4
033390013000,105,-70979,69481,10.5
033390014000,87,-70979,69482,8.7
033390015000,8,-70980,69481,0.8
033390016000,49,-70980,69481,4.9
033390017000,137,-70979,69479,13.7
033390018000,51,-70978,69479,5.1
033390019000,46,-70978,69479,4.6
033390020000,4,-70977,69479,0.4
033390021000,39,-70976,69478,3.9
033390022000,48,-70976,69478,4.8
033390024000,13,-70973,69477,1.3
033390026000,43,-70972,69478,4.3
033390027000,10,-70972,69479,1.0
033390028000,24,-70971,69479,2.4
033390029000,108,-70971,69480,10.8
033390030000,94,-70971,69481,9.4
033390031000,25,-70971,69482,2.5
033390032000,1,-70971,69482,0.1
033390034000,18,-70970,69484,1.8
033390035000,32,-70970,69485,3.2
033400001000,89,-70991,69483,8.9
033400002000,42,-70989,69484,4.2
033400004000,39,-70989,69484,3.9
033400006000,39,-70989,69482,3.9
033400007000,2,-70988,69481,0.2
033400008000,102,-70988,69481,10.2
033400010000,5,-70987,69480,0.5
033400011000,81,-70987,69480,8.1
033400013000,41,-70986,69479,4.1
033400014000,112,-70985,69479,11.2
033400015000,29,-70984,69479,2.9
033400018000,86,-70983,69479,8.6
033400019000,12,-70983,69479,1.2
033400020000,125,-70982,69480,12.5
033400021000,127,-70983,69481,12.7
033400022000,39,-70983,69482,3.9
033400023000,7,-70984,69482,0.7
033400024000,22,-70984,69483,2.2
033400025000,12,-70985,69484,1.2
033400026000,42,-70985,69484,4.2
033400027000,70,-70985,69485,7.0
033400028000,1,-70983,69486,0.1
033400029000,28,-70982,69485,2.8
033400030000,81,-70982,69485,8.1
033400031000,49,-70982,69484,4.9
033400032000,24,-70981,69483,2.4
033400033000,71,-70981,69483,7.1
033400034000,93,-70981,69482,9.3
033400035000,71,-70980,69479,7.1
033400036000,21,-70980,69479,2.1
033400037000,131,-70981,69478,13.1
033400038000,46,-70981,69477,4.6
033400039000,13,-70983,69478,1.3
033410003000,11,-70995,69479,1.1
033410005000,44,-70994,69481,4.4
033410006000,23,-70994,69481,2.3
033410007000,91,-70993,69482,9.1
033410008000,6,-70993,69482,0.6
033410009000,121,-70992,69483,12.1
033410010000,95,-70991,69481,9.5
033410011000,103,-70992,69480,10.3
033410012000,4,-70990,69481,0.4
033410013000,97,-70990,69480,9.7
033410014000,88,-70992,69479,8.8
033410015000,55,-70992,69478,5.5
033410016000,114,-70990,69479,11.4
033410017000,90,-70989,69479,9.0
033410018000,22,-70989,69478,2.2
033410019000,112,-70988,69478,11.2
033410023000,56,-70989,69476,5.6
033410024000,9,-70987,69474,0.9
033410025000,88,-70987,69475,8.8
033410026000,14,-70986,69476,1.4
033410027000,16,-70986,69477,1.6
033410028000,45,-70986,69477,4.5
033410029000,33,-70985,69477,3.3
033410030000,14,-70984,69477,1.4
033410031000,81,-70984,69476,8.1
033410032000,16,-70985,69475,1.6
033410033000,26,-70985,69474,2.6
033410034000,73,-70985,69474,7.3
033410035000,129,-70983,69473,12.9
033410036000,47,-70983,69474,4.7
033410037000,25,-70982,69474,2.5
033410038000,84,-70982,69475,8.4
033410040000,71,-70982,69476,7.1
033410041000,12,-70982,69477,1.2
033410042000,22,-70991,69477,2.2
033420002000,18,-70977,69471,1.8
033420003000,70,-70977,69471,7.0
033420004000,106,-70977,69472,10.6
033420005000,49,-70977,69473,4.9
033420006000,5,-70976,69473,0.5
033420007000,65,-70976,69474,6.5
033420008000,125,-70976,69475,12.5
033420009000,105,-70976,69476,10.5
033420012000,62,-70974,69476,6.2
033420013000,132,-70974,69475,13.2
033420014000,88,-70974,69474,8.8
033420015000,14,-70974,69473,1.4
033420016000,107,-70975,69472,10.7
033420017000,129,-70975,69471,12.9
033420018000,37,-70974,69471,3.7
033420020000,21,-70973,69472,2.1
033420022000,110,-70972,69474,11.0
033420023000,120,-70972,69475,12.0
033420025000,41,-70972,69476,4.1
033420026000,22,-70971,69477,2.2
033430001000,1,-70981,69463,0.1
033430002000,77,-70980,69464,7.7
033430003000,5,-70980,69464,0.5
033430004000,53,-70979,69464,5.3
033430005000,40,-70978,69465,4.0
033430006000,44,-70977,69465,4.4
033430008000,16,-70978,69467,1.6
033430009000,51,-70978,69468,5.1
033430010000,1,-70977,69469,0.1
033430011000,38,-70977,69470,3.8
033430016000,117,-70975,69466,11.7
033430017000,7,-70976,69464,0.7
033430019000,128,-70975,69464,12.8
033430020000,9,-70974,69464,0.9
033430021000,83,-70974,69463,8.3
033430024000,44,-70974,69462,4.4
033430025000,11,-70973,69461,1.1
033430026000,133,-70976,69461,13.3
033430027000,29,-70976,69462,2.9
033430028000,97,-70977,69462,9.7
033430029000,45,-70977,69463,4.5
033440002000,23,-70981,69462,2.3
033440003000,80,-70981,69461,8.0
033440004000,69,-70981,69460,6.9
033440005000,59,-70981,69459,5.9
033440006000,31,-70981,69459,3.1
033440007000,14,-70982,69458,1.4
033440008000,104,-70982,69457,10.4
033440009000,0,-70982,69456,0.0
033440010000,15,-70982,69456,1.5
033440011000,74,-70983,69455,7.4
033440012000,11,-70983,69455,1.1
033440013000,87,-70981,69454,8.7
033440014000,0,-70980,69454,0.0
033440015000,92,-70980,69455,9.2
033440016000,128,-70980,69456,12.8
033440017000,25,-70979,69457,2.5
033440018000,5,-70979,69458,0.5
033440019000,90,-70979,69458,9.0
033440020000,1,-70978,69459,0.1
033440021000,34,-70978,69460,3.4
033440022000,8,-70978,69461,0.8
033440023000,3,-70978,69461,0.3
033440024000,78,-70979,69462,7.8
033440025000,4,-70977,69459,0.4
033440026000,74,-70976,69460,7.4
033440027000,10,-70976,69460,1.0
033440028000,86,-70976,69459,8.6
033440029000,43,-70977,69458,4.3
033440030000,47,-70976,69458,4.7
033440031000,27,-70977,69457,2.7
033440032000,75,-70977,69456,7.5
033440033000,4,-70978,69456,0.4
033440034000,14,-70977,69456,1.4
033440035000,12,-70978,69455,1.2
033440036000,134,-70979,69454,13.4
033440037000,72,-70978,69454,7.2
033440038000,49,-70978,69453,4.9
033440039000,51,-70976,69453,5.1
033440040000,9,-70976,69453,0.9
033440041000,68,-70975,69454,6.8
033440042000,104,-70975,69455,10.4
033440043000,18,-70975,69456,1.8
033440044000,62,-70974,69457,6.2
033440045000,33,-70974,69457,3.3
033440046000,14,-70973,69458,1.4
033440049000,30,-70973,69460,3.0
033450006000,39,-70991,69474,3.9
033450007000,66,-70992,69473,6.6
033450008000,41,-70992,69473,4.1
033450009000,5,-70993,69473,0.5
033450010000,18,-70994,69472,1.8
033450011000,76,-70994,69472,7.6
033450012000,38,-70995,69471,3.8
033450013000,42,-70995,69471,4.2
033450014000,5,-70993,69470,0.5
033450015000,118,-70992,69470,11.8
033450016000,34,-70991,69470,3.4
033450017000,48,-70991,69471,4.8
033450018000,96,-70990,69471,9.6
033450019000,10,-70989,69472,1.0
033450021000,13,-70988,69473,1.3
033450022000,31,-70988,69473,3.1
033450023000,74,-70988,69474,7.4
033450028000,96,-70989,69468,9.6
033450029000,104,-70988,69469,10.4
033450030000,66,-70987,69469,6.6
033450031000,40,-70987,69470,4.0
033450032000,31,-70986,69470,3.1
033450033000,123,-70986,69471,12.3
033450034000,71,-70986,69472,7.1
033450035000,23,-70986,69472,2.3
033450036000,54,-70985,69473,5.4
033450038000,56,-70983,69472,5.6
033450039000,16,-70983,69472,1.6
033450040000,61,-70984,69471,6.1
033450041000,58,-70984,69470,5.8
033450042000,41,-70984,69470,4.1
033450043000,12,-70984,69469,1.2
033450044000,74,-70985,69468,7.4
033450045000,51,-70985,69468,5.1
033460001000,18,-70997,69470,1.8
033460002000,3,-70996,69470,0.3
033460003000,35,-70996,69470,3.5
033460004000,96,-70993,69469,9.6
033460005000,77,-70994,69469,7.7
033460006000,37,-70994,69468,3.7
033460007000,143,-70995,69468,14.3
033460008000,23,-70996,69468,2.3
033460009000,86,-70996,69467,8.6
033460011000,45,-70997,69466,4.5
033460012000,36,-70996,69465,3.6
033460013000,23,-70996,69465,2.3
033460014000,27,-70995,69465,2.7
033460015000,33,-70994,69466,3.3
033460016000,87,-70994,69466,8.7
033460017000,18,-70993,69467,1.8
033460018000,26,-70993,69467,2.6
033460019000,48,-70992,69467,4.8
033460020000,15,-70991,69468,1.5
033460021000,44,-70990,69468,4.4
033460023000,78,-70986,69467,7.8
033460024000,12,-70987,69467,1.2
033460025000,11,-70987,69466,1.1
033460026000,101,-70988,69466,10.1
033460027000,20,-70989,69466,2.0
033460028000,22,-70989,69465,2.2
033460029000,31,-70990,69465,3.1
033460030000,75,-70991,69465,7.5
033460031000,27,-70991,69464,2.7
033460032000,139,-70992,69464,13.9
033460033000,15,-70993,69464,1.5
033460034000,100,-70993,69463,10.0
033460035000,76,-70994,69463,7.6
033460036000,1,-70994,69463,0.1
033460037000,55,-70995,69462,5.5
033460038000,70,-70996,69462,7.0
033460039000,72,-70997,69462,7.2
033460040000,7,-70998,69463,0.7
033460042000,11,-70999,69463,1.1
033460043000,1,-70998,69464,0.1
033460044000,18,-70999,69464,1.8
033460045000,57,-71000,69465,5.7
033460046000,103,-71000,69466,10.3
033460050000,48,-70997,69466,4.8
033470001000,69,-70984,69463,6.9
033470002000,11,-70985,69462,1.1
033470003000,23,-70986,69462,2.3
033470004000,73,-70986,69462,7.3
033470005000,54,-70987,69461,5.4
033470006000,10,-70987,69461,1.0
033470007000,88,-70988,69460,8.8
033470008000,13,-70989,69459,1.3
033470009000,22,-70989,69458,2.2
033470010000,39,-70989,69458,3.9
033470011000,86,-70990,69457,8.6
033470012000,9,-70990,69456,0.9
033470013000,95,-70991,69456,9.5
033470015000,124,-70988,69455,12.4
033470016000,51,-70988,69456,5.1
033470017000,50,-70987,69456,5.0
033470018000,145,-70987,69457,14.5
033470019000,85,-70987,69458,8.5
033470020000,48,-70986,69458,4.8
033470021000,84,-70986,69459,8.4
033470022000,30,-70985,69460,3.0
033470023000,83,-70985,69460,8.3
033470024000,44,-70984,69461,4.4
033480001000,1,-70996,69455,0.1
033480002000,53,-70996,69455,5.3
033480003000,60,-70995,69455,6.0
033480004000,58,-70994,69455,5.8
033480005000,14,-70994,69455,1.4
033480006000,27,-70993,69455,2.7
033480007000,5,-70992,69456,0.5
033480008000,12,-70991,69456,1.2
033480009000,8,-70989,69455,0.8
033480010000,99,-70989,69454,9.9
033480011000,87,-70990,69454,8.7
033480012000,10,-70990,69454,1.0
033480013000,25,-70991,69453,2.5
033480014000,56,-70992,69453,5.6
033480015000,48,-70993,69453,4.8
033480016000,40,-70993,69453,4.0
033480017000,81,-70994,69453,8.1
033480018000,87,-70995,69453,8.7
033480019000,5,-70996,69453,0.5
033480020000,74,-70996,69453,7.4
033480021000,99,-70997,69453,9.9
033490001000,20,-71001,69462,2.0
033490003000,65,-71001,69461,6.5
033490004000,58,-71001,69460,5.8
033490005000,72,-71004,69461,7.2
033490006000,48,-71003,69460,4.8
033490007000,6,-71003,69459,0.6
033490008000,89,-71003,69459,8.9
033490009000,2,-71003,69458,0.2
033490010000,12,-71002,69457,1.2
033490011000,94,-71002,69457,9.4
033490014000,62,-71000,69455,6.2
033490015000,23,-71000,69454,2.3
033490016000,131,-70999,69454,13.1
033490017000,41,-70998,69454,4.1
033490018000,36,-70998,69453,3.6
033490019000,66,-70997,69456,6.6
033490020000,71,-70998,69456,7.1
033490021000,39,-70998,69456,3.9
033490022000,59,-70999,69457,5.9
033490023000,95,-71001,69456,9.5
033500002000,49,-70983,69454,4.9
033500005000,54,-70985,69451,5.4
033500006000,84,-70985,69450,8.4
033500007000,19,-70985,69450,1.9
033500008000,29,-70986,69449,2.9
033500009000,85,-70986,69448,8.5
033500010000,17,-70986,69448,1.7
033500011000,12,-70986,69447,1.2
033500012000,77,-70984,69446,7.7
033500013000,95,-70984,69447,9.5
033500014000,9,-70984,69447,0.9
033500015000,21,-70983,69448,2.1
033500016000,59,-70983,69449,5.9
033500017000,16,-70982,69450,1.6
033500018000,92,-70982,69451,9.2
033500019000,56,-70982,69452,5.6
033500020000,2,-70981,69452,0.2
033500021000,110,-70981,69453,11.0
033500026000,28,-70981,69445,2.8
033500027000,33,-70981,69446,3.3
033500028000,54,-70980,69447,5.4
033500029000,133,-70980,69448,13.3
033500030000,77,-70980,69449,7.7
033500031000,7,-70980,69449,0.7
033500032000,57,-70979,69450,5.7
033500033000,105,-70979,69451,10.5
033500034000,23,-70979,69452,2.3
033500035000,31,-70979,69452,3.1
033500038000,50,-70976,69452,5.0
033500039000,28,-70977,69451,2.8
033500040000,58,-70977,69450,5.8
033500041000,58,-70977,69449,5.8
033500043000,41,-70978,69447,4.1
033500044000,45,-70978,69446,4.5
033500045000,14,-70978,69445,1.4
033510001000,81,-70990,69444,8.1
033510002000,43,-70989,69444,4.3
033510003000,5,-70989,69444,0.5
033510004000,43,-70988,69443,4.3
033510005000,134,-70987,69443,13.4
033510006000,126,-70987,69444,12.6
033510007000,100,-70987,69445,10.0
033510008000,13,-70987,69446,1.3
033510009000,52,-70987,69446,5.2
033510011000,35,-70984,69445,3.5
033510012000,35,-70985,69445,3.5
033510013000,46,-70985,69443,4.6
033510014000,8,-70984,69443,0.8
033510015000,61,-70984,69444,6.1
033510016000,107,-70983,69444,10.7
033510017000,12,-70983,69445,1.2
033510018000,102,-70982,69445,10.2
033510019000,61,-70979,69444,6.1
033510020000,13,-70979,69444,1.3
033510021000,123,-70980,69443,12.3
033510022000,7,-70981,69443,0.7
033510023000,25,-70981,69442,2.5
033510024000,58,-70982,69442,5.8
033510025000,51,-70983,69441,5.1
033510026000,33,-70983,69441,3.3
033510027000,51,-70984,69441,5.1
033510028000,18,-70985,69441,1.8
033510029000,15,-70986,69441,1.5
033510030000,12,-70987,69441,1.2
033510031000,79,-70987,69441,7.9
033510032000,129,-70988,69441,12.9
033510033000,37,-70989,69441,3.7
033510034000,55,-70989,69441,5.5
033510035000,57,-70990,69441,5.7
033510036000,24,-70991,69441,2.4
033520001000,37,-71002,69446,3.7
033520002000,49,-71001,69447,4.9
033520003000,63,-71001,69449,6.3
033520004000,119,-71000,69449,11.9
033520005000,28,-70999,69449,2.8
033520006000,18,-70999,69448,1.8
033520007000,58,-70999,69447,5.8
033520008000,7,-70999,69446,0.7
033520009000,32,-71000,69445,3.2
033520010000,22,-70998,69445,2.2
033520011000,12,-70997,69446,1.2
033520012000,4,-70997,69446,0.4
033520013000,84,-70997,69447,8.4
033520015000,18,-70996,69449,1.8
033520016000,3,-70995,69449,0.3
033520017000,3,-70993,69448,0.3
033520018000,41,-70994,69447,4.1
033520019000,19,-70994,69447,1.9
033520020000,33,-70995,69446,3.3
033520022000,23,-70996,69445,2.3
033520023000,72,-70995,69445,7.2
033520024000,46,-70994,69445,4.6
033520025000,30,-70993,69444,3.0
033520026000,45,-70993,69444,4.5
033520027000,106,-70992,69444,10.6
033520028000,71,-70991,69444,7.1
033520029000,32,-70991,69444,3.2
033520030000,17,-70991,69442,1.7
033520031000,54,-70992,69442,5.4
033520032000,72,-70993,69442,7.2
033520033000,20,-70993,69442,2.0
033520034000,112,-70994,69442,11.2
033520035000,96,-70995,69442,9.6
033520036000,4,-70996,69442,0.4
033520037000,18,-70996,69442,1.8
033520038000,18,-70997,69443,1.8
033520039000,58,-70998,69443,5.8
033520040000,19,-70998,69443,1.9
033520041000,74,-70999,69443,7.4
033520042000,113,-71000,69443,11.3
033520043000,73,-71001,69443,7.3
033520044000,12,-71001,69443,1.2
033530001000,48,-71010,69453,4.8
033530002000,121,-71009,69453,12.1
033530003000,11,-71008,69453,1.1
033530004000,63,-71008,69452,6.3
033530005000,67,-71007,69452,6.7
033530006000,3,-71007,69452,0.3
033530007000,124,-71006,69451,12.4
033530009000,62,-71005,69450,6.2
033530010000,119,-71004,69450,11.9
033530011000,2,-71003,69449,0.2
033530012000,1,-71003,69449,0.1
033530013000,27,-71003,69448,2.7
033530014000,20,-71003,69447,2.0
033530015000,5,-71002,69443,0.5
033530016000,100,-71003,69444,10.0
033530017000,18,-71003,69444,1.8
033530019000,25,-71005,69446,2.5
033530020000,15,-71005,69447,1.5
033530021000,52,-71005,69447,5.2
033530022000,45,-71005,69448,4.5
033530023000,39,-71006,69448,3.9
033530024000,8,-71007,69449,0.8
033530025000,8,-71007,69449,0.8
033530026000,119,-71008,69450,11.9
033530027000,31,-71009,69450,3.1
033530028000,44,-71010,69451,4.4
033530029000,45,-71010,69451,4.5
033530030000,85,-71011,69451,8.5
033540003000,13,-71022,69485,1.3
033540007000,33,-71023,69481,3.3
033540008000,34,-71023,69481,3.4
033540009000,39,-71023,69480,3.9
033540010000,21,-71022,69479,2.1
033540011000,70,-71022,69478,7.0
033540012000,29,-71022,69477,2.9
033550001000,2,-71032,69489,0.2
033550002000,64,-71031,69490,6.4
033550003000,90,-71030,69490,9.0
033550004000,87,-71031,69491,8.7
033550005000,19,-71031,69492,1.9
033550006000,87,-71029,69492,8.7
033550010000,71,-71027,69490,7.1
033550011000,23,-71026,69489,2.3
033550012000,106,-71025,69489,10.6
033550015000,98,-71023,69488,9.8
033550016000,33,-71023,69487,3.3
033550017000,41,-71022,69487,4.1
033550018000,83,-71022,69486,8.3
033550020000,39,-71025,69486,3.9
033550021000,7,-71026,69487,0.7
033550024000,84,-71029,69488,8.4
033550026000,75,-71030,69487,7.5
033550027000,109,-71031,69487,10.9
033550028000,124,-71032,69487,12.4
033560008000,7,-71043,69490,0.7
033560009000,17,-71042,69489,1.7
033560017000,46,-71040,69490,4.6
033560018000,63,-71041,69491,6.3
033560021000,35,-71037,69493,3.5
033560022000,3,-71036,69492,0.3
033560024000,89,-71036,69491,8.9
033560025000,58,-71036,69490,5.8
033560026000,8,-71036,69489,0.8
033560029000,20,-71034,69487,2.0
033560030000,77,-71033,69487,7.7
033560031000,18,-71033,69489,1.8
033560034000,37,-71033,69492,3.7
033570001000,54,-71041,69497,5.4
033570002000,56,-71041,69496,5.6
033570003000,44,-71040,69495,4.4
033570005000,40,-71037,69493,4.0
033570006000,26,-71037,69494,2.6
033570007000,63,-71038,69495,6.3
033570008000,34,-71038,69496,3.4
033570009000,65,-71038,69496,6.5
033570010000,27,-71039,69497,2.7
033570011000,6,-71039,69498,0.6
033570012000,16,-71039,69498,1.6
033570013000,45,-71040,69499,4.5
033570015000,9,-71039,69501,0.9
033570016000,84,-71038,69500,8.4
033570017000,45,-71037,69500,4.5
033570018000,94,-71037,69499,9.4
033570019000,2,-71036,69498,0.2
033570020000,100,-71036,69498,10.0
033570021000,6,-71036,69497,0.6
033570022000,24,-71035,69496,2.4
033570023000,56,-71035,69496,5.6
033570024000,36,-71035,69495,3.6
033570025000,58,-71034,69494,5.8
033570026000,20,-71034,69493,2.0
033570027000,31,-71034,69493,3.1
033570028000,74,-71032,69493,7.4
033570029000,12,-71032,69494,1.2
033570030000,21,-71033,69494,2.1
033570031000,6,-71033,69495,0.6
033570032000,47,-71033,69496,4.7
033570033000,11,-71034,69497,1.1
033570034000,74,-71034,69498,7.4
033570035000,27,-71034,69498,2.7
033570036000,5,-71035,69499,0.5
033570037000,50,-71035,69500,5.0
033570039000,49,-71031,69499,4.9
033570040000,97,-71031,69498,9.7
033570041000,104,-71031,69497,10.4
033570042000,35,-71031,69496,3.5
033580010000,130,-71046,69493,13.0
033580011000,64,-71046,69492,6.4
033580012000,0,-71045,69492,0.0
033580014000,42,-71042,69497,4.2
033580015000,6,-71042,69498,0.6
033580016000,45,-71043,69498,4.5
033580017000,71,-71044,69498,7.1
033580019000,79,-71045,69498,7.9
033580024000,55,-71047,69494,5.5
033580025000,50,-71046,69494,5.0
033590001000,97,-71048,69507,9.7
033590002000,5,-71049,69506,0.5
033590003000,40,-71049,69506,4.0
033590011000,25,-71045,69499,2.5
033590012000,9,-71045,69500,0.9
033590013000,86,-71044,69500,8.6
033590014000,67,-71043,69500,6.7
033590015000,3,-71042,69500,0.3
033590016000,53,-71042,69500,5.3
033590017000,45,-71041,69499,4.5
033590018000,31,-71041,69499,3.1
033590019000,97,-71039,69501,9.7
033590020000,24,-71040,69501,2.4
033590021000,3,-71041,69502,0.3
033590022000,109,-71041,69502,10.9
033590023000,21,-71042,69502,2.1
033590025000,5,-71044,69503,0.5
033590027000,127,-71045,69502,12.7
033590028000,34,-71046,69502,3.4
033590030000,54,-71046,69502,5.4
033590031000,14,-71047,69502,1.4
033590032000,80,-71048,69504,8.0
033590033000,39,-71046,69505,3.9
033590034000,68,-71046,69506,6.8
033590036000,53,-71043,69505,5.3
033590037000,101,-71042,69504,10.1
033590038000,103,-71041,69504,10.3
033590039000,16,-71040,69504,1.6
033590040000,47,-71039,69503,4.7
033600001000,67,-71041,69506,6.7
033600002000,70,-71039,69507,7.0
033600003000,89,-71039,69506,8.9
033600005000,87,-71038,69504,8.7
033600006000,56,-71039,69504,5.6
033600007000,123,-71038,69503,12.3
033600008000,14,-71038,69502,1.4
033600009000,86,-71037,69502,8.6
033600010000,20,-71036,69501,2.0
033600011000,87,-71036,69501,8.7
033600012000,32,-71035,69500,3.2
033600013000,22,-71035,69503,2.2
033600014000,31,-71036,69504,3.1
033600015000,91,-71036,69505,9.1
033600016000,28,-71036,69506,2.8
033600017000,6,-71037,69506,0.6
033600018000,77,-71037,69507,7.7
033600019000,105,-71037,69508,10.5
033600020000,50,-71035,69507,5.0
033600021000,3,-71035,69506,0.3
033600022000,9,-71034,69505,0.9
033600023000,2,-71034,69505,0.2
033600024000,21,-71035,69504,2.1
033600025000,11,-71034,69501,1.1
033600026000,89,-71033,69501,8.9
033600027000,31,-71032,69500,3.1
033600029000,55,-71033,69502,5.5
033600030000,12,-71032,69503,1.2
033600032000,28,-71032,69503,2.8
033600033000,2,-71031,69504,0.2
033600034000,10,-71032,69505,1.0
033610001000,36,-71043,69512,3.6
033610002000,29,-71043,69512,2.9
033610003000,11,-71043,69511,1.1
033610004000,99,-71042,69510,9.9
033610006000,91,-71041,69508,9.1
033610007000,37,-71041,69507,3.7
033610008000,85,-71040,69508,8.5
033610009000,81,-71040,69509,8.1
033610010000,121,-71040,69510,12.1
033610011000,13,-71040,69511,1.3
033610012000,52,-71041,69511,5.2
033610013000,131,-71041,69512,13.1
033610014000,34,-71041,69513,3.4
033610015000,52,-71042,69513,5.2
033610016000,133,-71042,69514,13.3
033610017000,41,-71042,69515,4.1
033610019000,19,-71040,69514,1.9
033610020000,24,-71039,69514,2.4
033610022000,1,-71038,69510,0.1
033610023000,41,-71037,69509,4.1
033610024000,10,-71037,69509,1.0
033610025000,15,-71035,69508,1.5
033610031000,24,-71034,69510,2.4
033610032000,66,-71033,69510,6.6
033610034000,118,-71032,69508,11.8
033620001000,98,-71055,69510,9.8
033620003000,9,-71055,69509,0.9
033620005000,1,-71054,69507,0.1
033620006000,92,-71053,69507,9.2
033620012000,85,-71049,69509,8.5
033620013000,2,-71049,69510,0.2
033620015000,46,-71050,69510,4.6
033620016000,43,-71050,69511,4.3
033620017000,46,-71051,69509,4.6
033620019000,21,-71051,69511,2.1
033620020000,9,-71052,69511,0.9
033620021000,1,-71053,69512,0.1
033620022000,119,-71051,69512,11.9
033620024000,9,-71048,69511,0.9
033620025000,90,-71047,69511,9.0
033620026000,26,-71047,69510,2.6
033620027000,2,-71046,69509,0.2
033620028000,81,-71046,69509,8.1
033620029000,53,-71046,69508,5.3
033620032000,30,-71044,69507,3.0
033620033000,41,-71044,69508,4.1
033620034000,33,-71044,69509,3.3
033620035000,23,-71044,69509,2.3
033620036000,73,-71045,69510,7.3
033630002000,80,-71056,69517,8.0
033630003000,43,-71056,69516,4.3
033630004000,2,-71057,69515,0.2
033630005000,5,-71057,69514,0.5
033630006000,71,-71056,69513,7.1
033630007000,62,-71056,69512,6.2
033630008000,23,-71056,69511,2.3
033630009000,77,-71053,69512,7.7
033630010000,15,-71053,69513,1.5
033630011000,35,-71054,69514,3.5
033630012000,4,-71054,69514,0.4
033630014000,18,-71052,69516,1.8
033630015000,98,-71052,69515,9.8
033630016000,18,-71052,69515,1.8
033630017000,7,-71051,69514,0.7
033630018000,33,-71051,69514,3.3
033630019000,76,-71051,69513,7.6
033630020000,87,-71048,69512,8.7
033630021000,7,-71049,69513,0.7
033630022000,40,-71049,69514,4.0
033630023000,91,-71048,69514,9.1
033630025000,20,-71047,69515,2.0
033630028000,71,-71045,69511,7.1
033630029000,43,-71044,69513,4.3
033630030000,132,-71044,69514,13.2
033640002000,22,-71046,69521,2.2
033640003000,31,-71046,69521,3.1
033640004000,84,-71045,69521,8.4
033640008000,11,-71042,69519,1.1
033640009000,68,-71041,69518,6.8
033640010000,103,-71041,69517,10.3
033640011000,10,-71040,69516,1.0
033640012000,63,-71040,69515,6.3
033640013000,29,-71043,69516,2.9
033640014000,4,-71043,69517,0.4
033640015000,22,-71044,69517,2.2
033640016000,138,-71044,69518,13.8
033640017000,40,-71045,69518,4.0
033640018000,23,-71046,69518,2.3
033640021000,33,-71044,69515,3.3
033650002000,36,-71056,69518,3.6
033650003000,42,-71055,69518,4.2
033650004000,11,-71055,69519,1.1
033650005000,74,-71054,69520,7.4
033650006000,21,-71053,69520,2.1
033650007000,83,-71053,69521,8.3
033650008000,76,-71052,69521,7.6
033650009000,9,-71052,69522,0.9
033650011000,35,-71050,69522,3.5
033650012000,54,-71049,69522,5.4
033650013000,45,-71048,69522,4.5
033650014000,4,-71047,69521,0.4
033650016000,54,-71048,69519,5.4
033650018000,124,-71050,69519,12.4
033650019000,125,-71051,69519,12.5
033650022000,15,-71051,69518,1.5
033650023000,112,-71050,69517,11.2
033650024000,6,-71050,69516,0.6
033650025000,77,-71049,69516,7.7
033650026000,85,-71048,69517,8.5
033650027000,89,-71047,69517,8.9
034060006000,86,-70310,69609,8.6
034260024000,78,-70470,69615,7.8
034350011000,2,-70279,69556,0.2
035010027000,87,-70560,69446,8.7
035030001000,67,-70599,69451,6.7
035030002000,0,-70598,69452,0.0
035030006000,1,-70598,69456,0.1
035030007000,7,-70597,69456,0.7
035030008000,76,-70595,69455,7.6
035030012000,1,-70596,69453,0.1
035040001000,19,-70599,69450,1.9
035040002000,48,-70600,69448,4.8
035040005000,38,-70594,69446,3.8
035040011000,31,-70591,69451,3.1
035040012000,11,-70590,69450,1.1
035040014000,33,-70590,69447,3.3
035040015000,37,-70591,69446,3.7
035040017000,93,-70590,69449,9.3
035040020000,14,-70589,69446,1.4
035050002000,59,-70608,69446,5.9
035050003000,51,-70606,69444,5.1
035050006000,36,-70612,69445,3.6
035060004000,26,-70602,69446,2.6
035060010000,31,-70605,69444,3.1
035060011000,14,-70605,69443,1.4
035060018000,52,-70595,69444,5.2
035060019000,105,-70594,69445,10.5
035060030000,70,-70595,69443,7.0
035080003000,37,-70597,69440,3.7
035080004000,97,-70595,69439,9.7
035080008000,73,-70588,69445,7.3
035080009000,3,-70588,69443,0.3
035080012000,63,-70590,69441,6.3
035080013000,23,-70590,69440,2.3
035080014000,16,-70591,69439,1.6
035080015000,54,-70592,69439,5.4
035080017000,18,-70594,69438,1.8
035080022000,93,-70586,69437,9.3
035080024000,48,-70588,69437,4.8
035080025000,20,-70587,69441,2.0
035080026000,30,-70586,69441,3.0
035080029000,27,-70585,69437,2.7
035080034000,102,-70593,69438,10.2
035080037000,102,-70585,69439,10.2
035080046000,8,-70594,69440,0.8
035080050000,2,-70584,69440,0.2
035080052000,128,-70585,69441,12.8
035090001000,21,-70598,69437,2.1
035090004000,64,-70595,69437,6.4
035090005000,45,-70594,69436,4.5
035090008000,132,-70596,69433,13.2
035090009000,46,-70597,69433,4.6
035090010000,138,-70596,69434,13.8
035090011000,48,-70595,69434,4.8
035090012000,58,-70593,69435,5.8
035090013000,99,-70592,69436,9.9
035090014000,68,-70591,69437,6.8
035090015000,0,-70590,69438,0.0
035090016000,40,-70589,69438,4.0
035090023000,1,-70596,69436,0.1
035090027000,80,-70597,69437,8.0
035090028000,145,-70596,69437,14.5
035100001000,40,-70583,69440,4.0
035100004000,1,-70579,69440,0.1
035100005000,69,-70578,69441,6.9
035100006000,29,-70577,69441,2.9
035100007000,8,-70576,69441,0.8
035100008000,10,-70574,69441,1.0
035100009000,29,-70573,69440,2.9
035100010000,20,-70572,69439,2.0
035100011000,52,-70571,69439,5.2
035100014000,117,-70581,69438,11.7
035100015000,14,-70580,69438,1.4
035100016000,2,-70578,69438,0.2
035100017000,61,-70577,69439,6.1
035100018000,40,-70576,69439,4.0
035100019000,89,-70574,69438,8.9
035110007000,37,-70586,69435,3.7
035110010000,55,-70591,69433,5.5
035110011000,72,-70592,69433,7.2
035110013000,7,-70587,69435,0.7
035110015000,4,-70589,69434,0.4
035110016000,32,-70590,69434,3.2
035110022000,43,-70588,69432,4.3
035110023000,13,-70587,69433,1.3
035110024000,46,-70587,69433,4.6
035120003000,34,-70581,69437,3.4
035120004000,36,-70582,69436,3.6
035120006000,85,-70574,69437,8.5
035120009000,106,-70580,69437,10.6
035120011000,114,-70575,69437,11.4
035120012000,35,-70576,69437,3.5
035120013000,1,-70577,69437,0.1
035120014000,73,-70579,69437,7.3
035130002000,103,-70583,69436,10.3
035130003000,138,-70584,69436,13.8
035130004000,69,-70585,69436,6.9
035130005000,51,-70586,69433,5.1
035130006000,34,-70585,69434,3.4
035130007000,108,-70584,69434,10.8
035130008000,117,-70583,69434,11.7
035130009000,28,-70582,69434,2.8
035130010000,47,-70581,69435,4.7
035130011000,89,-70580,69435,8.9
035130022000,41,-70580,69433,4.1
035130023000,76,-70581,69433,7.6
035130025000,53,-70583,69432,5.3
035130026000,87,-70584,69432,8.7
035130027000,6,-70585,69432,0.6
035130028000,16,-70585,69431,1.6
035130029000,104,-70586,69431,10.4
035130035000,51,-70579,69435,5.1
035130043000,54,-70576,69433,5.4
035130045000,86,-70576,69435,8.6
035130047000,107,-70573,69435,10.7
035140020000,31,-70603,69432,3.1
035140021000,37,-70603,69430,3.7
035140027000,10,-70601,69428,1.0
035150003000,10,-70593,69432,1.0
035150005000,3,-70597,69432,0.3
035150006000,19,-70596,69432,1.9
035150007000,14,-70594,69432,1.4
035150008000,26,-70596,69430,2.6
035150009000,23,-70594,69430,2.3
035150010000,30,-70593,69430,3.0
035150011000,43,-70592,69431,4.3
035150012000,91,-70591,69431,9.1
035150013000,8,-70590,69432,0.8
035150014000,58,-70589,69432,5.8
035150015000,55,-70587,69431,5.5
035150017000,121,-70589,69430,12.1
035150018000,42,-70590,69430,4.2
035150019000,22,-70590,69429,2.2
035150021000,110,-70592,69429,11.0
035150022000,25,-70593,69429,2.5
035150023000,35,-70593,69428,3.5
035150024000,30,-70594,69428,3.0
035150025000,48,-70595,69429,4.8
035150026000,56,-70595,69427,5.6
035150031000,23,-70588,69430,2.3
035150032000,61,-70588,69430,6.1
035170004000,29,-70570,69428,2.9
035180007000,2,-70569,69426,0.2
035180011000,116,-70572,69421,11.6
035180012000,27,-70573,69421,2.7
035180013000,49,-70574,69422,4.9
035192007000,46,-70565,69433,4.6
035192008000,82,-70565,69435,8.2
035192009000,124,-70565,69436,12.4
035192010000,4,-70564,69437,0.4
035192013000,63,-70563,69438,6.3
035192014000,10,-70562,69438,1.0
035192018000,26,-70559,69438,2.6
035192023000,34,-70557,69439,3.4
035192024000,3,-70555,69439,0.3
035192025000,49,-70554,69438,4.9
035192028000,16,-70555,69435,1.6
035192029000,17,-70555,69435,1.7
035192038000,91,-70551,69442,9.1
035193001000,101,-70570,69440,10.1
035193002000,19,-70569,69441,1.9
035193021000,81,-70557,69443,8.1
035193023000,54,-70556,69442,5.4
035193024000,3,-70555,69441,0.3
035193025000,5,-70554,69442,0.5
035193026000,20,-70554,69440,2.0
035193027000,82,-70553,69442,8.2
035193028000,4,-70553,69440,0.4
035200004000,82,-70566,69431,8.2
035200009000,12,-70562,69426,1.2
035200011000,44,-70564,69422,4.4
035200012000,73,-70564,69421,7.3
035200017000,120,-70567,69425,12.0
035200018000,43,-70567,69424,4.3
035200024000,133,-70562,69422,13.3
035200048000,33,-70549,69417,3.3
035200049000,41,-70550,69417,4.1
035200051000,42,-70552,69415,4.2
035200058000,120,-70550,69416,12.0
035200059000,57,-70550,69415,5.7
035210021000,108,-70522,69428,10.8
035210022000,50,-70523,69427,5.0
035210027000,6,-70526,69423,0.6
035210031000,44,-70527,69427,4.4
035210071000,23,-70519,69428,2.3
035210072000,1,-70518,69429,0.1
035221015000,123,-70546,69415,12.3
035221017000,54,-70547,69416,5.4
035221019000,15,-70546,69416,1.5
035221023000,33,-70546,69419,3.3
035221028000,63,-70542,69419,6.3
035221031000,6,-70546,69426,0.6
035221035000,32,-70540,69426,3.2
035221036000,21,-70540,69425,2.1
035221037000,94,-70539,69425,9.4
035221050000,59,-70538,69423,5.9
035221054000,13,-70529,69424,1.3
035221058000,54,-70530,69417,5.4
035221063000,64,-70541,69419,6.4
035221064000,18,-70540,69419,1.8
035221065000,107,-70546,69417,10.7
035221069000,3,-70548,69417,0.3
035221083000,35,-70545,69419,3.5
035221085000,9,-70546,69418,0.9
035230003000,28,-70512,69428,2.8
035230010000,8,-70518,69429,0.8
035240013000,115,-70498,69414,11.5
035240017000,71,-70500,69412,7.1
035240019000,68,-70499,69410,6.8
035270008000,55,-70553,69414,5.5
035270021000,71,-70565,69410,7.1
035270023000,36,-70556,69412,3.6
035270026000,43,-70552,69411,4.3
035270027000,46,-70552,69410,4.6
035270034000,7,-70553,69409,0.7
035270035000,96,-70552,69409,9.6
035270036000,72,-70551,69409,7.2
035270037000,45,-70551,69410,4.5
035270038000,57,-70550,69409,5.7
035270047000,11,-70563,69413,1.1
035270048000,97,-70561,69413,9.7
035270049000,60,-70553,69411,6.0
035270051000,79,-70554,69410,7.9
035270052000,67,-70553,69410,6.7
035270082000,95,-70564,69416,9.5
035270085000,82,-70551,69412,8.2
035280005000,8,-70561,69407,0.8
035280009000,27,-70563,69407,2.7
035280019000,109,-70553,69404,10.9
035280024000,82,-70558,69406,8.2
035290003000,26,-70556,69401,2.6
035290004000,43,-70558,69403,4.3
035290005000,17,-70559,69404,1.7
035290006000,37,-70558,69404,3.7
035290007000,7,-70561,69404,0.7
035290009000,105,-70560,69403,10.5
035290010000,30,-70559,69402,3.0
035290014000,35,-70557,69406,3.5
035290015000,96,-70556,69405,9.6
035300009000,47,-70557,69400,4.7
035300010000,3,-70558,69400,0.3
035300011000,7,-70558,69401,0.7
035300012000,76,-70558,69401,7.6
035300013000,20,-70558,69402,2.0
035300014000,24,-70559,69401,2.4
035300015000,110,-70560,69400,11.0
035300016000,73,-70560,69399,7.3
035300017000,26,-70559,69399,2.6
035300018000,8,-70558,69399,0.8
035300019000,40,-70558,69399,4.0
035300023000,83,-70559,69398,8.3
035300024000,13,-70559,69398,1.3
035300025000,54,-70560,69398,5.4
035300026000,39,-70561,69398,3.9
035300028000,96,-70562,69397,9.6
035300029000,57,-70562,69398,5.7
035300030000,98,-70564,69397,9.8
035300032000,78,-70565,69397,7.8
035300037000,49,-70566,69398,4.9
035300040000,136,-70565,69401,13.6
035300041000,81,-70564,69401,8.1
035300042000,6,-70564,69401,0.6
035300043000,84,-70563,69400,8.4
035300044000,1,-70562,69400,0.1
035300045000,84,-70562,69400,8.4
035300046000,63,-70561,69400,6.3
035300047000,91,-70561,69401,9.1
035300048000,5,-70561,69402,0.5
035300049000,111,-70560,69402,11.1
035300051000,25,-70561,69398,2.5
035300052000,1,-70562,69398,0.1
035300053000,57,-70565,69400,5.7
035300054000,23,-70566,69399,2.3
035300055000,30,-70565,69398,3.0
035300057000,82,-70565,69398,8.2
035310006000,92,-70557,69393,9.2
035310007000,8,-70557,69393,0.8
035310011000,108,-70560,69392,10.8
035310012000,88,-70560,69393,8.8
035310014000,36,-70562,69392,3.6
035310018000,109,-70562,69394,10.9
035310021000,73,-70562,69396,7.3
035310022000,75,-70562,69396,7.5
035310023000,82,-70564,69396,8.2
035310024000,11,-70563,69395,1.1
035310025000,96,-70563,69394,9.6
035310027000,54,-70565,69393,5.4
035310028000,46,-70565,69394,4.6
035310031000,38,-70565,69396,3.8
035310032000,50,-70565,69397,5.0
035310033000,53,-70567,69396,5.3
035310034000,72,-70567,69395,7.2
035310035000,32,-70567,69394,3.2
035310036000,54,-70568,69393,5.4
035310045000,123,-70557,69394,12.3
035310049000,10,-70568,69392,1.0
035310054000,112,-70564,69394,11.2
035310055000,59,-70564,69394,5.9
035310056000,72,-70564,69393,7.2
035310057000,76,-70564,69395,7.6
035320012000,20,-70577,69385,2.0
035320013000,94,-70576,69386,9.4
035320015000,105,-70575,69386,10.5
035320016000,14,-70575,69385,1.4
035320017000,113,-70574,69387,11.3
035320030000,68,-70567,69390,6.8
035320031000,56,-70566,69388,5.6
035320036000,69,-70561,69390,6.9
035320037000,38,-70561,69389,3.8
035320041000,44,-70563,69385,4.4
035320066000,39,-70580,69384,3.9
035340004000,63,-70579,69379,6.3
035340005000,86,-70578,69378,8.6
035340008000,27,-70577,69377,2.7
035340013000,54,-70583,69379,5.4
035340014000,89,-70584,69379,8.9
035340015000,118,-70585,69379,11.8
035340018000,55,-70584,69376,5.5
035340019000,83,-70583,69376,8.3
035340020000,83,-70582,69376,8.3
035340021000,5,-70581,69377,0.5
035340022000,101,-70580,69377,10.1
035340024000,89,-70580,69375,8.9
035340026000,11,-70582,69375,1.1
035340027000,61,-70583,69374,6.1
035340028000,59,-70584,69374,5.9
035340035000,43,-70584,69378,4.3
035340036000,94,-70584,69378,9.4
035340037000,89,-70584,69378,8.9
035340038000,3,-70579,69375,0.3
035350004000,60,-70594,69381,6.0
035350006000,30,-70595,69380,3.0
035350010000,58,-70594,69378,5.8
035350011000,78,-70594,69378,7.8
035350021000,50,-70594,69377,5.0
035350025000,90,-70587,69378,9.0
035350026000,52,-70586,69377,5.2
035350027000,82,-70586,69376,8.2
035350028000,127,-70586,69375,12.7
035350029000,56,-70588,69377,5.6
035350031000,1,-70587,69380,0.1
035350039000,32,-70595,69378,3.2
035350042000,31,-70595,69378,3.1
035350044000,14,-70596,69377,1.4
035350049000,110,-70592,69377,11.0
035350050000,26,-70591,69377,2.6
035350051000,30,-70586,69374,3.0
035350052000,73,-70585,69373,7.3
035360002000,37,-70607,69380,3.7
035360020000,34,-70607,69381,3.4
035360027000,30,-70606,69379,3.0
035360035000,28,-70611,69383,2.8
035360036000,39,-70611,69382,3.9
035370005000,11,-70595,69370,1.1
035370006000,78,-70594,69370,7.8
035370007000,71,-70593,69370,7.1
035370009000,69,-70593,69372,6.9
035370010000,116,-70593,69373,11.6
035370011000,46,-70593,69374,4.6
035370012000,55,-70594,69375,5.5
035370016000,44,-70592,69376,4.4
035370017000,18,-70598,69371,1.8
035370020000,76,-70596,69371,7.6
035370022000,35,-70596,69374,3.5
035370023000,126,-70597,69374,12.6
035370024000,63,-70596,69373,6.3
035370025000,30,-70596,69372,3.0
035370026000,14,-70594,69372,1.4
035370027000,51,-70595,69373,5.1
035370028000,128,-70595,69374,12.8
035370029000,75,-70595,69375,7.5
035370031000,70,-70596,69376,7.0
035370032000,26,-70597,69376,2.6
035370033000,90,-70597,69376,9.0
035370034000,70,-70596,69376,7.0
035370035000,26,-70597,69376,2.6
035370036000,90,-70597,69376,9.0
035380010000,12,-70587,69376,1.2
035396003000,47,-70528,69409,4.7
035396007000,89,-70531,69406,8.9
035396009000,60,-70536,69407,6.0
035400014000,124,-70555,69395,12.4
035400023000,107,-70551,69396,10.7
035400037000,8,-70544,69390,0.8
035400051000,24,-70541,69393,2.4
035400091000,7,-70546,69387,0.7
035430003000,22,-70517,69391,2.2
035430004000,107,-70516,69391,10.7
035430023000,94,-70512,69389,9.4
035440003000,11,-70510,69388,1.1
035440004000,52,-70510,69388,5.2
035440006000,52,-70510,69386,5.2
035440010000,20,-70510,69386,2.0
035440011000,58,-70509,69387,5.8
035440013000,16,-70506,69386,1.6
035440015000,24,-70504,69386,2.4
035440016000,50,-70502,69385,5.0
035440018000,111,-70504,69384,11.1
035440019000,98,-70506,69385,9.8
035440020000,57,-70512,69387,5.7
035440021000,65,-70511,69389,6.5
035450015000,38,-70508,69383,3.8
035450018000,13,-70505,69382,1.3
035450023000,85,-70507,69381,8.5
035450024000,60,-70508,69382,6.0
035450025000,29,-70507,69379,2.9
035450027000,69,-70505,69378,6.9
035450028000,93,-70504,69377,9.3
035450029000,2,-70505,69376,0.2
035450031000,62,-70507,69377,6.2
035450032000,50,-70508,69377,5.0
035460009000,64,-70508,69375,6.4
035460010000,87,-70507,69375,8.7
035460011000,38,-70506,69374,3.8
035460012000,0,-70505,69374,0.0
035460013000,68,-70508,69374,6.8
035460014000,99,-70507,69373,9.9
035460015000,97,-70506,69373,9.7
035460016000,68,-70505,69373,6.8
035460018000,91,-70514,69370,9.1
035470002000,99,-70603,69379,9.9
035470003000,40,-70603,69379,4.0
035470004000,38,-70602,69379,3.8
035470005000,123,-70602,69379,12.3
035470006000,94,-70603,69379,9.4
035470007000,40,-70603,69379,4.0
035470008000,40,-70602,69379,4.0
035470009000,123,-70602,69379,12.3
035480019000,62,-70556,69391,6.2
035490004000,47,-70584,69371,4.7
035490005000,16,-70585,69372,1.6
035500006000,12,-70541,69379,1.2
035500007000,125,-70540,69379,12.5
035500009000,52,-70541,69379,5.2
035500011000,69,-70541,69379,6.9
035500012000,12,-70541,69379,1.2
035500015000,41,-70537,69378,4.1
035500030000,96,-70537,69377,9.6
035500032000,23,-70537,69377,2.3
035510004000,6,-70592,69376,0.6
035510037000,53,-70592,69373,5.3
035510038000,8,-70592,69373,0.8
035510039000,2,-70592,69374,0.2
035520002000,16,-70555,69415,1.6
035520003000,83,-70555,69416,8.3
035520004000,17,-70554,69416,1.7
035520005000,70,-70553,69417,7.0
035520006000,2,-70552,69417,0.2
035520007000,76,-70552,69417,7.6
035520008000,78,-70553,69416,7.8
035520009000,14,-70554,69415,1.4
035520010000,56,-70554,69415,5.6
035520011000,91,-70555,69414,9.1
035520012000,16,-70555,69413,1.6
035530017000,68,-70609,69408,6.8
035530019000,8,-70608,69408,0.8
035540015000,46,-70596,69396,4.6
035540016000,31,-70596,69396,3.1
035540017000,16,-70596,69396,1.6
035540018000,1,-70595,69396,0.1
035540019000,118,-70596,69395,11.8
035540020000,1,-70595,69395,0.1
035540021000,115,-70595,69395,11.5
035540022000,38,-70596,69396,3.8
035540023000,19,-70596,69396,1.9
035540024000,1,-70595,69396,0.1
035540025000,61,-70596,69395,6.1
035540026000,117,-70596,69395,11.7
035540027000,69,-70596,69395,6.9
035540028000,77,-70595,69395,7.7
035550005000,2,-70532,69379,0.2
035560006000,3,-70576,69425,0.3
035560007000,101,-70576,69426,10.1
035560008000,26,-70575,69426,2.6
035560009000,50,-70575,69425,5.0
035560010000,25,-70576,69425,2.5
035560011000,76,-70576,69424,7.6
035560012000,116,-70576,69423,11.6
035560013000,45,-70585,69423,4.5
035560014000,72,-70586,69424,7.2
035560015000,7,-70586,69425,0.7
035560016000,8,-70586,69425,0.8
035560017000,56,-70585,69426,5.6
035560018000,31,-70584,69426,3.1
035560019000,94,-70584,69426,9.4
035560020000,53,-70583,69426,5.3
035560021000,8,-70582,69426,0.8
035560022000,56,-70582,69426,5.6
035560023000,64,-70581,69426,6.4
035560024000,25,-70581,69426,2.5
035560025000,31,-70580,69427,3.1
035560026000,120,-70580,69426,12.0
035560027000,66,-70579,69426,6.6
035560028000,31,-70579,69427,3.1
035560029000,31,-70578,69427,3.1
035560030000,71,-70578,69426,7.1
035560031000,15,-70578,69425,1.5
035560032000,125,-70579,69425,12.5
035560033000,24,-70580,69425,2.4
035560034000,85,-70580,69425,8.5
035560035000,22,-70581,69425,2.2
035560036000,12,-70581,69425,1.2
035560037000,62,-70582,69424,6.2
035560038000,51,-70582,69424,5.1
035560039000,22,-70582,69423,2.2
035560040000,8,-70582,69422,0.8
035560041000,129,-70582,69422,12.9
035560042000,61,-70584,69423,6.1
035560043000,30,-70585,69424,3.0
035560044000,62,-70584,69425,6.2
035560045000,31,-70584,69425,3.1
035560046000,86,-70583,69425,8.6
035560047000,31,-70583,69425,3.1
035560048000,18,-70584,69424,1.8
035570006000,57,-70576,69422,5.7
035570007000,25,-70576,69422,2.5
035570008000,31,-70576,69421,3.1
035570009000,78,-70574,69420,7.8
035570010000,39,-70574,69419,3.9
035570011000,17,-70574,69418,1.7
035570012000,35,-70574,69418,3.5
035570013000,133,-70574,69417,13.3
035570014000,43,-70574,69416,4.3
035570015000,11,-70574,69416,1.1
035570016000,19,-70575,69415,1.9
035570017000,58,-70581,69418,5.8
035570018000,37,-70581,69419,3.7
035570019000,23,-70583,69421,2.3
035570020000,36,-70583,69422,3.6
035570021000,100,-70584,69422,10.0
035570022000,6,-70576,69420,0.6
035570023000,49,-70576,69419,4.9
035570024000,70,-70575,69419,7.0
035570025000,18,-70575,69419,1.8
035570026000,106,-70575,69418,10.6
035570027000,7,-70575,69418,0.7
035570028000,135,-70575,69417,13.5
035570029000,21,-70575,69416,2.1
035570030000,78,-70576,69417,7.8
035570031000,47,-70576,69418,4.7
035570032000,103,-70576,69418,10.3
035570033000,30,-70576,69419,3.0
035580006000,96,-70575,69415,9.6
035580007000,78,-70575,69414,7.8
035580008000,6,-70575,69413,0.6
035580009000,57,-70576,69413,5.7
035580010000,114,-70576,69412,11.4
035580011000,54,-70575,69412,5.4
035580012000,37,-70576,69411,3.7
035580013000,135,-70576,69411,13.5
035580014000,13,-70577,69411,1.3
035580015000,120,-70577,69411,12.0
035580016000,47,-70576,69410,4.7
035580017000,61,-70576,69410,6.1
035580018000,102,-70576,69409,10.2
035580019000,24,-70576,69408,2.4
035580020000,85,-70576,69408,8.5
035580021000,21,-70576,69407,2.1
035580022000,2,-70577,69408,0.2
035580023000,107,-70578,69408,10.7
035580024000,56,-70578,69409,5.6
035580025000,72,-70578,69409,7.2
035580026000,0,-70577,69409,0.0
035580027000,110,-70577,69409,11.0
035580028000,30,-70577,69410,3.0
035580029000,45,-70578,69410,4.5
035580030000,120,-70578,69410,12.0
035580031000,23,-70579,69410,2.3
035580032000,15,-70579,69409,1.5
035580033000,62,-70580,69409,6.2
035580034000,84,-70580,69409,8.4
035580035000,44,-70581,69409,4.4
035580036000,49,-70581,69409,4.9
035580037000,123,-70581,69410,12.3
035580038000,39,-70580,69410,3.9
035580039000,33,-70581,69411,3.3
035580040000,70,-70581,69411,7.0
035580041000,86,-70581,69412,8.6
035580042000,44,-70581,69412,4.4
035580043000,20,-70580,69412,2.0
035580044000,36,-70580,69412,3.6
035580045000,0,-70579,69411,0.0
035580046000,18,-70579,69411,1.8
035580047000,109,-70579,69411,10.9
035580048000,16,-70578,69411,1.6
035580049000,4,-70578,69412,0.4
035580050000,36,-70578,69412,3.6
035580051000,51,-70577,69412,5.1
035580052000,84,-70577,69413,8.4
035580053000,59,-70577,69413,5.9
035580054000,16,-70577,69413,1.6
035580055000,76,-70577,69414,7.6
035580056000,12,-70576,69414,1.2
035580057000,44,-70576,69415,4.4
035580058000,13,-70576,69415,1.3
035580059000,92,-70577,69415,9.2
035580060000,18,-70578,69415,1.8
035580061000,28,-70578,69414,2.8
035580062000,48,-70579,69414,4.8
035580063000,11,-70580,69414,1.1
035580064000,20,-70580,69413,2.0
035590003000,106,-70600,69405,10.6
035590005000,4,-70600,69405,0.4
035590006000,46,-70600,69404,4.6
035590007000,138,-70600,69405,13.8
035590008000,20,-70600,69405,2.0
035590009000,47,-70600,69404,4.7
035590010000,11,-70600,69405,1.1
035590011000,12,-70599,69404,1.2
035590012000,110,-70599,69404,11.0
035590014000,28,-70599,69403,2.8
035590015000,68,-70599,69404,6.8
035590016000,9,-70599,69404,0.9
035590017000,46,-70598,69404,4.6
035590020000,43,-70599,69403,4.3
035590023000,58,-70599,69404,5.8
035600006000,22,-70546,69404,2.2
035600009000,27,-70539,69404,2.7
035610002000,55,-70547,69414,5.5
035610009000,28,-70546,69412,2.8
035620002000,14,-70573,69387,1.4
035620005000,6,-70574,69385,0.6
035620006000,70,-70573,69385,7.0
035620007000,40,-70573,69385,4.0
035620008000,68,-70573,69383,6.8
035620009000,19,-70573,69384,1.9
035620010000,84,-70573,69384,8.4
035620011000,87,-70572,69383,8.7
035620012000,25,-70572,69383,2.5
035620013000,28,-70571,69384,2.8
035620014000,62,-70571,69384,6.2
035620015000,20,-70572,69384,2.0
035620016000,73,-70572,69385,7.3
035620017000,43,-70572,69386,4.3
035620018000,124,-70572,69386,12.4
035620020000,88,-70574,69384,8.8
035620021000,3,-70574,69385,0.3
035620022000,75,-70574,69385,7.5
035620023000,71,-70575,69385,7.1
035620024000,46,-70575,69385,4.6
035620025000,58,-70575,69384,5.8
035620026000,87,-70575,69384,8.7
035620027000,14,-70576,69384,1.4
035620028000,44,-70576,69384,4.4
035620029000,58,-70576,69384,5.8
035620030000,68,-70576,69383,6.8
035620031000,65,-70576,69383,6.5
035620032000,85,-70576,69382,8.5
035620033000,11,-70576,69382,1.1
035620034000,113,-70575,69382,11.3
035620035000,55,-70575,69383,5.5
035620036000,107,-70575,69383,10.7
035620037000,29,-70574,69382,2.9
035620038000,13,-70574,69383,1.3
035620039000,74,-70574,69383,7.4
035620040000,12,-70574,69384,1.2
035620041000,36,-70573,69383,3.6
035620045000,83,-70574,69386,8.3
035620047000,40,-70574,69386,4.0
035630001000,8,-70553,69380,0.8
035630002000,7,-70552,69380,0.7
035630003000,27,-70552,69379,2.7
035640010000,79,-70543,69377,7.9
035640013000,21,-70542,69376,2.1
035640015000,1,-70540,69377,0.1
035640016000,6,-70541,69376,0.6
035640017000,41,-70541,69375,4.1
035640018000,6,-70539,69376,0.6
035640019000,28,-70539,69375,2.8
035640020000,39,-70539,69376,3.9
035640021000,9,-70538,69375,0.9
035640022000,5,-70538,69376,0.5
035640023000,89,-70537,69375,8.9
035640024000,126,-70536,69376,12.6
035640025000,62,-70536,69375,6.2
035640026000,90,-70535,69376,9.0
035640027000,127,-70535,69375,12.7
035640031000,89,-70536,69373,8.9
035640032000,16,-70537,69373,1.6
035640033000,5,-70537,69373,0.5
035640034000,92,-70536,69374,9.2
035640035000,79,-70537,69374,7.9
035640036000,3,-70537,69374,0.3
035640037000,49,-70538,69374,4.9
035640038000,89,-70539,69374,8.9
035640039000,33,-70539,69374,3.3
035640040000,138,-70540,69374,13.8
035640041000,25,-70541,69374,2.5
035640042000,43,-70541,69374,4.3
035640043000,15,-70542,69375,1.5
035640044000,17,-70543,69375,1.7
035640045000,74,-70543,69375,7.4
035640052000,14,-70535,69373,1.4
035650039000,10,-70630,69408,1.0
035660030000,3,-70545,69357,0.3
035660036000,70,-70544,69359,7.0
035660038000,72,-70543,69358,7.2
035660039000,35,-70543,69358,3.5
035660040000,89,-70543,69357,8.9
035660045000,29,-70541,69356,2.9
035670028000,34,-70544,69351,3.4
035670029000,140,-70544,69350,14.0
035680010000,15,-70543,69355,1.5
035680011000,71,-70544,69355,7.1
035680012000,13,-70544,69355,1.3
035680013000,59,-70545,69356,5.9
035680014000,58,-70545,69356,5.8
035680017000,48,-70547,69357,4.8
036011034000,4,-70431,69542,0.4
036020010000,102,-70465,69520,10.2
036020055000,55,-70467,69520,5.5
036030005000,18,-70418,69509,1.8
036030006000,10,-70418,69509,1.0
036030008000,36,-70420,69512,3.6
036030012000,6,-70422,69515,0.6
036030013000,1,-70421,69515,0.1
036030027000,5,-70413,69520,0.5
036040004000,32,-70442,69503,3.2
036040011000,6,-70424,69511,0.6
036040015000,106,-70421,69511,10.6
036040016000,14,-70422,69510,1.4
036040027000,12,-70429,69499,1.2
036070012000,65,-70407,69493,6.5
036170007000,18,-70311,69414,1.8
036190011000,36,-70334,69430,3.6
036210017000,12,-70364,69473,1.2
036230013000,79,-70364,69433,7.9
036240002000,43,-70402,69449,4.3
036240003000,33,-70401,69449,3.3
036240004000,138,-70400,69450,13.8
036250014000,71,-70388,69480,7.1
036260008000,3,-70397,69486,0.3
036280004000,80,-70424,69456,8.0
036290006000,70,-70411,69451,7.0
036290013000,13,-70416,69449,1.3
036290017000,2,-70417,69448,0.2
036290019000,54,-70414,69447,5.4
036290023000,89,-70414,69446,8.9
036290032000,8,-70425,69455,0.8
036290053000,11,-70413,69452,1.1
036301001000,33,-70445,69502,3.3
036301003000,82,-70443,69501,8.2
036301004000,77,-70445,69501,7.7
036301005000,15,-70444,69500,1.5
036301009000,73,-70433,69497,7.3
036301027000,2,-70446,69498,0.2
036301029000,33,-70447,69494,3.3
036301031000,3,-70441,69493,0.3
036301034000,43,-70442,69491,4.3
036301035000,58,-70442,69491,5.8
036301036000,135,-70443,69492,13.5
036301038000,9,-70445,69489,0.9
036301041000,53,-70447,69488,5.3
036301042000,116,-70447,69488,11.6
036301043000,109,-70446,69488,10.9
036301048000,32,-70442,69490,3.2
036301050000,23,-70441,69488,2.3
036301053000,1,-70438,69488,0.1
036301062000,31,-70434,69495,3.1
036301063000,49,-70434,69496,4.9
036310008000,40,-70441,69485,4.0
036310010000,136,-70441,69478,13.6
036310020000,100,-70451,69476,10.0
036310031000,54,-70450,69476,5.4
036310071000,94,-70445,69485,9.4
036310072000,52,-70445,69484,5.2
036320007000,98,-70428,69462,9.8
036330004000,8,-70440,69471,0.8
036330005000,15,-70441,69469,1.5
036330006000,20,-70440,69469,2.0
036330010000,52,-70440,69468,5.2
036330011000,17,-70441,69468,1.7
036330014000,14,-70439,69472,1.4
036340009000,49,-70434,69461,4.9
036340013000,65,-70431,69459,6.5
036340014000,119,-70437,69461,11.9
036340015000,39,-70438,69462,3.9
036340024000,5,-70431,69460,0.5
036340026000,59,-70438,69461,5.9
036350008000,13,-70444,69472,1.3
036350009000,5,-70443,69470,0.5
036350010000,40,-70445,69470,4.0
036350013000,133,-70450,69469,13.3
036350014000,25,-70450,69469,2.5
036350015000,56,-70449,69469,5.6
036350016000,76,-70448,69469,7.6
036350017000,67,-70447,69469,6.7
036350018000,63,-70446,69469,6.3
036350019000,6,-70445,69469,0.6
036350020000,92,-70444,69469,9.2
036350021000,85,-70443,69469,8.5
036360004000,14,-70449,69466,1.4
036360005000,5,-70449,69466,0.5
036360006000,7,-70448,69466,0.7
036360007000,50,-70448,69467,5.0
036360011000,119,-70450,69466,11.9
036360015000,8,-70448,69462,0.8
036360024000,74,-70444,69466,7.4
036360031000,45,-70455,69463,4.5
036370001000,117,-70454,69461,11.7
036370002000,56,-70453,69461,5.6
036370009000,30,-70441,69459,3.0
036370022000,5,-70454,69460,0.5
036370023000,32,-70454,69459,3.2
036370025000,41,-70434,69458,4.1
036660008000,80,-70351,69424,8.0
036660013000,94,-70348,69422,9.4
036670009000,76,-70348,69417,7.6
036670010000,48,-70348,69418,4.8
036670011000,25,-70349,69419,2.5
036670016000,15,-70344,69419,1.5
036670022000,79,-70343,69417,7.9
036670026000,23,-70343,69415,2.3
036670027000,25,-70342,69415,2.5
036680001000,12,-70340,69420,1.2
036680003000,130,-70338,69419,13.0
036680004000,62,-70337,69419,6.2
036680005000,21,-70336,69418,2.1
036680006000,65,-70335,69418,6.5
036680007000,43,-70334,69418,4.3
036680008000,22,-70333,69418,2.2
036680009000,0,-70331,69417,0.0
036680010000,22,-70330,69417,2.2
036680011000,43,-70329,69417,4.3
036680012000,1,-70328,69416,0.1
036680013000,84,-70327,69416,8.4
036680014000,27,-70327,69414,2.7
036680029000,7,-70340,69415,0.7
036690001000,108,-70326,69416,10.8
036690002000,51,-70325,69416,5.1
036690003000,32,-70324,69415,3.2
036690007000,0,-70319,69414,0.0
036690008000,71,-70318,69414,7.1
036700007000,145,-70396,69452,14.5
036700008000,122,-70397,69451,12.2
036730009000,122,-70339,69411,12.2
036740009000,43,-70328,69412,4.3
036740010000,36,-70327,69412,3.6
036740011000,4,-70326,69411,0.4
036740019000,27,-70334,69408,2.7
036750001000,55,-70325,69411,5.5
036750002000,37,-70324,69411,3.7
036750003000,15,-70323,69411,1.5
036750004000,3,-70321,69411,0.3
036750011000,13,-70318,69405,1.3
036760001000,11,-70312,69412,1.1
036760002000,20,-70311,69412,2.0
036760003000,31,-70310,69412,3.1
036760004000,35,-70309,69412,3.5
036770005000,16,-70307,69402,1.6
036770007000,113,-70316,69405,11.3
037040010000,14,-70452,69430,1.4
037040021000,22,-70458,69430,2.2
037050016000,90,-70469,69436,9.0
037050018000,15,-70471,69434,1.5
037050026000,52,-70468,69434,5.2
037050044000,26,-70468,69437,2.6
037050045000,24,-70466,69436,2.4
037050046000,47,-70468,69436,4.7
037050047000,19,-70466,69434,1.9
037050048000,64,-70467,69435,6.4
037050049000,16,-70466,69433,1.6
037050053000,20,-70464,69435,2.0
037050062000,102,-70478,69428,10.2
037050064000,56,-70475,69428,5.6
037060004000,32,-70479,69424,3.2
037060005000,63,-70479,69424,6.3
037060018000,79,-70469,69421,7.9
037060019000,34,-70468,69422,3.4
037060058000,25,-70482,69425,2.5
037060067000,34,-70484,69421,3.4
037060078000,81,-70469,69420,8.1
037070024000,25,-70470,69406,2.5
037090001000,10,-70436,69415,1.0
037120002000,113,-70500,69375,11.3
037120007000,11,-70500,69374,1.1
037120013000,55,-70502,69373,5.5
037120014000,46,-70503,69373,4.6
037120015000,42,-70501,69372,4.2
037120019000,95,-70503,69375,9.5
037120024000,2,-70502,69379,0.2
037120025000,16,-70501,69378,1.6
037120026000,116,-70499,69378,11.6
037120028000,54,-70496,69377,5.4
037120030000,128,-70498,69376,12.8
037120032000,101,-70501,69377,10.1
037120033000,68,-70502,69377,6.8
037120034000,22,-70498,69375,2.2
037120035000,57,-70499,69373,5.7
037120045000,92,-70502,69375,9.2
037130013000,21,-70496,69378,2.1
037130019000,17,-70494,69384,1.7
037130020000,24,-70495,69382,2.4
037130021000,8,-70498,69380,0.8
037130022000,12,-70497,69380,1.2
037130023000,51,-70496,69381,5.1
037130027000,50,-70500,69380,5.0
037130028000,28,-70499,69380,2.8
037140005000,23,-70465,69381,2.3
037140007000,5,-70463,69379,0.5
037140012000,108,-70464,69381,10.8
037140014000,116,-70466,69382,11.6
037140015000,80,-70460,69385,8.0
037140024000,102,-70456,69380,10.2
037140025000,52,-70457,69381,5.2
037140026000,7,-70457,69383,0.7
037140027000,34,-70459,69377,3.4
037140030000,2,-70459,69378,0.2
037140031000,3,-70460,69380,0.3
037140033000,6,-70462,69382,0.6
037140034000,47,-70463,69383,4.7
037140035000,108,-70461,69383,10.8
037140037000,38,-70464,69382,3.8
037140038000,24,-70462,69380,2.4
037140039000,72,-70461,69379,7.2
037140040000,30,-70461,69378,3.0
037150001000,128,-70461,69377,12.8
037150008000,96,-70471,69376,9.6
037150011000,4,-70468,69373,0.4
037150013000,85,-70466,69379,8.5
037150015000,17,-70467,69378,1.7
037150016000,2,-70472,69376,0.2
037150017000,49,-70470,69377,4.9
037150023000,2,-70464,69376,0.2
037150024000,58,-70466,69376,5.8
037150025000,25,-70465,69375,2.5
037150026000,76,-70464,69377,7.6
037160001000,22,-70457,69374,2.2
037160004000,26,-70461,69375,2.6
037160009000,94,-70462,69376,9.4
037160011000,20,-70463,69374,2.0
037160014000,32,-70462,69374,3.2
037160015000,39,-70462,69372,3.9
037160016000,36,-70465,69372,3.6
037160019000,5,-70463,69369,0.5
037160020000,112,-70462,69369,11.2
037160021000,70,-70461,69370,7.0
037160023000,0,-70459,69371,0.0
037160025000,37,-70458,69375,3.7
037180003000,7,-70441,69375,0.7
037180015000,40,-70442,69372,4.0
037180020000,14,-70440,69375,1.4
037180021000,32,-70441,69373,3.2
037210003000,12,-70431,69362,1.2
037260027000,28,-70418,69349,2.8
037270002000,1,-70439,69358,0.1
037270005000,53,-70439,69356,5.3
037270010000,79,-70438,69355,7.9
037270011000,41,-70439,69359,4.1
037270012000,3,-70439,69361,0.3
037270019000,91,-70437,69356,9.1
037270020000,112,-70436,69355,11.2
037270022000,1,-70434,69355,0.1
037270023000,12,-70434,69356,1.2
037270026000,105,-70432,69359,10.5
037270027000,120,-70432,69358,12.0
037270030000,101,-70433,69357,10.1
037270031000,42,-70430,69359,4.2
037270032000,30,-70431,69358,3.0
037270034000,4,-70430,69356,0.4
037270036000,50,-70429,69357,5.0
037270037000,29,-70428,69358,2.9
037270039000,104,-70426,69358,10.4
037270040000,3,-70426,69357,0.3
037270041000,5,-70426,69355,0.5
037270042000,1,-70429,69356,0.1
037270046000,64,-70428,69356,6.4
037270049000,22,-70435,69355,2.2
037270050000,9,-70436,69355,0.9
037270057000,21,-70433,69358,2.1
037270064000,46,-70439,69356,4.6
037270065000,26,-70440,69357,2.6
037270067000,18,-70440,69357,1.8
037270070000,27,-70438,69359,2.7
037270071000,4,-70438,69360,0.4
037270073000,67,-70437,69357,6.7
037270076000,35,-70438,69358,3.5
037270077000,66,-70438,69358,6.6
037270079000,25,-70434,69359,2.5
037270080000,38,-70433,69359,3.8
037270083000,48,-70437,69357,4.8
037280014000,12,-70431,69371,1.2
037291013000,48,-70408,69378,4.8
037292004000,42,-70414,69377,4.2
037292005000,42,-70413,69376,4.2
037301011000,100,-70395,69372,10.0
037301012000,10,-70394,69373,1.0
037301014000,69,-70403,69380,6.9
037301015000,60,-70401,69380,6.0
037301016000,69,-70402,69380,6.9
037301017000,14,-70399,69379,1.4
037301018000,15,-70400,69379,1.5
037301019000,10,-70398,69379,1.0
037301020000,16,-70397,69379,1.6
037302009000,66,-70396,69374,6.6
037302010000,42,-70396,69375,4.2
037302018000,13,-70406,69375,1.3
037302020000,2,-70400,69376,0.2
037302023000,96,-70404,69378,9.6
037302024000,92,-70402,69376,9.2
037302025000,76,-70403,69375,7.6
037302030000,106,-70399,69377,10.6
037311012000,30,-70414,69373,3.0
037311013000,46,-70413,69372,4.6
037311016000,40,-70417,69373,4.0
037311017000,64,-70416,69374,6.4
037311019000,136,-70411,69372,13.6
037311020000,15,-70415,69377,1.5
037311021000,25,-70416,69375,2.5
037311026000,78,-70408,69373,7.8
037311027000,17,-70409,69373,1.7
037311028000,35,-70418,69374,3.5
037311029000,31,-70419,69375,3.1
037320008000,70,-70406,69368,7.0
037320009000,95,-70407,69369,9.5
037320018000,50,-70402,69368,5.0
037320019000,20,-70403,69368,2.0
037320024000,1,-70398,69370,0.1
037320025000,5,-70398,69371,0.5
037320031000,64,-70408,69369,6.4
037320032000,23,-70409,69369,2.3
037320033000,19,-70408,69371,1.9
037320034000,73,-70406,69371,7.3
037320035000,12,-70406,69373,1.2
037320037000,94,-70405,69370,9.4
037320038000,65,-70404,69369,6.5
037320039000,108,-70407,69373,10.8
037320040000,56,-70406,69373,5.6
037320041000,86,-70405,69372,8.6
037320044000,87,-70396,69368,8.7
037320045000,108,-70396,69367,10.8
037330093000,67,-70443,69342,6.7
037420002000,4,-70470,69434,0.4
037420004000,97,-70472,69435,9.7
037420006000,22,-70471,69437,2.2
037420007000,14,-70471,69437,1.4
037420010000,27,-70472,69438,2.7
037420013000,64,-70474,69437,6.4
037420014000,73,-70473,69436,7.3
037420015000,40,-70474,69436,4.0
037420016000,17,-70474,69436,1.7
037420020000,6,-70471,69435,0.6
037420021000,0,-70471,69436,0.0
037430039000,78,-70492,69386,7.8
038010005000,125,-70253,69499,12.5
038060007000,79,-70179,69423,7.9
038060009000,5,-70181,69423,0.5
038060012000,31,-70179,69420,3.1
038060013000,12,-70178,69420,1.2
038060014000,29,-70177,69419,2.9
038060015000,46,-70176,69421,4.6
038060016000,98,-70177,69421,9.8
038060017000,9,-70176,69422,0.9
038060018000,21,-70175,69422,2.1
038060019000,3,-70172,69422,0.3
038060020000,52,-70173,69421,5.2
038060021000,58,-70174,69420,5.8
038060023000,13,-70175,69418,1.3
038060024000,2,-70174,69418,0.2
038060026000,103,-70172,69418,10.3
038060027000,99,-70171,69418,9.9
038060028000,36,-70170,69418,3.6
038060031000,83,-70182,69420,8.3
038060032000,31,-70182,69420,3.1
038060036000,138,-70181,69419,13.8
038070004000,24,-70179,69417,2.4
038070005000,99,-70178,69417,9.9
038070006000,85,-70177,69417,8.5
038070009000,65,-70180,69411,6.5
038070011000,32,-70186,69413,3.2
038070012000,10,-70186,69414,1.0
038070013000,86,-70185,69414,8.6
038070014000,5,-70185,69415,0.5
038070018000,77,-70188,69415,7.7
038070019000,37,-70188,69414,3.7
038070020000,52,-70189,69413,5.2
038070028000,56,-70180,69418,5.6
038070029000,8,-70179,69418,0.8
038080001000,20,-70175,69417,2.0
038080002000,56,-70174,69416,5.6
038080003000,55,-70173,69416,5.5
038080004000,141,-70172,69416,14.1
038080005000,47,-70172,69415,4.7
038080007000,34,-70175,69414,3.4
038080009000,60,-70177,69411,6.0
038080010000,133,-70176,69410,13.3
038080011000,65,-70175,69411,6.5
038080012000,46,-70175,69412,4.6
038080013000,30,-70174,69412,3.0
038080014000,46,-70174,69413,4.6
038080015000,115,-70173,69414,11.5
038080016000,4,-70170,69415,0.4
038080017000,23,-70168,69415,2.3
038080018000,10,-70168,69415,1.0
038080019000,7,-70169,69413,0.7
038080020000,14,-70170,69414,1.4
038080021000,30,-70170,69415,3.0
038080022000,76,-70171,69413,7.6
038080023000,8,-70172,69412,0.8
038080025000,10,-70172,69411,1.0
038080026000,132,-70173,69410,13.2
038080027000,22,-70173,69409,2.2
038080028000,12,-70174,69408,1.2
038080029000,71,-70172,69408,7.1
038080030000,33,-70172,69409,3.3
038080031000,53,-70171,69409,5.3
038080032000,78,-70171,69410,7.8
038080033000,69,-70170,69411,6.9
038080034000,44,-70170,69412,4.4
038090001000,45,-70189,69411,4.5
038090002000,115,-70189,69410,11.5
038090003000,88,-70190,69410,8.8
038090004000,20,-70191,69409,2.0
038090005000,20,-70188,69411,2.0
038090007000,32,-70186,69410,3.2
038090008000,42,-70185,69410,4.2
038090011000,44,-70182,69410,4.4
038090014000,30,-70179,69408,3.0
038090016000,60,-70180,69407,6.0
038090017000,142,-70181,69407,14.2
038090018000,45,-70182,69407,4.5
038090022000,104,-70185,69408,10.4
038090023000,129,-70186,69408,12.9
038090024000,96,-70187,69408,9.6
038090025000,47,-70188,69408,4.7
038090026000,7,-70188,69408,0.7
038090032000,2,-70183,69408,0.2
038090033000,54,-70184,69408,5.4
038100002000,64,-70178,69406,6.4
038100003000,64,-70177,69405,6.4
038100004000,73,-70176,69405,7.3
038100005000,73,-70176,69404,7.3
038100006000,11,-70176,69403,1.1
038100007000,8,-70176,69402,0.8
038100009000,99,-70174,69401,9.9
038100015000,16,-70179,69398,1.6
038100025000,11,-70173,69404,1.1
038110001000,55,-70177,69409,5.5
038110003000,5,-70175,69406,0.5
038110005000,78,-70173,69407,7.8
038110006000,40,-70173,69406,4.0
038110007000,41,-70174,69406,4.1
038110008000,29,-70174,69405,2.9
038110010000,57,-70172,69404,5.7
038110012000,11,-70170,69406,1.1
038110019000,22,-70170,69407,2.2
038110020000,76,-70169,69408,7.6
038110021000,43,-70168,69409,4.3
038120001000,27,-70169,69417,2.7
038120003000,60,-70168,69417,6.0
038120004000,85,-70167,69417,8.5
038120008000,21,-70166,69414,2.1
038120011000,115,-70168,69410,11.5
038130001000,21,-70156,69411,2.1
038130003000,75,-70155,69411,7.5
038130004000,22,-70154,69410,2.2
038130005000,10,-70155,69410,1.0
038130006000,26,-70155,69414,2.6
038130007000,38,-70154,69413,3.8
038130014000,19,-70149,69411,1.9
038140001000,38,-70149,69408,3.8
038140002000,31,-70148,69409,3.1
038140003000,26,-70147,69409,2.6
038140005000,104,-70147,69407,10.4
038140007000,53,-70146,69411,5.3
038140008000,91,-70145,69411,9.1
038140009000,88,-70145,69410,8.8
038140010000,58,-70145,69409,5.8
038140011000,104,-70145,69408,10.4
038140012000,87,-70145,69407,8.7
038140016000,71,-70142,69408,7.1
038140017000,23,-70143,69407,2.3
038140019000,56,-70144,69405,5.6
038150001000,17,-70149,69407,1.7
038150006000,15,-70148,69402,1.5
038150009000,69,-70146,69404,6.9
038150011000,66,-70147,69406,6.6
038160001000,104,-70157,69410,10.4
038160002000,15,-70158,69409,1.5
038160003000,8,-70158,69408,0.8
038160004000,44,-70160,69408,4.4
038160005000,39,-70159,69407,3.9
038160006000,77,-70158,69407,7.7
038160007000,43,-70157,69407,4.3
038160010000,71,-70155,69409,7.1
038160012000,39,-70154,69406,3.9
038160013000,9,-70154,69405,0.9
038160014000,61,-70155,69405,6.1
038170002000,57,-70161,69407,5.7
038170003000,71,-70162,69406,7.1
038170004000,92,-70163,69405,9.2
038170007000,101,-70164,69402,10.1
038170008000,25,-70165,69401,2.5
038170009000,51,-70163,69400,5.1
038170015000,40,-70159,69403,4.0
038170016000,38,-70160,69403,3.8
038170017000,99,-70161,69403,9.9
038170018000,115,-70161,69404,11.5
038170019000,12,-70160,69405,1.2
038170021000,82,-70159,69405,8.2
038170022000,3,-70158,69404,0.3
038170023000,27,-70157,69404,2.7
038170024000,52,-70156,69404,5.2
038180008000,32,-70148,69400,3.2
038180013000,84,-70146,69400,8.4
038190006000,33,-70163,69394,3.3
038190015000,4,-70163,69399,0.4
038220002000,10,-70170,69395,1.0
038220003000,29,-70169,69394,2.9
038220004000,38,-70169,69393,3.8
038220005000,35,-70168,69392,3.5
038220007000,48,-70166,69392,4.8
038220011000,4,-70169,69390,0.4
038220012000,29,-70168,69389,2.9
038220016000,4,-70166,69388,0.4
038220026000,85,-70168,69385,8.5
038230006000,17,-70178,69396,1.7
038230007000,11,-70179,69396,1.1
038230009000,27,-70180,69393,2.7
038230016000,23,-70182,69393,2.3
038230017000,62,-70183,69393,6.2
038230018000,81,-70184,69393,8.1
038230019000,115,-70185,69393,11.5
038230020000,132,-70186,69393,13.2
038230021000,118,-70187,69393,11.8
038240009000,7,-70182,69388,0.7
038240010000,73,-70181,69389,7.3
038240011000,51,-70180,69390,5.1
038240012000,120,-70181,69391,12.0
038240014000,34,-70188,69386,3.4
038240015000,101,-70187,69386,10.1
038240016000,97,-70186,69386,9.7
038240017000,32,-70185,69387,3.2
038250007000,104,-70191,69386,10.4
038250013000,60,-70184,69388,6.0
038250014000,11,-70182,69390,1.1
038250025000,89,-70188,69393,8.9
038260012000,3,-70183,69400,0.3
038260015000,33,-70185,69397,3.3
038260016000,32,-70186,69397,3.2
038260017000,59,-70188,69397,5.9
038260020000,31,-70192,69397,3.1
038260021000,11,-70193,69398,1.1
038260027000,107,-70191,69395,10.7
038260028000,73,-70190,69395,7.3
038260029000,10,-70189,69395,1.0
038260030000,70,-70187,69395,7.0
038260031000,126,-70186,69395,12.6
038260032000,65,-70185,69395,6.5
038260033000,17,-70183,69395,1.7
038270007000,2,-70182,69405,0.2
038270008000,130,-70180,69405,13.0
038270028000,32,-70180,69402,3.2
038270032000,59,-70182,69400,5.9
040050002000,92,-67839,69135,9.2
040050003000,14,-67840,69134,1.4
040050004000,107,-67841,69134,10.7
040050005000,93,-67842,69134,9.3
040050006000,87,-67843,69134,8.7
040050008000,8,-67845,69134,0.8
040050009000,12,-67844,69132,1.2
040050010000,140,-67843,69132,14.0
040050011000,129,-67842,69132,12.9
040050012000,79,-67841,69132,7.9
040050013000,85,-67840,69132,8.5
040050014000,25,-67843,69131,2.5
040050015000,5,-67842,69130,0.5
040050016000,30,-67842,69130,3.0
040050017000,73,-67841,69130,7.3
040050018000,43,-67840,69131,4.3
040050019000,16,-67840,69130,1.6
040050020000,58,-67839,69129,5.8
040050021000,66,-67838,69130,6.6
040050022000,46,-67838,69131,4.6
040050023000,122,-67837,69131,12.2
040050024000,21,-67838,69132,2.1
040050025000,15,-67837,69132,1.5
040050026000,48,-67836,69133,4.8
040050027000,58,-67837,69134,5.8
040050028000,27,-67838,69133,2.7
040050029000,11,-67838,69134,1.1
040050030000,11,-67836,69136,1.1
040050031000,24,-67836,69137,2.4
040050032000,19,-67834,69136,1.9
040050033000,54,-67833,69136,5.4
040050034000,10,-67835,69135,1.0
040050035000,54,-67834,69134,5.4
040050036000,8,-67835,69134,0.8
040050038000,23,-67835,69131,2.3
040050039000,18,-67835,69130,1.8
040050040000,31,-67836,69130,3.1
040050041000,15,-67836,69129,1.5
040050042000,7,-67837,69129,0.7
040060001000,19,-67845,69133,1.9
040060002000,67,-67846,69133,6.7
040060003000,20,-67847,69132,2.0
040060004000,121,-67848,69132,12.1
040060005000,30,-67848,69133,3.0
040060006000,46,-67849,69134,4.6
040060008000,11,-67851,69134,1.1
040060009000,89,-67852,69133,8.9
040060010000,103,-67851,69132,10.3
040060012000,29,-67850,69131,2.9
040060013000,95,-67851,69131,9.5
040060014000,24,-67850,69129,2.4
040060015000,11,-67849,69130,1.1
040060016000,44,-67849,69128,4.4
040060017000,44,-67848,69128,4.4
040060018000,32,-67847,69127,3.2
040060019000,32,-67847,69126,3.2
040060020000,128,-67846,69126,12.8
040060021000,19,-67845,69128,1.9
040060022000,125,-67844,69129,12.5
040060023000,33,-67845,69129,3.3
040060024000,2,-67846,69128,0.2
040060025000,69,-67846,69129,6.9
040060026000,15,-67846,69130,1.5
040060027000,3,-67847,69130,0.3
040060028000,30,-67847,69130,3.0
040060029000,114,-67846,69131,11.4
040070001000,32,-67843,69129,3.2
040070002000,1,-67844,69128,0.1
040070003000,42,-67843,69127,4.2
040070004000,60,-67842,69128,6.0
040070005000,66,-67841,69128,6.6
040070006000,56,-67842,69127,5.6
040070007000,14,-67841,69127,1.4
040070008000,38,-67840,69128,3.8
040070009000,9,-67839,69127,0.9
040070010000,78,-67840,69126,7.8
040070011000,131,-67839,69126,13.1
040070012000,32,-67838,69126,3.2
040070013000,19,-67839,69127,1.9
040070014000,34,-67838,69127,3.4
040070015000,60,-67836,69128,6.0
040070016000,46,-67835,69129,4.6
040070017000,84,-67836,69126,8.4
040070018000,73,-67836,69125,7.3
040070019000,64,-67837,69123,6.4
040070020000,117,-67837,69122,11.7
040070021000,56,-67839,69122,5.6
040070022000,40,-67838,69124,4.0
040070023000,92,-67839,69124,9.2
040070024000,17,-67840,69123,1.7
040070025000,31,-67841,69123,3.1
040070026000,74,-67840,69124,7.4
040070027000,0,-67841,69125,0.0
040070028000,2,-67842,69123,0.2
040070029000,4,-67842,69124,0.4
040070030000,43,-67842,69125,4.3
040070031000,16,-67842,69125,1.6
040070032000,91,-67844,69125,9.1
040070033000,120,-67844,69126,12.0
040070034000,84,-67845,69126,8.4
040080001000,58,-67845,69124,5.8
040080002000,17,-67845,69123,1.7
040080003000,4,-67844,69123,0.4
040080004000,7,-67843,69122,0.7
040080005000,63,-67843,69121,6.3
040080006000,92,-67842,69121,9.2
040080007000,62,-67841,69121,6.2
040080008000,5,-67840,69120,0.5
040080009000,57,-67839,69120,5.7
040080010000,89,-67837,69120,8.9
040080011000,81,-67836,69120,8.1
040080012000,89,-67835,69120,8.9
040080013000,61,-67834,69120,6.1
040080014000,27,-67834,69118,2.7
040080015000,31,-67835,69118,3.1
040080016000,54,-67835,69117,5.4
040080017000,11,-67836,69116,1.1
040080018000,42,-67835,69114,4.2
040080020000,32,-67838,69116,3.2
040080022000,105,-67837,69118,10.5
040080024000,18,-67839,69117,1.8
040080025000,96,-67837,69115,9.6
040090001000,128,-67833,69119,12.8
040090002000,32,-67832,69118,3.2
040090004000,5,-67831,69120,0.5
040090006000,6,-67828,69119,0.6
040090007000,35,-67828,69119,3.5
040090010000,67,-67828,69116,6.7
040090011000,52,-67829,69116,5.2
040090012000,78,-67830,69116,7.8
040090013000,67,-67832,69116,6.7
040090014000,73,-67832,69115,7.3
040090015000,18,-67832,69114,1.8
040090016000,10,-67829,69114,1.0
040090017000,55,-67828,69114,5.5
040090018000,53,-67827,69114,5.3
040090019000,3,-67826,69114,0.3
040090020000,44,-67825,69113,4.4
040090021000,109,-67834,69115,10.9
040090022000,69,-67834,69116,6.9
040090023000,126,-67834,69117,12.6
040100003000,0,-67834,69113,0.0
040100004000,38,-67833,69113,3.8
040100005000,8,-67833,69112,0.8
040100006000,127,-67834,69111,12.7
040100008000,64,-67834,69109,6.4
040100009000,8,-67832,69108,0.8
040100010000,21,-67832,69110,2.1
040100011000,63,-67832,69111,6.3
040100012000,5,-67832,69113,0.5
040100013000,6,-67832,69114,0.6
040100015000,2,-67830,69110,0.2
040100016000,28,-67829,69109,2.8
040100017000,14,-67829,69108,1.4
040100018000,23,-67829,69108,2.3
040100020000,25,-67827,69109,2.5
040100021000,91,-67827,69110,9.1
040100022000,135,-67826,69111,13.5
040100023000,49,-67827,69111,4.9
040100024000,21,-67828,69112,2.1
040120004000,38,-67849,69110,3.8
040120005000,7,-67848,69109,0.7
040120006000,17,-67847,69109,1.7
040120007000,55,-67847,69109,5.5
040120008000,77,-67847,69110,7.7
040120012000,131,-67845,69112,13.1
040120013000,84,-67845,69111,8.4
040120014000,23,-67845,69110,2.3
040120015000,0,-67844,69109,0.0
040120017000,53,-67846,69107,5.3
040120018000,33,-67845,69107,3.3
040120019000,112,-67844,69107,11.2
040120020000,46,-67843,69107,4.6
040120021000,20,-67843,69108,2.0
040120022000,15,-67843,69109,1.5
040120023000,9,-67843,69110,0.9
040120026000,27,-67841,69112,2.7
040120029000,16,-67840,69111,1.6
040120030000,129,-67841,69110,12.9
040120031000,13,-67840,69109,1.3
040120032000,27,-67841,69108,2.7
040120033000,4,-67841,69106,0.4
040120034000,2,-67848,69106,0.2
040120035000,5,-67849,69107,0.5
040120036000,22,-67849,69107,2.2
040120037000,60,-67850,69108,6.0
040120038000,19,-67851,69108,1.9
040120039000,93,-67852,69108,9.3
040120040000,137,-67851,69109,13.7
040120041000,7,-67852,69109,0.7
040120042000,26,-67853,69109,2.6
040120043000,29,-67853,69108,2.9
040130001000,25,-67854,69107,2.5
040130002000,11,-67854,69106,1.1
040130003000,33,-67853,69106,3.3
040130004000,38,-67851,69107,3.8
040130005000,81,-67850,69106,8.1
040130006000,54,-67849,69106,5.4
040130007000,114,-67848,69105,11.4
040130008000,49,-67847,69105,4.9
040130009000,62,-67847,69106,6.2
040130010000,40,-67845,69105,4.0
040130011000,30,-67845,69104,3.0
040130012000,46,-67846,69103,4.6
040130013000,6,-67846,69102,0.6
040130014000,56,-67846,69102,5.6
040130015000,42,-67846,69101,4.2
040130016000,96,-67846,69100,9.6
040130018000,34,-67848,69100,3.4
040130020000,90,-67848,69102,9.0
040130021000,92,-67848,69103,9.2
040130023000,53,-67849,69103,5.3
040130024000,10,-67849,69102,1.0
040130025000,58,-67850,69101,5.8
040130026000,62,-67850,69100,6.2
040130027000,71,-67852,69100,7.1
040130028000,39,-67852,69101,3.9
040130029000,5,-67852,69102,0.5
040130030000,33,-67851,69102,3.3
040130031000,90,-67851,69103,9.0
040130032000,3,-67851,69104,0.3
040130033000,8,-67851,69104,0.8
040130034000,1,-67852,69104,0.1
040130035000,4,-67852,69103,0.4
040130036000,50,-67853,69102,5.0
040130037000,7,-67853,69102,0.7
040130038000,69,-67853,69101,6.9
040130039000,83,-67853,69100,8.3
040130040000,18,-67855,69100,1.8
040130041000,80,-67855,69101,8.0
040130042000,73,-67855,69102,7.3
040130043000,8,-67855,69103,0.8
040130044000,50,-67854,69104,5.0
040140003000,27,-67899,69138,2.7
040140004000,15,-67898,69138,1.5
040140005000,10,-67896,69138,1.0
040140006000,14,-67895,69138,1.4
040140007000,6,-67894,69138,0.6
040140008000,4,-67894,69137,0.4
040140009000,11,-67893,69137,1.1
040140011000,2,-67890,69137,0.2
040140012000,4,-67889,69136,0.4
040140013000,97,-67890,69134,9.7
040140014000,12,-67891,69134,1.2
040140015000,80,-67892,69135,8.0
040140016000,59,-67893,69135,5.9
040140017000,43,-67894,69135,4.3
040140018000,30,-67895,69136,3.0
040140019000,13,-67896,69136,1.3
040140020000,13,-67896,69135,1.3
040140021000,23,-67897,69134,2.3
040140022000,82,-67898,69133,8.2
040140023000,34,-67899,69134,3.4
040140024000,83,-67898,69135,8.3
040140025000,58,-67897,69136,5.8
040140026000,23,-67898,69136,2.3
040140027000,1,-67899,69135,0.1
040140028000,29,-67900,69134,2.9
040140029000,2,-67900,69133,0.2
040140030000,25,-67899,69132,2.5
040140031000,79,-67898,69132,7.9
040140032000,56,-67897,69132,5.6
040140033000,66,-67896,69133,6.6
040140034000,70,-67895,69134,7.0
040140036000,3,-67892,69134,0.3
040140038000,53,-67891,69133,5.3
040140039000,24,-67892,69131,2.4
040140040000,77,-67893,69132,7.7
040140041000,42,-67894,69132,4.2
040140042000,126,-67895,69131,12.6
040140043000,18,-67896,69131,1.8
040140044000,34,-67901,69133,3.4
040140045000,62,-67902,69134,6.2
040140046000,11,-67901,69135,1.1
040140047000,72,-67901,69136,7.2
040140048000,8,-67901,69137,0.8
040140049000,38,-67901,69138,3.8
040150002000,17,-67889,69135,1.7
040150004000,15,-67888,69134,1.5
040150005000,8,-67887,69133,0.8
040150006000,69,-67886,69133,6.9
040150007000,41,-67886,69132,4.1
040150008000,17,-67885,69132,1.7
040150009000,51,-67884,69131,5.1
040150010000,42,-67884,69130,4.2
040150011000,31,-67883,69129,3.1
040150013000,0,-67882,69127,0.0
040150015000,43,-67884,69127,4.3
040150016000,47,-67886,69128,4.7
040150017000,18,-67885,69128,1.8
040150018000,15,-67886,69129,1.5
040150019000,82,-67886,69130,8.2
040150020000,125,-67887,69129,12.5
040150021000,64,-67888,69129,6.4
040150024000,0,-67889,69130,0.0
040150025000,63,-67887,69131,6.3
040150026000,52,-67888,69132,5.2
040150027000,36,-67889,69132,3.6
040150029000,136,-67890,69132,13.6
040150030000,48,-67889,69133,4.8
040150031000,20,-67878,69126,2.0
040150032000,10,-67878,69127,1.0
040150033000,35,-67878,69128,3.5
040150034000,16,-67878,69129,1.6
040150035000,69,-67877,69130,6.9
040150036000,144,-67877,69131,14.4
040150037000,61,-67877,69132,6.1
040150038000,24,-67876,69133,2.4
040160001000,5,-67875,69130,0.5
040160002000,41,-67875,69129,4.1
040160003000,38,-67875,69128,3.8
040160004000,12,-67876,69127,1.2
040160005000,33,-67876,69126,3.3
040160006000,46,-67876,69125,4.6
040160007000,68,-67875,69124,6.8
040160008000,70,-67875,69125,7.0
040160011000,11,-67872,69125,1.1
040170001000,25,-67879,69125,2.5
040170002000,23,-67879,69124,2.3
040170003000,35,-67879,69123,3.5
040170004000,36,-67879,69122,3.6
040170005000,49,-67879,69121,4.9
040170006000,39,-67877,69121,3.9
040170010000,31,-67876,69124,3.1
040170011000,47,-67875,69123,4.7
040170012000,83,-67874,69122,8.3
040170013000,137,-67875,69121,13.7
040170014000,15,-67876,69120,1.5
040170015000,9,-67873,69119,0.9
040170019000,15,-67871,69123,1.5
040170020000,18,-67873,69123,1.8
040170024000,50,-67877,69122,5.0
040170026000,9,-67877,69123,0.9
040180001000,117,-67869,69123,11.7
040180002000,37,-67868,69122,3.7
040180003000,137,-67867,69122,13.7
040180005000,73,-67865,69122,7.3
040180006000,33,-67864,69122,3.3
040180007000,14,-67863,69121,1.4
040180008000,9,-67861,69121,0.9
040180020000,18,-67865,69120,1.8
040180021000,29,-67866,69120,2.9
040180022000,6,-67868,69120,0.6
040190001000,27,-67902,69132,2.7
040190004000,67,-67902,69129,6.7
040190005000,27,-67901,69129,2.7
040190006000,119,-67901,69130,11.9
040190007000,124,-67900,69131,12.4
040190008000,42,-67899,69130,4.2
040190009000,9,-67900,69129,0.9
040190010000,20,-67899,69129,2.0
040190011000,43,-67898,69129,4.3
040190012000,96,-67898,69130,9.6
040190013000,84,-67897,69130,8.4
040190014000,52,-67897,69129,5.2
040190015000,24,-67896,69129,2.4
040190016000,67,-67895,69130,6.7
040190017000,55,-67894,69130,5.5
040190018000,29,-67893,69130,2.9
040190019000,5,-67891,69131,0.5
040190020000,72,-67891,69130,7.2
040190021000,53,-67892,69129,5.3
040190022000,57,-67892,69127,5.7
040190023000,114,-67893,69128,11.4
040190024000,107,-67894,69128,10.7
040190025000,24,-67895,69128,2.4
040190026000,71,-67896,69127,7.1
040190027000,123,-67897,69127,12.3
040190028000,44,-67898,69127,4.4
040190029000,50,-67899,69127,5.0
040190030000,107,-67900,69127,10.7
040190031000,81,-67901,69127,8.1
040190032000,108,-67902,69126,10.8
040190033000,8,-67901,69126,0.8
040190034000,68,-67900,69125,6.8
040190035000,85,-67899,69125,8.5
040190036000,78,-67898,69125,7.8
040190037000,9,-67897,69125,0.9
040190038000,86,-67896,69126,8.6
040190039000,100,-67895,69126,10.0
040190040000,47,-67894,69126,4.7
040190041000,16,-67893,69126,1.6
040190042000,38,-67893,69124,3.8
040190043000,26,-67894,69124,2.6
040200001000,16,-67889,69119,1.6
040200004000,99,-67890,69118,9.9
040200005000,94,-67891,69117,9.4
040200006000,72,-67889,69115,7.2
040200010000,0,-67885,69118,0.0
040200011000,70,-67885,69117,7.0
040200012000,10,-67884,69117,1.0
040200013000,83,-67884,69116,8.3
040200014000,73,-67883,69115,7.3
040200015000,5,-67883,69115,0.5
040200016000,126,-67884,69114,12.6
040200017000,114,-67884,69113,11.4
040200018000,61,-67882,69113,6.1
040200019000,93,-67881,69114,9.3
040200020000,35,-67881,69116,3.5
040200021000,37,-67881,69116,3.7
040200022000,113,-67882,69117,11.3
040200023000,9,-67882,69118,0.9
040200024000,25,-67883,69119,2.5
040200025000,35,-67881,69118,3.5
040200026000,30,-67881,69118,3.0
040210001000,7,-67891,69128,0.7
040210002000,124,-67890,69128,12.4
040210003000,33,-67889,69128,3.3
040210004000,2,-67888,69128,0.2
040210006000,28,-67888,69126,2.8
040210007000,13,-67889,69126,1.3
040210008000,6,-67890,69126,0.6
040210009000,21,-67891,69127,2.1
040210010000,7,-67892,69125,0.7
040210011000,17,-67890,69125,1.7
040210012000,29,-67889,69124,2.9
040210013000,33,-67888,69124,3.3
040210014000,45,-67888,69123,4.5
040210015000,14,-67889,69123,1.4
040210016000,6,-67891,69123,0.6
040210017000,10,-67892,69123,1.0
040210019000,55,-67893,69122,5.5
040210020000,5,-67892,69122,0.5
040210021000,28,-67891,69121,2.8
040210022000,22,-67890,69121,2.2
040210023000,7,-67889,69122,0.7
040210024000,63,-67887,69120,6.3
040210025000,22,-67887,69121,2.2
040210026000,97,-67886,69122,9.7
040210028000,106,-67886,69123,10.6
040210029000,61,-67886,69124,6.1
040210030000,26,-67886,69125,2.6
040210031000,24,-67887,69126,2.4
040210032000,86,-67884,69126,8.6
040210034000,0,-67884,69124,0.0
040210035000,29,-67883,69124,2.9
040210036000,76,-67883,69123,7.6
040210037000,114,-67883,69122,11.4
040210038000,56,-67883,69121,5.6
040210039000,9,-67882,69120,0.9
040210040000,80,-67882,69119,8.0
040210041000,59,-67884,69119,5.9
040210042000,86,-67880,69120,8.6
040210043000,30,-67881,69121,3.0
040210044000,90,-67881,69122,9.0
040210045000,128,-67881,69123,12.8
040210046000,41,-67881,69124,4.1
040210047000,32,-67882,69125,3.2
040210048000,40,-67882,69126,4.0
040220001000,54,-67899,69123,5.4
040220002000,60,-67898,69123,6.0
040220003000,63,-67897,69123,6.3
040220004000,20,-67896,69124,2.0
040220005000,46,-67896,69122,4.6
040220007000,112,-67897,69122,11.2
040220008000,52,-67898,69122,5.2
040220009000,76,-67899,69121,7.6
040220010000,59,-67900,69120,5.9
040220011000,62,-67900,69119,6.2
040220012000,1,-67900,69118,0.1
040220013000,30,-67901,69118,3.0
040220014000,74,-67899,69117,7.4
040220015000,0,-67899,69118,0.0
040220016000,99,-67898,69119,9.9
040220017000,42,-67897,69120,4.2
040220018000,37,-67896,69120,3.7
040220019000,6,-67897,69119,0.6
040220020000,0,-67897,69117,0.0
040220021000,12,-67897,69116,1.2
040220022000,42,-67895,69117,4.2
040220023000,64,-67895,69118,6.4
040220024000,66,-67895,69119,6.6
040220025000,14,-67895,69120,1.4
040220026000,31,-67894,69121,3.1
040220027000,58,-67894,69122,5.8
040220028000,82,-67894,69123,8.2
040220029000,72,-67893,69120,7.2
040220030000,36,-67893,69119,3.6
040220031000,75,-67894,69118,7.5
040220032000,111,-67894,69117,11.1
040220033000,107,-67894,69116,10.7
040220034000,54,-67892,69117,5.4
040220035000,84,-67892,69118,8.4
040220036000,40,-67891,69119,4.0
040220037000,24,-67890,69119,2.4
040220038000,67,-67900,69123,6.7
040230001000,73,-67901,69117,7.3
040230002000,41,-67902,69116,4.1
040230003000,125,-67902,69115,12.5
040230004000,23,-67902,69114,2.3
040230006000,87,-67899,69114,8.7
040230007000,61,-67900,69115,6.1
040230008000,26,-67899,69115,2.6
040230009000,51,-67899,69116,5.1
040230010000,1,-67897,69115,0.1
040230011000,0,-67898,69114,0.0
040230012000,28,-67898,69114,2.8
040230013000,45,-67897,69113,4.5
040230014000,70,-67896,69113,7.0
040230015000,83,-67895,69113,8.3
040230016000,39,-67894,69114,3.9
040230017000,4,-67895,69114,0.4
040230018000,23,-67895,69116,2.3
040230020000,63,-67893,69114,6.3
040230021000,47,-67892,69116,4.7
040230022000,82,-67890,69115,8.2
040230023000,70,-67891,69114,7.0
040230024000,117,-67892,69113,11.7
040230025000,7,-67891,69112,0.7
040230026000,36,-67893,69112,3.6
040230027000,30,-67893,69111,3.0
040230028000,86,-67894,69111,8.6
040230029000,90,-67895,69111,9.0
040230030000,90,-67896,69111,9.0
040230031000,80,-67897,69111,8.0
040230032000,19,-67898,69111,1.9
040230033000,42,-67899,69112,4.2
040230034000,104,-67900,69112,10.4
040230035000,115,-67901,69112,11.5
040230037000,18,-67903,69112,1.8
040240003000,13,-67903,69124,1.3
040240004000,12,-67901,69124,1.2
040240005000,117,-67902,69123,11.7
040240006000,2,-67903,69124,0.2
040240007000,15,-67903,69123,1.5
040240008000,58,-67902,69122,5.8
040240009000,67,-67903,69121,6.7
040240010000,51,-67904,69122,5.1
040240011000,68,-67904,69121,6.8
040240012000,76,-67903,69120,7.6
040240013000,55,-67905,69120,5.5
040240014000,56,-67901,69120,5.6
040240015000,21,-67901,69121,2.1
040240016000,7,-67901,69121,0.7
040240017000,68,-67900,69122,6.8
040250003000,12,-67904,69119,1.2
040250004000,20,-67904,69118,2.0
040250005000,120,-67905,69119,12.0
040250006000,1,-67905,69118,0.1
040250007000,18,-67904,69118,1.8
040250008000,51,-67905,69117,5.1
040250009000,105,-67906,69117,10.5
040250010000,42,-67906,69116,4.2
040250011000,81,-67905,69116,8.1
040250012000,23,-67906,69115,2.3
040250013000,75,-67907,69115,7.5
040250014000,21,-67907,69113,2.1
040250015000,52,-67906,69113,5.2
040250016000,22,-67905,69113,2.2
040250017000,4,-67905,69113,0.4
040250018000,32,-67904,69113,3.2
040250019000,14,-67904,69115,1.4
040250020000,29,-67903,69115,2.9
040250021000,76,-67903,69116,7.6
040250022000,5,-67902,69117,0.5
040250023000,122,-67902,69118,12.2
040250024000,62,-67902,69119,6.2
040260001000,47,-67890,69114,4.7
040260003000,75,-67888,69112,7.5
040260005000,36,-67888,69111,3.6
040260006000,4,-67887,69111,0.4
040260008000,53,-67887,69109,5.3
040260009000,77,-67882,69108,7.7
040260010000,25,-67883,69109,2.5
040260012000,56,-67884,69110,5.6
040260014000,97,-67884,69112,9.7
040260015000,135,-67882,69111,13.5
040260016000,34,-67889,69109,3.4
040260017000,89,-67890,69110,8.9
040260018000,33,-67891,69110,3.3
040260020000,87,-67891,69112,8.7
040270001000,1,-67859,69192,0.1
040270002000,4,-67858,69193,0.4
040270003000,57,-67858,69193,5.7
040270004000,102,-67858,69194,10.2
040270005000,84,-67858,69195,8.4
040270006000,21,-67857,69196,2.1
040270007000,24,-67856,69196,2.4
040270008000,42,-67856,69196,4.2
040270009000,27,-67855,69196,2.7
040270011000,69,-67854,69196,6.9
040270014000,90,-67852,69194,9.0
040270015000,33,-67852,69193,3.3
040270016000,8,-67852,69193,0.8
040270017000,61,-67852,69192,6.1
040270018000,58,-67853,69191,5.8
040270019000,83,-67853,69190,8.3
040270020000,82,-67855,69191,8.2
040270021000,34,-67855,69192,3.4
040270022000,7,-67854,69192,0.7
040270023000,91,-67854,69193,9.1
040270024000,58,-67854,69194,5.8
040270025000,55,-67855,69194,5.5
040270026000,86,-67856,69194,8.6
040270027000,116,-67856,69193,11.6
040270028000,111,-67856,69192,11.1
040270029000,44,-67856,69191,4.4
040280001000,65,-67859,69191,6.5
040280002000,97,-67859,69190,9.7
040280003000,35,-67859,69189,3.5
040280004000,55,-67859,69188,5.5
040280006000,25,-67857,69190,2.5
040280007000,9,-67857,69189,0.9
040280008000,39,-67857,69189,3.9
040280009000,70,-67857,69188,7.0
040280010000,59,-67856,69187,5.9
040280011000,40,-67856,69188,4.0
040280012000,29,-67855,69189,2.9
040280013000,97,-67855,69190,9.7
040280014000,17,-67853,69189,1.7
040280015000,42,-67853,69189,4.2
040280016000,35,-67854,69188,3.5
040280017000,112,-67854,69187,11.2
040280018000,78,-67854,69186,7.8
040280019000,28,-67853,69185,2.8
040280020000,67,-67852,69184,6.7
040280021000,87,-67851,69184,8.7
040280022000,12,-67850,69184,1.2
040280023000,2,-67851,69181,0.2
040280024000,37,-67852,69182,3.7
040280025000,5,-67852,69182,0.5
040280026000,55,-67853,69183,5.5
040280027000,10,-67854,69184,1.0
040280028000,22,-67855,69184,2.2
040280030000,29,-67856,69185,2.9
040280031000,77,-67857,69186,7.7
040280032000,117,-67858,69186,11.7
040280033000,65,-67859,69186,6.5
040280034000,6,-67860,69186,0.6
040280035000,46,-67860,69187,4.6
040280037000,13,-67860,69183,1.3
040280040000,96,-67858,69184,9.6
040280041000,37,-67857,69184,3.7
040280042000,34,-67857,69184,3.4
040280043000,60,-67856,69183,6.0
040280044000,26,-67855,69183,2.6
040290001000,97,-67861,69182,9.7
040290002000,76,-67861,69181,7.6
040290003000,33,-67861,69180,3.3
040290006000,43,-67859,69178,4.3
040290007000,99,-67860,69178,9.9
040290008000,5,-67861,69177,0.5
040290009000,85,-67862,69177,8.5
040290010000,36,-67862,69176,3.6
040290011000,13,-67863,69176,1.3
040290012000,40,-67861,69175,4.0
040290013000,21,-67860,69175,2.1
040290014000,57,-67860,69176,5.7
040290015000,66,-67859,69176,6.6
040290016000,42,-67858,69177,4.2
040290017000,15,-67857,69177,1.5
040290018000,7,-67857,69177,0.7
040290019000,126,-67856,69178,12.6
040290020000,13,-67855,69179,1.3
040290021000,96,-67855,69180,9.6
040290022000,62,-67854,69182,6.2
040290023000,16,-67857,69181,1.6
040290024000,20,-67857,69181,2.0
040290025000,77,-67858,69182,7.7
040290026000,47,-67859,69182,4.7
040290027000,105,-67859,69181,10.5
040290028000,79,-67859,69180,7.9
040290029000,129,-67858,69180,12.9
040290030000,3,-67857,69179,0.3
040300001000,23,-67850,69183,2.3
040300002000,110,-67849,69183,11.0
040300003000,52,-67848,69183,5.2
040300004000,5,-67848,69182,0.5
040300005000,50,-67847,69182,5.0
040300006000,40,-67846,69181,4.0
040300007000,101,-67846,69180,10.1
040300008000,46,-67846,69179,4.6
040300009000,30,-67846,69178,3.0
040300010000,10,-67847,69178,1.0
040300011000,46,-67847,69177,4.6
040300012000,10,-67848,69176,1.0
040300013000,64,-67849,69176,6.4
040300014000,50,-67850,69176,5.0
040300015000,6,-67851,69177,0.6
040300016000,88,-67851,69177,8.8
040300017000,50,-67852,69178,5.0
040300018000,41,-67852,69178,4.1
040300019000,36,-67853,69179,3.6
040300020000,71,-67854,69179,7.1
040300021000,6,-67854,69179,0.6
040300022000,27,-67853,69181,2.7
040300023000,67,-67853,69181,6.7
040300024000,24,-67852,69180,2.4
040300025000,45,-67851,69180,4.5
040300026000,25,-67851,69180,2.5
040300027000,140,-67850,69179,14.0
040300028000,37,-67849,69178,3.7
040300029000,5,-67848,69179,0.5
040300030000,26,-67848,69179,2.6
040300031000,8,-67849,69180,0.8
040300032000,54,-67849,69181,5.4
040300033000,91,-67850,69181,9.1
040310001000,71,-67861,69174,7.1
040310002000,74,-67863,69174,7.4
040310003000,47,-67863,69173,4.7
040310004000,98,-67863,69172,9.8
040310005000,114,-67860,69171,11.4
040310006000,93,-67859,69171,9.3
040310007000,32,-67858,69171,3.2
040310009000,33,-67857,69170,3.3
040310010000,38,-67857,69169,3.8
040310011000,90,-67858,69168,9.0
040310012000,49,-67859,69168,4.9
040310013000,3,-67860,69169,0.3
040310014000,35,-67860,69169,3.5
040310015000,85,-67862,69170,8.5
040310016000,113,-67862,69169,11.3
040310017000,5,-67862,69168,0.5
040310018000,17,-67862,69167,1.7
040310019000,45,-67863,69167,4.5
040310020000,76,-67864,69167,7.6
040310021000,11,-67861,69168,1.1
040310022000,15,-67861,69167,1.5
040310023000,21,-67859,69167,2.1
040310024000,43,-67859,69167,4.3
040310025000,16,-67858,69166,1.6
040310026000,76,-67857,69166,7.6
040310027000,142,-67856,69166,14.2
040310028000,79,-67855,69166,7.9
040320003000,16,-67851,69165,1.6
040320004000,50,-67851,69165,5.0
040320005000,116,-67852,69165,11.6
040320006000,96,-67853,69165,9.6
040320007000,36,-67854,69165,3.6
040320008000,13,-67854,69166,1.3
040320009000,34,-67855,69164,3.4
040320010000,40,-67853,69163,4.0
040320011000,103,-67851,69163,10.3
040320012000,8,-67850,69162,0.8
040320013000,51,-67847,69162,5.1
040320014000,112,-67847,69163,11.2
040320015000,122,-67847,69164,12.2
040320016000,61,-67847,69165,6.1
040320017000,3,-67847,69166,0.3
040320018000,36,-67846,69166,3.6
040320019000,94,-67846,69167,9.4
040320020000,57,-67844,69166,5.7
040320021000,13,-67845,69166,1.3
040320022000,68,-67845,69165,6.8
040320023000,28,-67845,69164,2.8
040320026000,115,-67846,69162,11.5
040330002000,90,-67866,69164,9.0
040330003000,45,-67866,69163,4.5
040330004000,15,-67867,69163,1.5
040330005000,80,-67867,69162,8.0
040330006000,143,-67867,69161,14.3
040330007000,41,-67865,69160,4.1
040330008000,21,-67865,69160,2.1
040330009000,77,-67865,69161,7.7
040330010000,13,-67865,69162,1.3
040330011000,51,-67864,69163,5.1
040330013000,86,-67863,69165,8.6
040330014000,91,-67862,69165,9.1
040330015000,45,-67861,69165,4.5
040330016000,108,-67860,69165,10.8
040330017000,48,-67860,69164,4.8
040330018000,8,-67861,69164,0.8
040330019000,70,-67861,69163,7.0
040330020000,131,-67861,69162,13.1
040330021000,105,-67861,69161,10.5
040330022000,44,-67861,69160,4.4
040330023000,15,-67862,69160,1.5
040330024000,77,-67862,69159,7.7
040330025000,76,-67860,69158,7.6
040330026000,16,-67860,69159,1.6
040330027000,44,-67859,69160,4.4
040330028000,40,-67859,69161,4.0
040330030000,73,-67859,69162,7.3
040330031000,13,-67859,69163,1.3
040330033000,39,-67858,69165,3.9
040330034000,52,-67857,69164,5.2
040330035000,18,-67857,69163,1.8
040330036000,44,-67857,69163,4.4
040330037000,66,-67857,69162,6.6
040330038000,5,-67857,69161,0.5
040330039000,56,-67858,69160,5.6
040330040000,10,-67858,69159,1.0
040330041000,51,-67858,69159,5.1
040330042000,62,-67858,69158,6.2
040340001000,98,-67855,69163,9.8
040340002000,112,-67855,69162,11.2
040340003000,51,-67855,69161,5.1
040340004000,10,-67855,69161,1.0
040340005000,41,-67856,69160,4.1
040340006000,102,-67856,69159,10.2
040340008000,44,-67856,69157,4.4
040340009000,85,-67855,69157,8.5
040340010000,24,-67855,69158,2.4
040340011000,22,-67854,69159,2.2
040340012000,40,-67854,69159,4.0
040340013000,101,-67854,69160,10.1
040340014000,81,-67854,69161,8.1
040340015000,20,-67854,69162,2.0
040340016000,14,-67853,69163,1.4
040340017000,55,-67851,69162,5.5
040340018000,6,-67852,69161,0.6
040340019000,19,-67852,69160,1.9
040340020000,42,-67852,69160,4.2
040340021000,104,-67852,69159,10.4
040340022000,51,-67852,69158,5.1
040340023000,9,-67853,69157,0.9
040340024000,12,-67853,69156,1.2
040340025000,69,-67851,69156,6.9
040340026000,115,-67851,69157,11.5
040340027000,54,-67851,69158,5.4
040340028000,8,-67851,69158,0.8
040340029000,12,-67850,69159,1.2
040340030000,73,-67850,69160,7.3
040340031000,108,-67850,69161,10.8
040340032000,46,-67850,69162,4.6
040340033000,4,-67848,69162,0.4
040340034000,65,-67848,69161,6.5
040340035000,126,-67848,69160,12.6
040340036000,105,-67848,69159,10.5
040340037000,43,-67848,69158,4.3
040340038000,8,-67849,69158,0.8
040340039000,89,-67849,69156,8.9
040340040000,47,-67848,69156,4.7
040340041000,12,-67848,69155,1.2
040340042000,72,-67847,69155,7.2
040340043000,97,-67847,69157,9.7
040340044000,119,-67847,69158,11.9
040340045000,58,-67847,69159,5.8
040340046000,3,-67846,69160,0.3
040340047000,37,-67846,69160,3.7
040340048000,98,-67846,69161,9.8
040350001000,41,-67844,69171,4.1
040350002000,9,-67844,69172,0.9
040350003000,88,-67843,69173,8.8
040350004000,35,-67843,69174,3.5
040350005000,105,-67842,69174,10.5
040350006000,10,-67841,69174,1.0
040350007000,25,-67840,69175,2.5
040350008000,40,-67839,69174,4.0
040350009000,11,-67839,69174,1.1
040350010000,70,-67838,69173,7.0
040350011000,1,-67838,69173,0.1
040350012000,17,-67837,69172,1.7
040350013000,9,-67837,69171,0.9
040350014000,92,-67838,69170,9.2
040350015000,13,-67837,69170,1.3
040350016000,29,-67837,69169,2.9
040350017000,108,-67836,69169,10.8
040350018000,7,-67835,69168,0.7
040350019000,5,-67834,69168,0.5
040350020000,83,-67836,69166,8.3
040350021000,20,-67836,69167,2.0
040350022000,133,-67837,69167,13.3
040350023000,59,-67838,69167,5.9
040350024000,19,-67839,69168,1.9
040350025000,17,-67839,69168,1.7
040350026000,88,-67840,69168,8.8
040350027000,53,-67841,69168,5.3
040350028000,29,-67842,69169,2.9
040350030000,11,-67840,69170,1.1
040350031000,25,-67839,69171,2.5
040350032000,71,-67840,69172,7.1
040350033000,9,-67841,69172,0.9
040350034000,6,-67841,69172,0.6
040350035000,83,-67842,69171,8.3
040350036000,68,-67841,69171,6.8
040350037000,1,-67840,69170,0.1
040360001000,9,-67844,69161,0.9
040360002000,36,-67843,69161,3.6
040360003000,67,-67844,69162,6.7
040360004000,49,-67842,69162,4.9
040360005000,13,-67844,69163,1.3
040360006000,67,-67842,69163,6.7
040360007000,91,-67843,69164,9.1
040360008000,13,-67841,69163,1.3
040360009000,35,-67842,69164,3.5
040360010000,15,-67843,69165,1.5
040360011000,20,-67843,69167,2.0
040360012000,20,-67842,69167,2.0
040360013000,62,-67841,69166,6.2
040360014000,62,-67840,69166,6.2
040360015000,72,-67840,69165,7.2
040360016000,21,-67839,69164,2.1
040360017000,23,-67839,69164,2.3
040360018000,56,-67839,69163,5.6
040360019000,43,-67840,69162,4.3
040360020000,48,-67840,69161,4.8
040360021000,53,-67841,69161,5.3
040360022000,31,-67838,69159,3.1
040360023000,10,-67837,69159,1.0
040360024000,95,-67836,69159,9.5
040360025000,75,-67839,69160,7.5
040360026000,40,-67839,69161,4.0
040360027000,61,-67838,69161,6.1
040360028000,6,-67837,69162,0.6
040360029000,5,-67836,69161,0.5
040360030000,81,-67835,69161,8.1
040360031000,5,-67835,69161,0.5
040360032000,142,-67834,69160,14.2
040360034000,49,-67837,69166,4.9
040360035000,8,-67837,69165,0.8
040360036000,39,-67837,69164,3.9
040360037000,10,-67836,69163,1.0
040360038000,75,-67835,69165,7.5
040360039000,8,-67835,69164,0.8
040360040000,39,-67834,69163,3.9
040360041000,43,-67834,69163,4.3
040360042000,96,-67833,69162,9.6
040360043000,39,-67833,69161,3.9
040360044000,87,-67832,69161,8.7
040360045000,66,-67832,69164,6.6
040360046000,7,-67832,69165,0.7
040360047000,32,-67833,69165,3.2
040360050000,72,-67834,69167,7.2
040370001000,53,-67844,69161,5.3
040370002000,51,-67844,69160,5.1
040370003000,10,-67845,69159,1.0
040370004000,63,-67845,69158,6.3
040370005000,2,-67845,69157,0.2
040370007000,53,-67845,69157,5.3
040370008000,47,-67844,69156,4.7
040370009000,37,-67844,69157,3.7
040370010000,24,-67843,69158,2.4
040370011000,75,-67843,69159,7.5
040370012000,13,-67843,69160,1.3
040370013000,48,-67843,69160,4.8
040370014000,105,-67841,69160,10.5
040370015000,124,-67841,69159,12.4
040370016000,63,-67841,69158,6.3
040370017000,2,-67841,69157,0.2
040370018000,51,-67842,69157,5.1
040370019000,105,-67842,69156,10.5
040370020000,2,-67841,69156,0.2
040370021000,51,-67840,69156,5.1
040370022000,112,-67840,69157,11.2
040370023000,124,-67840,69158,12.4
040370025000,5,-67840,69160,0.5
040370026000,48,-67838,69158,4.8
040370027000,26,-67838,69157,2.6
040370028000,36,-67838,69157,3.6
040370029000,36,-67838,69156,3.6
040370030000,25,-67839,69155,2.5
040370031000,49,-67837,69155,4.9
040370032000,7,-67837,69155,0.7
040370033000,64,-67837,69156,6.4
040370034000,14,-67837,69157,1.4
040370035000,49,-67836,69158,4.9
040370036000,27,-67834,69159,2.7
040370037000,0,-67833,69159,0.0
040370038000,48,-67834,69158,4.8
040370039000,113,-67834,69157,11.3
040370040000,24,-67834,69156,2.4
040370041000,7,-67835,69155,0.7
040370042000,6,-67835,69154,0.6
040370043000,33,-67835,69154,3.3
040370044000,97,-67834,69152,9.7
040370045000,66,-67835,69152,6.6
040370046000,15,-67836,69152,1.5
040370047000,27,-67837,69153,2.7
040370048000,37,-67837,69153,3.7
040370049000,101,-67838,69153,10.1
040370050000,69,-67839,69153,6.9
040370051000,10,-67840,69153,1.0
040370052000,7,-67841,69154,0.7
040370053000,57,-67841,69154,5.7
040370054000,122,-67842,69154,12.2
040370055000,70,-67843,69154,7.0
040370056000,10,-67844,69154,1.0
040370057000,20,-67844,69155,2.0
040370058000,86,-67845,69155,8.6
040370059000,131,-67846,69155,13.1
040370060000,26,-67836,69158,2.6
040380001000,58,-67830,69158,5.8
040380002000,3,-67831,69158,0.3
040380003000,20,-67831,69159,2.0
040380004000,58,-67832,69158,5.8
040380006000,64,-67832,69156,6.4
040380007000,29,-67831,69156,2.9
040380008000,113,-67831,69155,11.3
040380009000,102,-67831,69154,10.2
040380010000,47,-67832,69154,4.7
040380011000,44,-67833,69154,4.4
040380012000,49,-67834,69154,4.9
040380013000,10,-67832,69151,1.0
040380014000,9,-67832,69152,0.9
040380015000,12,-67831,69153,1.2
040380016000,53,-67831,69152,5.3
040380017000,111,-67831,69151,11.1
040380018000,15,-67829,69150,1.5
040380019000,49,-67829,69151,4.9
040380020000,63,-67829,69152,6.3
040380021000,81,-67829,69153,8.1
040380022000,53,-67829,69154,5.3
040380023000,9,-67829,69154,0.9
040380024000,7,-67828,69155,0.7
040380025000,84,-67828,69156,8.4
040380026000,85,-67828,69157,8.5
040390001000,37,-67823,69166,3.7
040390002000,80,-67824,69165,8.0
040390003000,37,-67824,69164,3.7
040390004000,103,-67825,69164,10.3
040390005000,9,-67825,69163,0.9
040390006000,91,-67826,69163,9.1
040390007000,50,-67827,69162,5.0
040390008000,56,-67827,69162,5.6
040390009000,74,-67828,69161,7.4
040390010000,29,-67829,69161,2.9
040390011000,76,-67829,69162,7.6
040390012000,78,-67830,69162,7.8
040390013000,19,-67831,69163,1.9
040390014000,95,-67831,69163,9.5
040390015000,46,-67831,69160,4.6
040390016000,51,-67831,69160,5.1
040390017000,19,-67830,69159,1.9
040390018000,77,-67829,69159,7.7
040390020000,67,-67827,69158,6.7
040390021000,108,-67827,69159,10.8
040390022000,15,-67826,69160,1.5
040390023000,77,-67826,69160,7.7
040390024000,6,-67825,69161,0.6
040390025000,61,-67824,69162,6.1
040390026000,62,-67823,69162,6.2
040390027000,54,-67823,69163,5.4
040390028000,34,-67822,69163,3.4
040390029000,28,-67822,69164,2.8
040390030000,100,-67821,69165,10.0
040400001000,52,-67818,69172,5.2
040400002000,32,-67819,69172,3.2
040400003000,16,-67819,69172,1.6
040400004000,125,-67820,69171,12.5
040400005000,147,-67821,69170,14.7
040400006000,8,-67822,69169,0.8
040400007000,55,-67822,69169,5.5
040400008000,45,-67822,69168,4.5
040400009000,46,-67823,69167,4.6
040400010000,41,-67823,69166,4.1
040400012000,4,-67821,69166,0.4
040400013000,84,-67820,69167,8.4
040400015000,9,-67819,69168,0.9
040400016000,86,-67819,69169,8.6
040400017000,37,-67818,69170,3.7
040400018000,23,-67817,69170,2.3
040400019000,49,-67817,69170,4.9
040410001000,25,-67817,69173,2.5
040410002000,25,-67816,69173,2.5
040410003000,42,-67816,69173,4.2
040410004000,108,-67815,69173,10.8
040410005000,101,-67814,69173,10.1
040410006000,63,-67813,69173,6.3
040410007000,4,-67813,69173,0.4
040410008000,87,-67812,69173,8.7
040410009000,21,-67811,69173,2.1
040410010000,34,-67810,69174,3.4
040410011000,74,-67809,69175,7.4
040410013000,85,-67810,69171,8.5
040410014000,103,-67811,69171,10.3
040410015000,24,-67812,69171,2.4
040410016000,12,-67813,69170,1.2
040410017000,1,-67813,69171,0.1
040410018000,26,-67815,69171,2.6
040410019000,5,-67816,69170,0.5
040420001000,55,-67880,69162,5.5
040420002000,41,-67881,69161,4.1
040420005000,79,-67879,69158,7.9
040420006000,9,-67878,69157,0.9
040420007000,18,-67877,69157,1.8
040420009000,22,-67875,69157,2.2
040420010000,28,-67875,69158,2.8
040420011000,7,-67874,69158,0.7
040420012000,60,-67877,69159,6.0
040420013000,38,-67878,69160,3.8
040420014000,59,-67878,69161,5.9
040420015000,111,-67878,69162,11.1
040420017000,33,-67876,69160,3.3
040420018000,2,-67875,69159,0.2
040420019000,32,-67874,69160,3.2
040420020000,101,-67874,69161,10.1
040420021000,1,-67872,69160,0.1
040420022000,1,-67871,69160,0.1
040420024000,68,-67869,69159,6.8
040420025000,63,-67870,69159,6.3
040420026000,66,-67871,69158,6.6
040420027000,111,-67872,69157,11.1
040420028000,1,-67873,69156,0.1
040420029000,31,-67873,69155,3.1
040420030000,17,-67874,69155,1.7
040430002000,16,-67874,69153,1.6
040430003000,0,-67874,69151,0.0
040430004000,19,-67874,69150,1.9
040430005000,41,-67874,69149,4.1
040430006000,102,-67872,69147,10.2
040440003000,66,-67871,69146,6.6
040440004000,19,-67870,69146,1.9
040440005000,23,-67870,69145,2.3
040440006000,65,-67869,69145,6.5
040440007000,56,-67868,69145,5.6
040440008000,3,-67867,69145,0.3
040440009000,134,-67867,69144,13.4
040440010000,10,-67868,69142,1.0
040440011000,103,-67867,69142,10.3
040450001000,56,-67864,69144,5.6
040450002000,72,-67865,69143,7.2
040450003000,2,-67864,69142,0.2
040450004000,2,-67864,69143,0.2
040450006000,13,-67861,69143,1.3
040450008000,50,-67860,69141,5.0
040450009000,59,-67861,69141,5.9
040450010000,34,-67862,69140,3.4
040450011000,79,-67863,69140,7.9
040450012000,64,-67864,69140,6.4
040450013000,78,-67864,69139,7.8
040450014000,47,-67863,69138,4.7
040450015000,29,-67862,69138,2.9
040450016000,13,-67861,69139,1.3
040450017000,47,-67861,69139,4.7
040450018000,89,-67860,69140,8.9
040450020000,28,-67858,69141,2.8
040450021000,8,-67859,69142,0.8
040450022000,74,-67859,69143,7.4
040450023000,122,-67859,69138,12.2
040450025000,24,-67860,69137,2.4
040450026000,50,-67861,69137,5.0
040450027000,55,-67862,69136,5.5
040450029000,2,-67864,69136,0.2
040450030000,112,-67865,69137,11.2
040450031000,15,-67866,69138,1.5
040450032000,18,-67866,69139,1.8
040450033000,9,-67866,69139,0.9
040450034000,34,-67866,69141,3.4
040450035000,16,-67866,69141,1.6
040460001000,19,-67857,69142,1.9
040460002000,38,-67856,69141,3.8
040460003000,21,-67856,69140,2.1
040460004000,28,-67857,69140,2.8
040460005000,25,-67857,69139,2.5
040460006000,29,-67858,69138,2.9
043020003000,44,-68027,69182,4.4
043020006000,37,-68025,69180,3.7
043020007000,14,-68024,69180,1.4
043020008000,17,-68022,69181,1.7
043020009000,63,-68021,69180,6.3
043020010000,24,-68021,69178,2.4
043020011000,12,-68023,69178,1.2
043020014000,137,-68026,69178,13.7
043020022000,93,-68032,69174,9.3
043020025000,33,-68035,69173,3.3
043020026000,13,-68030,69177,1.3
043020028000,82,-68028,69179,8.2
043020029000,38,-68028,69180,3.8
043020030000,5,-68026,69180,0.5
043030001000,5,-68044,69153,0.5
043030004000,43,-68042,69156,4.3
043030008000,46,-68039,69159,4.6
043030009000,62,-68042,69163,6.2
043030010000,50,-68041,69163,5.0
043030023000,29,-68042,69152,2.9
043040001000,19,-68063,69143,1.9
043040003000,53,-68061,69144,5.3
043040004000,30,-68060,69144,3.0
043040006000,40,-68058,69146,4.0
043040007000,67,-68057,69146,6.7
043040018000,14,-68046,69152,1.4
043040020000,80,-68043,69151,8.0
043040021000,65,-68044,69150,6.5
043040022000,29,-68045,69149,2.9
043040023000,3,-68046,69149,0.3
043040027000,128,-68050,69147,12.8
043040028000,51,-68051,69147,5.1
043040029000,97,-68052,69146,9.7
043040033000,8,-68056,69144,0.8
043040034000,34,-68057,69144,3.4
043050002000,111,-68064,69158,11.1
043050003000,93,-68064,69158,9.3
043050004000,17,-68064,69158,1.7
043050005000,40,-68063,69157,4.0
043050006000,113,-68063,69157,11.3
043050007000,78,-68063,69157,7.8
043050009000,83,-68062,69156,8.3
043050011000,48,-68062,69156,4.8
043050012000,36,-68062,69155,3.6
043050013000,106,-68062,69155,10.6
043050014000,2,-68062,69155,0.2
043050015000,35,-68063,69154,3.5
043050017000,109,-68063,69154,10.9
043050019000,55,-68063,69153,5.5
043050020000,24,-68064,69153,2.4
043060014000,26,-68064,69152,2.6
043060015000,60,-68064,69151,6.0
043060016000,47,-68064,69151,4.7
043060017000,24,-68064,69150,2.4
043060018000,29,-68065,69150,2.9
043060019000,36,-68065,69149,3.6
043060020000,30,-68065,69149,3.0
043060021000,130,-68065,69148,13.0
043060022000,2,-68065,69147,0.2
043060023000,48,-68065,69147,4.8
043070008000,15,-68070,69147,1.5
043070012000,11,-68066,69147,1.1
043070013000,95,-68066,69146,9.5
044010002000,73,-68229,69201,7.3
044010003000,30,-68230,69202,3.0
044010004000,105,-68230,69203,10.5
044010005000,73,-68230,69204,7.3
044010006000,27,-68230,69205,2.7
044010007000,2,-68229,69205,0.2
044010009000,1,-68229,69207,0.1
044010010000,45,-68228,69207,4.5
044010011000,52,-68228,69208,5.2
044010012000,121,-68227,69208,12.1
044010013000,57,-68226,69208,5.7
044010014000,32,-68225,69208,3.2
044010015000,16,-68224,69208,1.6
044010016000,36,-68224,69208,3.6
044010017000,72,-68223,69208,7.2
044010018000,85,-68222,69207,8.5
044010019000,7,-68222,69207,0.7
044010020000,128,-68221,69206,12.8
044010021000,79,-68221,69205,7.9
044010023000,84,-68220,69203,8.4
044010024000,115,-68220,69202,11.5
044010025000,104,-68220,69201,10.4
044010027000,2,-68221,69200,0.2
044010028000,82,-68223,69200,8.2
044010029000,116,-68223,69201,11.6
044010030000,65,-68223,69202,6.5
044010031000,15,-68223,69202,1.5
044010033000,80,-68223,69204,8.0
044010034000,3,-68224,69205,0.3
044010035000,1,-68224,69206,0.1
044010036000,54,-68225,69206,5.4
044010037000,15,-68225,69206,1.5
044010038000,57,-68226,69206,5.7
044010039000,86,-68227,69205,8.6
044010040000,28,-68227,69204,2.8
044010041000,37,-68227,69203,3.7
044010042000,56,-68227,69203,5.6
044010043000,15,-68227,69202,1.5
044010044000,7,-68226,69201,0.7
044010045000,27,-68226,69201,2.7
044010046000,59,-68225,69200,5.9
044020001000,18,-68229,69201,1.8
044020002000,118,-68228,69200,11.8
044020003000,39,-68228,69199,3.9
044020004000,93,-68227,69199,9.3
044020005000,23,-68226,69198,2.3
044020007000,3,-68225,69196,0.3
044020008000,72,-68225,69197,7.2
044020009000,51,-68225,69198,5.1
044020010000,83,-68224,69199,8.3
044020011000,5,-68223,69199,0.5
044020012000,81,-68221,69199,8.1
044020013000,94,-68221,69198,9.4
044020014000,9,-68221,69198,0.9
044020015000,131,-68222,69197,13.1
044020016000,10,-68223,69196,1.0
044020017000,117,-68223,69196,11.7
044020019000,13,-68224,69194,1.3
044020020000,75,-68223,69194,7.5
044020021000,136,-68222,69194,13.6
044020023000,10,-68226,69193,1.0
044020024000,12,-68226,69194,1.2
044020025000,91,-68227,69195,9.1
044020027000,49,-68228,69196,4.9
044020028000,51,-68228,69197,5.1
044020029000,16,-68229,69198,1.6
044020030000,29,-68229,69198,2.9
044020031000,76,-68230,69199,7.6
044020032000,20,-68231,69199,2.0
044020033000,90,-68231,69200,9.0
044020034000,45,-68232,69200,4.5
044020035000,35,-68233,69201,3.5
044020036000,49,-68233,69201,4.9
044020037000,68,-68235,69199,6.8
044020038000,62,-68234,69198,6.2
044020039000,58,-68233,69198,5.8
044020041000,5,-68233,69196,0.5
044020042000,8,-68234,69196,0.8
044020043000,13,-68233,69195,1.3
044020044000,91,-68231,69194,9.1
044020045000,31,-68231,69195,3.1
044020046000,71,-68231,69196,7.1
044020047000,32,-68231,69196,3.2
044020048000,121,-68230,69195,12.1
044020049000,32,-68230,69194,3.2
044030001000,55,-68233,69194,5.5
044030002000,88,-68233,69193,8.8
044030003000,100,-68233,69192,10.0
044030004000,118,-68233,69191,11.8
044030005000,126,-68233,69190,12.6
044030008000,93,-68233,69188,9.3
044030009000,9,-68234,69187,0.9
044030011000,15,-68229,69188,1.5
044030012000,12,-68230,69188,1.2
044030013000,5,-68230,69189,0.5
044030014000,17,-68231,69189,1.7
044030015000,58,-68231,69190,5.8
044030016000,103,-68231,69191,10.3
044030020000,63,-68229,69193,6.3
044030021000,25,-68229,69193,2.5
044030022000,41,-68228,69192,4.1
044030023000,74,-68228,69191,7.4
044030024000,7,-68228,69191,0.7
044030025000,12,-68228,69190,1.2
044030026000,66,-68227,69189,6.6
044030027000,37,-68227,69188,3.7
044030028000,62,-68227,69188,6.2
044030029000,11,-68227,69187,1.1
044030030000,40,-68226,69186,4.0
044040001000,11,-68225,69192,1.1
044040002000,55,-68225,69191,5.5
044040003000,14,-68225,69191,1.4
044040004000,49,-68224,69190,4.9
044040005000,103,-68224,69189,10.3
044040006000,28,-68224,69188,2.8
044040007000,53,-68224,69188,5.3
044040008000,33,-68224,69187,3.3
044040009000,62,-68223,69186,6.2
044040010000,16,-68222,69186,1.6
044040011000,89,-68222,69187,8.9
044040012000,84,-68222,69188,8.4
044040013000,20,-68222,69189,2.0
044040015000,121,-68222,69190,12.1
044040016000,82,-68222,69191,8.2
044040017000,5,-68222,69191,0.5
044040018000,92,-68223,69192,9.2
044040019000,124,-68224,69192,12.4
044040020000,78,-68221,69193,7.8
044040021000,36,-68220,69192,3.6
044040022000,46,-68220,69192,4.6
044040024000,14,-68220,69190,1.4
044040025000,4,-68219,69189,0.4
044040026000,1,-68220,69188,0.1
044040027000,31,-68219,69187,3.1
044040028000,75,-68219,69186,7.5
044050002000,76,-68235,69186,7.6
044050003000,56,-68237,69185,5.6
044050004000,2,-68236,69185,0.2
044050005000,37,-68236,69184,3.7
044050006000,25,-68235,69184,2.5
044050007000,43,-68235,69183,4.3
044050008000,52,-68235,69182,5.2
044050010000,6,-68232,69180,0.6
044050011000,95,-68232,69180,9.5
044050012000,117,-68232,69181,11.7
044050013000,46,-68232,69182,4.6
044050014000,39,-68232,69183,3.9
044050015000,38,-68233,69184,3.8
044050017000,4,-68232,69186,0.4
044050018000,126,-68231,69186,12.6
044050019000,44,-68231,69185,4.4
044050020000,20,-68231,69185,2.0
044050021000,93,-68231,69184,9.3
044050022000,92,-68231,69183,9.2
044050023000,21,-68230,69182,2.1
044050025000,104,-68230,69180,10.4
044050027000,30,-68225,69179,3.0
044050028000,6,-68226,69180,0.6
044050029000,53,-68227,69180,5.3
044050030000,4,-68227,69180,0.4
044050031000,139,-68228,69182,13.9
044050032000,61,-68228,69183,6.1
044050035000,41,-68226,69186,4.1
044050036000,138,-68226,69185,13.8
044050037000,64,-68226,69184,6.4
044050038000,1,-68226,69184,0.1
044050039000,69,-68225,69183,6.9
044050040000,85,-68225,69182,8.5
044050041000,2,-68225,69182,0.2
044050042000,44,-68224,69181,4.4
044060001000,21,-68223,69180,2.1
044060002000,7,-68219,69178,0.7
044060003000,104,-68220,69178,10.4
044060006000,39,-68222,69181,3.9
044060007000,104,-68222,69182,10.4
044060008000,52,-68222,69183,5.2
044060009000,2,-68223,69184,0.2
044060010000,73,-68223,69184,7.3
044060011000,134,-68223,69185,13.4
044060012000,33,-68221,69185,3.3
044060013000,63,-68221,69184,6.3
044060014000,31,-68221,69183,3.1
044060015000,24,-68220,69183,2.4
044060016000,107,-68220,69182,10.7
044060017000,30,-68219,69181,3.0
044060018000,38,-68219,69180,3.8
044060019000,52,-68218,69180,5.2
044060020000,59,-68218,69179,5.9
044060022000,37,-68216,69179,3.7
044060023000,43,-68215,69178,4.3
044060024000,78,-68214,69178,7.8
044060025000,102,-68213,69178,10.2
044060026000,55,-68212,69178,5.5
044060027000,36,-68212,69178,3.6
044060028000,15,-68212,69181,1.5
044060029000,35,-68213,69181,3.5
044060030000,19,-68214,69181,1.9
044060031000,41,-68215,69181,4.1
044060032000,50,-68215,69181,5.0
044060033000,85,-68216,69181,8.5
044060036000,53,-68218,69183,5.3
044060037000,39,-68218,69184,3.9
044060038000,19,-68219,69185,1.9
044060039000,75,-68219,69185,7.5
044070002000,113,-68229,69179,11.3
044070003000,15,-68228,69178,1.5
044070004000,30,-68228,69178,3.0
044070005000,47,-68227,69177,4.7
044070006000,112,-68226,69177,11.2
044070007000,69,-68225,69177,6.9
044070008000,58,-68224,69177,5.8
044070010000,45,-68223,69178,4.5
044070011000,48,-68223,69175,4.8
044070012000,101,-68224,69175,10.1
044070013000,66,-68225,69175,6.6
044070014000,39,-68226,69175,3.9
044070017000,64,-68228,69176,6.4
044070018000,28,-68229,69177,2.8
044070019000,41,-68230,69177,4.1
044070021000,65,-68231,69178,6.5
044070022000,69,-68231,69179,6.9
044070024000,38,-68235,69179,3.8
044070025000,0,-68235,69180,0.0
044070026000,55,-68236,69177,5.5
044070027000,5,-68236,69177,0.5
044070028000,52,-68235,69177,5.2
044070029000,18,-68233,69178,1.8
044070032000,68,-68232,69176,6.8
044070033000,11,-68231,69175,1.1
044070034000,49,-68231,69175,4.9
044070035000,1,-68230,69174,0.1
044070036000,107,-68229,69174,10.7
044070037000,78,-68228,69174,7.8
044070039000,105,-68226,69173,10.5
044070040000,60,-68225,69173,6.0
044070041000,26,-68225,69173,2.6
044070042000,69,-68224,69172,6.9
044080001000,25,-68222,69177,2.5
044080002000,110,-68222,69176,11.0
044080003000,30,-68221,69175,3.0
044080004000,18,-68223,69174,1.8
044080005000,62,-68222,69174,6.2
044080007000,28,-68221,69173,2.8
044080008000,81,-68220,69174,8.1
044080009000,9,-68219,69175,0.9
044080010000,7,-68218,69176,0.7
044080011000,133,-68217,69176,13.3
044080012000,2,-68218,69176,0.2
044080013000,147,-68219,69177,14.7
044080014000,0,-68216,69177,0.0
044080015000,51,-68216,69177,5.1
044080016000,52,-68215,69177,5.2
044080017000,7,-68214,69176,0.7
044080018000,83,-68213,69176,8.3
044080019000,108,-68212,69176,10.8
044080020000,3,-68213,69173,0.3
044080021000,9,-68213,69173,0.9
044080022000,106,-68214,69174,10.6
044080023000,27,-68215,69174,2.7
044080024000,14,-68215,69174,1.4
044080025000,52,-68216,69174,5.2
044080026000,103,-68217,69173,10.3
044080027000,4,-68216,69172,0.4
044080028000,83,-68215,69172,8.3
044080029000,11,-68214,69172,1.1
044080030000,36,-68214,69171,3.6
044080031000,92,-68213,69171,9.2
044080032000,10,-68215,69168,1.0
044080033000,41,-68215,69169,4.1
044080035000,48,-68217,69170,4.8
044080036000,44,-68217,69170,4.4
044080038000,86,-68218,69172,8.6
044080039000,72,-68219,69171,7.2
044080040000,102,-68220,69171,10.2
044080041000,72,-68221,69171,7.2
044080043000,29,-68222,69172,2.9
044080044000,107,-68223,69172,10.7
044090002000,94,-68205,69179,9.4
044090003000,58,-68204,69179,5.8
044090004000,6,-68203,69178,0.6
044090005000,57,-68203,69178,5.7
044090006000,70,-68202,69177,7.0
044090007000,59,-68202,69177,5.9
044090008000,80,-68201,69176,8.0
044090010000,144,-68200,69175,14.4
044090011000,4,-68200,69174,0.4
044090012000,26,-68200,69173,2.6
044090016000,1,-68203,69175,0.1
044090017000,43,-68204,69175,4.3
044090018000,0,-68205,69176,0.0
044090019000,109,-68205,69176,10.9
044090020000,24,-68206,69176,2.4
044090022000,83,-68207,69177,8.3
044090023000,2,-68208,69177,0.2
044090026000,112,-68211,69178,11.2
044090027000,10,-68212,69176,1.0
044090028000,56,-68211,69175,5.6
044090029000,57,-68210,69175,5.7
044090030000,77,-68209,69175,7.7
044090031000,93,-68208,69175,9.3
044090032000,48,-68207,69175,4.8
044090033000,18,-68207,69174,1.8
044090037000,97,-68204,69172,9.7
044090038000,37,-68207,69171,3.7
044090039000,83,-68208,69172,8.3
044090040000,17,-68208,69172,1.7
044090041000,84,-68209,69172,8.4
044090043000,20,-68211,69172,2.0
044090044000,59,-68212,69173,5.9
044090046000,114,-68202,69173,11.4
044100001000,6,-68212,69171,0.6
044100002000,65,-68212,69170,6.5
044100004000,49,-68210,69170,4.9
044100005000,2,-68209,69169,0.2
044100007000,88,-68207,69171,8.8
044100008000,14,-68207,69170,1.4
044100009000,10,-68206,69169,1.0
044100010000,15,-68206,69169,1.5
044100013000,90,-68204,69171,9.0
044100014000,60,-68202,69171,6.0
044100015000,20,-68201,69171,2.0
044100016000,94,-68201,69170,9.4
044100017000,49,-68199,69172,4.9
044100018000,22,-68199,69172,2.2
044100019000,106,-68200,69168,10.6
044100020000,35,-68201,69168,3.5
044100022000,17,-68201,69166,1.7
044100023000,14,-68201,69167,1.4
044100024000,117,-68203,69167,11.7
044100025000,50,-68204,69167,5.0
044100026000,9,-68205,69166,0.9
044100027000,23,-68205,69166,2.3
044100028000,46,-68206,69166,4.6
044100029000,62,-68207,69166,6.2
044100030000,54,-68208,69166,5.4
044100031000,35,-68209,69166,3.5
044100032000,32,-68210,69166,3.2
044100034000,94,-68212,69167,9.4
044100035000,7,-68213,69167,0.7
044100036000,29,-68213,69168,2.9
044100037000,123,-68214,69168,12.3
044110001000,109,-68199,69171,10.9
044110002000,58,-68197,69169,5.8
044110003000,110,-68198,69169,11.0
044110004000,14,-68199,69169,1.4
044110005000,61,-68199,69168,6.1
044110007000,51,-68200,69165,5.1
044110008000,145,-68199,69165,14.5
044110009000,138,-68198,69164,13.8
044110010000,63,-68198,69165,6.3
044110011000,18,-68197,69165,1.8
044110012000,128,-68197,69166,12.8
044110013000,13,-68196,69167,1.3
044110014000,98,-68196,69167,9.8
044110015000,44,-68195,69168,4.4
044110016000,36,-68195,69168,3.6
044110017000,25,-68194,69168,2.5
044110018000,57,-68193,69169,5.7
044110019000,17,-68192,69169,1.7
044110020000,49,-68192,69169,4.9
044110021000,111,-68191,69169,11.1
044110022000,108,-68190,69169,10.8
044110023000,13,-68189,69169,1.3
044110024000,45,-68189,69169,4.5
044110025000,6,-68188,69168,0.6
044110026000,25,-68187,69168,2.5
044110027000,62,-68188,69166,6.2
044110028000,113,-68189,69166,11.3
044110029000,24,-68190,69166,2.4
044110030000,66,-68190,69166,6.6
044110031000,38,-68191,69166,3.8
044110032000,56,-68192,69166,5.6
044110033000,3,-68193,69166,0.3
044110035000,17,-68194,69165,1.7
044110036000,8,-68194,69165,0.8
044110037000,17,-68195,69164,1.7
044110038000,41,-68195,69164,4.1
044110039000,60,-68196,69163,6.0
044110040000,91,-68194,69163,9.1
044110041000,10,-68194,69163,1.0
044110042000,30,-68193,69163,3.0
044110043000,49,-68192,69162,4.9
044120001000,70,-68187,69168,7.0
044120002000,135,-68186,69168,13.5
044120003000,40,-68185,69168,4.0
044120004000,38,-68185,69168,3.8
044120005000,11,-68184,69167,1.1
044120006000,72,-68183,69167,7.2
044120010000,34,-68180,69165,3.4
044120011000,7,-68180,69165,0.7
044120012000,73,-68180,69164,7.3
044120013000,23,-68180,69163,2.3
044120014000,9,-68180,69162,0.9
044120015000,6,-68179,69162,0.6
044120016000,63,-68183,69164,6.3
044120019000,82,-68185,69165,8.2
044120020000,6,-68185,69165,0.6
044120021000,92,-68186,69165,9.2
044120022000,40,-68187,69165,4.0
044120023000,9,-68188,69166,0.9
044120029000,15,-68184,69164,1.5
044120030000,10,-68183,69165,1.0
044130001000,22,-68192,69162,2.2
044130002000,92,-68191,69162,9.2
044130003000,13,-68190,69162,1.3
044130004000,34,-68190,69161,3.4
044130005000,138,-68189,69161,13.8
044130006000,58,-68188,69161,5.8
044130007000,5,-68188,69160,0.5
044130008000,84,-68187,69160,8.4
044130009000,46,-68186,69160,4.6
044130010000,57,-68186,69160,5.7
044130011000,60,-68185,69159,6.0
044130012000,54,-68184,69159,5.4
044130013000,35,-68184,69159,3.5
044130014000,127,-68183,69160,12.7
044130015000,102,-68180,69160,10.2
044130016000,65,-68180,69159,6.5
044130017000,47,-68181,69158,4.7
044130019000,63,-68184,69157,6.3
044130020000,13,-68185,69156,1.3
044130021000,5,-68185,69157,0.5
044130022000,89,-68186,69157,8.9
044130025000,44,-68188,69158,4.4
044130026000,54,-68189,69158,5.4
044130027000,50,-68189,69158,5.0
044130028000,16,-68190,69158,1.6
044130029000,41,-68191,69159,4.1
044130030000,63,-68191,69159,6.3
044130031000,76,-68192,69159,7.6
044130032000,3,-68193,69160,0.3
044130033000,76,-68193,69160,7.6
044140004000,6,-68202,69163,0.6
044140005000,56,-68201,69163,5.6
044140006000,10,-68201,69163,1.0
044140007000,19,-68200,69162,1.9
044140009000,10,-68198,69162,1.0
044140010000,43,-68198,69162,4.3
044140011000,37,-68197,69161,3.7
044140012000,3,-68197,69161,0.3
044140013000,103,-68196,69161,10.3
044140014000,23,-68195,69161,2.3
044140015000,16,-68195,69160,1.6
044140016000,120,-68194,69160,12.0
044160001000,81,-68254,69249,8.1
044160002000,108,-68253,69249,10.8
044160003000,40,-68252,69249,4.0
044160004000,53,-68250,69250,5.3
044160005000,52,-68251,69251,5.2
044160006000,54,-68252,69251,5.4
044160007000,12,-68253,69251,1.2
044160008000,16,-68253,69251,1.6
044160009000,51,-68254,69251,5.1
044160010000,93,-68255,69251,9.3
044160012000,13,-68256,69250,1.3
044160013000,33,-68257,69249,3.3
044160014000,12,-68258,69249,1.2
044160015000,16,-68260,69249,1.6
044160016000,70,-68259,69250,7.0
044160017000,42,-68259,69250,4.2
044160018000,95,-68258,69251,9.5
044160019000,37,-68258,69251,3.7
044160020000,69,-68257,69252,6.9
044160021000,4,-68256,69252,0.4
044160022000,70,-68256,69253,7.0
044160023000,101,-68255,69253,10.1
044160024000,12,-68254,69253,1.2
044160025000,59,-68254,69253,5.9
044160026000,112,-68253,69253,11.2
044160027000,106,-68252,69253,10.6
044160028000,38,-68251,69253,3.8
044160029000,18,-68250,69252,1.8
044160030000,64,-68250,69252,6.4
044160031000,1,-68248,69254,0.1
044160032000,24,-68249,69255,2.4
044160033000,100,-68250,69255,10.0
044160034000,34,-68251,69255,3.4
044160035000,45,-68251,69255,4.5
044160036000,62,-68252,69255,6.2
044160037000,24,-68253,69255,2.4
044160038000,5,-68255,69256,0.5
044160039000,55,-68256,69255,5.5
044160040000,51,-68257,69255,5.1
044160041000,26,-68257,69255,2.6
044160042000,116,-68258,69254,11.6
044160043000,28,-68259,69254,2.8
044160044000,94,-68259,69253,9.4
044160045000,58,-68260,69253,5.8
044160046000,67,-68260,69252,6.7
044160047000,88,-68261,69252,8.8
044160048000,39,-68261,69251,3.9
044170001000,100,-68248,69254,10.0
044170002000,4,-68247,69254,0.4
044170003000,8,-68247,69253,0.8
044170004000,57,-68246,69253,5.7
044170005000,49,-68245,69252,4.9
044170006000,61,-68245,69252,6.1
044170007000,86,-68244,69251,8.6
044170008000,49,-68244,69251,4.9
044170009000,94,-68243,69250,9.4
044170010000,17,-68243,69249,1.7
044170011000,39,-68242,69249,3.9
044170012000,106,-68242,69248,10.6
044170013000,20,-68242,69247,2.0
044170014000,91,-68241,69246,9.1
044170015000,23,-68241,69245,2.3
044170016000,2,-68243,69246,0.2
044170017000,15,-68244,69246,1.5
044170018000,89,-68244,69247,8.9
044170019000,34,-68245,69248,3.4
044170020000,44,-68245,69248,4.4
044170021000,7,-68246,69249,0.7
044170022000,1,-68246,69250,0.1
044170023000,28,-68247,69250,2.8
044170024000,0,-68247,69251,0.0
044170025000,81,-68248,69251,8.1
044170026000,29,-68248,69251,2.9
044170027000,72,-68249,69252,7.2
044170028000,14,-68249,69250,1.4
044170029000,19,-68249,69249,1.9
044170031000,26,-68248,69248,2.6
044170033000,1,-68247,69247,0.1
044170034000,10,-68246,69247,1.0
044170035000,33,-68246,69246,3.3
044170036000,67,-68249,69246,6.7
044170037000,24,-68250,69247,2.4
044170038000,82,-68250,69247,8.2
044170039000,52,-68251,69248,5.2
044170040000,35,-68251,69248,3.5
044180001000,36,-68259,69248,3.6
044180002000,12,-68258,69248,1.2
044180003000,100,-68257,69247,10.0
044180006000,32,-68255,69245,3.2
044180007000,8,-68255,69245,0.8
044180008000,94,-68254,69244,9.4
044180009000,33,-68254,69244,3.3
044180010000,77,-68253,69243,7.7
044180011000,10,-68252,69243,1.0
044180012000,82,-68252,69242,8.2
044180015000,64,-68251,69240,6.4
044180016000,80,-68249,69242,8.0
044180017000,119,-68249,69243,11.9
044180018000,1,-68250,69244,0.1
044180019000,60,-68250,69244,6.0
044180020000,25,-68251,69245,2.5
044180021000,28,-68251,69245,2.8
044180022000,98,-68252,69246,9.8
044180023000,11,-68252,69246,1.1
044180024000,32,-68253,69247,3.2
044180025000,103,-68254,69247,10.3
044180027000,30,-68249,69246,3.0
044180028000,92,-68248,69245,9.2
044180029000,30,-68248,69245,3.0
044180030000,27,-68247,69244,2.7
044180031000,52,-68247,69243,5.2
044190001000,22,-68251,69240,2.2
044190002000,105,-68251,69239,10.5
044190004000,67,-68248,69238,6.7
044190005000,79,-68248,69239,7.9
044190006000,62,-68248,69240,6.2
044190007000,18,-68248,69241,1.8
044190008000,15,-68249,69241,1.5
044190009000,45,-68247,69243,4.5
044190010000,56,-68247,69242,5.6
044190011000,12,-68247,69241,1.2
044190012000,11,-68246,69241,1.1
044190014000,60,-68246,69239,6.0
044190015000,31,-68246,69238,3.1
044190017000,73,-68243,69237,7.3
044190018000,31,-68243,69238,3.1
044190019000,9,-68244,69238,0.9
044190020000,49,-68244,69239,4.9
044190021000,89,-68244,69240,8.9
044190022000,41,-68244,69241,4.1
044190023000,34,-68244,69241,3.4
044190024000,93,-68244,69242,9.3
044190025000,37,-68244,69243,3.7
044190026000,37,-68245,69244,3.7
044190027000,38,-68245,69244,3.8
044190028000,92,-68245,69245,9.2
044190029000,91,-68243,69245,9.1
044190030000,40,-68243,69244,4.0
044190031000,48,-68243,69244,4.8
044190032000,20,-68243,69243,2.0
044190033000,32,-68242,69242,3.2
044190034000,21,-68242,69241,2.1
044190035000,63,-68242,69241,6.3
044190036000,116,-68242,69240,11.6
044190037000,55,-68242,69239,5.5
044190038000,19,-68242,69239,1.9
044190039000,29,-68241,69238,2.9
044190040000,78,-68241,69237,7.8
044190041000,9,-68241,69237,0.9
044190042000,9,-68238,69237,0.9
044190043000,43,-68239,69237,4.3
044190044000,96,-68239,69238,9.6
044190045000,70,-68239,69239,7.0
044190046000,22,-68239,69239,2.2
044190047000,46,-68239,69240,4.6
044190048000,6,-68240,69241,0.6
044190049000,1,-68240,69242,0.1
044190051000,117,-68240,69243,11.7
044190052000,25,-68240,69244,2.5
044190053000,32,-68240,69244,3.2
044200002000,23,-68251,69237,2.3
044200003000,35,-68252,69236,3.5
044200004000,56,-68252,69235,5.6
044200005000,7,-68252,69235,0.7
044200006000,47,-68249,69234,4.7
044200007000,85,-68248,69232,8.5
044200008000,2,-68247,69233,0.2
044200009000,30,-68246,69233,3.0
044200011000,49,-68249,69235,4.9
044200012000,22,-68249,69236,2.2
044200013000,4,-68248,69236,0.4
044200014000,40,-68248,69237,4.0
044200015000,120,-68246,69237,12.0
044200016000,74,-68246,69236,7.4
044200018000,98,-68246,69235,9.8
044200019000,79,-68246,69234,7.9
044200022000,70,-68243,69234,7.0
044200023000,34,-68243,69235,3.4
044200024000,39,-68243,69235,3.9
044200025000,107,-68243,69236,10.7
044200026000,100,-68241,69236,10.0
044200027000,64,-68241,69235,6.4
044200028000,16,-68241,69234,1.6
044200029000,3,-68241,69234,0.3
044200031000,121,-68238,69235,12.1
044200032000,106,-68238,69234,10.6
044200033000,38,-68238,69233,3.8
044200034000,72,-68239,69232,7.2
044200035000,19,-68239,69232,1.9
044200036000,39,-68240,69231,3.9
044200037000,64,-68241,69231,6.4
044200038000,109,-68242,69231,10.9
044200039000,103,-68243,69231,10.3
044200040000,20,-68244,69231,2.0
044210001000,57,-68252,69234,5.7
044210002000,15,-68253,69233,1.5
044210003000,54,-68253,69232,5.4
044210004000,22,-68253,69231,2.2
044210005000,68,-68252,69230,6.8
044210006000,125,-68252,69228,12.5
044210007000,35,-68251,69228,3.5
044210008000,21,-68251,69228,2.1
044210009000,56,-68250,69229,5.6
044210010000,30,-68249,69229,3.0
044210011000,72,-68249,69229,7.2
044210013000,25,-68247,69230,2.5
044210014000,77,-68247,69230,7.7
044210017000,9,-68245,69230,0.9
044210019000,39,-68249,69232,3.9
044210020000,18,-68249,69232,1.8
044210022000,132,-68250,69233,13.2
044220001000,2,-68288,69224,0.2
044220002000,83,-68288,69223,8.3
044220003000,43,-68288,69222,4.3
044220004000,41,-68288,69222,4.1
044220005000,7,-68287,69221,0.7
044220006000,55,-68286,69222,5.5
044220007000,29,-68286,69222,2.9
044220009000,16,-68285,69224,1.6
044220010000,19,-68285,69225,1.9
044220011000,65,-68285,69225,6.5
044220012000,75,-68282,69226,7.5
044220013000,87,-68282,69225,8.7
044220014000,5,-68282,69224,0.5
044220015000,1,-68283,69224,0.1
044220016000,92,-68283,69223,9.2
044220017000,71,-68283,69222,7.1
044220019000,69,-68284,69221,6.9
044220020000,139,-68284,69220,13.9
044220021000,32,-68282,69219,3.2
044220022000,123,-68282,69220,12.3
044220023000,85,-68282,69221,8.5
044220024000,8,-68282,69221,0.8
044220025000,57,-68281,69222,5.7
044220026000,109,-68281,69223,10.9
044220027000,44,-68281,69224,4.4
044220028000,42,-68281,69225,4.2
044220029000,3,-68279,69226,0.3
044220030000,4,-68278,69224,0.4
044220031000,3,-68278,69224,0.3
044220032000,8,-68279,69223,0.8
044220033000,92,-68279,69222,9.2
044220034000,80,-68279,69221,8.0
044220035000,18,-68279,69221,1.8
044220036000,18,-68280,69220,1.8
044220037000,86,-68280,69219,8.6
044220038000,13,-68280,69219,1.3
044230004000,24,-68293,69216,2.4
044230006000,40,-68293,69218,4.0
044230007000,43,-68293,69219,4.3
044230008000,46,-68293,69220,4.6
044230009000,48,-68293,69221,4.8
044230010000,22,-68293,69222,2.2
044230012000,59,-68292,69224,5.9
044230013000,125,-68290,69224,12.5
044230014000,38,-68290,69223,3.8
044230015000,49,-68291,69222,4.9
044230016000,10,-68291,69221,1.0
044230017000,25,-68291,69221,2.5
044230018000,1,-68292,69219,0.1
044230019000,14,-68292,69218,1.4
044230020000,82,-68291,69217,8.2
044230021000,52,-68289,69218,5.2
044230022000,51,-68289,69219,5.1
044230024000,91,-68289,69220,9.1
044230025000,25,-68289,69221,2.5
044240001000,12,-68292,69215,1.2
044240002000,10,-68292,69215,1.0
044240004000,34,-68289,69213,3.4
044240006000,18,-68289,69215,1.8
044240007000,38,-68290,69215,3.8
044240008000,79,-68291,69216,7.9
044240009000,40,-68288,69217,4.0
044240010000,15,-68288,69217,1.5
044240011000,13,-68288,69218,1.3
044240015000,50,-68284,69219,5.0
044240016000,18,-68285,69219,1.8
044240017000,97,-68285,69218,9.7
044240018000,81,-68285,69217,8.1
044240019000,4,-68285,69217,0.4
044240020000,29,-68286,69216,2.9
044240021000,94,-68286,69215,9.4
044240022000,104,-68286,69214,10.4
044240023000,10,-68284,69214,1.0
044240024000,116,-68284,69215,11.6
044240025000,40,-68284,69216,4.0
044240026000,27,-68283,69217,2.7
044240027000,63,-68283,69217,6.3
044240029000,31,-68283,69219,3.1
044240030000,56,-68280,69218,5.6
044240031000,19,-68281,69217,1.9
044240032000,7,-68281,69217,0.7
044240034000,55,-68281,69215,5.5
044240035000,7,-68282,69214,0.7
044240036000,60,-68282,69214,6.0
044240037000,61,-68283,69213,6.1
044240038000,5,-68283,69212,0.5
044240039000,20,-68284,69212,2.0
044240040000,14,-68285,69212,1.4
044240041000,16,-68287,69212,1.6
044250001000,30,-68294,69209,3.0
044250002000,20,-68294,69210,2.0
044250012000,106,-68292,69209,10.6
044250013000,105,-68291,69209,10.5
044250014000,55,-68290,69209,5.5
044250015000,26,-68290,69209,2.6
044250016000,104,-68289,69209,10.4
044250017000,114,-68288,69209,11.4
044250019000,49,-68289,69211,4.9
044260002000,4,-68287,69209,0.4
044260003000,42,-68286,69210,4.2
044260004000,90,-68285,69210,9.0
044260005000,87,-68284,69210,8.7
044260006000,23,-68283,69210,2.3
044260007000,71,-68282,69209,7.1
044260008000,17,-68282,69208,1.7
044260009000,5,-68281,69207,0.5
044260011000,117,-68280,69206,11.7
044260012000,11,-68279,69205,1.1
044260013000,51,-68279,69205,5.1
044260014000,21,-68281,69203,2.1
044260015000,82,-68282,69204,8.2
044260016000,6,-68282,69205,0.6
044260017000,118,-68283,69206,11.8
044260018000,44,-68283,69207,4.4
044260019000,38,-68284,69208,3.8
044260020000,39,-68286,69207,3.9
044260021000,34,-68285,69206,3.4
044260022000,23,-68285,69206,2.3
044260023000,27,-68284,69205,2.7
044260024000,121,-68284,69204,12.1
044260025000,1,-68283,69203,0.1
044260026000,74,-68283,69203,7.4
044270002000,46,-68294,69208,4.6
044270003000,57,-68294,69207,5.7
044270004000,10,-68295,69206,1.0
044270005000,76,-68295,69205,7.6
044270006000,113,-68295,69204,11.3
044270007000,67,-68295,69203,6.7
044270008000,20,-68295,69202,2.0
044270009000,28,-68296,69202,2.8
044270010000,65,-68296,69201,6.5
044270011000,42,-68294,69202,4.2
044270012000,106,-68293,69202,10.6
044270013000,73,-68292,69202,7.3
044270014000,0,-68292,69202,0.0
044270016000,39,-68290,69201,3.9
044270017000,96,-68290,69200,9.6
044270018000,19,-68289,69200,1.9
044270019000,118,-68289,69199,11.8
044270020000,23,-68288,69198,2.3
044270021000,87,-68286,69200,8.7
044270023000,26,-68287,69201,2.6
044270025000,38,-68288,69202,3.8
044270026000,109,-68289,69203,10.9
044270028000,30,-68290,69204,3.0
044270029000,62,-68291,69204,6.2
044270030000,21,-68292,69204,2.1
044270031000,30,-68293,69205,3.0
044270032000,0,-68293,69207,0.0
044270033000,36,-68292,69206,3.6
044270034000,69,-68291,69206,6.9
044270035000,83,-68290,69206,8.3
044270036000,114,-68289,69206,11.4
044270038000,20,-68288,69205,2.0
044270039000,77,-68287,69204,7.7
044270040000,4,-68287,69204,0.4
044270041000,42,-68286,69203,4.2
044270042000,95,-68286,69202,9.5
044270044000,145,-68285,69201,14.5
044270045000,19,-68284,69200,1.9
044280001000,36,-68287,69198,3.6
044280002000,4,-68287,69198,0.4
044280003000,16,-68286,69198,1.6
044280004000,21,-68285,69198,2.1
044280005000,32,-68284,69198,3.2
044280008000,25,-68281,69198,2.5
044280009000,61,-68281,69197,6.1
044280011000,1,-68279,69196,0.1
044280012000,64,-68279,69196,6.4
044280013000,138,-68278,69196,13.8
044280015000,102,-68276,69198,10.2
044280016000,15,-68277,69198,1.5
044280017000,17,-68277,69199,1.7
044280018000,109,-68278,69199,10.9
044280019000,42,-68279,69199,4.2
044280020000,24,-68279,69200,2.4
044280021000,113,-68280,69200,11.3
044280022000,9,-68280,69200,0.9
044280023000,72,-68281,69201,7.2
044280024000,30,-68282,69201,3.0
044280025000,58,-68282,69202,5.8
044280026000,29,-68283,69202,2.9
044280027000,36,-68281,69203,3.6
044280028000,72,-68280,69202,7.2
044280030000,42,-68279,69201,4.2
044280031000,127,-68278,69201,12.7
044280032000,15,-68277,69201,1.5
044280033000,1,-68277,69200,0.1
044280034000,85,-68276,69200,8.5
044280035000,103,-68275,69200,10.3
044280036000,26,-68274,69200,2.6
044280037000,69,-68274,69202,6.9
044280038000,28,-68274,69202,2.8
044280039000,24,-68275,69202,2.4
044280040000,55,-68276,69203,5.5
044280041000,2,-68277,69203,0.2
044280043000,77,-68278,69204,7.7
044280044000,44,-68278,69204,4.4
044290001000,101,-68273,69202,10.1
044290002000,37,-68272,69202,3.7
044290003000,16,-68272,69201,1.6
044290004000,75,-68271,69201,7.5
044290007000,77,-68269,69201,7.7
044290008000,53,-68268,69201,5.3
044290009000,23,-68267,69201,2.3
044290010000,30,-68267,69201,3.0
044290011000,48,-68266,69201,4.8
044290012000,4,-68265,69200,0.4
044290013000,140,-68264,69200,14.0
044290014000,57,-68263,69199,5.7
044290015000,3,-68263,69199,0.3
044290016000,15,-68263,69198,1.5
044290017000,55,-68262,69197,5.5
044290018000,124,-68265,69198,12.4
044290019000,79,-68266,69198,7.9
044290020000,17,-68267,69198,1.7
044290021000,65,-68267,69198,6.5
044290022000,85,-68268,69198,8.5
044290023000,74,-68269,69198,7.4
044290024000,19,-68270,69198,1.9
044290025000,14,-68270,69198,1.4
044290026000,50,-68271,69199,5.0
044290027000,61,-68272,69199,6.1
044290028000,35,-68272,69199,3.5
044290029000,72,-68273,69199,7.2
044290030000,14,-68274,69199,1.4
044290031000,4,-68274,69198,0.4
044290032000,16,-68274,69198,1.6
044290033000,42,-68273,69197,4.2
044290034000,13,-68272,69197,1.3
044290035000,84,-68272,69197,8.4
044290036000,84,-68271,69197,8.4
044290037000,18,-68270,69197,1.8
044290039000,33,-68269,69196,3.3
044290040000,32,-68268,69196,3.2
044290041000,44,-68267,69196,4.4
044290043000,28,-68266,69196,2.8
044290044000,0,-68265,69197,0.0
044290045000,47,-68264,69197,4.7
044290046000,66,-68264,69193,6.6
044290047000,58,-68264,69194,5.8
044290048000,84,-68265,69194,8.4
044290049000,50,-68266,69194,5.0
044290050000,42,-68267,69194,4.2
044290051000,31,-68267,69194,3.1
044290052000,40,-68268,69194,4.0
044290053000,46,-68269,69194,4.6
044290054000,45,-68270,69194,4.5
044290055000,34,-68270,69194,3.4
044290056000,117,-68271,69194,11.7
044290057000,99,-68272,69194,9.9
044290058000,7,-68273,69194,0.7
044290059000,23,-68273,69195,2.3
044290060000,82,-68274,69195,8.2
044290061000,17,-68275,69195,1.7
044290064000,16,-68277,69196,1.6
044290065000,64,-68277,69196,6.4
044300001000,62,-68260,69198,6.2
044300002000,2,-68261,69199,0.2
044300003000,52,-68261,69199,5.2
044300004000,72,-68261,69200,7.2
044300005000,57,-68261,69201,5.7
044300007000,80,-68260,69202,8.0
044300008000,20,-68259,69203,2.0
044300009000,10,-68259,69203,1.0
044300010000,21,-68258,69203,2.1
044300011000,57,-68257,69204,5.7
044300012000,3,-68256,69204,0.3
044300013000,88,-68256,69204,8.8
044300014000,10,-68255,69204,1.0
044300015000,3,-68255,69205,0.3
044300017000,86,-68253,69203,8.6
044300018000,4,-68254,69203,0.4
044300019000,64,-68254,69202,6.4
044300020000,140,-68255,69202,14.0
044300021000,57,-68256,69202,5.7
044300022000,20,-68256,69201,2.0
044300023000,106,-68257,69201,10.6
044300024000,108,-68258,69201,10.8
044300025000,45,-68259,69200,4.5
044300026000,27,-68259,69199,2.7
044300027000,94,-68258,69199,9.4
044300028000,38,-68257,69199,3.8
044300029000,51,-68256,69200,5.1
044300030000,15,-68256,69200,1.5
044300031000,71,-68255,69200,7.1
044300032000,18,-68254,69201,1.8
044300033000,64,-68253,69201,6.4
044300034000,9,-68253,69201,0.9
044300035000,16,-68252,69201,1.6
044300036000,12,-68251,69199,1.2
044300037000,90,-68251,69199,9.0
044300038000,35,-68252,69199,3.5
044300039000,7,-68253,69198,0.7
044300040000,95,-68253,69198,9.5
044310001000,14,-68263,69192,1.4
044310002000,9,-68262,69192,0.9
044310003000,37,-68261,69194,3.7
044310004000,9,-68262,69194,0.9
044310005000,52,-68262,69195,5.2
044310008000,81,-68259,69196,8.1
044310009000,11,-68258,69196,1.1
044310010000,64,-68258,69196,6.4
044310011000,14,-68257,69197,1.4
044310012000,5,-68256,69197,0.5
044310013000,97,-68256,69197,9.7
044310016000,102,-68254,69198,10.2
044320001000,77,-68253,69205,7.7
044320002000,1,-68253,69206,0.1
044320003000,79,-68252,69206,7.9
044320004000,87,-68251,69206,8.7
044320005000,25,-68250,69206,2.5
044320006000,16,-68249,69207,1.6
044320007000,56,-68248,69206,5.6
044320008000,66,-68247,69206,6.6
044320009000,32,-68247,69205,3.2
044320010000,56,-68246,69204,5.6
044320011000,121,-68246,69203,12.1
044320012000,91,-68249,69204,9.1
044320013000,114,-68250,69204,11.4
044320014000,32,-68251,69204,3.2
044320015000,22,-68251,69203,2.2
044320017000,73,-68251,69202,7.3
044320018000,70,-68250,69202,7.0
044320019000,4,-68250,69202,0.4
044320021000,118,-68248,69203,11.8
044320022000,31,-68250,69199,3.1
044320023000,46,-68249,69200,4.6
044320024000,7,-68249,69200,0.7
044320025000,83,-68248,69200,8.3
044320026000,5,-68247,69200,0.5
044320027000,50,-68246,69201,5.0
044320029000,119,-68245,69201,11.9
044320030000,94,-68244,69201,9.4
044320031000,58,-68244,69203,5.8
044320033000,1,-68245,69205,0.1
044320034000,56,-68244,69206,5.6
044320035000,105,-68254,69205,10.5
044330001000,52,-68242,69203,5.2
044330002000,76,-68242,69204,7.6
044330003000,116,-68242,69205,11.6
044330005000,87,-68240,69204,8.7
044330006000,31,-68239,69204,3.1
044330007000,8,-68239,69204,0.8
044330008000,50,-68238,69203,5.0
044330009000,79,-68237,69203,7.9
044330010000,10,-68237,69203,1.0
044330011000,20,-68236,69203,2.0
044330012000,74,-68235,69202,7.4
044330013000,1,-68235,69202,0.1
044330016000,18,-68236,69200,1.8
044330017000,57,-68237,69200,5.7
044330019000,9,-68238,69200,0.9
044330020000,65,-68239,69201,6.5
044330021000,64,-68240,69201,6.4
044330022000,22,-68240,69201,2.2
044330024000,48,-68241,69201,4.8
044330025000,128,-68242,69201,12.8
044330026000,79,-68243,69201,7.9
044330027000,7,-68243,69201,0.7
044360001000,3,-68295,69199,0.3
044360002000,20,-68295,69198,2.0
044360003000,110,-68294,69198,11.0
044360004000,91,-68293,69198,9.1
044360005000,7,-68293,69198,0.7
044360006000,0,-68292,69198,0.0
044360007000,63,-68291,69197,6.3
044360008000,3,-68291,69197,0.3
044360009000,95,-68290,69197,9.5
044360010000,32,-68289,69197,3.2
044360011000,20,-68288,69196,2.0
044360012000,11,-68288,69196,1.1
044360015000,67,-68285,69196,6.7
044360017000,94,-68296,69196,9.4
044360019000,34,-68295,69196,3.4
044360021000,23,-68293,69195,2.3
044360022000,75,-68293,69195,7.5
044360023000,84,-68292,69195,8.4
044360024000,21,-68291,69195,2.1
044360025000,42,-68291,69194,4.2
044360026000,117,-68290,69194,11.7
044360027000,80,-68289,69194,8.0
044360028000,20,-68288,69194,2.0
044360029000,49,-68288,69194,4.9
044360030000,116,-68287,69194,11.6
044360031000,60,-68286,69194,6.0
044360032000,29,-68286,69193,2.9
044360033000,94,-68285,69193,9.4
044370001000,57,-68295,69192,5.7
044370002000,30,-68294,69191,3.0
044370003000,45,-68294,69190,4.5
044370004000,77,-68293,69190,7.7
044370005000,13,-68293,69189,1.3
044370006000,51,-68292,69189,5.1
044370007000,61,-68291,69188,6.1
044370008000,45,-68291,69188,4.5
044370009000,88,-68290,69187,8.8
044370010000,73,-68289,69187,7.3
044370011000,8,-68289,69186,0.8
044370012000,63,-68298,69192,6.3
044370013000,16,-68298,69191,1.6
044370014000,20,-68297,69191,2.0
044370015000,72,-68297,69190,7.2
044370026000,60,-68288,69183,6.0
044370027000,2,-68287,69182,0.2
044380001000,45,-68283,69195,4.5
044380002000,7,-68282,69194,0.7
044380003000,61,-68282,69194,6.1
044380005000,7,-68280,69194,0.7
044380006000,5,-68279,69194,0.5
044380007000,10,-68279,69193,1.0
044380009000,83,-68277,69193,8.3
044380010000,14,-68277,69193,1.4
044380011000,61,-68276,69193,6.1
044380012000,4,-68275,69193,0.4
044380013000,3,-68275,69192,0.3
044380014000,99,-68274,69192,9.9
044380015000,104,-68273,69192,10.4
044380016000,8,-68272,69192,0.8
044380017000,19,-68272,69192,1.9
044380018000,38,-68271,69191,3.8
044380019000,66,-68284,69192,6.6
044380020000,28,-68283,69192,2.8
044380021000,51,-68282,69191,5.1
044380022000,66,-68281,69191,6.6
044380023000,122,-68280,69191,12.2
044380024000,100,-68279,69191,10.0
044380026000,18,-68278,69191,1.8
044380028000,128,-68275,69190,12.8
044380029000,6,-68274,69190,0.6
044380030000,10,-68273,69189,1.0
044380031000,79,-68273,69189,7.9
044380033000,28,-68271,69189,2.8
044390001000,22,-68276,69186,2.2
044390002000,115,-68275,69185,11.5
044390005000,93,-68273,69183,9.3
044390006000,69,-68274,69181,6.9
044390008000,58,-68275,69182,5.8
044390009000,127,-68276,69182,12.7
044390011000,6,-68278,69183,0.6
044390012000,36,-68278,69183,3.6
044390013000,106,-68279,69183,10.6
044390014000,76,-68280,69183,7.6
044390015000,4,-68281,69183,0.4
044390016000,15,-68281,69184,1.5
044390017000,84,-68282,69184,8.4
044390019000,13,-68284,69184,1.3
044390020000,7,-68286,69182,0.7
044390021000,82,-68286,69182,8.2
044390022000,123,-68285,69182,12.3
044390023000,28,-68284,69182,2.8
044390024000,29,-68284,69182,2.9
044390025000,30,-68283,69181,3.0
044390026000,37,-68282,69181,3.7
044390028000,78,-68281,69181,7.8
044390032000,46,-68278,69180,4.6
044390033000,52,-68278,69180,5.2
044390034000,5,-68277,69179,0.5
044390035000,51,-68276,69179,5.1
044390036000,46,-68276,69179,4.6
044390037000,100,-68275,69179,10.0
044390038000,37,-68274,69179,3.7
044390041000,2,-68280,69180,0.2
044400001000,20,-68262,69191,2.0
044400002000,22,-68261,69191,2.2
044400003000,25,-68260,69191,2.5
044400004000,53,-68259,69191,5.3
044400005000,98,-68258,69191,9.8
044400006000,20,-68257,69191,2.0
044400007000,21,-68257,69189,2.1
044400010000,5,-68260,69189,0.5
044400012000,38,-68261,69189,3.8
044400013000,115,-68262,69189,11.5
044400014000,94,-68263,69189,9.4
044400015000,3,-68264,69189,0.3
044400016000,77,-68264,69189,7.7
044400017000,37,-68265,69189,3.7
044400018000,17,-68266,69190,1.7
044400019000,44,-68266,69190,4.4
044400020000,132,-68267,69190,13.2
044400021000,55,-68268,69190,5.5
044400022000,6,-68268,69191,0.6
044400023000,74,-68269,69191,7.4
044400024000,65,-68270,69191,6.5
044400026000,29,-68271,69189,2.9
044400027000,50,-68270,69188,5.0
044400028000,78,-68269,69188,7.8
044400029000,3,-68268,69188,0.3
044400030000,57,-68268,69188,5.7
044400031000,12,-68267,69187,1.2
044400032000,96,-68266,69187,9.6
044400033000,127,-68265,69187,12.7
044400034000,80,-68264,69187,8.0
044400035000,9,-68263,69187,0.9
044400036000,4,-68263,69186,0.4
044400038000,39,-68261,69186,3.9
044400039000,48,-68261,69186,4.8
044400040000,120,-68260,69186,12.0
044400041000,121,-68259,69186,12.1
044400042000,54,-68258,69186,5.4
044410001000,34,-68272,69186,3.4
044410002000,12,-68272,69185,1.2
044410003000,88,-68271,69185,8.8
044410004000,43,-68270,69185,4.3
044410006000,44,-68269,69184,4.4
044410007000,125,-68268,69184,12.5
044410008000,93,-68267,69184,9.3
044410009000,11,-68266,69184,1.1
044410010000,6,-68266,69183,0.6
044410011000,62,-68265,69183,6.2
044410012000,30,-68264,69183,3.0
044410013000,66,-68264,69183,6.6
044410015000,13,-68262,69183,1.3
044410016000,43,-68262,69182,4.3
044410017000,99,-68261,69182,9.9
044410018000,53,-68260,69182,5.3
044410019000,2,-68261,69180,0.2
044410020000,35,-68261,69180,3.5
044410021000,72,-68262,69180,7.2
044410022000,81,-68263,69180,8.1
044410023000,11,-68264,69180,1.1
044410024000,59,-68265,69181,5.9
044410025000,78,-68266,69181,7.8
044410026000,41,-68267,69181,4.1
044410027000,3,-68268,69181,0.3
044410029000,71,-68269,69182,7.1
044410030000,109,-68270,69182,10.9
044410031000,47,-68271,69182,4.7
044410032000,60,-68272,69183,6.0
044410033000,133,-68273,69181,13.3
044410036000,32,-68271,69180,3.2
044410044000,43,-68262,69176,4.3
044410046000,64,-68263,69176,6.4
044410047000,110,-68264,69176,11.0
044410048000,47,-68265,69176,4.7
044410049000,12,-68265,69176,1.2
044410051000,30,-68267,69177,3.0
044410052000,116,-68268,69177,11.6
044410053000,67,-68269,69177,6.7
044410054000,13,-68269,69177,1.3
044410055000,31,-68270,69178,3.1
044410056000,80,-68271,69178,8.0
044410057000,4,-68272,69178,0.4
044410060000,21,-68274,69178,2.1
044420001000,46,-68248,69198,4.6
044420002000,32,-68249,69197,3.2
044420003000,2,-68250,69197,0.2
044420004000,100,-68250,69197,10.0
044420005000,35,-68251,69197,3.5
044420006000,4,-68251,69196,0.4
044420007000,106,-68252,69196,10.6
044420008000,92,-68253,69196,9.2
044420009000,10,-68253,69196,1.0
044420010000,54,-68254,69195,5.4
044420011000,86,-68255,69195,8.6
044420012000,16,-68255,69195,1.6
044420013000,13,-68256,69195,1.3
044420014000,64,-68257,69194,6.4
044420015000,22,-68257,69194,2.2
044420016000,80,-68258,69194,8.0
044420017000,5,-68259,69193,0.5
044420018000,17,-68260,69193,1.7
044420019000,27,-68260,69193,2.7
044420020000,34,-68257,69192,3.4
044420021000,122,-68256,69192,12.2
044420022000,69,-68255,69192,6.9
044420024000,13,-68252,69193,1.3
044420025000,22,-68252,69194,2.2
044420026000,126,-68251,69194,12.6
044420027000,77,-68250,69194,7.7
044420029000,80,-68249,69193,8.0
044420030000,50,-68250,69192,5.0
044420031000,67,-68251,69192,6.7
044420032000,18,-68252,69192,1.8
044420033000,49,-68253,69192,4.9
044420034000,9,-68248,69193,0.9
044420035000,45,-68247,69192,4.5
044420036000,24,-68250,69191,2.4
044420037000,82,-68249,69191,8.2
044420038000,4,-68248,69190,0.4
044420039000,11,-68248,69190,1.1
044430001000,31,-68254,69190,3.1
044430003000,33,-68253,69189,3.3
044430004000,111,-68252,69189,11.1
044430005000,52,-68251,69189,5.2
044430006000,31,-68251,69189,3.1
044430007000,6,-68250,69188,0.6
044430008000,70,-68249,69188,7.0
044430009000,21,-68248,69188,2.1
044430010000,62,-68248,69188,6.2
044430011000,37,-68247,69188,3.7
044430012000,27,-68246,69187,2.7
044430013000,11,-68246,69187,1.1
044430014000,94,-68245,69187,9.4
044430016000,100,-68246,69184,10.0
044430017000,10,-68247,69184,1.0
044430018000,33,-68248,69185,3.3
044430019000,43,-68248,69185,4.3
044430020000,69,-68249,69185,6.9
044430021000,9,-68250,69186,0.9
044430022000,25,-68250,69186,2.5
044430023000,123,-68251,69186,12.3
044430024000,19,-68252,69186,1.9
044430025000,67,-68252,69187,6.7
044430026000,80,-68253,69187,8.0
044430028000,14,-68254,69188,1.4
044430029000,9,-68256,69188,0.9
044430030000,31,-68257,69189,3.1
044430031000,28,-68258,69186,2.8
044430032000,109,-68257,69186,10.9
044430033000,110,-68256,69186,11.0
044430034000,24,-68255,69186,2.4
044430035000,37,-68254,69185,3.7
044430036000,55,-68254,69185,5.5
044430037000,78,-68253,69184,7.8
044430038000,7,-68253,69184,0.7
044430040000,64,-68251,69183,6.4
044430041000,57,-68250,69183,5.7
044430042000,30,-68250,69183,3.0
044430043000,40,-68249,69183,4.0
044430044000,16,-68248,69182,1.6
044430045000,16,-68247,69182,1.6
044440001000,43,-68260,69182,4.3
044440002000,33,-68259,69182,3.3
044440003000,23,-68258,69181,2.3
044440004000,32,-68258,69181,3.2
044440005000,128,-68257,69181,12.8
044440006000,76,-68256,69181,7.6
044440007000,21,-68256,69181,2.1
044440008000,4,-68255,69180,0.4
044440009000,60,-68254,69180,6.0
044440010000,9,-68254,69180,0.9
044440011000,106,-68253,69180,10.6
044440012000,72,-68252,69180,7.2
044440013000,2,-68251,69180,0.2
044440014000,41,-68251,69179,4.1
044440017000,81,-68249,69179,8.1
044440018000,29,-68248,69178,2.9
044440019000,20,-68248,69177,2.0
044440021000,5,-68248,69175,0.5
044440022000,20,-68248,69175,2.0
044440024000,77,-68259,69179,7.7
044440025000,106,-68258,69179,10.6
044440026000,37,-68257,69179,3.7
044440027000,29,-68256,69178,2.9
044440028000,60,-68255,69178,6.0
044440029000,23,-68254,69178,2.3
044440030000,14,-68254,69178,1.4
044440031000,5,-68253,69177,0.5
044440032000,73,-68252,69177,7.3
044440033000,99,-68251,69177,9.9
044440034000,16,-68250,69176,1.6
044440035000,75,-68250,69175,7.5
044440036000,10,-68251,69176,1.0
044440038000,148,-68253,69176,14.8
044440040000,26,-68255,69176,2.6
044440041000,35,-68256,69177,3.5
044440042000,19,-68257,69177,1.9
044440043000,17,-68257,69177,1.7
044440044000,57,-68258,69177,5.7
044440045000,20,-68259,69177,2.0
044440046000,45,-68260,69178,4.5
044440050000,10,-68258,69175,1.0
044440052000,4,-68257,69175,0.4
044440053000,35,-68256,69174,3.5
044440057000,38,-68254,69174,3.8
044440060000,94,-68251,69173,9.4
044440062000,61,-68249,69173,6.1
044440063000,6,-68248,69172,0.6
044450001000,10,-68247,69198,1.0
044450002000,66,-68247,69198,6.6
044450003000,16,-68246,69198,1.6
044450004000,27,-68245,69199,2.7
044450005000,0,-68245,69199,0.0
044450006000,75,-68244,69199,7.5
044450007000,108,-68243,69199,10.8
044450008000,77,-68242,69199,7.7
044450009000,4,-68241,69199,0.4
044450010000,70,-68241,69199,7.0
044450011000,33,-68240,69199,3.3
044450012000,28,-68239,69198,2.8
044450013000,10,-68238,69198,1.0
044450014000,69,-68238,69198,6.9
044450015000,51,-68237,69197,5.1
044450016000,37,-68236,69197,3.7
044450017000,87,-68236,69196,8.7
044450018000,23,-68235,69195,2.3
044450019000,9,-68235,69195,0.9
044450022000,62,-68237,69192,6.2
044450023000,5,-68237,69193,0.5
044450024000,65,-68238,69194,6.5
044450025000,46,-68238,69194,4.6
044450026000,27,-68239,69195,2.7
044450027000,14,-68239,69195,1.4
044450028000,63,-68240,69196,6.3
044450029000,24,-68240,69196,2.4
044450030000,105,-68241,69196,10.5
044450031000,108,-68242,69196,10.8
044450032000,30,-68243,69196,3.0
044450033000,50,-68243,69196,5.0
044450034000,87,-68244,69196,8.7
044450035000,108,-68245,69196,10.8
044450036000,57,-68246,69196,5.7
044450037000,22,-68246,69196,2.2
044450039000,47,-68246,69194,4.7
044450040000,51,-68245,69194,5.1
044450041000,12,-68245,69194,1.2
044450044000,26,-68242,69194,2.6
044460001000,27,-68246,69192,2.7
044460002000,6,-68246,69192,0.6
044460003000,58,-68245,69191,5.8
044460004000,105,-68244,69191,10.5
044460005000,22,-68243,69191,2.2
044460006000,46,-68243,69191,4.6
044460007000,105,-68242,69190,10.5
044460008000,81,-68242,69189,8.1
044460009000,95,-68243,69189,9.5
044460010000,88,-68244,69189,8.8
044460011000,24,-68245,69189,2.4
044460012000,40,-68245,69190,4.0
044460013000,104,-68246,69190,10.4
044460014000,94,-68247,69190,9.4
044460015000,74,-68244,69187,7.4
044460016000,5,-68243,69187,0.5
044460017000,38,-68242,69187,3.8
044460018000,112,-68241,69187,11.2
044460021000,28,-68240,69190,2.8
044460023000,26,-68237,69191,2.6
044460024000,5,-68238,69191,0.5
044460025000,54,-68238,69190,5.4
044460026000,114,-68238,69189,11.4
044460028000,129,-68238,69187,12.9
044460029000,11,-68237,69186,1.1
044460030000,47,-68236,69188,4.7
044460031000,68,-68235,69189,6.8
044460032000,24,-68235,69190,2.4
044460033000,9,-68235,69190,0.9
044460034000,28,-68235,69191,2.8
044470002000,86,-68244,69184,8.6
044470003000,130,-68243,69184,13.0
044470005000,72,-68241,69183,7.2
044470006000,21,-68240,69183,2.1
044470007000,23,-68240,69182,2.3
044470009000,22,-68238,69182,2.2
044470010000,56,-68238,69181,5.6
044470011000,67,-68237,69181,6.7
044470014000,14,-68244,69180,1.4
044470015000,84,-68242,69181,8.4
044470016000,11,-68242,69181,1.1
044470022000,8,-68237,69178,0.8
044470023000,9,-68240,69179,0.9
044470025000,85,-68240,69180,8.5
044480001000,79,-68246,69178,7.9
044480002000,32,-68246,69177,3.2
044480003000,36,-68245,69176,3.6
044480004000,43,-68245,69176,4.3
044480006000,9,-68246,69174,0.9
044480007000,37,-68243,69176,3.7
044480009000,21,-68243,69174,2.1
044480010000,32,-68243,69174,3.2
044480013000,9,-68240,69174,0.9
044480014000,29,-68239,69173,2.9
044480015000,64,-68238,69173,6.4
044480016000,57,-68237,69173,5.7
044480017000,12,-68236,69173,1.2
044480018000,34,-68236,69173,3.4
044480019000,84,-68235,69173,8.4
044480020000,52,-68246,69172,5.2
044480021000,60,-68245,69172,6.0
044480023000,5,-68243,69171,0.5
044480028000,13,-68237,69171,1.3
044490001000,17,-68234,69173,1.7
044490002000,66,-68233,69172,6.6
044490003000,85,-68227,69170,8.5
044490004000,2,-68226,69170,0.2
044490005000,13,-68225,69169,1.3
044490006000,37,-68225,69169,3.7
044490007000,8,-68224,69168,0.8
044490008000,120,-68223,69168,12.0
044490009000,75,-68222,69167,7.5
044490010000,57,-68234,69170,5.7
044490011000,56,-68233,69170,5.6
044490012000,56,-68232,69170,5.6
044490014000,53,-68230,69170,5.3
044490015000,9,-68230,69169,0.9
044490016000,23,-68229,69169,2.3
044490017000,73,-68228,69168,7.3
044490019000,38,-68227,69167,3.8
044490020000,86,-68226,69167,8.6
044490021000,6,-68225,69166,0.6
044490022000,104,-68224,69166,10.4
044490023000,27,-68223,69165,2.7
044500001000,97,-68221,69167,9.7
044500002000,49,-68220,69167,4.9
044500003000,14,-68219,69167,1.4
044500004000,14,-68219,69166,1.4
044500005000,7,-68218,69166,0.7
044500006000,55,-68216,69166,5.5
044500008000,56,-68215,69165,5.6
044500010000,136,-68222,69165,13.6
044500011000,93,-68221,69165,9.3
044500012000,27,-68220,69165,2.7
044500013000,37,-68219,69164,3.7
044500015000,113,-68217,69164,11.3
044500016000,8,-68216,69163,0.8
044500018000,73,-68213,69163,7.3
044500020000,75,-68211,69164,7.5
044500021000,128,-68211,69163,12.8
044530001000,47,-68262,69251,4.7
044530003000,57,-68263,69250,5.7
044530004000,62,-68264,69249,6.2
044530005000,27,-68264,69249,2.7
044530006000,34,-68265,69248,3.4
044530008000,36,-68266,69247,3.6
044530009000,8,-68267,69247,0.8
044530011000,12,-68267,69244,1.2
044530013000,6,-68263,69244,0.6
044530014000,96,-68263,69244,9.6
044530015000,40,-68264,69244,4.0
044530017000,119,-68264,69246,11.9
044530018000,95,-68263,69246,9.5
044530019000,62,-68263,69247,6.2
044530020000,61,-68262,69247,6.1
044530021000,84,-68262,69248,8.4
044530022000,66,-68261,69248,6.6
044530023000,54,-68261,69249,5.4
044530025000,14,-68260,69247,1.4
044530026000,47,-68260,69247,4.7
044530029000,10,-68261,69244,1.0
044530030000,114,-68260,69243,11.4
044530031000,16,-68257,69243,1.6
044530032000,97,-68257,69243,9.7
044530033000,2,-68257,69244,0.2
044530034000,11,-68258,69244,1.1
044530035000,28,-68258,69245,2.8
044540001000,40,-68266,69243,4.0
044540002000,58,-68265,69242,5.8
044540003000,67,-68265,69242,6.7
044540004000,52,-68264,69241,5.2
044540005000,43,-68264,69241,4.3
044540006000,63,-68263,69240,6.3
044540007000,55,-68263,69240,5.5
044540008000,30,-68262,69239,3.0
044540009000,31,-68262,69238,3.1
044540010000,68,-68262,69238,6.8
044540011000,20,-68262,69237,2.0
044540012000,23,-68261,69236,2.3
044540013000,25,-68261,69236,2.5
044540014000,112,-68262,69243,11.2
044540015000,25,-68262,69242,2.5
044540016000,50,-68261,69242,5.0
044540017000,39,-68261,69241,3.9
044540018000,68,-68260,69240,6.8
044540019000,14,-68260,69240,1.4
044540020000,16,-68259,69239,1.6
044540021000,122,-68259,69238,12.2
044540022000,82,-68259,69237,8.2
044540023000,33,-68259,69236,3.3
044540024000,16,-68259,69236,1.6
044540025000,76,-68259,69235,7.6
044540026000,9,-68259,69242,0.9
044540027000,15,-68259,69242,1.5
044540028000,31,-68259,69241,3.1
044540029000,74,-68258,69240,7.4
044540030000,41,-68258,69240,4.1
044540031000,69,-68257,69239,6.9
044540032000,35,-68257,69239,3.5
044540033000,45,-68257,69238,4.5
044540034000,25,-68257,69237,2.5
044540035000,11,-68257,69236,1.1
044540036000,23,-68257,69236,2.3
044540037000,59,-68257,69235,5.9
044540038000,121,-68256,69242,12.1
044540039000,1,-68255,69242,0.1
044540040000,141,-68255,69241,14.1
044540041000,25,-68255,69240,2.5
044540042000,35,-68254,69239,3.5
044540043000,34,-68254,69239,3.4
044540044000,100,-68254,69238,10.0
044540045000,139,-68254,69237,13.9
044540046000,78,-68254,69236,7.8
044540047000,15,-68254,69235,1.5
044540048000,49,-68254,69235,4.9
044540049000,44,-68254,69234,4.4
044550001000,61,-68261,69235,6.1
044550002000,53,-68261,69234,5.3
044550003000,23,-68261,69233,2.3
044550004000,32,-68262,69233,3.2
044550005000,83,-68262,69232,8.3
044550006000,110,-68262,69231,11.0
044550007000,86,-68262,69230,8.6
044550008000,82,-68262,69229,8.2
044550009000,29,-68261,69228,2.9
044550011000,33,-68260,69226,3.3
044550014000,56,-68257,69226,5.6
044550015000,17,-68256,69226,1.7
044550016000,6,-68256,69226,0.6
044550017000,71,-68255,69227,7.1
044550018000,29,-68254,69227,2.9
044550021000,106,-68254,69230,10.6
044550022000,29,-68255,69230,2.9
044550023000,48,-68255,69229,4.8
044550024000,126,-68256,69229,12.6
044550025000,27,-68257,69229,2.7
044550026000,5,-68257,69229,0.5
044550028000,51,-68259,69229,5.1
044550029000,15,-68260,69229,1.5
044550030000,108,-68260,69231,10.8
044550031000,64,-68259,69231,6.4
044550032000,35,-68258,69231,3.5
044550033000,55,-68257,69231,5.5
044550034000,55,-68256,69231,5.5
044550035000,7,-68255,69231,0.7
044550036000,70,-68255,69232,7.0
044550037000,35,-68255,69233,3.5
044550038000,126,-68257,69234,12.6
044550039000,97,-68259,69234,9.7
044550040000,100,-68259,69233,10.0
044550041000,33,-68257,69233,3.3
044560001000,86,-68278,69234,8.6
044560002000,15,-68278,69235,1.5
044560003000,55,-68278,69235,5.5
044560007000,22,-68276,69239,2.2
044560008000,89,-68275,69240,8.9
044560009000,82,-68274,69240,8.2
044560010000,118,-68273,69240,11.8
044560011000,91,-68272,69240,9.1
044560012000,7,-68272,69240,0.7
044560015000,3,-68269,69239,0.3
044560016000,34,-68269,69239,3.4
044560017000,130,-68268,69238,13.0
044560018000,53,-68267,69237,5.3
044560019000,32,-68267,69236,3.2
044560020000,23,-68267,69235,2.3
044560021000,39,-68267,69235,3.9
044560022000,116,-68267,69234,11.6
044560023000,89,-68267,69233,8.9
044560024000,3,-68267,69232,0.3
044560025000,14,-68267,69232,1.4
044560027000,46,-68276,69234,4.6
044560028000,35,-68276,69235,3.5
044560030000,1,-68276,69236,0.1
044560031000,30,-68275,69237,3.0
044560032000,89,-68275,69237,8.9
044560033000,91,-68274,69238,9.1
044560034000,31,-68273,69238,3.1
044560036000,41,-68273,69236,4.1
044560037000,17,-68274,69236,1.7
044560038000,34,-68274,69234,3.4
044560039000,28,-68274,69234,2.8
044560040000,110,-68274,69233,11.0
044560041000,20,-68272,69232,2.0
044560043000,14,-68271,69233,1.4
044560044000,54,-68271,69234,5.4
044560045000,106,-68271,69235,10.6
044560046000,87,-68271,69236,8.7
044560047000,8,-68270,69237,0.8
044560048000,25,-68269,69236,2.5
044560049000,15,-68269,69235,1.5
044560050000,25,-68269,69235,2.5
044560051000,12,-68270,69234,1.2
044560052000,41,-68270,69233,4.1
044560053000,75,-68270,69232,7.5
044560054000,92,-68270,69239,9.2
044560056000,75,-68271,69239,7.5
044570001000,105,-68278,69233,10.5
044570002000,62,-68278,69232,6.2
044570003000,18,-68278,69232,1.8
044570004000,11,-68279,69231,1.1
044570005000,54,-68279,69230,5.4
044570006000,12,-68279,69229,1.2
044570007000,129,-68278,69228,12.9
044570008000,10,-68279,69228,1.0
044570009000,118,-68280,69227,11.8
044570010000,16,-68277,69227,1.6
044570011000,8,-68276,69226,0.8
044570012000,3,-68276,69225,0.3
044570013000,77,-68275,69225,7.7
044570014000,103,-68274,69225,10.3
044570015000,82,-68273,69225,8.2
044570016000,35,-68272,69226,3.5
044570017000,90,-68271,69226,9.0
044570018000,83,-68270,69226,8.3
044570019000,37,-68269,69226,3.7
044570020000,23,-68269,69227,2.3
044570021000,51,-68268,69228,5.1
044570022000,27,-68268,69229,2.7
044570023000,27,-68268,69229,2.7
044570024000,13,-68268,69230,1.3
044570025000,6,-68276,69233,0.6
044570026000,87,-68276,69232,8.7
044570027000,138,-68276,69231,13.8
044570028000,56,-68276,69230,5.6
044570029000,8,-68276,69230,0.8
044570030000,67,-68276,69229,6.7
044570032000,61,-68274,69227,6.1
044570033000,77,-68274,69228,7.7
044570034000,70,-68274,69229,7.0
044570035000,69,-68274,69230,6.9
044570036000,69,-68274,69231,6.9
044570037000,17,-68274,69231,1.7
044570038000,104,-68274,69232,10.4
044570039000,16,-68272,69231,1.6
044570040000,60,-68272,69231,6.0
044570041000,95,-68272,69230,9.5
044570042000,74,-68272,69229,7.4
044570043000,1,-68272,69229,0.1
044570044000,36,-68272,69228,3.6
044570045000,48,-68270,69228,4.8
044570046000,85,-68270,69229,8.5
044570047000,141,-68270,69230,14.1
044570048000,55,-68270,69231,5.5
044570049000,31,-68270,69231,3.1
044570050000,11,-68267,69231,1.1
044580001000,40,-68277,69215,4.0
044580002000,17,-68276,69215,1.7
044580003000,110,-68276,69216,11.0
044580004000,86,-68276,69217,8.6
044580005000,7,-68276,69218,0.7
044580007000,49,-68275,69219,4.9
044580008000,8,-68274,69220,0.8
044580009000,35,-68273,69220,3.5
044580010000,24,-68273,69220,2.4
044580011000,74,-68272,69221,7.4
044580012000,9,-68270,69221,0.9
044580013000,23,-68270,69221,2.3
044580014000,57,-68269,69221,5.7
044580015000,17,-68268,69220,1.7
044580016000,82,-68267,69220,8.2
044580017000,22,-68267,69220,2.2
044580018000,102,-68266,69219,10.2
044580019000,4,-68265,69219,0.4
044580020000,52,-68265,69218,5.2
044580021000,46,-68264,69218,4.6
044580022000,2,-68264,69217,0.2
044580023000,89,-68263,69217,8.9
044580024000,40,-68263,69217,4.0
044580025000,36,-68274,69214,3.6
044580026000,80,-68274,69215,8.0
044580027000,15,-68274,69216,1.5
044580028000,1,-68273,69216,0.1
044580029000,112,-68273,69217,11.2
044580030000,27,-68273,69218,2.7
044580031000,109,-68272,69218,10.9
044580032000,28,-68271,69218,2.8
044580033000,11,-68270,69219,1.1
044580034000,10,-68270,69219,1.0
044580035000,46,-68269,69218,4.6
044580036000,25,-68267,69218,2.5
044580037000,101,-68268,69217,10.1
044580038000,104,-68269,69217,10.4
044580039000,109,-68270,69217,10.9
044580040000,21,-68271,69217,2.1
044580041000,11,-68272,69216,1.1
044580042000,80,-68272,69215,8.0
044580043000,30,-68272,69214,3.0
044580044000,34,-68273,69214,3.4
044580046000,98,-68270,69214,9.8
044580047000,32,-68270,69214,3.2
044580048000,35,-68269,69215,3.5
044580049000,22,-68268,69215,2.2
044580050000,28,-68267,69215,2.8
044580051000,62,-68267,69215,6.2
044580053000,76,-68265,69216,7.6
044580054000,35,-68264,69213,3.5
044580056000,44,-68265,69213,4.4
044580058000,24,-68263,69214,2.4
044580059000,61,-68263,69214,6.1
044590001000,116,-68277,69214,11.6
044590002000,35,-68277,69213,3.5
044590003000,17,-68277,69213,1.7
044590004000,3,-68277,69212,0.3
044590005000,44,-68277,69211,4.4
044590006000,100,-68277,69210,10.0
044590007000,95,-68277,69209,9.5
044590008000,13,-68276,69208,1.3
044590009000,14,-68276,69208,1.4
044590011000,2,-68275,69212,0.2
044590012000,9,-68275,69212,0.9
044590013000,26,-68275,69210,2.6
044590014000,62,-68274,69211,6.2
044590015000,14,-68274,69212,1.4
044590016000,108,-68273,69213,10.8
044590017000,56,-68271,69212,5.6
044590018000,9,-68271,69212,0.9
044590019000,71,-68272,69211,7.1
044590020000,86,-68272,69210,8.6
044590021000,43,-68273,69210,4.3
044590022000,45,-68273,69209,4.5
044590023000,100,-68270,69208,10.0
044590024000,43,-68270,69209,4.3
044590025000,14,-68269,69209,1.4
044590026000,78,-68269,69210,7.8
044590027000,97,-68268,69211,9.7
044590028000,65,-68267,69211,6.5
044590029000,8,-68266,69212,0.8
044590030000,65,-68266,69210,6.5
044590031000,22,-68267,69209,2.2
044590032000,19,-68267,69209,1.9
044590033000,33,-68268,69208,3.3
044590035000,128,-68266,69208,12.8
044590037000,3,-68266,69206,0.3
044590038000,24,-68266,69205,2.4
044590039000,73,-68267,69205,7.3
044590040000,68,-68268,69205,6.8
044590041000,17,-68269,69205,1.7
044590043000,89,-68270,69206,8.9
044590044000,114,-68271,69206,11.4
044590045000,17,-68272,69206,1.7
044590046000,18,-68272,69206,1.8
044590047000,41,-68273,69207,4.1
044590048000,81,-68266,69212,8.1
044590049000,113,-68265,69210,11.3
044590050000,8,-68264,69211,0.8
044590051000,49,-68264,69209,4.9
044590052000,102,-68265,69206,10.2
044590053000,78,-68264,69206,7.8
044600004000,78,-68263,69207,7.8
044600007000,11,-68261,69208,1.1
044600008000,84,-68260,69208,8.4
044600009000,18,-68260,69208,1.8
044600010000,21,-68259,69208,2.1
044600011000,63,-68258,69208,6.3
044600012000,85,-68257,69211,8.5
044600013000,55,-68258,69211,5.5
044600014000,39,-68259,69211,3.9
044600015000,12,-68260,69210,1.2
044600016000,117,-68261,69210,11.7
044600017000,76,-68262,69210,7.6
044600018000,31,-68263,69209,3.1
044600019000,0,-68263,69209,0.0
044600023000,65,-68263,69211,6.5
044600024000,8,-68262,69211,0.8
044600026000,9,-68261,69212,0.9
044600028000,77,-68259,69212,7.7
044600029000,76,-68258,69212,7.6
044600030000,32,-68257,69213,3.2
044600034000,91,-68259,69214,9.1
044600035000,4,-68260,69214,0.4
044600036000,42,-68261,69215,4.2
044600041000,128,-68250,69211,12.8
044600042000,65,-68251,69211,6.5
044600045000,69,-68253,69210,6.9
044600046000,66,-68254,69210,6.6
044600047000,1,-68254,69210,0.1
044600048000,78,-68255,69209,7.8
044600049000,59,-68256,69209,5.9
044600050000,43,-68256,69209,4.3
044600051000,31,-68257,69208,3.1
044600053000,3,-68256,69212,0.3
044600054000,55,-68255,69212,5.5
044600055000,67,-68255,69213,6.7
044600056000,129,-68256,69213,12.9
044610012000,57,-68249,69213,5.7
044610013000,54,-68250,69213,5.4
044610014000,78,-68251,69213,7.8
044610015000,113,-68252,69213,11.3
044610016000,33,-68253,69213,3.3
044610017000,30,-68254,69212,3.0
044610024000,62,-68254,69214,6.2
044610025000,63,-68253,69214,6.3
044610026000,28,-68252,69214,2.8
044610027000,2,-68251,69215,0.2
044610028000,29,-68251,69215,2.9
044610029000,59,-68250,69215,5.9
044610030000,84,-68249,69215,8.4
044610031000,67,-68249,69217,6.7
044610032000,95,-68250,69217,9.5
044610033000,71,-68251,69217,7.1
044610034000,20,-68252,69217,2.0
044610035000,2,-68253,69216,0.2
044610036000,22,-68254,69216,2.2
044610037000,14,-68255,69215,1.4
044610038000,79,-68256,69215,7.9
044610039000,128,-68257,69215,12.8
044610040000,50,-68258,69215,5.0
044610041000,13,-68258,69214,1.3
044610042000,39,-68248,69218,3.9
044610043000,19,-68247,69218,1.9
044610044000,20,-68247,69218,2.0
044610045000,47,-68246,69217,4.7
044610046000,93,-68245,69217,9.3
044610047000,8,-68245,69217,0.8
044610048000,41,-68244,69217,4.1
044610049000,14,-68248,69216,1.4
044610050000,25,-68247,69215,2.5
044610051000,3,-68247,69215,0.3
044610052000,47,-68248,69214,4.7
044610053000,8,-68248,69214,0.8
044610054000,28,-68244,69215,2.8
044610055000,79,-68245,69214,7.9
044610056000,78,-68245,69213,7.8
044610057000,26,-68246,69212,2.6
044610058000,52,-68247,69212,5.2
044610059000,17,-68247,69212,1.7
044610060000,91,-68248,69211,9.1
044610061000,119,-68249,69211,11.9
044620008000,31,-68243,69216,3.1
044620009000,10,-68243,69216,1.0
044620010000,7,-68242,69216,0.7
044620011000,38,-68241,69216,3.8
044620012000,26,-68240,69217,2.6
044620013000,52,-68239,69217,5.2
044620014000,62,-68238,69217,6.2
044620015000,3,-68237,69217,0.3
044620016000,40,-68237,69217,4.0
044620017000,29,-68236,69216,2.9
044620018000,96,-68236,69214,9.6
044620019000,65,-68237,69214,6.5
044620020000,22,-68237,69214,2.2
044620021000,63,-68238,69214,6.3
044620022000,44,-68239,69214,4.4
044620023000,68,-68240,69214,6.8
044620024000,7,-68240,69214,0.7
044620025000,2,-68240,69213,0.2
044620026000,9,-68239,69213,0.9
044620028000,13,-68237,69212,1.3
044620029000,16,-68237,69212,1.6
044620030000,10,-68242,69212,1.0
044620031000,9,-68242,69213,0.9
044620032000,30,-68243,69214,3.0
044620041000,118,-68235,69216,11.8
044620042000,10,-68234,69216,1.0
044620043000,55,-68234,69215,5.5
044620044000,77,-68233,69215,7.7
044620045000,34,-68233,69215,3.4
044620046000,72,-68232,69214,7.2
044620047000,59,-68231,69214,5.9
044620049000,17,-68230,69212,1.7
044620051000,23,-68230,69211,2.3
044620052000,37,-68230,69210,3.7
044620053000,79,-68230,69209,7.9
044620054000,23,-68235,69213,2.3
044620056000,29,-68234,69213,2.9
044620057000,99,-68233,69212,9.9
044620058000,60,-68232,69212,6.0
044620059000,52,-68232,69211,5.2
044620060000,22,-68232,69210,2.2
044620061000,3,-68233,69210,0.3
044620062000,148,-68234,69211,14.8
044620063000,13,-68235,69211,1.3
044620064000,51,-68236,69212,5.1
044620065000,54,-68240,69210,5.4
044620066000,74,-68239,69210,7.4
044620067000,92,-68238,69210,9.2
044620069000,79,-68237,69210,7.9
044620070000,13,-68236,69210,1.3
044620072000,89,-68235,69209,8.9
044630006000,78,-68242,69212,7.8
044630007000,113,-68242,69211,11.3
044630009000,32,-68242,69210,3.2
044630010000,120,-68243,69209,12.0
044630011000,34,-68243,69208,3.4
044630012000,21,-68244,69207,2.1
044630013000,19,-68244,69207,1.9
044630014000,72,-68242,69206,7.2
044630015000,3,-68241,69207,0.3
044630016000,90,-68241,69207,9.0
044630018000,91,-68240,69206,9.1
044630019000,66,-68239,69206,6.6
044630020000,2,-68238,69206,0.2
044630021000,11,-68238,69208,1.1
044630022000,71,-68238,69208,7.1
044630023000,7,-68239,69208,0.7
044630025000,9,-68240,69209,0.9
044630031000,18,-68237,69205,1.8
044630032000,60,-68237,69205,6.0
044630033000,76,-68236,69205,7.6
044630037000,1,-68232,69206,0.1
044630038000,70,-68232,69206,7.0
044630039000,17,-68231,69207,1.7
044630040000,1,-68231,69207,0.1
044630041000,48,-68231,69208,4.8
044630042000,39,-68234,69208,3.9
044630043000,56,-68233,69208,5.6
044630044000,47,-68234,69207,4.7
044630046000,7,-68236,69207,0.7
044630047000,76,-68237,69208,7.6
044650001000,60,-68225,69226,6.0
044650002000,14,-68226,69226,1.4
044650003000,66,-68226,69226,6.6
044650004000,123,-68226,69226,12.3
044650005000,14,-68226,69226,1.4
044650006000,25,-68226,69226,2.5
044650007000,47,-68226,69225,4.7
044650008000,30,-68226,69225,3.0
044650009000,80,-68226,69225,8.0
044650010000,47,-68226,69225,4.7
044650011000,57,-68227,69225,5.7
044650012000,17,-68228,69225,1.7
044650013000,87,-68228,69225,8.7
044650014000,108,-68228,69225,10.8
044650016000,59,-68228,69224,5.9
044650017000,90,-68228,69224,9.0
044650018000,76,-68228,69224,7.6
044650019000,6,-68228,69224,0.6
044650020000,90,-68228,69224,9.0
044650021000,6,-68227,69223,0.6
044650022000,82,-68227,69223,8.2
044650023000,122,-68227,69223,12.2
044650024000,110,-68227,69223,11.0
044650025000,82,-68227,69223,8.2
044650026000,33,-68226,69223,3.3
044650027000,42,-68226,69222,4.2
044650028000,43,-68226,69222,4.3
044650029000,105,-68226,69222,10.5
044650030000,42,-68226,69222,4.2
045010001000,22,-68257,69265,2.2
045010002000,28,-68257,69265,2.8
045010003000,74,-68256,69265,7.4
045010004000,76,-68255,69265,7.6
045010007000,47,-68252,69264,4.7
045010008000,55,-68251,69264,5.5
045010010000,92,-68249,69263,9.2
045010011000,20,-68248,69263,2.0
045010012000,35,-68248,69262,3.5
045010013000,90,-68247,69262,9.0
045010014000,8,-68246,69261,0.8
045010015000,79,-68245,69261,7.9
045010016000,29,-68246,69259,2.9
045010017000,24,-68247,69259,2.4
045010018000,59,-68247,69259,5.9
045010019000,44,-68248,69260,4.4
045010020000,5,-68249,69260,0.5
045010021000,69,-68249,69260,6.9
045010022000,18,-68250,69261,1.8
045010023000,10,-68250,69261,1.0
045010024000,112,-68251,69261,11.2
045010025000,58,-68252,69261,5.8
045010026000,8,-68253,69261,0.8
045010027000,39,-68253,69262,3.9
045010028000,81,-68254,69262,8.1
045010032000,50,-68257,69262,5.0
045020001000,11,-68244,69261,1.1
045020002000,64,-68244,69260,6.4
045020003000,59,-68243,69260,5.9
045020004000,44,-68240,69257,4.4
045020005000,37,-68239,69257,3.7
045020006000,100,-68239,69256,10.0
045020007000,18,-68238,69256,1.8
045020008000,104,-68238,69255,10.4
045020009000,35,-68237,69254,3.5
045020010000,39,-68237,69254,3.9
045020012000,80,-68236,69252,8.0
045020013000,72,-68238,69251,7.2
045020014000,49,-68239,69252,4.9
045020015000,38,-68239,69252,3.8
045020016000,15,-68240,69253,1.5
045020017000,58,-68240,69254,5.8
045020018000,15,-68241,69254,1.5
045020019000,123,-68241,69255,12.3
045020020000,1,-68242,69256,0.1
045020022000,15,-68243,69256,1.5
045020023000,99,-68243,69257,9.9
045020024000,51,-68244,69257,5.1
045020025000,6,-68244,69258,0.6
045020026000,86,-68245,69258,8.6
045030001000,75,-68238,69250,7.5
045030002000,3,-68238,69250,0.3
045030003000,35,-68236,69250,3.5
045030004000,9,-68235,69249,0.9
045030005000,26,-68235,69249,2.6
045030006000,41,-68234,69248,4.1
045030012000,83,-68233,69243,8.3
045030013000,17,-68233,69243,1.7
045030014000,10,-68232,69243,1.0
045030015000,28,-68232,69243,2.8
045030017000,10,-68234,69245,1.0
045030018000,63,-68234,69245,6.3
045030019000,13,-68233,69246,1.3
045030020000,1,-68233,69245,0.1
045030022000,130,-68233,69245,13.0
045030023000,77,-68233,69245,7.7
045030024000,35,-68234,69245,3.5
045030025000,66,-68234,69245,6.6
045030027000,56,-68233,69244,5.6
045030028000,115,-68233,69244,11.5
045030029000,39,-68233,69244,3.9
045030030000,55,-68234,69244,5.5
045030032000,46,-68233,69244,4.6
045030033000,48,-68233,69243,4.8
045040001000,3,-68232,69242,0.3
045040013000,50,-68230,69234,5.0
045040016000,95,-68232,69240,9.5
045040017000,2,-68233,69240,0.2
045040018000,14,-68231,69240,1.4
045040019000,80,-68232,69240,8.0
045040021000,84,-68231,69237,8.4
045040022000,64,-68231,69237,6.4
045040023000,14,-68231,69237,1.4
045040024000,6,-68230,69237,0.6
045040026000,26,-68231,69236,2.6
045040027000,30,-68231,69236,3.0
045040028000,73,-68230,69236,7.3
045040029000,107,-68230,69236,10.7
045040031000,17,-68231,69239,1.7
045040032000,16,-68231,69239,1.6
045040034000,71,-68230,69235,7.1
045040035000,135,-68230,69235,13.5
045040036000,71,-68230,69235,7.1
045040037000,135,-68230,69235,13.5
045040038000,61,-68232,69239,6.1
045040039000,25,-68231,69239,2.5
045040042000,7,-68231,69236,0.7
045040043000,14,-68230,69237,1.4
045040044000,7,-68231,69236,0.7
045040045000,14,-68230,69237,1.4
045040047000,49,-68232,69241,4.9
045040048000,36,-68232,69241,3.6
045040049000,49,-68232,69241,4.9
045040050000,36,-68232,69241,3.6
045040052000,45,-68232,69242,4.5
045040053000,9,-68232,69242,0.9
045040054000,45,-68232,69242,4.5
045040055000,9,-68232,69242,0.9
045040057000,36,-68230,69234,3.6
045040058000,74,-68230,69234,7.4
045040059000,74,-68230,69234,7.4
045040060000,17,-68230,69234,1.7
045050027000,77,-68224,69228,7.7
045050028000,69,-68224,69228,6.9
045050029000,41,-68224,69228,4.1
045050030000,11,-68224,69228,1.1
045050032000,13,-68226,69229,1.3
045050033000,64,-68226,69229,6.4
045050034000,74,-68226,69230,7.4
045050035000,43,-68226,69230,4.3
045050037000,47,-68225,69229,4.7
045050038000,7,-68224,69229,0.7
045050039000,82,-68225,69228,8.2
045050040000,131,-68225,69228,13.1
045050042000,96,-68229,69232,9.6
045050043000,79,-68229,69232,7.9
045050044000,42,-68229,69232,4.2
045050045000,2,-68229,69232,0.2
045050046000,88,-68229,69231,8.8
045050047000,102,-68229,69231,10.2
045050048000,53,-68229,69231,5.3
045050049000,2,-68229,69231,0.2
045050052000,34,-68226,69228,3.4
045050053000,62,-68226,69229,6.2
045050054000,17,-68226,69229,1.7
045050055000,33,-68225,69229,3.3
045050057000,34,-68223,69226,3.4
045050058000,46,-68222,69226,4.6
045050059000,47,-68222,69227,4.7
045050060000,54,-68222,69227,5.4
045050061000,19,-68230,69232,1.9
045050062000,2,-68229,69232,0.2
045050063000,28,-68229,69233,2.8
045050064000,43,-68229,69232,4.3
045050066000,39,-68228,69230,3.9
045050067000,70,-68228,69230,7.0
045050068000,49,-68227,69230,4.9
045050069000,24,-68227,69231,2.4
045050074000,5,-68229,69233,0.5
045050075000,57,-68230,69233,5.7
045050076000,5,-68229,69233,0.5
045050077000,57,-68230,69233,5.7
045050080000,41,-68221,69226,4.1
045050081000,83,-68221,69225,8.3
045050083000,11,-68221,69224,1.1
045050084000,20,-68221,69225,2.0
045050085000,75,-68220,69225,7.5
045050087000,84,-68227,69229,8.4
045050088000,50,-68227,69229,5.0
045050089000,61,-68227,69230,6.1
045050090000,9,-68227,69230,0.9
045050091000,8,-68228,69230,0.8
045050092000,28,-68228,69231,2.8
045050093000,71,-68228,69231,7.1
045060007000,50,-68216,69224,5.0
045060008000,50,-68215,69224,5.0
045060009000,16,-68215,69223,1.6
045060010000,16,-68214,69222,1.6
045060011000,28,-68213,69222,2.8
045060012000,79,-68213,69221,7.9
045060013000,47,-68212,69220,4.7
045060014000,24,-68212,69220,2.4
045060015000,132,-68211,69219,13.2
045060016000,44,-68210,69218,4.4
045060017000,23,-68213,69217,2.3
045060018000,23,-68213,69218,2.3
045060019000,13,-68214,69219,1.3
045060020000,52,-68214,69219,5.2
045060021000,52,-68215,69220,5.2
045060022000,65,-68215,69220,6.5
045060023000,65,-68216,69221,6.5
045060024000,42,-68216,69221,4.2
045060025000,115,-68217,69222,11.5
045060026000,8,-68217,69223,0.8
045060043000,111,-68217,69220,11.1
045060044000,110,-68217,69220,11.0
045060045000,111,-68217,69220,11.1
045060046000,110,-68217,69220,11.0
045060048000,7,-68216,69219,0.7
045060049000,28,-68217,69219,2.8
045060050000,7,-68216,69219,0.7
045060051000,28,-68217,69219,2.8
045060053000,81,-68217,69218,8.1
045060054000,31,-68217,69218,3.1
045060055000,19,-68216,69219,1.9
045060056000,65,-68216,69218,6.5
045060057000,50,-68216,69218,5.0
045060059000,111,-68218,69221,11.1
045060060000,56,-68218,69221,5.6
045060061000,111,-68218,69221,11.1
045060062000,56,-68218,69221,5.6
045060063000,91,-68218,69224,9.1
045060064000,39,-68218,69224,3.9
045060065000,8,-68219,69225,0.8
045060068000,26,-68220,69224,2.6
045060069000,28,-68219,69224,2.8
045060070000,26,-68220,69224,2.6
045060071000,28,-68219,69224,2.8
045060072000,23,-68216,69217,2.3
045060073000,88,-68216,69217,8.8
045060074000,30,-68215,69217,3.0
045060075000,104,-68215,69217,10.4
045060078000,22,-68218,69222,2.2
045060079000,74,-68218,69222,7.4
045060081000,76,-68217,69225,7.6
045060082000,5,-68217,69225,0.5
045060083000,0,-68217,69226,0.0
045070012000,15,-68213,69217,1.5
045070013000,59,-68212,69216,5.9
045070014000,8,-68212,69216,0.8
045070015000,86,-68211,69215,8.6
045070016000,121,-68211,69214,12.1
045070017000,30,-68211,69213,3.0
045070018000,74,-68210,69213,7.4
045070019000,85,-68210,69212,8.5
045070020000,32,-68209,69212,3.2
045070021000,120,-68209,69211,12.0
045070022000,1,-68208,69210,0.1
045070023000,80,-68207,69213,8.0
045070024000,3,-68208,69214,0.3
045070025000,71,-68208,69214,7.1
045070026000,44,-68209,69215,4.4
045070027000,80,-68209,69216,8.0
045070028000,11,-68209,69217,1.1
045070029000,39,-68210,69217,3.9
045070032000,99,-68215,69212,9.9
045070033000,86,-68215,69212,8.6
045070034000,42,-68215,69212,4.2
045070035000,24,-68214,69212,2.4
045070036000,6,-68214,69212,0.6
045070037000,17,-68214,69212,1.7
045070038000,11,-68213,69212,1.1
045070039000,35,-68213,69211,3.5
045070040000,125,-68214,69211,12.5
045070041000,78,-68214,69211,7.8
045070043000,5,-68216,69214,0.5
045070044000,32,-68215,69214,3.2
045070045000,17,-68215,69214,1.7
045070046000,60,-68214,69215,6.0
045070047000,28,-68214,69214,2.8
045070048000,91,-68214,69214,9.1
045070049000,45,-68214,69214,4.5
045070050000,64,-68215,69214,6.4
045070052000,19,-68215,69213,1.9
045070053000,55,-68215,69213,5.5
045070054000,14,-68215,69213,1.4
045070055000,13,-68214,69213,1.3
045070056000,22,-68214,69213,2.2
045070057000,68,-68214,69213,6.8
045080003000,21,-68213,69208,2.1
045080004000,60,-68213,69207,6.0
045080005000,11,-68213,69207,1.1
045080010000,56,-68214,69210,5.6
045080011000,139,-68214,69210,13.9
045080012000,4,-68213,69210,0.4
045080013000,65,-68213,69210,6.5
045080014000,13,-68213,69209,1.3
045080015000,97,-68214,69209,9.7
045080016000,111,-68214,69209,11.1
045100005000,108,-68213,69189,10.8
045100006000,4,-68212,69190,0.4
045100009000,73,-68208,69189,7.3
045100010000,8,-68208,69189,0.8
045100012000,57,-68206,69190,5.7
045100013000,59,-68206,69190,5.9
045100014000,75,-68205,69191,7.5
045100015000,28,-68204,69191,2.8
045100016000,5,-68205,69188,0.5
045100017000,1,-68205,69187,0.1
045100018000,7,-68205,69186,0.7
045100019000,36,-68206,69185,3.6
045100020000,54,-68206,69187,5.4
045100023000,144,-68209,69186,14.4
045100024000,82,-68210,69186,8.2
045100025000,16,-68211,69187,1.6
045100026000,6,-68211,69187,0.6
045110001000,57,-68206,69212,5.7
045110002000,63,-68206,69211,6.3
045110003000,3,-68205,69211,0.3
045110006000,5,-68203,69210,0.5
045110007000,45,-68202,69210,4.5
045110008000,22,-68201,69210,2.2
045110009000,7,-68200,69211,0.7
045110010000,25,-68199,69211,2.5
045110011000,50,-68198,69211,5.0
045110012000,8,-68198,69211,0.8
045110013000,75,-68197,69210,7.5
045110014000,89,-68197,69208,8.9
045110015000,32,-68197,69207,3.2
045110018000,12,-68198,69205,1.2
045110019000,17,-68202,69205,1.7
045110021000,14,-68200,69207,1.4
045110022000,16,-68200,69208,1.6
045110023000,16,-68199,69209,1.6
045110024000,125,-68201,69208,12.5
045110025000,86,-68202,69207,8.6
045110028000,89,-68207,69209,8.9
045110029000,22,-68208,69209,2.2
045110030000,132,-68208,69210,13.2
045120002000,47,-68195,69210,4.7
045120003000,12,-68195,69210,1.2
045120004000,20,-68194,69210,2.0
045120005000,7,-68193,69211,0.7
045120006000,16,-68192,69211,1.6
045120007000,82,-68192,69208,8.2
045120008000,37,-68193,69208,3.7
045120010000,2,-68194,69207,0.2
045120016000,6,-68193,69205,0.6
045120017000,34,-68192,69206,3.4
045120019000,10,-68190,69206,1.0
045120021000,75,-68189,69204,7.5
045120022000,10,-68190,69204,1.0
045120023000,52,-68191,69203,5.2
045120024000,9,-68192,69203,0.9
045120025000,45,-68192,69203,4.5
045120026000,8,-68193,69203,0.8
045130001000,35,-68202,69204,3.5
045130002000,7,-68202,69203,0.7
045130003000,34,-68202,69203,3.4
045130004000,128,-68202,69202,12.8
045130005000,98,-68202,69201,9.8
045130009000,19,-68200,69197,1.9
045130011000,87,-68200,69199,8.7
045130012000,76,-68200,69200,7.6
045130013000,29,-68200,69201,2.9
045130014000,10,-68199,69202,1.0
045130016000,13,-68199,69203,1.3
045130017000,88,-68199,69204,8.8
045130024000,107,-68198,69198,10.7
045140001000,60,-68194,69202,6.0
045140002000,42,-68194,69201,4.2
045140007000,51,-68196,69196,5.1
045140008000,101,-68194,69195,10.1
045140009000,51,-68194,69196,5.1
045140010000,140,-68194,69197,14.0
045140011000,91,-68194,69198,9.1
045140012000,33,-68194,69199,3.3
045140013000,26,-68193,69200,2.6
045140015000,108,-68192,69201,10.8
045140016000,37,-68191,69201,3.7
045140017000,35,-68190,69202,3.5
045140018000,89,-68189,69202,8.9
045140019000,53,-68190,69199,5.3
045140020000,6,-68191,69199,0.6
045140022000,11,-68191,69198,1.1
045140023000,31,-68192,69197,3.1
045140025000,18,-68192,69196,1.8
045150003000,30,-68203,69195,3.0
045150004000,28,-68203,69194,2.8
045150005000,4,-68203,69193,0.4
045150006000,93,-68203,69193,9.3
045150007000,36,-68203,69192,3.6
045150008000,30,-68204,69192,3.0
045150011000,89,-68201,69191,8.9
045150013000,103,-68200,69193,10.3
045150014000,127,-68200,69194,12.7
045150015000,144,-68200,69195,14.4
045150016000,100,-68200,69196,10.0
045150017000,36,-68200,69197,3.6
045160004000,13,-68197,69192,1.3
045160005000,42,-68197,69191,4.2
045160006000,19,-68197,69191,1.9
045160007000,33,-68197,69190,3.3
045160008000,48,-68196,69189,4.8
045160009000,12,-68196,69188,1.2
045160011000,130,-68194,69189,13.0
045160012000,22,-68193,69190,2.2
045160013000,17,-68194,69190,1.7
045160014000,75,-68194,69191,7.5
045160015000,27,-68195,69192,2.7
045160016000,70,-68195,69193,7.0
045160017000,29,-68195,69194,2.9
045160018000,17,-68196,69195,1.7
045160019000,35,-68192,69195,3.5
045160020000,46,-68191,69194,4.6
045160021000,14,-68191,69194,1.4
045160022000,73,-68194,69194,7.3
045160023000,33,-68193,69193,3.3
045160024000,73,-68193,69192,7.3
045160025000,22,-68192,69192,2.2
045160026000,140,-68192,69191,14.0
045160027000,11,-68193,69190,1.1
045160029000,25,-68190,69189,2.5
045160030000,122,-68191,69188,12.2
045160031000,48,-68192,69188,4.8
045160033000,18,-68193,69187,1.8
045170002000,76,-68203,69189,7.6
045170003000,39,-68203,69188,3.9
045170004000,102,-68204,69188,10.2
045170005000,29,-68204,69186,2.9
045170006000,35,-68203,69185,3.5
045170007000,20,-68203,69185,2.0
045170010000,9,-68200,69185,0.9
045170011000,24,-68200,69185,2.4
045170012000,11,-68197,69184,1.1
045170013000,21,-68198,69185,2.1
045170014000,93,-68197,69186,9.3
045170015000,85,-68197,69187,8.5
045170017000,87,-68194,69186,8.7
045170018000,3,-68194,69186,0.3
045170019000,61,-68195,69185,6.1
045170020000,123,-68195,69184,12.3
045180004000,26,-68186,69180,2.6
045180009000,1,-68187,69177,0.1
045180011000,12,-68189,69179,1.2
045180047000,4,-68192,69180,0.4
045180048000,80,-68193,69180,8.0
045180049000,43,-68193,69179,4.3
045180051000,47,-68191,69179,4.7
045180052000,28,-68190,69180,2.8
045180053000,25,-68191,69180,2.5
045180054000,72,-68192,69180,7.2
045180055000,15,-68192,69179,1.5
045180068000,51,-68185,69179,5.1
045180069000,21,-68185,69178,2.1
045180070000,51,-68185,69179,5.1
045180071000,21,-68185,69178,2.1
045180073000,31,-68190,69180,3.1
045180074000,31,-68190,69180,3.1
045180075000,9,-68190,69179,0.9
045180076000,9,-68190,69179,0.9
045180081000,29,-68185,69179,2.9
045180082000,77,-68185,69179,7.7
045180083000,43,-68186,69179,4.3
045180084000,5,-68186,69178,0.5
045190018000,98,-68180,69172,9.8
045190019000,66,-68180,69172,6.6
045190020000,29,-68180,69172,2.9
045190021000,3,-68180,69172,0.3
045190023000,30,-68183,69177,3.0
045190024000,59,-68183,69177,5.9
045190028000,97,-68183,69175,9.7
045190029000,44,-68183,69175,4.4
045190030000,50,-68182,69176,5.0
045190031000,26,-68182,69176,2.6
045190033000,20,-68179,69171,2.0
045190034000,39,-68178,69171,3.9
045190035000,20,-68179,69171,2.0
045190036000,39,-68178,69171,3.9
045190038000,68,-68178,69170,6.8
045190039000,104,-68178,69170,10.4
045190040000,68,-68178,69170,6.8
045190041000,104,-68178,69170,10.4
045190043000,10,-68181,69175,1.0
045190044000,62,-68181,69174,6.2
045190045000,10,-68181,69175,1.0
045190046000,62,-68181,69174,6.2
045190048000,135,-68181,69174,13.5
045190049000,65,-68181,69174,6.5
045190051000,65,-68181,69174,6.5
045190052000,22,-68183,69175,2.2
045190053000,19,-68182,69175,1.9
045190054000,88,-68182,69175,8.8
045190057000,37,-68181,69173,3.7
045190058000,47,-68180,69173,4.7
045190059000,37,-68181,69173,3.7
045190060000,47,-68180,69173,4.7
045190062000,73,-68181,69170,7.3
045190063000,5,-68182,69170,0.5
045190064000,140,-68182,69170,14.0
045190065000,68,-68182,69170,6.8
045190066000,47,-68183,69171,4.7
045190067000,89,-68183,69171,8.9
045190068000,0,-68183,69172,0.0
045190069000,24,-68182,69172,2.4
045190071000,50,-68183,69176,5.0
045190072000,61,-68183,69176,6.1
045190073000,50,-68183,69176,5.0
045190074000,61,-68183,69176,6.1
045190076000,5,-68184,69177,0.5
045190077000,62,-68184,69177,6.2
045190078000,5,-68184,69177,0.5
045190079000,62,-68184,69177,6.2
045190081000,13,-68179,69172,1.3
045190082000,60,-68179,69171,6.0
045190083000,13,-68179,69172,1.3
045190084000,60,-68179,69171,6.0
045190086000,44,-68184,69173,4.4
045190087000,4,-68184,69173,0.4
045190088000,44,-68184,69173,4.4
045190089000,4,-68184,69173,0.4
045190091000,7,-68181,69172,0.7
045190092000,7,-68181,69172,0.7
045190093000,87,-68180,69173,8.7
045190094000,87,-68180,69173,8.7
045200009000,43,-68195,69170,4.3
045200013000,14,-68194,69171,1.4
045200014000,27,-68193,69171,2.7
045200016000,41,-68193,69171,4.1
045200017000,44,-68193,69170,4.4
045200019000,56,-68196,69173,5.6
045200020000,12,-68197,69173,1.2
045200021000,22,-68197,69174,2.2
045200022000,37,-68197,69174,3.7
045200024000,23,-68194,69170,2.3
045200025000,56,-68195,69170,5.6
045200026000,23,-68194,69170,2.3
045200027000,56,-68195,69170,5.6
045200029000,20,-68198,69173,2.0
045200030000,36,-68197,69173,3.6
045200031000,4,-68197,69173,0.4
045200032000,15,-68197,69172,1.5
045200033000,39,-68196,69172,3.9
045200034000,88,-68196,69172,8.8
045200035000,87,-68197,69172,8.7
045200036000,55,-68197,69172,5.5
045200038000,16,-68198,69174,1.6
045200039000,40,-68198,69174,4.0
045200040000,16,-68198,69174,1.6
045200041000,40,-68198,69174,4.0
045220001000,48,-68155,69161,4.8
045220002000,4,-68155,69160,0.4
045220004000,23,-68156,69158,2.3
045220005000,40,-68157,69157,4.0
045220007000,13,-68156,69155,1.3
045220010000,86,-68153,69156,8.6
045220011000,64,-68154,69157,6.4
045220012000,86,-68154,69158,8.6
045220013000,10,-68153,69159,1.0
045220014000,38,-68153,69161,3.8
045220015000,6,-68152,69160,0.6
045220016000,31,-68152,69159,3.1
045220018000,12,-68151,69157,1.2
045220019000,47,-68151,69156,4.7
045220020000,84,-68150,69156,8.4
045220021000,18,-68150,69155,1.8
045220022000,112,-68149,69155,11.2
045220023000,1,-68148,69154,0.1
045220025000,58,-68147,69154,5.8
045220026000,84,-68146,69154,8.4
045220027000,37,-68145,69156,3.7
045220030000,32,-68147,69157,3.2
045220031000,28,-68148,69157,2.8
045220032000,21,-68149,69158,2.1
045220033000,1,-68149,69158,0.1
045220034000,47,-68150,69159,4.7
045240001000,33,-68161,69204,3.3
045240002000,97,-68161,69203,9.7
045240003000,21,-68161,69202,2.1
045240004000,11,-68160,69202,1.1
045240005000,123,-68160,69201,12.3
045240006000,80,-68160,69200,8.0
045240007000,65,-68160,69199,6.5
045240008000,29,-68160,69198,2.9
045240010000,43,-68160,69197,4.3
045240011000,29,-68159,69203,2.9
045240012000,32,-68158,69203,3.2
045240014000,58,-68157,69201,5.8
045240015000,1,-68156,69202,0.1
045240016000,40,-68156,69202,4.0
045240017000,60,-68155,69202,6.0
045240018000,95,-68154,69202,9.5
045240019000,42,-68154,69200,4.2
045240020000,51,-68155,69200,5.1
045240021000,2,-68155,69200,0.2
045240022000,48,-68156,69199,4.8
045240023000,109,-68157,69199,10.9
045240026000,57,-68158,69197,5.7
045240027000,69,-68156,69196,6.9
045240029000,17,-68155,69197,1.7
045240030000,36,-68154,69198,3.6
045250002000,28,-68152,69202,2.8
045250003000,15,-68152,69201,1.5
045250004000,66,-68151,69201,6.6
045250005000,116,-68150,69201,11.6
045250006000,89,-68149,69201,8.9
045250007000,30,-68148,69201,3.0
045250008000,29,-68147,69200,2.9
045250009000,17,-68147,69200,1.7
045250010000,36,-68146,69200,3.6
045250011000,14,-68153,69199,1.4
045250012000,69,-68152,69199,6.9
045250013000,4,-68151,69199,0.4
045250014000,61,-68151,69199,6.1
045250015000,63,-68150,69199,6.3
045250016000,7,-68149,69199,0.7
045250017000,44,-68148,69198,4.4
045250018000,21,-68148,69198,2.1
045250019000,86,-68147,69198,8.6
045250020000,84,-68146,69198,8.4
045250021000,28,-68145,69198,2.8
045250022000,6,-68153,69198,0.6
045250024000,34,-68152,69197,3.4
045250025000,99,-68151,69197,9.9
045250026000,103,-68150,69197,10.3
045250027000,48,-68149,69197,4.8
045250028000,7,-68148,69196,0.7
045250029000,16,-68147,69196,1.6
045250030000,49,-68147,69196,4.9
045250031000,111,-68146,69196,11.1
045260001000,36,-68144,69200,3.6
045260002000,37,-68143,69199,3.7
045260003000,98,-68142,69199,9.8
045260004000,35,-68141,69199,3.5
045260005000,31,-68141,69198,3.1
045260006000,125,-68140,69198,12.5
045260009000,8,-68139,69197,0.8
045260011000,12,-68138,69196,1.2
045260012000,1,-68138,69195,0.1
045260013000,52,-68138,69195,5.2
045260014000,38,-68137,69194,3.8
045260015000,65,-68137,69193,6.5
045260016000,1,-68137,69192,0.1
045260017000,61,-68137,69192,6.1
045260018000,17,-68140,69193,1.7
045260019000,104,-68140,69194,10.4
045260020000,46,-68140,69195,4.6
045260021000,48,-68141,69195,4.8
045260022000,34,-68141,69196,3.4
045260023000,9,-68142,69197,0.9
045260024000,113,-68143,69197,11.3
045260026000,18,-68144,69197,1.8
045260027000,55,-68145,69196,5.5
045260028000,1,-68144,69195,0.1
045260029000,20,-68143,69195,2.0
045260031000,10,-68142,69195,1.0
045260032000,109,-68142,69194,10.9
045260033000,15,-68141,69193,1.5
045270001000,15,-68164,69196,1.5
045270002000,107,-68163,69196,10.7
045270004000,29,-68160,69197,2.9
045270005000,30,-68161,69196,3.0
045270006000,50,-68161,69195,5.0
045270008000,5,-68162,69194,0.5
045270009000,19,-68166,69192,1.9
045270010000,65,-68166,69192,6.5
045270011000,9,-68165,69194,0.9
045270012000,121,-68164,69193,12.1
045270014000,7,-68163,69192,0.7
045270015000,71,-68163,69191,7.1
045270016000,99,-68161,69190,9.9
045270017000,116,-68161,69191,11.6
045270018000,84,-68161,69192,8.4
045270019000,25,-68161,69193,2.5
045270021000,69,-68160,69193,6.9
045270023000,33,-68159,69195,3.3
045270024000,5,-68158,69195,0.5
045270025000,42,-68158,69196,4.2
045270026000,13,-68157,69195,1.3
045270027000,5,-68157,69194,0.5
045270028000,45,-68157,69194,4.5
045270029000,70,-68158,69193,7.0
045270031000,14,-68159,69191,1.4
045270032000,68,-68159,69190,6.8
045270033000,17,-68157,69190,1.7
045270034000,75,-68156,69191,7.5
045270035000,45,-68156,69192,4.5
045270036000,10,-68156,69192,1.0
045270037000,89,-68155,69193,8.9
045270038000,70,-68155,69194,7.0
045270039000,3,-68155,69195,0.3
045270040000,36,-68154,69195,3.6
045280001000,57,-68152,69195,5.7
045280002000,4,-68152,69195,0.4
045280003000,71,-68152,69194,7.1
045280004000,40,-68152,69193,4.0
045280006000,67,-68153,69192,6.7
045280007000,24,-68153,69192,2.4
045280008000,111,-68154,69191,11.1
045280009000,77,-68154,69190,7.7
045280010000,8,-68155,69189,0.8
045280011000,42,-68149,69195,4.2
045280012000,12,-68150,69194,1.2
045280013000,59,-68150,69193,5.9
045280014000,17,-68150,69193,1.7
045280015000,31,-68150,69192,3.1
045280016000,99,-68151,69191,9.9
045280017000,26,-68151,69190,2.6
045280018000,59,-68152,69190,5.9
045280019000,62,-68152,69189,6.2
045280020000,33,-68150,69188,3.3
045280023000,64,-68149,69190,6.4
045280024000,68,-68149,69191,6.8
045280025000,25,-68148,69191,2.5
045280026000,108,-68148,69192,10.8
045280027000,85,-68148,69193,8.5
045280028000,24,-68148,69194,2.4
045280029000,24,-68147,69194,2.4
045280030000,59,-68145,69194,5.9
045280031000,52,-68145,69193,5.2
045280032000,33,-68146,69192,3.3
045280033000,74,-68146,69191,7.4
045280034000,14,-68146,69191,1.4
045280035000,23,-68147,69190,2.3
045280036000,92,-68147,69189,9.2
045280037000,19,-68147,69189,1.9
045280038000,108,-68148,69188,10.8
045280039000,5,-68148,69187,0.5
045290001000,24,-68144,69193,2.4
045290002000,41,-68143,69192,4.1
045290003000,19,-68143,69191,1.9
045290005000,104,-68144,69190,10.4
045290006000,32,-68144,69189,3.2
045290008000,117,-68145,69188,11.7
045290009000,15,-68146,69187,1.5
045290010000,74,-68146,69187,7.4
045290011000,83,-68141,69192,8.3
045290012000,50,-68141,69191,5.0
045290013000,17,-68141,69190,1.7
045290014000,14,-68142,69190,1.4
045290015000,94,-68142,69189,9.4
045290017000,58,-68143,69187,5.8
045290018000,24,-68143,69187,2.4
045290021000,22,-68140,69187,2.2
045290022000,69,-68140,69187,6.9
045290023000,116,-68140,69188,11.6
045290024000,48,-68140,69189,4.8
045290025000,2,-68140,69189,0.2
045290026000,44,-68139,69190,4.4
045290027000,69,-68139,69191,6.9
045290028000,22,-68139,69192,2.2
045290029000,41,-68139,69192,4.1
045290030000,90,-68137,69191,9.0
045290031000,107,-68137,69190,10.7
045290032000,57,-68137,69189,5.7
045290035000,30,-68138,69187,3.0
045290036000,10,-68138,69186,1.0
045290037000,74,-68138,69186,7.4
045290043000,38,-68137,69188,3.8
045300001000,7,-68168,69190,0.7
045300002000,2,-68167,69190,0.2
045300003000,70,-68167,69189,7.0
045300005000,66,-68167,69188,6.6
045300006000,20,-68167,69187,2.0
045300007000,65,-68167,69187,6.5
045300008000,96,-68167,69186,9.6
045300009000,65,-68167,69185,6.5
045300010000,21,-68167,69185,2.1
045300011000,67,-68165,69191,6.7
045300012000,123,-68165,69190,12.3
045300016000,103,-68165,69187,10.3
045300017000,63,-68165,69186,6.3
045300018000,7,-68165,69186,0.7
045300019000,70,-68165,69185,7.0
045300020000,59,-68165,69184,5.9
045300021000,106,-68163,69184,10.6
045300022000,124,-68163,69185,12.4
045300023000,54,-68163,69186,5.4
045300024000,16,-68163,69186,1.6
045300025000,86,-68163,69187,8.6
045300026000,117,-68163,69188,11.7
045300027000,80,-68163,69189,8.0
045300028000,89,-68163,69190,8.9
045300029000,62,-68161,69189,6.2
045300030000,5,-68161,69188,0.5
045300031000,61,-68161,69188,6.1
045300032000,55,-68161,69187,5.5
045300033000,44,-68161,69186,4.4
045300034000,19,-68161,69185,1.9
045300035000,22,-68161,69185,2.2
045300036000,5,-68160,69184,0.5
045300038000,78,-68159,69184,7.8
045300039000,137,-68159,69185,13.7
045300040000,113,-68159,69186,11.3
045300041000,58,-68159,69187,5.8
045300042000,3,-68159,69188,0.3
045300043000,43,-68159,69188,4.3
045300044000,90,-68159,69189,9.0
045310003000,49,-68157,69188,4.9
045310004000,92,-68155,69188,9.2
045310005000,52,-68157,69187,5.2
045310006000,113,-68155,69187,11.3
045310007000,18,-68153,69188,1.8
045310009000,7,-68151,69187,0.7
045310010000,84,-68153,69187,8.4
045310011000,8,-68151,69186,0.8
045310012000,44,-68149,69186,4.4
045310013000,1,-68149,69186,0.1
045310015000,88,-68157,69185,8.8
045310016000,72,-68156,69185,7.2
045310017000,65,-68155,69185,6.5
045310018000,70,-68154,69185,7.0
045310020000,28,-68152,69185,2.8
045310021000,24,-68152,69184,2.4
045310023000,139,-68151,69184,13.9
045310024000,37,-68150,69184,3.7
045310025000,47,-68157,69183,4.7
045310026000,48,-68156,69183,4.8
045310027000,73,-68155,69183,7.3
045310028000,126,-68154,69183,12.6
045310029000,36,-68153,69183,3.6
045310030000,31,-68152,69182,3.1
045310031000,40,-68152,69182,4.0
045310032000,19,-68151,69181,1.9
045310033000,24,-68150,69181,2.4
045310034000,4,-68150,69181,0.4
045320001000,10,-68146,69186,1.0
045320002000,3,-68147,69186,0.3
045320003000,37,-68147,69185,3.7
045320004000,78,-68148,69184,7.8
045320006000,84,-68144,69185,8.4
045320007000,39,-68144,69185,3.9
045320008000,93,-68145,69184,9.3
045320010000,68,-68145,69183,6.8
045320011000,13,-68144,69183,1.3
045320012000,4,-68144,69182,0.4
045320014000,142,-68142,69183,14.2
045320015000,69,-68141,69184,6.9
045320017000,22,-68141,69185,2.2
045320019000,35,-68149,69183,3.5
045320020000,3,-68149,69182,0.3
045320021000,73,-68148,69182,7.3
045320022000,40,-68148,69182,4.0
045320023000,106,-68147,69181,10.6
045320024000,32,-68146,69181,3.2
045320025000,6,-68146,69180,0.6
045320026000,74,-68145,69180,7.4
045320027000,99,-68144,69180,9.9
045320028000,34,-68143,69180,3.4
045320029000,99,-68143,69179,9.9
045320030000,1,-68140,69179,0.1
045320031000,45,-68140,69179,4.5
045320032000,60,-68141,69181,6.0
045320033000,45,-68140,69182,4.5
045320034000,83,-68139,69183,8.3
045320036000,56,-68138,69184,5.6
045330001000,106,-68167,69184,10.6
045330002000,109,-68167,69183,10.9
045330005000,0,-68167,69182,0.0
045330006000,68,-68167,69181,6.8
045330007000,78,-68167,69180,7.8
045330008000,30,-68168,69179,3.0
045330009000,81,-68168,69179,8.1
045330010000,68,-68168,69178,6.8
045330011000,62,-68166,69177,6.2
045330012000,34,-68166,69178,3.4
045330013000,75,-68165,69179,7.5
045330015000,18,-68165,69181,1.8
045330016000,27,-68165,69181,2.7
045330017000,41,-68165,69182,4.1
045330018000,45,-68165,69183,4.5
045330019000,44,-68163,69183,4.4
045330021000,61,-68163,69182,6.1
045330022000,0,-68163,69182,0.0
045330023000,52,-68163,69181,5.2
045330024000,111,-68163,69180,11.1
045330025000,65,-68163,69179,6.5
045330026000,35,-68164,69178,3.5
045330027000,32,-68164,69178,3.2
045330028000,10,-68164,69177,1.0
045330029000,94,-68162,69176,9.4
045330030000,94,-68162,69177,9.4
045330031000,15,-68161,69177,1.5
045330032000,107,-68161,69178,10.7
045330033000,78,-68161,69179,7.8
045330034000,18,-68161,69180,1.8
045330038000,18,-68159,69183,1.8
045330039000,8,-68158,69182,0.8
045330040000,21,-68159,69181,2.1
045330041000,12,-68159,69180,1.2
045330042000,40,-68159,69179,4.0
045330043000,90,-68159,69178,9.0
045330044000,9,-68160,69177,0.9
045330045000,1,-68160,69177,0.1
045340002000,79,-68156,69181,7.9
045340003000,59,-68155,69181,5.9
045340004000,10,-68154,69180,1.0
045340005000,32,-68154,69180,3.2
045340006000,89,-68153,69180,8.9
045340007000,60,-68152,69179,6.0
045340008000,59,-68152,69179,5.9
045340009000,38,-68151,69178,3.8
045340011000,11,-68156,69178,1.1
045340012000,90,-68155,69178,9.0
045340014000,38,-68154,69178,3.8
045340015000,14,-68154,69178,1.4
045340016000,130,-68153,69177,13.0
045340017000,23,-68152,69176,2.3
045340018000,64,-68152,69176,6.4
045340019000,6,-68151,69175,0.6
045340021000,103,-68151,69173,10.3
045340022000,4,-68158,69176,0.4
045340024000,65,-68156,69176,6.5
045340025000,29,-68156,69176,2.9
045340026000,33,-68155,69175,3.3
045340027000,66,-68154,69175,6.6
045340029000,20,-68154,69174,2.0
045350002000,36,-68149,69180,3.6
045350003000,111,-68148,69179,11.1
045350005000,78,-68147,69178,7.8
045350006000,99,-68147,69177,9.9
045350007000,2,-68146,69176,0.2
045350008000,0,-68146,69175,0.0
045350009000,25,-68151,69178,2.5
045350010000,8,-68150,69177,0.8
045350011000,35,-68149,69177,3.5
045350012000,131,-68149,69176,13.1
045350013000,58,-68149,69175,5.8
045350014000,20,-68148,69175,2.0
045350015000,43,-68148,69174,4.3
045350016000,18,-68145,69174,1.8
045350017000,38,-68145,69173,3.8
045350018000,119,-68143,69173,11.9
045350019000,22,-68143,69174,2.2
045350020000,61,-68144,69175,6.1
045350021000,23,-68144,69176,2.3
045350025000,4,-68140,69178,0.4
045350026000,37,-68141,69177,3.7
045350027000,56,-68141,69176,5.6
045350028000,19,-68141,69176,1.9
045350029000,99,-68141,69175,9.9
045350031000,30,-68141,69173,3.0
045350032000,11,-68141,69173,1.1
045360001000,7,-68169,69177,0.7
045360002000,98,-68169,69177,9.8
045360003000,101,-68169,69176,10.1
045360004000,5,-68169,69175,0.5
045360005000,38,-68170,69175,3.8
045360008000,45,-68170,69173,4.5
045360009000,18,-68170,69172,1.8
045360010000,97,-68168,69171,9.7
045360011000,121,-68168,69172,12.1
045360012000,89,-68168,69173,8.9
045360013000,23,-68167,69174,2.3
045360014000,75,-68167,69175,7.5
045360015000,34,-68167,69176,3.4
045360016000,13,-68166,69176,1.3
045360017000,105,-68165,69176,10.5
045360019000,27,-68166,69174,2.7
045360021000,41,-68166,69173,4.1
045360023000,24,-68166,69171,2.4
045360024000,16,-68167,69170,1.6
045360025000,27,-68165,69170,2.7
045360026000,11,-68164,69171,1.1
045360027000,79,-68164,69172,7.9
045360028000,51,-68164,69173,5.1
045360029000,8,-68164,69174,0.8
045360030000,67,-68163,69174,6.7
045360031000,114,-68163,69175,11.4
045360032000,8,-68163,69176,0.8
045360033000,56,-68160,69176,5.6
045360034000,61,-68161,69175,6.1
045360035000,48,-68161,69174,4.8
045360036000,8,-68162,69174,0.8
045360038000,36,-68162,69172,3.6
045360040000,20,-68162,69169,2.0
045370001000,22,-68159,69175,2.2
045370002000,13,-68158,69175,1.3
045370003000,123,-68157,69174,12.3
045370004000,28,-68156,69174,2.8
045370005000,45,-68156,69173,4.5
045370006000,45,-68155,69172,4.5
045370007000,42,-68155,69171,4.2
045370008000,6,-68154,69171,0.6
045370009000,43,-68153,69171,4.3
045370010000,2,-68154,69172,0.2
045370011000,66,-68151,69172,6.6
045370012000,20,-68151,69171,2.0
045370013000,41,-68151,69170,4.1
045370014000,44,-68160,69173,4.4
045370015000,35,-68159,69172,3.5
045370016000,96,-68158,69172,9.6
045370017000,45,-68158,69171,4.5
045370018000,68,-68157,69170,6.8
045370019000,15,-68157,69169,1.5
045370020000,111,-68156,69169,11.1
045370021000,10,-68155,69168,1.0
045370022000,27,-68154,69168,2.7
045370024000,8,-68153,69169,0.8
045370026000,14,-68156,69166,1.4
045370027000,83,-68156,69166,8.3
045370028000,3,-68157,69167,0.3
045370029000,14,-68157,69167,1.4
045370030000,29,-68158,69168,2.9
045370031000,9,-68158,69168,0.9
045370032000,112,-68159,69169,11.2
045370033000,83,-68159,69170,8.3
045370034000,29,-68160,69171,2.9
045370035000,63,-68161,69169,6.3
045370036000,129,-68161,69168,12.9
045370037000,43,-68161,69167,4.3
045380001000,37,-68145,69173,3.7
045380002000,17,-68145,69172,1.7
045380003000,61,-68144,69171,6.1
045380005000,45,-68143,69172,4.5
045380006000,0,-68147,69172,0.0
045380007000,44,-68147,69172,4.4
045380008000,75,-68147,69171,7.5
045380009000,15,-68146,69170,1.5
045380010000,53,-68146,69169,5.3
045380011000,88,-68145,69169,8.8
045380012000,23,-68144,69169,2.3
045380013000,55,-68143,69169,5.5
045380014000,39,-68142,69169,3.9
045380016000,9,-68150,69169,0.9
045380019000,20,-68152,69167,2.0
045390001000,41,-68170,69171,4.1
045390003000,128,-68170,69169,12.8
045390006000,120,-68165,69169,12.0
045390007000,19,-68166,69168,1.9
045390008000,25,-68166,69168,2.5
045390009000,23,-68167,69168,2.3
045390010000,75,-68168,69167,7.5
045390011000,101,-68169,69167,10.1
045390012000,32,-68173,69166,3.2
045390013000,87,-68173,69165,8.7
045390014000,118,-68173,69164,11.8
045390015000,30,-68173,69163,3.0
045390016000,10,-68173,69163,1.0
045390017000,16,-68176,69163,1.6
045390018000,1,-68176,69165,0.1
045390019000,13,-68177,69165,1.3
045390020000,61,-68177,69166,6.1
045400001000,16,-68176,69162,1.6
045400003000,19,-68177,69161,1.9
045400004000,97,-68177,69160,9.7
045400005000,76,-68177,69159,7.6
045400006000,44,-68174,69162,4.4
045400008000,36,-68174,69161,3.6
045400009000,93,-68174,69160,9.3
045400010000,61,-68174,69159,6.1
045400011000,7,-68175,69159,0.7
045400012000,109,-68175,69158,10.9
045400013000,6,-68175,69157,0.6
045400014000,70,-68176,69157,7.0
045400015000,1,-68178,69157,0.1
045400016000,18,-68178,69157,1.8
045400017000,38,-68171,69161,3.8
045400018000,24,-68171,69161,2.4
045400019000,30,-68172,69160,3.0
045400020000,63,-68172,69159,6.3
045400021000,21,-68172,69159,2.1
045400022000,85,-68172,69158,8.5
045400023000,4,-68173,69157,0.4
045400024000,78,-68173,69156,7.8
045400025000,31,-68174,69156,3.1
045400026000,53,-68174,69155,5.3
045400027000,55,-68175,69155,5.5
045400028000,41,-68176,69154,4.1
045400029000,47,-68177,69154,4.7
045400030000,7,-68178,69155,0.7
045400031000,71,-68179,69155,7.1
045400032000,85,-68180,69155,8.5
045410001000,29,-68160,69167,2.9
045410002000,103,-68160,69166,10.3
045410003000,47,-68159,69165,4.7
045410004000,49,-68159,69165,4.9
045410005000,102,-68158,69164,10.2
045410006000,82,-68157,69164,8.2
045410007000,45,-68156,69163,4.5
045410008000,38,-68156,69162,3.8
045410009000,43,-68155,69165,4.3
045410010000,119,-68154,69164,11.9
045410011000,55,-68154,69163,5.5
045410012000,16,-68153,69162,1.6
045410014000,127,-68152,69162,12.7
045410015000,80,-68152,69163,8.0
045410016000,48,-68152,69164,4.8
045410017000,69,-68152,69165,6.9
045410018000,3,-68152,69166,0.3
045410019000,56,-68149,69166,5.6
045410020000,48,-68149,69165,4.8
045410021000,6,-68149,69164,0.6
045410022000,48,-68150,69163,4.8
045410023000,6,-68150,69162,0.6
045410024000,28,-68150,69162,2.8
045430001000,115,-68232,69248,11.5
045430002000,46,-68231,69248,4.6
045430003000,19,-68231,69249,1.9
045430004000,85,-68230,69249,8.5
045430005000,98,-68229,69249,9.8
045430006000,33,-68228,69249,3.3
045430007000,11,-68228,69249,1.1
045430008000,55,-68227,69249,5.5
045430009000,129,-68226,69249,12.9
045430010000,76,-68225,69249,7.6
045430011000,19,-68225,69249,1.9
045430013000,39,-68223,69248,3.9
045430014000,3,-68223,69248,0.3
045430015000,98,-68222,69248,9.8
045430016000,108,-68221,69248,10.8
045430017000,13,-68220,69248,1.3
045430018000,47,-68232,69246,4.7
045430019000,22,-68231,69245,2.2
045430020000,67,-68231,69245,6.7
045430021000,138,-68231,69244,13.8
045430023000,20,-68230,69246,2.0
045430024000,29,-68229,69247,2.9
045430025000,116,-68228,69247,11.6
045430026000,76,-68227,69247,7.6
045430027000,3,-68227,69247,0.3
045430028000,0,-68226,69246,0.0
045430029000,54,-68225,69246,5.4
045430030000,57,-68224,69246,5.7
045430031000,23,-68224,69246,2.3
045430032000,85,-68223,69246,8.5
045430033000,31,-68222,69246,3.1
045430034000,17,-68221,69245,1.7
045430035000,69,-68222,69244,6.9
045430036000,49,-68223,69244,4.9
045430037000,30,-68223,69244,3.0
045430038000,73,-68224,69244,7.3
045430039000,20,-68225,69244,2.0
045430040000,30,-68226,69245,3.0
045430041000,23,-68226,69245,2.3
045430042000,55,-68227,69245,5.5
045430043000,100,-68228,69245,10.0
045430044000,42,-68229,69245,4.2
045440001000,32,-68231,69243,3.2
045440002000,29,-68230,69242,2.9
045440003000,59,-68230,69241,5.9
045440004000,35,-68230,69241,3.5
045440005000,87,-68230,69240,8.7
045440006000,25,-68230,69239,2.5
045440007000,19,-68229,69239,1.9
045440009000,9,-68229,69237,0.9
045440010000,56,-68229,69237,5.6
045440011000,25,-68229,69236,2.5
045440012000,70,-68226,69235,7.0
045440013000,125,-68226,69236,12.5
045440014000,37,-68226,69237,3.7
045440015000,56,-68226,69237,5.6
045440016000,5,-68227,69238,0.5
045440017000,71,-68227,69239,7.1
045440018000,120,-68227,69240,12.0
045440019000,39,-68227,69241,3.9
045440020000,3,-68228,69241,0.3
045440021000,64,-68228,69242,6.4
045440022000,86,-68228,69243,8.6
045440023000,64,-68226,69242,6.4
045440024000,103,-68225,69242,10.3
045440025000,54,-68224,69242,5.4
045440026000,5,-68224,69242,0.5
045440027000,44,-68223,69241,4.4
045440028000,86,-68222,69241,8.6
045440029000,8,-68222,69241,0.8
045440030000,103,-68221,69241,10.3
045440031000,61,-68220,69241,6.1
045450001000,10,-68225,69235,1.0
045450002000,148,-68225,69234,14.8
045450003000,2,-68224,69234,0.2
045450004000,112,-68224,69233,11.2
045450005000,52,-68223,69233,5.2
045450006000,75,-68223,69232,7.5
045450007000,94,-68222,69232,9.4
045450009000,131,-68221,69231,13.1
045450010000,16,-68221,69230,1.6
045450011000,36,-68220,69230,3.6
045450013000,94,-68219,69231,9.4
045450014000,71,-68219,69232,7.1
045450015000,15,-68219,69232,1.5
045450016000,8,-68219,69233,0.8
045450017000,42,-68228,69235,4.2
045450018000,64,-68228,69234,6.4
045450020000,59,-68227,69233,5.9
045450021000,78,-68227,69232,7.8
045450022000,44,-68226,69232,4.4
045450023000,7,-68225,69231,0.7
045450024000,57,-68225,69231,5.7
045450025000,77,-68224,69230,7.7
045450026000,42,-68224,69230,4.2
045450027000,56,-68223,69229,5.6
045450028000,20,-68222,69229,2.0
045450029000,53,-68222,69228,5.3
045450030000,102,-68221,69228,10.2
045450031000,87,-68220,69226,8.7
045450032000,43,-68219,69227,4.3
045450034000,96,-68219,69228,9.6
045450035000,68,-68218,69228,6.8
045460001000,52,-68216,69232,5.2
045460002000,33,-68217,69231,3.3
045460003000,10,-68217,69231,1.0
045460004000,95,-68217,69230,9.5
045460005000,6,-68217,69229,0.6
045460006000,70,-68217,69226,7.0
045460007000,33,-68216,69227,3.3
045460008000,36,-68216,69228,3.6
045460009000,39,-68216,69228,3.9
045460010000,35,-68215,69229,3.5
045460012000,87,-68215,69230,8.7
045460014000,40,-68214,69232,4.0
045460015000,9,-68211,69234,0.9
045460017000,36,-68209,69233,3.6
045460018000,95,-68209,69233,9.5
045460019000,34,-68208,69232,3.4
045460021000,9,-68207,69232,0.9
045460022000,30,-68207,69231,3.0
045460023000,51,-68206,69231,5.1
045460024000,7,-68205,69230,0.7
045460026000,95,-68212,69232,9.5
045460027000,102,-68211,69232,10.2
045460028000,18,-68210,69231,1.8
045460029000,41,-68210,69231,4.1
045460030000,17,-68209,69230,1.7
045460031000,39,-68208,69230,3.9
045460032000,65,-68208,69229,6.5
045460033000,49,-68207,69229,4.9
045460034000,116,-68207,69228,11.6
045460035000,0,-68206,69228,0.0
045460036000,126,-68206,69227,12.6
045460037000,32,-68206,69226,3.2
045460038000,77,-68205,69226,7.7
045460039000,116,-68213,69230,11.6
045460041000,17,-68212,69229,1.7
045460042000,141,-68211,69229,14.1
045460043000,15,-68210,69229,1.5
045460044000,129,-68210,69228,12.9
045460045000,5,-68209,69227,0.5
045460046000,90,-68209,69227,9.0
045460047000,39,-68209,69226,3.9
045460048000,46,-68208,69226,4.6
045460049000,93,-68214,69228,9.3
045460051000,67,-68212,69227,6.7
045460052000,36,-68212,69227,3.6
045460053000,126,-68211,69226,12.6
045470001000,9,-68219,69241,0.9
045470004000,12,-68217,69240,1.2
045470005000,128,-68217,69239,12.8
045470006000,75,-68217,69238,7.5
045470007000,100,-68217,69237,10.0
045470008000,12,-68217,69236,1.2
045470009000,9,-68217,69236,0.9
045470010000,71,-68218,69235,7.1
045470011000,15,-68218,69234,1.5
045470012000,71,-68218,69234,7.1
045470013000,54,-68216,69233,5.4
045470014000,32,-68216,69233,3.2
045470015000,6,-68215,69234,0.6
045470016000,91,-68215,69235,9.1
045470017000,27,-68215,69236,2.7
045470018000,13,-68215,69236,1.3
045470019000,40,-68214,69237,4.0
045470020000,2,-68215,69238,0.2
045470021000,42,-68215,69239,4.2
045470022000,56,-68212,69238,5.6
045470023000,43,-68212,69237,4.3
045470024000,12,-68212,69236,1.2
045470026000,63,-68212,69235,6.3
045470027000,73,-68213,69235,7.3
045470029000,71,-68214,69233,7.1
045470030000,0,-68214,69232,0.0
045480001000,8,-68220,69248,0.8
045480003000,29,-68218,69247,2.9
045480005000,106,-68217,69247,10.6
045480006000,44,-68216,69247,4.4
045480007000,5,-68216,69247,0.5
045480008000,46,-68215,69246,4.6
045480010000,4,-68213,69246,0.4
045480011000,45,-68213,69246,4.5
045480012000,111,-68212,69245,11.1
045480013000,1,-68211,69245,0.1
045480014000,114,-68211,69244,11.4
045480015000,16,-68210,69244,1.6
045480016000,81,-68210,69243,8.1
045480017000,20,-68209,69243,2.0
045480019000,36,-68208,69242,3.6
045480020000,44,-68221,69245,4.4
045480021000,115,-68220,69245,11.5
045480022000,112,-68219,69245,11.2
045480023000,54,-68218,69245,5.4
045480024000,3,-68218,69244,0.3
045480025000,60,-68217,69244,6.0
045480026000,122,-68216,69244,12.2
045480027000,83,-68215,69244,8.3
045480028000,8,-68215,69244,0.8
045480030000,10,-68221,69244,1.0
045480031000,47,-68220,69243,4.7
045480032000,11,-68220,69243,1.1
045480035000,14,-68217,69243,1.4
045480036000,80,-68216,69242,8.0
045480037000,3,-68216,69241,0.3
045480038000,38,-68212,69242,3.8
045480039000,26,-68213,69242,2.6
045480040000,113,-68213,69241,11.3
045480041000,2,-68214,69240,0.2
045480042000,77,-68214,69240,7.7
045480044000,99,-68212,69239,9.9
045480045000,92,-68212,69240,9.2
045480046000,2,-68211,69241,0.2
045480047000,61,-68211,69241,6.1
045480050000,66,-68219,69243,6.6
045490001000,49,-68208,69241,4.9
045490003000,22,-68207,69240,2.2
045490004000,124,-68206,69240,12.4
045490005000,44,-68205,69240,4.4
045490010000,48,-68202,69238,4.8
045490012000,58,-68201,69237,5.8
045490013000,13,-68210,69240,1.3
045490017000,63,-68207,69238,6.3
045490018000,30,-68206,69237,3.0
045490019000,46,-68206,69237,4.6
045490020000,79,-68205,69237,7.9
045490021000,11,-68204,69236,1.1
045490022000,84,-68204,69236,8.4
045490023000,26,-68203,69235,2.6
045490024000,74,-68203,69235,7.4
045490025000,15,-68202,69234,1.5
045490026000,64,-68202,69234,6.4
045490029000,91,-68210,69238,9.1
045490030000,130,-68210,69237,13.0
045490031000,60,-68210,69236,6.0
045490032000,5,-68210,69235,0.5
045490033000,50,-68208,69235,5.0
045490035000,6,-68207,69234,0.6
045490036000,26,-68206,69234,2.6
045490037000,36,-68206,69234,3.6
045490038000,63,-68205,69233,6.3
045490039000,69,-68205,69233,6.9
045490040000,51,-68204,69232,5.1
045490041000,33,-68204,69232,3.3
045490042000,9,-68203,69231,0.9
045500001000,76,-68205,69225,7.6
045500002000,29,-68204,69225,2.9
045500004000,8,-68204,69224,0.8
045500005000,88,-68208,69225,8.8
045500007000,131,-68207,69224,13.1
045500008000,11,-68207,69223,1.1
045500009000,87,-68206,69223,8.7
045500010000,55,-68206,69222,5.5
045500011000,24,-68205,69222,2.4
045500012000,85,-68205,69221,8.5
045500013000,26,-68207,69220,2.6
045500014000,34,-68207,69220,3.4
045500015000,2,-68207,69221,0.2
045500016000,37,-68208,69222,3.7
045500017000,35,-68208,69222,3.5
045500018000,99,-68209,69223,9.9
045500019000,8,-68209,69223,0.8
045500020000,66,-68210,69224,6.6
045500021000,62,-68210,69225,6.2
045500022000,33,-68211,69225,3.3
045500023000,48,-68215,69226,4.8
045500024000,50,-68214,69225,5.0
045500025000,49,-68213,69225,4.9
045500027000,16,-68212,69224,1.6
045500028000,142,-68212,69223,14.2
045500029000,13,-68212,69222,1.3
045500030000,101,-68211,69222,10.1
045500031000,54,-68211,69221,5.4
045500033000,64,-68210,69220,6.4
045500034000,30,-68209,69219,3.0
045510001000,44,-68204,69220,4.4
045510002000,72,-68204,69220,7.2
045510003000,18,-68203,69219,1.8
045510005000,30,-68202,69218,3.0
045510006000,44,-68202,69217,4.4
045510007000,104,-68201,69217,10.4
045510008000,24,-68199,69216,2.4
045510009000,64,-68200,69215,6.4
045510010000,57,-68201,69215,5.7
045510011000,108,-68202,69214,10.8
045510012000,22,-68203,69214,2.2
045510013000,124,-68204,69215,12.4
045510014000,6,-68205,69216,0.6
045510015000,83,-68205,69217,8.3
045510016000,25,-68205,69218,2.5
045510017000,50,-68206,69218,5.0
045510018000,100,-68206,69219,10.0
045510020000,90,-68208,69218,9.0
045510021000,96,-68208,69217,9.6
045510022000,14,-68207,69216,1.4
045510023000,41,-68207,69216,4.1
045510024000,46,-68207,69215,4.6
045510027000,43,-68205,69213,4.3
045510028000,91,-68204,69212,9.1
045510029000,79,-68203,69212,7.9
045510031000,31,-68200,69212,3.1
045510032000,92,-68199,69213,9.2
045510034000,32,-68197,69214,3.2
045510035000,10,-68197,69214,1.0
045520001000,31,-68196,69226,3.1
045520002000,129,-68195,69225,12.9
045520003000,71,-68194,69224,7.1
045520004000,48,-68194,69223,4.8
045520005000,9,-68193,69223,0.9
045520006000,99,-68192,69223,9.9
045520012000,39,-68200,69226,3.9
045520013000,89,-68199,69225,8.9
045520014000,50,-68198,69225,5.0
045520015000,11,-68197,69224,1.1
045520018000,39,-68196,69221,3.9
045520019000,75,-68197,69221,7.5
045520020000,86,-68198,69220,8.6
045520024000,8,-68201,69221,0.8
045520025000,79,-68202,69221,7.9
045520027000,35,-68203,69222,3.5
045520029000,107,-68196,69218,10.7
045520030000,78,-68195,69219,7.8
045520031000,4,-68194,69220,0.4
045530001000,106,-68192,69232,10.6
045530004000,10,-68194,69230,1.0
045530005000,56,-68194,69231,5.6
045530007000,20,-68195,69233,2.0
045530008000,110,-68196,69233,11.0
045530009000,16,-68196,69233,1.6
045530010000,22,-68198,69233,2.2
045530011000,31,-68198,69232,3.1
045530012000,65,-68198,69232,6.5
045530013000,54,-68197,69231,5.4
045530014000,118,-68196,69231,11.8
045530016000,56,-68201,69232,5.6
045530017000,23,-68200,69232,2.3
045530018000,137,-68200,69231,13.7
045530019000,29,-68199,69230,2.9
045530020000,12,-68199,69230,1.2
045530022000,85,-68197,69229,8.5
045530023000,61,-68196,69229,6.1
045530024000,0,-68196,69229,0.0
045530025000,7,-68195,69229,0.7
045530026000,20,-68194,69228,2.0
045530027000,29,-68193,69228,2.9
045530028000,58,-68193,69228,5.8
045530029000,99,-68192,69228,9.9
045530034000,59,-68200,69229,5.9
045530035000,10,-68200,69229,1.0
045530036000,119,-68201,69230,11.9
045530038000,77,-68202,69231,7.7
045530039000,36,-68204,69229,3.6
045530040000,88,-68204,69229,8.8
045530041000,6,-68203,69229,0.6
045530042000,52,-68203,69228,5.2
045540001000,4,-68190,69237,0.4
045540003000,32,-68191,69237,3.2
045540004000,45,-68191,69238,4.5
045540005000,33,-68192,69238,3.3
045540007000,34,-68193,69239,3.4
045540008000,28,-68193,69240,2.8
045540009000,8,-68194,69240,0.8
045540011000,121,-68196,69241,12.1
045540012000,64,-68197,69241,6.4
045540013000,72,-68198,69240,7.2
045540014000,15,-68198,69240,1.5
045540015000,46,-68199,69239,4.6
045540017000,95,-68199,69237,9.5
045540018000,6,-68201,69236,0.6
045540020000,11,-68198,69236,1.1
045540022000,79,-68199,69234,7.9
045540023000,83,-68198,69235,8.3
045540024000,37,-68199,69234,3.7
045540025000,25,-68197,69235,2.5
045540026000,111,-68197,69234,11.1
045540027000,96,-68192,69233,9.6
045540028000,56,-68193,69234,5.6
045540029000,10,-68194,69234,1.0
045540030000,75,-68194,69235,7.5
045540031000,39,-68195,69235,3.9
045540032000,89,-68195,69236,8.9
045540033000,54,-68196,69236,5.4
045540034000,54,-68196,69237,5.4
045540035000,62,-68197,69238,6.2
045540036000,69,-68196,69239,6.9
045540037000,90,-68195,69238,9.0
045540039000,128,-68194,69237,12.8
045540040000,13,-68193,69237,1.3
045540041000,108,-68193,69236,10.8
045540043000,74,-68192,69235,7.4
045550002000,90,-68190,69219,9.0
045550004000,33,-68189,69217,3.3
045550007000,22,-68191,69216,2.2
045550008000,71,-68192,69217,7.1
045550009000,62,-68193,69217,6.2
045550010000,14,-68194,69217,1.4
045550011000,8,-68196,69215,0.8
045550012000,52,-68195,69215,5.2
045550013000,28,-68194,69215,2.8
045550014000,84,-68193,69214,8.4
045550022000,34,-68186,69216,3.4
045550023000,52,-68186,69217,5.2
045550024000,36,-68186,69218,3.6
045550025000,27,-68187,69219,2.7
045580001000,14,-68189,69236,1.4
045580002000,68,-68188,69237,6.8
045580003000,61,-68187,69237,6.1
045580004000,26,-68187,69238,2.6
045580005000,111,-68186,69238,11.1
045580006000,113,-68185,69238,11.3
045580007000,48,-68184,69238,4.8
045580008000,15,-68184,69238,1.5
045580009000,60,-68183,69238,6.0
045580010000,74,-68182,69238,7.4
045580012000,11,-68180,69237,1.1
045580013000,94,-68179,69237,9.4
045580015000,109,-68178,69236,10.9
045580018000,1,-68178,69233,0.1
045580019000,33,-68178,69233,3.3
045580026000,122,-68183,69236,12.2
045580028000,13,-68184,69236,1.3
045580029000,11,-68188,69234,1.1
045580030000,38,-68188,69234,3.8
045580031000,61,-68188,69233,6.1
045580032000,23,-68187,69232,2.3
045580033000,1,-68186,69235,0.1
045580034000,66,-68186,69235,6.6
045580036000,51,-68185,69233,5.1
045580037000,46,-68185,69233,4.6
045580041000,120,-68182,69232,12.0
045580042000,119,-68181,69232,11.9
045580043000,57,-68180,69232,5.7
045580044000,19,-68180,69231,1.9
045580045000,94,-68179,69231,9.4
045580048000,43,-68184,69232,4.3
045580049000,78,-68183,69232,7.8
045590001000,64,-68178,69230,6.4
045590002000,10,-68178,69229,1.0
045590004000,9,-68175,69228,0.9
045590005000,31,-68176,69229,3.1
045590006000,60,-68176,69229,6.0
045590009000,32,-68176,69231,3.2
045590010000,26,-68176,69232,2.6
045590011000,76,-68177,69233,7.6
045590012000,105,-68176,69235,10.5
045590013000,36,-68175,69235,3.6
045590014000,91,-68175,69234,9.1
045590016000,29,-68174,69232,2.9
045590017000,45,-68174,69232,4.5
045590018000,61,-68174,69231,6.1
045590019000,11,-68174,69230,1.1
045590020000,3,-68173,69230,0.3
045590022000,105,-68173,69228,10.5
045590023000,107,-68173,69227,10.7
045590024000,35,-68171,69228,3.5
045590028000,69,-68171,69231,6.9
045590029000,86,-68171,69232,8.6
045590032000,38,-68168,69231,3.8
045590033000,30,-68169,69230,3.0
045590037000,24,-68168,69228,2.4
045590038000,102,-68168,69229,10.2
045590039000,17,-68167,69229,1.7
045590040000,63,-68167,69230,6.3
045590041000,47,-68166,69230,4.7
045590042000,22,-68165,69231,2.2
045590043000,80,-68165,69231,8.0
045590044000,77,-68165,69228,7.7
045590045000,9,-68165,69228,0.9
045590046000,50,-68166,69227,5.0
045590055000,97,-68176,69230,9.7
045600001000,5,-68161,69232,0.5
045600002000,36,-68161,69232,3.6
045600003000,96,-68162,69232,9.6
045600004000,57,-68163,69232,5.7
045600005000,33,-68163,69232,3.3
045600006000,21,-68164,69231,2.1
045600007000,42,-68164,69229,4.2
045600008000,10,-68164,69229,1.0
045600009000,57,-68163,69229,5.7
045600011000,34,-68161,69230,3.4
045600012000,47,-68161,69230,4.7
045600013000,91,-68160,69230,9.1
045600014000,34,-68159,69230,3.4
045600015000,26,-68159,69231,2.6
045600016000,77,-68158,69231,7.7
045600018000,6,-68154,69228,0.6
045600019000,18,-68154,69229,1.8
045600020000,54,-68155,69229,5.4
045600022000,29,-68157,69229,2.9
045600023000,20,-68157,69229,2.0
045600024000,34,-68158,69228,3.4
045600026000,33,-68160,69228,3.3
045600027000,4,-68160,69228,0.4
045600028000,88,-68161,69227,8.8
045600029000,12,-68162,69227,1.2
045600030000,23,-68162,69227,2.3
045600032000,0,-68164,69226,0.0
045600033000,25,-68159,69225,2.5
045600034000,8,-68159,69226,0.8
045600035000,114,-68158,69226,11.4
045600036000,39,-68157,69226,3.9
045600037000,40,-68157,69226,4.0
045600038000,63,-68156,69226,6.3
045600039000,78,-68155,69226,7.8
045600040000,25,-68154,69226,2.5
045610001000,11,-68187,69231,1.1
045610002000,90,-68186,69231,9.0
045610003000,12,-68185,69230,1.2
045610004000,32,-68184,69230,3.2
045610005000,7,-68183,69230,0.7
045610006000,40,-68183,69230,4.0
045610007000,29,-68182,69230,2.9
045610008000,63,-68181,69229,6.3
045610009000,23,-68180,69229,2.3
045610011000,71,-68180,69228,7.1
045610012000,2,-68180,69228,0.2
045610013000,64,-68179,69227,6.4
045610014000,140,-68179,69226,14.0
045610015000,19,-68179,69225,1.9
045610016000,89,-68179,69223,8.9
045610017000,4,-68179,69223,0.4
045610018000,7,-68180,69225,0.7
045610020000,49,-68181,69226,4.9
045610021000,93,-68182,69226,9.3
045610022000,35,-68182,69227,3.5
045610024000,4,-68184,69227,0.4
045610025000,87,-68184,69228,8.7
045610026000,69,-68185,69228,6.9
045610027000,1,-68186,69229,0.1
045610028000,100,-68186,69229,10.0
045610029000,74,-68187,69229,7.4
045610030000,5,-68188,69230,0.5
045610031000,76,-68188,69230,7.6
045610032000,128,-68189,69230,12.8
045610033000,40,-68190,69230,4.0
045610034000,38,-68190,69230,3.8
045610035000,105,-68191,69228,10.5
045610036000,84,-68190,69228,8.4
045610037000,12,-68189,69228,1.2
045610038000,44,-68189,69227,4.4
045610039000,119,-68188,69227,11.9
045610041000,2,-68187,69227,0.2
045610042000,98,-68186,69226,9.8
045610043000,10,-68186,69226,1.0
045610044000,23,-68185,69225,2.3
045610045000,50,-68184,69225,5.0
045610046000,11,-68184,69225,1.1
045620001000,20,-68177,69228,2.0
045620002000,12,-68177,69227,1.2
045620003000,15,-68177,69226,1.5
045620004000,6,-68176,69225,0.6
045620005000,10,-68176,69223,1.0
045620006000,1,-68177,69222,0.1
045620008000,89,-68173,69220,8.9
045620009000,46,-68173,69221,4.6
045620010000,9,-68172,69222,0.9
045620011000,29,-68172,69223,2.9
045620012000,121,-68173,69223,12.1
045620013000,4,-68174,69224,0.4
045620015000,79,-68175,69225,7.9
045620016000,87,-68175,69226,8.7
045620017000,5,-68175,69227,0.5
045620018000,58,-68175,69227,5.8
045620019000,46,-68173,69226,4.6
045620020000,25,-68172,69225,2.5
045620021000,88,-68172,69225,8.8
045620022000,0,-68171,69225,0.0
045620023000,51,-68168,69226,5.1
045620024000,100,-68168,69225,10.0
045620025000,108,-68169,69224,10.8
045620026000,55,-68169,69223,5.5
045620027000,17,-68170,69222,1.7
045620028000,68,-68170,69222,6.8
045620030000,45,-68170,69220,4.5
045620031000,7,-68170,69219,0.7
045620032000,47,-68168,69219,4.7
045620033000,70,-68168,69220,7.0
045620034000,9,-68168,69220,0.9
045620035000,7,-68168,69221,0.7
045620036000,104,-68167,69222,10.4
045630001000,53,-68164,69225,5.3
045630002000,65,-68165,69225,6.5
045630003000,59,-68165,69224,5.9
045630004000,71,-68166,69224,7.1
045630005000,62,-68166,69223,6.2
045630006000,3,-68167,69223,0.3
045630007000,8,-68165,69220,0.8
045630008000,51,-68165,69221,5.1
045630010000,69,-68164,69222,6.9
045630011000,12,-68164,69222,1.2
045630012000,79,-68163,69223,7.9
045630013000,14,-68163,69223,1.4
045630014000,115,-68162,69224,11.5
045630015000,24,-68161,69224,2.4
045630016000,26,-68161,69225,2.6
045630017000,121,-68160,69225,12.1
045630018000,138,-68155,69224,13.8
045630019000,69,-68156,69224,6.9
045630022000,22,-68158,69224,2.2
045630024000,16,-68160,69223,1.6
045630026000,103,-68161,69222,10.3
045630027000,30,-68161,69221,3.0
045630028000,45,-68162,69221,4.5
045630029000,57,-68162,69220,5.7
045630030000,46,-68163,69219,4.6
045630031000,31,-68160,69218,3.1
045630032000,132,-68160,69219,13.2
045630033000,40,-68160,69220,4.0
045630034000,89,-68159,69220,8.9
045630035000,15,-68159,69221,1.5
045630036000,125,-68158,69221,12.5
045630038000,3,-68157,69222,0.3
045630039000,26,-68156,69222,2.6
045640001000,17,-68185,69224,1.7
045640003000,57,-68186,69222,5.7
045640005000,112,-68182,69217,11.2
045640006000,25,-68182,69218,2.5
045640008000,47,-68183,69220,4.7
045640009000,26,-68183,69220,2.6
045640010000,21,-68183,69221,2.1
045640011000,33,-68183,69222,3.3
045640012000,22,-68183,69224,2.2
045640013000,136,-68182,69223,13.6
045640014000,0,-68182,69222,0.0
045640015000,126,-68181,69222,12.6
045640016000,39,-68181,69221,3.9
045640017000,85,-68180,69221,8.5
045640018000,91,-68180,69220,9.1
045640019000,22,-68179,69220,2.2
045640020000,126,-68179,69219,12.6
045640021000,64,-68179,69218,6.4
045640022000,19,-68178,69218,1.9
045640023000,103,-68178,69217,10.3
045640024000,68,-68178,69216,6.8
045640026000,4,-68176,69217,0.4
045640027000,30,-68176,69218,3.0
045640028000,59,-68176,69218,5.9
045640029000,50,-68176,69219,5.0
045640030000,57,-68177,69220,5.7
045640032000,24,-68177,69221,2.4
045640033000,41,-68178,69222,4.1
045640034000,8,-68185,69218,0.8
045650001000,13,-68173,69219,1.3
045650002000,82,-68173,69218,8.2
045650003000,150,-68173,69217,15.0
045650004000,83,-68173,69216,8.3
045650005000,14,-68173,69215,1.4
045650006000,51,-68173,69215,5.1
045650007000,22,-68170,69215,2.2
045650008000,13,-68170,69215,1.3
045650009000,10,-68171,69216,1.0
045650010000,27,-68171,69217,2.7
045650011000,35,-68171,69218,3.5
045650012000,13,-68171,69219,1.3
045650013000,2,-68168,69218,0.2
045650014000,21,-68169,69217,2.1
045650015000,24,-68169,69217,2.4
045650017000,17,-68168,69215,1.7
045650018000,23,-68168,69214,2.3
045650019000,45,-68169,69214,4.5
045650020000,45,-68166,69213,4.5
045650021000,123,-68166,69214,12.3
045650023000,64,-68166,69216,6.4
045650024000,7,-68166,69216,0.7
045650025000,90,-68166,69217,9.0
045650026000,119,-68166,69218,11.9
045650027000,38,-68166,69219,3.8
045650028000,50,-68166,69219,5.0
045660002000,40,-68163,69218,4.0
045660003000,90,-68163,69217,9.0
045660004000,87,-68163,69216,8.7
045660005000,75,-68163,69215,7.5
045660006000,11,-68163,69215,1.1
045660007000,96,-68163,69214,9.6
045660008000,48,-68163,69213,4.8
045660009000,35,-68163,69212,3.5
045660010000,34,-68163,69212,3.4
045660011000,41,-68161,69218,4.1
045660012000,83,-68161,69217,8.3
045660013000,88,-68161,69216,8.8
045660014000,10,-68161,69215,1.0
045660015000,8,-68161,69215,0.8
045660016000,66,-68160,69214,6.6
045660017000,100,-68160,69213,10.0
045660019000,19,-68160,69211,1.9
045670003000,75,-68184,69215,7.5
045670004000,17,-68184,69215,1.7
045670005000,23,-68184,69214,2.3
045670008000,69,-68182,69212,6.9
045670009000,21,-68181,69213,2.1
045670010000,4,-68181,69213,0.4
045670011000,28,-68181,69214,2.8
045670012000,3,-68182,69215,0.3
045670015000,8,-68180,69211,0.8
045670016000,51,-68179,69211,5.1
045670017000,113,-68177,69211,11.3
045670018000,72,-68177,69212,7.2
045670019000,69,-68177,69213,6.9
045670020000,13,-68177,69213,1.3
045670021000,58,-68177,69214,5.8
045670022000,3,-68177,69215,0.3
045670023000,24,-68178,69216,2.4
045670024000,67,-68175,69216,6.7
045670025000,19,-68175,69215,1.9
045670026000,48,-68175,69215,4.8
045670027000,91,-68175,69214,9.1
045670028000,61,-68175,69213,6.1
045670030000,41,-68184,69217,4.1
045670031000,72,-68184,69216,7.2
045680001000,11,-68172,69214,1.1
045680002000,86,-68172,69213,8.6
045680003000,109,-68171,69212,10.9
045680004000,15,-68172,69211,1.5
045680005000,76,-68172,69211,7.6
045680006000,128,-68173,69211,12.8
045680007000,109,-68174,69211,10.9
045680008000,27,-68175,69211,2.7
045680009000,53,-68175,69211,5.3
045680010000,17,-68176,69209,1.7
045680011000,27,-68175,69208,2.7
045680012000,45,-68174,69208,4.5
045680014000,34,-68172,69209,3.4
045680015000,70,-68171,69209,7.0
045680016000,5,-68171,69209,0.5
045680019000,26,-68169,69209,2.6
045680020000,60,-68168,69208,6.0
045680021000,50,-68168,69208,5.0
045680022000,63,-68167,69207,6.3
045680023000,55,-68166,69207,5.5
045680024000,53,-68165,69209,5.3
045680025000,14,-68166,69210,1.4
045680027000,37,-68167,69210,3.7
045680028000,89,-68168,69211,8.9
045680029000,7,-68168,69211,0.7
045680030000,62,-68167,69212,6.2
045680031000,63,-68170,69213,6.3
045690001000,120,-68163,69211,12.0
045690002000,73,-68163,69210,7.3
045690003000,7,-68164,69210,0.7
045690004000,87,-68164,69209,8.7
045690005000,104,-68164,69208,10.4
045690006000,44,-68165,69207,4.4
045690007000,105,-68165,69206,10.5
045690008000,53,-68165,69205,5.3
045690010000,23,-68160,69211,2.3
045690012000,95,-68161,69209,9.5
045690013000,121,-68162,69208,12.1
045690014000,1,-68161,69207,0.1
045690015000,7,-68161,69207,0.7
045690016000,81,-68160,69206,8.1
045690017000,17,-68160,69205,1.7
045690018000,38,-68162,69206,3.8
045690020000,58,-68163,69205,5.8
045690021000,53,-68163,69204,5.3
045700001000,124,-68185,69212,12.4
045700004000,89,-68187,69211,8.9
045700005000,1,-68188,69211,0.1
045700006000,47,-68189,69210,4.7
045700007000,18,-68189,69210,1.8
045700008000,33,-68190,69210,3.3
045700009000,24,-68191,69210,2.4
045700011000,98,-68191,69208,9.8
045700012000,83,-68190,69208,8.3
045700013000,91,-68189,69208,9.1
045700014000,124,-68188,69208,12.4
045700015000,67,-68187,69208,6.7
045700016000,8,-68186,69209,0.8
045700017000,17,-68186,69209,1.7
045700018000,88,-68185,69209,8.8
045700019000,23,-68184,69210,2.3
045700020000,55,-68184,69210,5.5
045700022000,57,-68182,69211,5.7
045700024000,41,-68181,69210,4.1
045700025000,24,-68181,69209,2.4
045700026000,110,-68182,69209,11.0
045700027000,8,-68183,69208,0.8
045700028000,32,-68183,69208,3.2
045700029000,55,-68184,69208,5.5
045700030000,42,-68185,69207,4.2
045700031000,48,-68186,69207,4.8
045700032000,15,-68186,69207,1.5
045700033000,42,-68187,69207,4.2
045700034000,14,-68188,69206,1.4
045700035000,46,-68189,69206,4.6
045700038000,67,-68183,69206,6.7
045700039000,113,-68182,69206,11.3
045700040000,16,-68181,69206,1.6
045700041000,73,-68181,69207,7.3
045700042000,117,-68180,69207,11.7
045710001000,2,-68179,69207,0.2
045710002000,88,-68179,69208,8.8
045710003000,74,-68178,69209,7.4
045710004000,60,-68177,69209,6.0
045710006000,57,-68178,69206,5.7
045710007000,29,-68179,69205,2.9
045710008000,58,-68180,69205,5.8
045710009000,19,-68180,69205,1.9
045710010000,106,-68181,69204,10.6
045710011000,12,-68181,69204,1.2
045710012000,84,-68176,69207,8.4
045710013000,12,-68175,69206,1.2
045710014000,24,-68175,69206,2.4
045710015000,18,-68174,69206,1.8
045710016000,52,-68173,69206,5.2
045710017000,36,-68172,69206,3.6
045710018000,18,-68171,69206,1.8
045710019000,19,-68171,69206,1.9
045710020000,110,-68170,69205,11.0
045710021000,27,-68169,69204,2.7
045710022000,77,-68169,69203,7.7
045710023000,37,-68169,69202,3.7
045710024000,84,-68170,69201,8.4
045710025000,9,-68170,69200,0.9
045710026000,15,-68175,69201,1.5
045710027000,46,-68174,69202,4.6
045710028000,49,-68174,69202,4.9
045710029000,132,-68173,69202,13.2
045710030000,102,-68172,69202,10.2
045710031000,16,-68171,69203,1.6
045710033000,52,-68173,69204,5.2
045710034000,118,-68174,69204,11.8
045710035000,100,-68175,69204,10.0
045710036000,63,-68176,69204,6.3
045710037000,13,-68177,69205,1.3
045710038000,15,-68177,69203,1.5
045710040000,130,-68178,69203,13.0
045710041000,3,-68179,69203,0.3
045720001000,16,-68166,69204,1.6
045720002000,25,-68166,69203,2.5
045720003000,65,-68166,69203,6.5
045720004000,143,-68166,69202,14.3
045720005000,55,-68166,69201,5.5
045720006000,33,-68166,69201,3.3
045720007000,16,-68167,69200,1.6
045720009000,15,-68167,69199,1.5
045720010000,17,-68167,69198,1.7
045720011000,32,-68163,69204,3.2
045720012000,45,-68163,69203,4.5
045720013000,3,-68164,69202,0.3
045720014000,5,-68164,69201,0.5
045720015000,85,-68164,69201,8.5
045720016000,146,-68164,69200,14.6
045720017000,84,-68164,69199,8.4
045720018000,4,-68165,69199,0.4
045720019000,82,-68165,69198,8.2
045720020000,113,-68165,69197,11.3
045730001000,76,-68185,69205,7.6
045730002000,5,-68185,69205,0.5
045730003000,7,-68186,69204,0.7
045730004000,60,-68187,69204,6.0
045730005000,20,-68188,69204,2.0
045730006000,74,-68188,69204,7.4
045730009000,9,-68187,69201,0.9
045730012000,28,-68188,69200,2.8
045730013000,65,-68187,69199,6.5
045730014000,27,-68189,69198,2.7
045730015000,54,-68186,69200,5.4
045730016000,113,-68185,69201,11.3
045730017000,42,-68184,69202,4.2
045730018000,81,-68184,69202,8.1
045730019000,8,-68183,69202,0.8
045730020000,35,-68183,69203,3.5
045730021000,57,-68182,69203,5.7
045730022000,91,-68179,69202,9.1
045730023000,53,-68180,69202,5.3
045730024000,8,-68180,69201,0.8
045730025000,72,-68181,69201,7.2
045730026000,71,-68182,69200,7.1
045730027000,62,-68182,69200,6.2
045730028000,19,-68183,69199,1.9
045730029000,9,-68183,69199,0.9
045730030000,5,-68184,69198,0.5
045730031000,79,-68185,69198,7.9
045730033000,1,-68182,69197,0.1
045730034000,77,-68181,69198,7.7
045730035000,28,-68181,69199,2.8
045730036000,0,-68180,69200,0.0
045730037000,78,-68179,69200,7.8
045730038000,4,-68178,69200,0.4
045730039000,43,-68178,69201,4.3
045730040000,103,-68177,69201,10.3
045730041000,5,-68177,69198,0.5
045730042000,83,-68178,69198,8.3
045730043000,39,-68179,69197,3.9
045730044000,64,-68179,69197,6.4
045740001000,60,-68176,69201,6.0
045740003000,50,-68177,69198,5.0
045740004000,12,-68176,69199,1.2
045740005000,15,-68175,69199,1.5
045740006000,82,-68175,69199,8.2
045740007000,102,-68174,69199,10.2
045740009000,22,-68173,69200,2.2
045740011000,67,-68171,69200,6.7
045740012000,8,-68169,69198,0.8
045740013000,13,-68170,69198,1.3
045740014000,49,-68171,69198,4.9
045740015000,4,-68171,69198,0.4
045740017000,34,-68173,69198,3.4
045740018000,9,-68174,69197,0.9
045740019000,88,-68174,69197,8.8
045740020000,115,-68175,69197,11.5
045740021000,18,-68176,69197,1.8
045740022000,16,-68176,69197,1.6
045740023000,48,-68177,69196,4.8
045740025000,79,-68175,69195,7.9
045740026000,78,-68174,69195,7.8
045740027000,101,-68173,69195,10.1
045740028000,53,-68172,69195,5.3
045740029000,9,-68171,69195,0.9
045740030000,41,-68171,69196,4.1
045740031000,80,-68170,69196,8.0
045740032000,46,-68169,69196,4.6
045740033000,48,-68169,69196,4.8
045740034000,60,-68168,69196,6.0
045740035000,8,-68167,69196,0.8
045740036000,20,-68167,69195,2.0
045740037000,99,-68166,69195,9.9
045740038000,13,-68165,69194,1.3
045750001000,51,-68189,69198,5.1
045750002000,17,-68190,69197,1.7
045750003000,54,-68190,69196,5.4
045750004000,21,-68190,69195,2.1
045750005000,20,-68185,69198,2.0
045750006000,118,-68186,69197,11.8
045750007000,22,-68186,69197,2.2
045750008000,115,-68187,69196,11.5
045750009000,58,-68187,69195,5.8
045750010000,31,-68188,69195,3.1
045750011000,107,-68188,69194,10.7
045750015000,49,-68187,69193,4.9
045750016000,43,-68186,69193,4.3
045750017000,0,-68186,69194,0.0
045750018000,22,-68185,69194,2.2
045750019000,103,-68184,69195,10.3
045750020000,32,-68183,69195,3.2
045750022000,45,-68182,69197,4.5
045750023000,111,-68182,69196,11.1
045750026000,25,-68180,69195,2.5
045750027000,20,-68179,69195,2.0
045750028000,54,-68179,69193,5.4
045750030000,44,-68179,69190,4.4
045750031000,18,-68180,69191,1.8
045750032000,80,-68181,69191,8.0
045750033000,17,-68181,69192,1.7
045750034000,11,-68182,69193,1.1
045750035000,88,-68183,69193,8.8
045750036000,17,-68184,69192,1.7
045760003000,24,-68168,69193,2.4
045760004000,51,-68169,69194,5.1
045760006000,5,-68170,69194,0.5
045760007000,37,-68171,69194,3.7
045760008000,15,-68172,69194,1.5
045760010000,28,-68173,69193,2.8
045760011000,49,-68174,69193,4.9
045760012000,67,-68175,69193,6.7
045760013000,39,-68176,69194,3.9
045760014000,9,-68176,69193,0.9
045760015000,67,-68177,69194,6.7
045760016000,1,-68177,69193,0.1
045760017000,94,-68178,69194,9.4
045760018000,26,-68178,69193,2.6
045760019000,14,-68178,69190,1.4
045760020000,8,-68177,69191,0.8
045760021000,29,-68177,69191,2.9
045760022000,51,-68176,69191,5.1
045760023000,66,-68175,69191,6.6
045760024000,23,-68175,69191,2.3
045760025000,112,-68174,69191,11.2
045760026000,99,-68173,69191,9.9
045760027000,9,-68172,69191,0.9
045760028000,80,-68172,69191,8.0
045760029000,99,-68171,69191,9.9
045760030000,64,-68170,69191,6.4
045760031000,9,-68169,69191,0.9
045760032000,70,-68169,69191,7.0
045770002000,85,-68190,69173,8.5
045770003000,14,-68190,69173,1.4
045770004000,36,-68190,69172,3.6
045770005000,25,-68189,69172,2.5
045770006000,55,-68189,69172,5.5
045770007000,53,-68189,69172,5.3
045770008000,15,-68188,69172,1.5
045770009000,4,-68188,69172,0.4
045770010000,10,-68187,69171,1.0
045770011000,51,-68187,69170,5.1
045770012000,61,-68186,69171,6.1
045770013000,45,-68186,69171,4.5
045770014000,71,-68186,69172,7.1
045770015000,142,-68186,69172,14.2
045770016000,53,-68187,69172,5.3
045770017000,15,-68187,69173,1.5
045770018000,30,-68188,69173,3.0
045770019000,87,-68188,69173,8.7
045770020000,21,-68188,69173,2.1
045770021000,24,-68188,69174,2.4
045780001000,85,-68190,69173,8.5
045780002000,14,-68190,69173,1.4
045780003000,36,-68190,69172,3.6
045780004000,25,-68189,69172,2.5
045780005000,55,-68189,69172,5.5
045780006000,53,-68189,69172,5.3
045780007000,15,-68188,69172,1.5
045780008000,4,-68188,69172,0.4
045780009000,10,-68187,69171,1.0
045780010000,51,-68187,69170,5.1
045780011000,61,-68186,69171,6.1
045780012000,45,-68186,69171,4.5
045780013000,71,-68186,69172,7.1
045780014000,142,-68186,69172,14.2
045780015000,53,-68187,69172,5.3
045780016000,15,-68187,69173,1.5
045780017000,30,-68188,69173,3.0
045780018000,87,-68188,69173,8.7
045780019000,21,-68188,69173,2.1
045780020000,24,-68188,69174,2.4
045790003000,104,-68194,69179,10.4
045790004000,20,-68194,69180,2.0
045790006000,74,-68196,69179,7.4
045790007000,13,-68196,69179,1.3
045790008000,68,-68195,69179,6.8
045790009000,104,-68195,69179,10.4
045790012000,25,-68197,69178,2.5
045790013000,6,-68198,69178,0.6
045790014000,6,-68198,69178,0.6
045790015000,28,-68197,69178,2.8
045790016000,28,-68197,69178,2.8
045790018000,98,-68198,69177,9.8
045790019000,15,-68198,69177,1.5
045790020000,98,-68198,69177,9.8
045790021000,15,-68198,69177,1.5
045790023000,83,-68198,69176,8.3
045790024000,58,-68197,69176,5.8
045790025000,109,-68198,69176,10.9
045790026000,44,-68198,69176,4.4
045790032000,26,-68194,69180,2.6
045790033000,54,-68193,69180,5.4
045790034000,26,-68194,69180,2.6
045790035000,54,-68193,69180,5.4
046010001000,23,-68266,69262,2.3
046010002000,16,-68266,69259,1.6
046010003000,71,-68265,69257,7.1
046010004000,9,-68265,69258,0.9
046010005000,83,-68264,69258,8.3
046010006000,70,-68265,69260,7.0
046010007000,87,-68264,69260,8.7
046010008000,56,-68263,69259,5.6
046010009000,48,-68263,69259,4.8
046010010000,22,-68263,69261,2.2
046010012000,28,-68262,69260,2.8
046010013000,96,-68261,69260,9.6
046010016000,8,-68260,69261,0.8
046010017000,49,-68259,69262,4.9
046010020000,1,-68258,69259,0.1
046010021000,44,-68259,69259,4.4
046010022000,71,-68260,69258,7.1
046010023000,72,-68261,69258,7.2
046010024000,11,-68261,69257,1.1
046010026000,100,-68263,69256,10.0
046020001000,55,-68266,69262,5.5
046020002000,41,-68267,69261,4.1
046020003000,67,-68268,69261,6.7
046020004000,7,-68268,69260,0.7
046020005000,133,-68269,69260,13.3
046020006000,11,-68270,69259,1.1
046020007000,52,-68270,69259,5.2
046020008000,1,-68271,69258,0.1
046020009000,43,-68272,69258,4.3
046020014000,80,-68271,69255,8.0
046020015000,46,-68270,69256,4.6
046020016000,69,-68270,69256,6.9
046020017000,3,-68269,69257,0.3
046020018000,27,-68269,69257,2.7
046020019000,36,-68268,69257,3.6
046020020000,28,-68267,69258,2.8
046020021000,66,-68267,69258,6.6
046020022000,71,-68266,69259,7.1
046020023000,79,-68266,69257,7.9
046020024000,39,-68266,69256,3.9
046020025000,111,-68267,69256,11.1
046020026000,14,-68268,69255,1.4
046020027000,93,-68268,69255,9.3
046020028000,21,-68269,69254,2.1
046020030000,29,-68266,69254,2.9
046020032000,84,-68264,69255,8.4
046020033000,9,-68264,69256,0.9
046030003000,54,-68277,69257,5.4
046030004000,63,-68277,69256,6.3
046030005000,99,-68278,69255,9.9
046030007000,49,-68279,69254,4.9
046030008000,97,-68279,69253,9.7
046030009000,37,-68280,69252,3.7
046030010000,14,-68280,69252,1.4
046030011000,95,-68278,69251,9.5
046030012000,31,-68278,69251,3.1
046030014000,61,-68277,69252,6.1
046030015000,4,-68277,69253,0.4
046030016000,15,-68276,69253,1.5
046030017000,49,-68276,69254,4.9
046030018000,31,-68275,69255,3.1
046030019000,78,-68275,69255,7.8
046030020000,17,-68271,69255,1.7
046030021000,58,-68272,69254,5.8
046030022000,30,-68272,69254,3.0
046030023000,82,-68273,69253,8.2
046030024000,32,-68273,69253,3.2
046030025000,105,-68274,69252,10.5
046030026000,41,-68274,69251,4.1
046030027000,67,-68275,69251,6.7
046030029000,18,-68273,69250,1.8
046030030000,120,-68273,69250,12.0
046030031000,4,-68272,69251,0.4
046030032000,83,-68272,69251,8.3
046030033000,18,-68272,69252,1.8
046030034000,44,-68271,69252,4.4
046030036000,28,-68270,69253,2.8
046030037000,24,-68269,69254,2.4
046030038000,122,-68267,69253,12.2
046030039000,10,-68268,69252,1.0
046030040000,103,-68268,69252,10.3
046030041000,62,-68269,69251,6.2
046030042000,42,-68269,69251,4.2
046030043000,116,-68270,69250,11.6
046030044000,20,-68270,69249,2.0
046040003000,96,-68289,69258,9.6
046040004000,41,-68288,69259,4.1
046040005000,43,-68288,69259,4.3
046040006000,11,-68287,69259,1.1
046040007000,89,-68286,69260,8.9
046040008000,139,-68285,69260,13.9
046040009000,135,-68284,69260,13.5
046040010000,121,-68283,69260,12.1
046040011000,74,-68282,69260,7.4
046040012000,13,-68281,69260,1.3
046040013000,38,-68281,69260,3.8
046040014000,32,-68280,69259,3.2
046040015000,33,-68279,69257,3.3
046040016000,22,-68281,69257,2.2
046040017000,14,-68281,69257,1.4
046040018000,82,-68282,69257,8.2
046040019000,95,-68283,69257,9.5
046040020000,40,-68284,69257,4.0
046040021000,3,-68284,69257,0.3
046040022000,72,-68285,69257,7.2
046040023000,130,-68286,69257,13.0
046040024000,23,-68287,69257,2.3
046040025000,35,-68287,69256,3.5
046040026000,106,-68288,69256,10.6
046040027000,61,-68287,69255,6.1
046040029000,62,-68285,69255,6.2
046040031000,22,-68283,69255,2.2
046040035000,106,-68280,69256,10.6
046050003000,1,-68290,69249,0.1
046050005000,96,-68289,69248,9.6
046050006000,53,-68288,69248,5.3
046050007000,21,-68285,69247,2.1
046050008000,6,-68285,69247,0.6
046050009000,112,-68286,69248,11.2
046050010000,12,-68287,69249,1.2
046050011000,61,-68287,69249,6.1
046050012000,63,-68288,69250,6.3
046050013000,21,-68289,69250,2.1
046050014000,45,-68287,69251,4.5
046050015000,111,-68286,69251,11.1
046050016000,18,-68285,69250,1.8
046050017000,27,-68285,69250,2.7
046050018000,27,-68284,69250,2.7
046050019000,52,-68283,69249,5.2
046050020000,46,-68283,69249,4.6
046050021000,29,-68282,69248,2.9
046050022000,62,-68281,69248,6.2
046050023000,8,-68282,69251,0.8
046050024000,4,-68282,69251,0.4
046050025000,58,-68283,69252,5.8
046050026000,97,-68284,69252,9.7
046050027000,16,-68285,69253,1.6
046050028000,9,-68286,69253,0.9
046050029000,14,-68287,69253,1.4
046060002000,1,-68278,69250,0.1
046060003000,10,-68279,69249,1.0
046060004000,64,-68279,69249,6.4
046060005000,57,-68280,69248,5.7
046060006000,117,-68280,69247,11.7
046060007000,16,-68284,69247,1.6
046060008000,85,-68283,69246,8.5
046060009000,38,-68282,69246,3.8
046060010000,25,-68282,69245,2.5
046060011000,71,-68281,69245,7.1
046060012000,11,-68279,69244,1.1
046060013000,12,-68279,69245,1.2
046060014000,38,-68278,69245,3.8
046060015000,116,-68278,69246,11.6
046060016000,8,-68278,69247,0.8
046060017000,47,-68277,69247,4.7
046060018000,83,-68277,69248,8.3
046060019000,32,-68276,69249,3.2
046060020000,97,-68276,69249,9.7
046060021000,6,-68275,69250,0.6
046060022000,35,-68274,69249,3.5
046060023000,17,-68274,69248,1.7
046060024000,21,-68275,69247,2.1
046060026000,17,-68276,69246,1.7
046060027000,33,-68276,69246,3.3
046060028000,72,-68276,69245,7.2
046060029000,28,-68277,69244,2.8
046060030000,25,-68277,69244,2.5
046060031000,22,-68274,69243,2.2
046060032000,111,-68274,69244,11.1
046060033000,19,-68274,69245,1.9
046060034000,68,-68273,69245,6.8
046060035000,109,-68273,69246,10.9
046060036000,6,-68272,69247,0.6
046060037000,100,-68272,69247,10.0
046060039000,38,-68271,69248,3.8
046060040000,94,-68271,69249,9.4
046070001000,51,-68291,69246,5.1
046070003000,17,-68289,69245,1.7
046070004000,92,-68289,69245,9.2
046070005000,59,-68288,69244,5.9
046070006000,14,-68288,69244,1.4
046070007000,41,-68287,69243,4.1
046070009000,9,-68286,69242,0.9
046070010000,7,-68286,69241,0.7
046070011000,4,-68286,69240,0.4
046070013000,43,-68284,69238,4.3
046070014000,112,-68284,69239,11.2
046070016000,85,-68284,69241,8.5
046070017000,111,-68284,69242,11.1
046070018000,53,-68281,69243,5.3
046070019000,13,-68282,69244,1.3
046070020000,75,-68283,69244,7.5
046070021000,26,-68284,69244,2.6
046070022000,29,-68284,69245,2.9
046070023000,110,-68285,69245,11.0
046070024000,36,-68286,69246,3.6
046070025000,74,-68286,69246,7.4
046070026000,47,-68287,69247,4.7
046070027000,17,-68288,69247,1.7
046080002000,1,-68287,69238,0.1
046080003000,10,-68284,69238,1.0
046080005000,7,-68282,69237,0.7
046080006000,38,-68282,69238,3.8
046080007000,50,-68282,69239,5.0
046080008000,49,-68282,69240,4.9
046080010000,12,-68279,69243,1.2
046080012000,73,-68275,69242,7.3
046080013000,44,-68276,69241,4.4
046080014000,4,-68277,69240,0.4
046080015000,58,-68278,69240,5.8
046080016000,8,-68280,69241,0.8
046080017000,44,-68280,69240,4.4
046080023000,128,-68280,69236,12.8
046090007000,84,-68290,69231,8.4
046090008000,89,-68290,69232,8.9
046090009000,7,-68290,69233,0.7
046090010000,79,-68289,69234,7.9
046090011000,92,-68289,69235,9.2
046090012000,57,-68289,69236,5.7
046090013000,76,-68287,69236,7.6
046090014000,49,-68287,69235,4.9
046090015000,19,-68287,69234,1.9
046090016000,20,-68287,69234,2.0
046090017000,14,-68287,69233,1.4
046090019000,118,-68288,69231,11.8
046090020000,115,-68288,69230,11.5
046090021000,17,-68285,69230,1.7
046090022000,6,-68285,69231,0.6
046090023000,54,-68285,69231,5.4
046090024000,114,-68285,69232,11.4
046090025000,64,-68285,69233,6.4
046090027000,12,-68284,69234,1.2
046090029000,95,-68284,69236,9.5
046090030000,7,-68282,69236,0.7
046090031000,12,-68283,69235,1.2
046090032000,55,-68283,69234,5.5
046090034000,1,-68283,69233,0.1
046090035000,55,-68283,69232,5.5
046090036000,65,-68283,69231,6.5
046090038000,41,-68284,69229,4.1
046090039000,103,-68281,69229,10.3
046090040000,32,-68281,69230,3.2
046090041000,37,-68281,69230,3.7
046090042000,12,-68281,69231,1.2
046090043000,28,-68280,69232,2.8
046090044000,60,-68280,69233,6.0
046090045000,1,-68280,69234,0.1
046090046000,44,-68280,69234,4.4
046100004000,63,-68292,69225,6.3
046100008000,57,-68291,69229,5.7
046100009000,57,-68288,69229,5.7
046100010000,26,-68289,69228,2.6
046100011000,18,-68289,69228,1.8
046100012000,54,-68289,69227,5.4
046100013000,5,-68290,69226,0.5
046100014000,71,-68290,69225,7.1
046100015000,6,-68287,69225,0.6
046100016000,78,-68287,69225,7.8
046100017000,60,-68287,69226,6.0
046100018000,25,-68286,69227,2.5
046100019000,20,-68286,69227,2.0
046100020000,89,-68286,69228,8.9
046100021000,33,-68286,69229,3.3
046100022000,13,-68284,69228,1.3
046100023000,32,-68284,69228,3.2
046100024000,43,-68284,69227,4.3
046100025000,41,-68285,69226,4.1
046100026000,17,-68281,69227,1.7
046100027000,81,-68281,69228,8.1
046120002000,140,-68298,69239,14.0
046120003000,120,-68298,69240,12.0
046120005000,80,-68297,69242,8.0
046120011000,97,-68291,69242,9.7
046120012000,51,-68291,69241,5.1
046120013000,37,-68290,69240,3.7
046120014000,30,-68290,69240,3.0
046130001000,48,-68299,69237,4.8
046130002000,129,-68299,69236,12.9
046130003000,58,-68299,69235,5.8
046130004000,17,-68300,69234,1.7
046130006000,104,-68300,69232,10.4
046130007000,39,-68300,69231,3.9
046140001000,30,-68301,69229,3.0
046140002000,26,-68301,69228,2.6
046140003000,64,-68302,69227,6.4
046140007000,118,-68305,69223,11.8
046140008000,58,-68305,69222,5.8
046150010000,33,-68309,69217,3.3
046150011000,19,-68309,69218,1.9
046150012000,8,-68309,69218,0.8
046150014000,60,-68309,69220,6.0
046150015000,63,-68309,69221,6.3
046150016000,22,-68309,69222,2.2
046150018000,4,-68306,69220,0.4
046150020000,87,-68306,69219,8.7
046150021000,58,-68306,69218,5.8
046150022000,2,-68307,69217,0.2
046150023000,67,-68307,69216,6.7
046150024000,74,-68307,69215,7.4
046160002000,6,-68316,69227,0.6
046160003000,22,-68316,69226,2.2
046160004000,38,-68316,69225,3.8
046160009000,22,-68311,69227,2.2
046160010000,29,-68311,69228,2.9
046160014000,31,-68311,69232,3.1
046160016000,4,-68310,69231,0.4
046160017000,65,-68309,69231,6.5
046160018000,23,-68308,69230,2.3
046160020000,23,-68308,69228,2.3
046160021000,47,-68308,69227,4.7
046160022000,83,-68308,69226,8.3
046160023000,101,-68308,69225,10.1
046160024000,60,-68308,69224,6.0
046160025000,19,-68308,69223,1.9
046170003000,35,-68324,69221,3.5
046170005000,41,-68316,69224,4.1
046170007000,9,-68316,69223,0.9
046170009000,70,-68317,69221,7.0
046170010000,37,-68317,69220,3.7
046170015000,36,-68325,69219,3.6
046170016000,35,-68325,69219,3.5
046170017000,101,-68326,69219,10.1
046180002000,128,-68330,69226,12.8
046180003000,87,-68330,69225,8.7
046180004000,13,-68331,69223,1.3
046180005000,13,-68331,69223,1.3
046180006000,45,-68330,69222,4.5
046180007000,26,-68330,69221,2.6
046180008000,48,-68329,69221,4.8
046180010000,97,-68327,69221,9.7
046180011000,91,-68327,69219,9.1
046180023000,17,-68337,69222,1.7
046180025000,43,-68335,69221,4.3
046190012000,134,-68330,69227,13.4
046200004000,89,-68338,69240,8.9
046210001000,5,-68338,69247,0.5
046210003000,57,-68338,69246,5.7
046210004000,27,-68338,69245,2.7
046210006000,102,-68339,69244,10.2
046210008000,73,-68337,69242,7.3
046210009000,8,-68337,69243,0.8
046210010000,40,-68336,69243,4.0
046210011000,54,-68336,69244,5.4
046210012000,20,-68336,69245,2.0
046210013000,30,-68336,69246,3.0
046210014000,68,-68336,69247,6.8
046220011000,120,-68300,69262,12.0
046220021000,92,-68297,69264,9.2
046220022000,83,-68298,69263,8.3
046220023000,87,-68299,69260,8.7
046220024000,47,-68299,69261,4.7
046220033000,37,-68297,69262,3.7
046220034000,8,-68297,69261,0.8
046220035000,37,-68297,69262,3.7
046220036000,8,-68297,69261,0.8
046220038000,77,-68296,69262,7.7
046220039000,46,-68296,69262,4.6
046220040000,77,-68296,69262,7.7
046220041000,46,-68296,69262,4.6
046220043000,55,-68295,69263,5.5
046220044000,25,-68295,69263,2.5
046220045000,55,-68295,69263,5.5
046220046000,25,-68295,69263,2.5
046220048000,48,-68295,69263,4.8
046220050000,48,-68295,69263,4.8
046220051000,85,-68295,69263,8.5
046230001000,9,-68308,69259,0.9
046230009000,34,-68305,69257,3.4
046230010000,40,-68306,69257,4.0
046230011000,85,-68307,69257,8.5
046230012000,127,-68308,69257,12.7
046230014000,56,-68305,69260,5.6
046230015000,136,-68305,69260,13.6
046230016000,60,-68305,69260,6.0
046230017000,32,-68305,69259,3.2
046230019000,27,-68303,69259,2.7
046230020000,68,-68302,69259,6.8
046230021000,88,-68302,69260,8.8
046230022000,48,-68304,69259,4.8
046230023000,23,-68304,69259,2.3
046230024000,16,-68304,69260,1.6
046230025000,0,-68303,69260,0.0
046230028000,14,-68301,69260,1.4
046230029000,39,-68301,69260,3.9
046230030000,14,-68301,69260,1.4
046230031000,39,-68301,69260,3.9
046230032000,122,-68304,69257,12.2
046230033000,41,-68303,69257,4.1
046230034000,44,-68302,69257,4.4
046230035000,58,-68301,69257,5.8
046230036000,37,-68300,69257,3.7
046230037000,18,-68299,69257,1.8
046230038000,48,-68299,69258,4.8
046230039000,76,-68298,69258,7.6
046230040000,82,-68297,69259,8.2
046230041000,38,-68296,69259,3.8
046240001000,64,-68316,69260,6.4
046240003000,114,-68314,69260,11.4
046240005000,35,-68312,69260,3.5
046240007000,41,-68310,69259,4.1
046240011000,70,-68311,69257,7.0
046240012000,35,-68312,69257,3.5
046240014000,26,-68313,69257,2.6
046240015000,33,-68314,69257,3.3
046240016000,3,-68315,69258,0.3
046240018000,30,-68317,69258,3.0
046270001000,91,-68286,69265,9.1
046270013000,20,-68286,69263,2.0
046270014000,98,-68285,69263,9.8
046270016000,35,-68282,69263,3.5
046270017000,2,-68282,69263,0.2
046270018000,49,-68288,69265,4.9
046270019000,60,-68288,69265,6.0
046270020000,27,-68288,69265,2.7
046270023000,69,-68287,69265,6.9
046270024000,61,-68287,69265,6.1
046270027000,11,-68290,69263,1.1
046270028000,83,-68290,69262,8.3
046270029000,11,-68290,69263,1.1
046270030000,83,-68290,69262,8.3
046270033000,92,-68291,69265,9.2
046270034000,73,-68291,69265,7.3
046270035000,92,-68291,69265,9.2
046270036000,73,-68291,69265,7.3
046270037000,86,-68291,69266,8.6
046270039000,93,-68290,69265,9.3
046270040000,47,-68290,69266,4.7
046270041000,39,-68290,69266,3.9
046270042000,53,-68290,69265,5.3
046270044000,74,-68288,69263,7.4
046270045000,103,-68288,69263,10.3
046270046000,46,-68288,69263,4.6
046270047000,58,-68288,69262,5.8
046270049000,46,-68293,69265,4.6
046270050000,71,-68293,69265,7.1
046270051000,61,-68293,69264,6.1
046270053000,94,-68294,69264,9.4
046270054000,25,-68294,69264,2.5
046270055000,16,-68294,69264,1.6
046270056000,60,-68294,69265,6.0
046270058000,37,-68289,69263,3.7
046270059000,30,-68289,69262,3.0
046270060000,37,-68289,69263,3.7
046270061000,30,-68289,69262,3.0
046270062000,45,-68289,69263,4.5
046280002000,96,-68278,69268,9.6
046280003000,66,-68278,69267,6.6
046280005000,44,-68279,69266,4.4
046280006000,99,-68279,69265,9.9
046280007000,83,-68279,69264,8.3
046280008000,14,-68281,69263,1.4
046280009000,56,-68280,69262,5.6
046280010000,124,-68279,69262,12.4
046280011000,58,-68278,69262,5.8
046280012000,3,-68278,69262,0.3
046280013000,63,-68277,69262,6.3
046280014000,125,-68276,69262,12.5
046280015000,108,-68275,69262,10.8
046280016000,41,-68274,69262,4.1
046280017000,21,-68274,69263,2.1
046280018000,125,-68273,69263,12.5
046280019000,38,-68272,69263,3.8
046280020000,27,-68271,69264,2.7
046280022000,10,-68273,69266,1.0
046280023000,100,-68274,69265,10.0
046280024000,72,-68275,69265,7.2
046280025000,30,-68276,69264,3.0
046280026000,59,-68277,69264,5.9
046280027000,86,-68276,69266,8.6
046280028000,46,-68276,69267,4.6
046280029000,9,-68275,69268,0.9
046280031000,56,-68274,69268,5.6
046290001000,55,-68268,69274,5.5
046290004000,29,-68267,69271,2.9
046290005000,22,-68265,69271,2.2
046290006000,4,-68264,69270,0.4
046290007000,14,-68271,69274,1.4
046290008000,28,-68271,69274,2.8
046290009000,18,-68270,69273,1.8
046290010000,97,-68270,69272,9.7
046290011000,27,-68270,69271,2.7
046290012000,40,-68269,69271,4.0
046290013000,101,-68269,69270,10.1
046290014000,37,-68268,69270,3.7
046290015000,21,-68268,69269,2.1
046290016000,16,-68266,69269,1.6
046290017000,42,-68265,69268,4.2
046290018000,54,-68264,69268,5.4
046290019000,25,-68276,69271,2.5
046290020000,1,-68276,69270,0.1
046290021000,28,-68277,69270,2.8
046290022000,99,-68270,69268,9.9
046290024000,21,-68268,69267,2.1
046290025000,32,-68267,69266,3.2
046290026000,29,-68267,69266,2.9
046290027000,62,-68266,69266,6.2
046290028000,47,-68265,69266,4.7
046300001000,112,-68260,69272,11.2
046300002000,3,-68261,69272,0.3
046300004000,6,-68262,69270,0.6
046300005000,52,-68263,69270,5.2
046300006000,20,-68263,69268,2.0
046300008000,49,-68262,69269,4.9
046300009000,88,-68261,69269,8.8
046300010000,20,-68260,69270,2.0
046300011000,30,-68259,69270,3.0
046300012000,73,-68259,69270,7.3
046300013000,17,-68258,69271,1.7
046300014000,21,-68257,69271,2.1
046300015000,80,-68257,69271,8.0
046300016000,41,-68253,69270,4.1
046300017000,26,-68253,69270,2.6
046300018000,31,-68254,69269,3.1
046300019000,113,-68255,69269,11.3
046300020000,26,-68256,69269,2.6
046300021000,15,-68256,69269,1.5
046300022000,135,-68260,69267,13.5
046300023000,27,-68261,69267,2.7
046300024000,23,-68261,69266,2.3
046300025000,69,-68262,69266,6.9
046310001000,30,-68258,69279,3.0
046310003000,61,-68259,69278,6.1
046310004000,44,-68259,69277,4.4
046310005000,46,-68260,69277,4.6
046310006000,24,-68254,69278,2.4
046310015000,74,-68259,69273,7.4
046310016000,36,-68259,69273,3.6
046310025000,32,-68256,69272,3.2
046310026000,22,-68248,69278,2.2
046310027000,107,-68249,69277,10.7
046310028000,18,-68249,69276,1.8
046310029000,50,-68250,69276,5.0
046310030000,101,-68250,69275,10.1
046310031000,43,-68250,69274,4.3
046310033000,30,-68251,69273,3.0
046310035000,8,-68252,69271,0.8
046310036000,95,-68252,69271,9.5
046320001000,131,-68257,69280,13.1
046320002000,17,-68256,69280,1.7
046320004000,3,-68255,69282,0.3
046320005000,138,-68254,69282,13.8
046320006000,4,-68253,69282,0.4
046320007000,83,-68253,69283,8.3
046320008000,20,-68252,69284,2.0
046320010000,43,-68252,69285,4.3
046320011000,5,-68252,69286,0.5
046320012000,41,-68249,69286,4.1
046320013000,134,-68249,69285,13.4
046320015000,15,-68250,69283,1.5
046320016000,14,-68250,69283,1.4
046320017000,48,-68251,69282,4.8
046320018000,58,-68251,69281,5.8
046320019000,104,-68252,69280,10.4
046320020000,14,-68253,69280,1.4
046320021000,71,-68253,69279,7.1
046320024000,46,-68250,69279,4.6
046320025000,55,-68250,69280,5.5
046320026000,60,-68249,69281,6.0
046320027000,39,-68249,69281,3.9
046320028000,76,-68248,69282,7.6
046320029000,64,-68248,69283,6.4
046320030000,35,-68247,69283,3.5
046320031000,102,-68247,69284,10.2
046320032000,48,-68246,69285,4.8
046320033000,53,-68245,69282,5.3
046320034000,77,-68246,69281,7.7
046320035000,13,-68246,69280,1.3
046320036000,61,-68247,69280,6.1
046320037000,56,-68247,69279,5.6
046320038000,19,-68248,69279,1.9
046320039000,99,-68248,69278,9.9
046330001000,47,-68270,69282,4.7
046330002000,24,-68270,69282,2.4
046330004000,95,-68270,69280,9.5
046330006000,13,-68270,69279,1.3
046330007000,30,-68270,69278,3.0
046330008000,6,-68270,69277,0.6
046330009000,17,-68271,69276,1.7
046330010000,47,-68271,69275,4.7
046330011000,20,-68268,69281,2.0
046330012000,19,-68267,69281,1.9
046330014000,107,-68267,69279,10.7
046330015000,45,-68267,69278,4.5
046330016000,30,-68268,69277,3.0
046330017000,32,-68268,69277,3.2
046330018000,37,-68268,69276,3.7
046330019000,29,-68268,69275,2.9
046330021000,43,-68262,69280,4.3
046330022000,46,-68262,69279,4.6
046330023000,73,-68263,69279,7.3
046330026000,28,-68265,69277,2.8
046330027000,65,-68265,69277,6.5
046330028000,31,-68266,69276,3.1
046330029000,45,-68266,69275,4.5
046330030000,17,-68266,69274,1.7
046330031000,15,-68265,69274,1.5
046330034000,29,-68262,69274,2.9
046330035000,64,-68262,69274,6.4
046330036000,77,-68261,69275,7.7
046330037000,38,-68261,69276,3.8
046340001000,75,-68269,69290,7.5
046340002000,33,-68269,69289,3.3
046340003000,28,-68269,69289,2.8
046340004000,4,-68269,69288,0.4
046340005000,20,-68270,69287,2.0
046340006000,45,-68270,69286,4.5
046340008000,54,-68269,69284,5.4
046340009000,75,-68268,69284,7.5
046340010000,43,-68267,69285,4.3
046340011000,21,-68268,69282,2.1
046340012000,24,-68268,69287,2.4
046340013000,12,-68268,69288,1.2
046340014000,28,-68268,69288,2.8
046340015000,11,-68268,69289,1.1
046340016000,15,-68267,69290,1.5
046340017000,59,-68265,69290,5.9
046340019000,65,-68265,69288,6.5
046340021000,24,-68266,69286,2.4
046340022000,28,-68265,69286,2.8
046340023000,113,-68265,69285,11.3
046340024000,56,-68265,69284,5.6
046340025000,57,-68265,69283,5.7
046340026000,52,-68265,69282,5.2
046340027000,9,-68263,69281,0.9
046340028000,127,-68263,69282,12.7
046340029000,93,-68263,69283,9.3
046340030000,64,-68263,69284,6.4
046340031000,43,-68263,69285,4.3
046340033000,18,-68263,69287,1.8
046340034000,17,-68263,69288,1.7
046340035000,4,-68263,69290,0.4
046340036000,9,-68261,69289,0.9
046340037000,62,-68260,69288,6.2
046340038000,58,-68259,69288,5.8
046340039000,14,-68257,69287,1.4
046340040000,55,-68257,69286,5.5
046340041000,86,-68258,69286,8.6
046340042000,20,-68259,69286,2.0
046340044000,29,-68261,69284,2.9
046340045000,33,-68261,69283,3.3
046340046000,31,-68261,69282,3.1
046340047000,61,-68261,69281,6.1
046340048000,26,-68264,69281,2.6
046350001000,113,-68271,69296,11.3
046350002000,114,-68271,69295,11.4
046350003000,71,-68271,69294,7.1
046350004000,14,-68271,69293,1.4
046350005000,4,-68271,69293,0.4
046350006000,34,-68272,69292,3.4
046350007000,67,-68272,69291,6.7
046350008000,99,-68269,69291,9.9
046350009000,48,-68269,69292,4.8
046350011000,124,-68269,69293,12.4
046350012000,90,-68269,69294,9.0
046350013000,4,-68269,69295,0.4
046350014000,68,-68269,69295,6.8
046350015000,46,-68269,69296,4.6
046350016000,23,-68269,69297,2.3
046350017000,1,-68269,69297,0.1
046350018000,21,-68268,69298,2.1
046350019000,43,-68268,69299,4.3
046350020000,13,-68266,69299,1.3
046350021000,12,-68267,69298,1.2
046350022000,36,-68267,69297,3.6
046350023000,8,-68267,69296,0.8
046350024000,78,-68267,69296,7.8
046350025000,110,-68267,69295,11.0
046350026000,50,-68267,69294,5.0
046350027000,36,-68267,69294,3.6
046350028000,116,-68267,69293,11.6
046350029000,91,-68267,69292,9.1
046350030000,6,-68267,69291,0.6
046350031000,42,-68267,69291,4.2
046350032000,3,-68265,69291,0.3
046350033000,52,-68265,69291,5.2
046350034000,90,-68265,69292,9.0
046350035000,61,-68265,69293,6.1
046350036000,31,-68265,69294,3.1
046350037000,2,-68265,69295,0.2
046350038000,27,-68264,69295,2.7
046350039000,56,-68264,69296,5.6
046350040000,85,-68264,69297,8.5
046350041000,102,-68264,69298,10.2
046350043000,65,-68262,69296,6.5
046350044000,40,-68262,69295,4.0
046350045000,8,-68262,69294,0.8
046350046000,8,-68263,69294,0.8
046350047000,32,-68263,69293,3.2
046350048000,57,-68263,69292,5.7
046350049000,81,-68263,69291,8.1
046350050000,32,-68263,69290,3.2
046360004000,57,-68260,69296,5.7
046360005000,33,-68260,69295,3.3
046360006000,27,-68260,69295,2.7
046360007000,73,-68260,69294,7.3
046360008000,98,-68260,69293,9.8
046360009000,91,-68260,69292,9.1
046360010000,61,-68260,69291,6.1
046360011000,32,-68260,69290,3.2
046360012000,17,-68261,69289,1.7
046360013000,51,-68257,69296,5.1
046360014000,8,-68257,69296,0.8
046360015000,37,-68258,69295,3.7
046360016000,77,-68258,69294,7.7
046360018000,39,-68258,69292,3.9
046360019000,46,-68258,69292,4.6
046360020000,82,-68258,69291,8.2
046360022000,28,-68258,69289,2.8
046360025000,80,-68255,69295,8.0
046360026000,84,-68255,69294,8.4
046360027000,81,-68255,69293,8.1
046360028000,39,-68255,69292,3.9
046360029000,15,-68256,69291,1.5
046360030000,66,-68256,69290,6.6
046360031000,109,-68256,69289,10.9
046360032000,126,-68256,69288,12.6
046370001000,86,-68261,69305,8.6
046370002000,82,-68262,69304,8.2
046370003000,133,-68262,69303,13.3
046370004000,125,-68262,69302,12.5
046370005000,127,-68262,69301,12.7
046370006000,79,-68262,69300,7.9
046370007000,32,-68262,69299,3.2
046370008000,24,-68259,69304,2.4
046370009000,53,-68260,69303,5.3
046370010000,29,-68260,69302,2.9
046370011000,18,-68260,69301,1.8
046370012000,11,-68260,69300,1.1
046370013000,6,-68260,69300,0.6
046370014000,9,-68260,69299,0.9
046370016000,48,-68258,69303,4.8
046370017000,19,-68258,69302,1.9
046370018000,19,-68258,69302,1.9
046370019000,8,-68258,69301,0.8
046370020000,5,-68257,69300,0.5
046370021000,17,-68257,69299,1.7
046370023000,29,-68257,69298,2.9
046370025000,106,-68256,69304,10.6
046370026000,51,-68255,69303,5.1
046370027000,112,-68255,69302,11.2
046370029000,9,-68255,69300,0.9
046370030000,62,-68255,69300,6.2
046370031000,82,-68255,69299,8.2
046370032000,53,-68255,69298,5.3
046370034000,27,-68253,69303,2.7
046370035000,45,-68252,69302,4.5
046370036000,3,-68251,69303,0.3
046370037000,42,-68251,69301,4.2
046370038000,11,-68251,69300,1.1
046370039000,20,-68250,69299,2.0
046370040000,50,-68250,69298,5.0
046370041000,23,-68250,69297,2.3
046370042000,49,-68248,69301,4.9
046370043000,30,-68248,69300,3.0
046370046000,69,-68262,69298,6.9
046370047000,16,-68262,69299,1.6
046380001000,22,-68269,69303,2.2
046380002000,49,-68268,69302,4.9
046380003000,82,-68268,69301,8.2
046380005000,3,-68268,69300,0.3
046380006000,70,-68266,69307,7.0
046380008000,1,-68266,69305,0.1
046380009000,21,-68267,69304,2.1
046380010000,31,-68267,69304,3.1
046380011000,10,-68267,69303,1.0
046380012000,18,-68266,69302,1.8
046380013000,6,-68266,69302,0.6
046380014000,45,-68266,69301,4.5
046380015000,76,-68266,69300,7.6
046380016000,37,-68266,69299,3.7
046380017000,4,-68264,69306,0.4
046380018000,41,-68264,69305,4.1
046380019000,10,-68264,69305,1.0
046380020000,63,-68264,69304,6.3
046380021000,118,-68264,69303,11.8
046380022000,128,-68264,69302,12.8
046380023000,74,-68264,69301,7.4
046380024000,27,-68264,69300,2.7
046380025000,14,-68264,69300,1.4
046380026000,55,-68264,69299,5.5
046390001000,60,-68256,69312,6.0
046390003000,95,-68257,69313,9.5
046390004000,11,-68258,69313,1.1
046390005000,26,-68259,69314,2.6
046390006000,80,-68260,69314,8.0
046390007000,63,-68261,69314,6.3
046390008000,109,-68262,69314,10.9
046390010000,66,-68264,69313,6.6
046390011000,80,-68264,69312,8.0
046390012000,8,-68265,69311,0.8
046390013000,44,-68265,69311,4.4
046390014000,142,-68265,69310,14.2
046390015000,60,-68265,69309,6.0
046390016000,8,-68266,69309,0.8
046390018000,16,-68263,69307,1.6
046390020000,47,-68263,69309,4.7
046390021000,37,-68263,69309,3.7
046390022000,37,-68262,69310,3.7
046390023000,94,-68262,69311,9.4
046390024000,1,-68262,69312,0.1
046390025000,116,-68261,69312,11.6
046390026000,66,-68259,69312,6.6
046390027000,46,-68260,69311,4.6
046390028000,51,-68260,69310,5.1
046390029000,18,-68260,69310,1.8
046390030000,65,-68261,69309,6.5
046390031000,97,-68261,69308,9.7
046390032000,106,-68261,69307,10.6
046390033000,15,-68257,69310,1.5
046390034000,9,-68258,69310,0.9
046390035000,120,-68258,69309,12.0
046390036000,29,-68258,69308,2.9
046390038000,23,-68260,69305,2.3
046400001000,38,-68258,69306,3.8
046400002000,65,-68257,69306,6.5
046400003000,9,-68256,69305,0.9
046400005000,58,-68256,69308,5.8
046400006000,2,-68256,69307,0.2
046400008000,6,-68255,69306,0.6
046400012000,5,-68254,69309,0.5
046400014000,22,-68253,69308,2.2
046400015000,18,-68253,69307,1.8
046400016000,28,-68253,69305,2.8
046400017000,33,-68251,69305,3.3
046400018000,8,-68250,69305,0.8
046400019000,111,-68250,69306,11.1
046400020000,35,-68250,69307,3.5
046400021000,20,-68250,69307,2.0
046400022000,69,-68249,69308,6.9
046400023000,24,-68249,69309,2.4
046400024000,54,-68249,69309,5.4
046400025000,32,-68248,69310,3.2
046400026000,101,-68248,69311,10.1
046400028000,110,-68246,69309,11.0
046400029000,42,-68246,69308,4.2
046400030000,59,-68247,69307,5.9
046400031000,13,-68247,69306,1.3
046400032000,38,-68247,69306,3.8
046400033000,58,-68248,69305,5.8
046400034000,99,-68248,69304,9.9
046410001000,45,-68244,69309,4.5
046410002000,44,-68244,69308,4.4
046410003000,6,-68241,69310,0.6
046410004000,4,-68241,69308,0.4
046410005000,0,-68241,69308,0.0
046420001000,10,-68231,69305,1.0
046420002000,6,-68230,69305,0.6
046420004000,47,-68228,69304,4.7
046420005000,4,-68227,69303,0.4
046420006000,59,-68226,69303,5.9
046420007000,101,-68225,69302,10.1
046420008000,2,-68224,69301,0.2
046420009000,28,-68224,69300,2.8
046420010000,51,-68223,69300,5.1
046420011000,12,-68223,69299,1.2
046420013000,54,-68221,69298,5.4
046420014000,96,-68220,69297,9.6
046420015000,20,-68219,69296,2.0
046420017000,112,-68230,69302,11.2
046420019000,11,-68228,69302,1.1
046420020000,19,-68227,69301,1.9
046420021000,93,-68227,69300,9.3
046420022000,28,-68226,69300,2.8
046420023000,4,-68225,69299,0.4
046420024000,91,-68225,69298,9.1
046420025000,40,-68224,69297,4.0
046430001000,13,-68244,69308,1.3
046430002000,28,-68244,69307,2.8
046430003000,37,-68244,69306,3.7
046430004000,51,-68243,69305,5.1
046430005000,5,-68242,69304,0.5
046430006000,138,-68243,69303,13.8
046430007000,15,-68244,69302,1.5
046430008000,97,-68244,69302,9.7
046430009000,6,-68245,69301,0.6
046430011000,102,-68246,69300,10.2
046430012000,38,-68243,69299,3.8
046430013000,18,-68243,69299,1.8
046430014000,81,-68242,69300,8.1
046430015000,37,-68242,69301,3.7
046430016000,25,-68241,69301,2.5
046430018000,28,-68240,69298,2.8
046430019000,64,-68238,69298,6.4
046430020000,4,-68238,69299,0.4
046430021000,3,-68237,69299,0.3
046430022000,90,-68237,69300,9.0
046430023000,96,-68236,69301,9.6
046430024000,45,-68237,69301,4.5
046430025000,18,-68238,69302,1.8
046430026000,89,-68238,69302,8.9
046430027000,84,-68239,69302,8.4
046430028000,3,-68239,69303,0.3
046430030000,99,-68241,69303,9.9
046430031000,17,-68241,69307,1.7
046430032000,111,-68241,69306,11.1
046430033000,44,-68240,69306,4.4
046430034000,5,-68239,69305,0.5
046430035000,62,-68238,69305,6.2
046430036000,25,-68237,69304,2.5
046430037000,27,-68237,69304,2.7
046430038000,101,-68236,69304,10.1
046430039000,14,-68235,69304,1.4
046430040000,26,-68234,69304,2.6
046430042000,71,-68232,69302,7.1
046430043000,74,-68233,69302,7.4
046430044000,54,-68234,69301,5.4
046430045000,59,-68234,69301,5.9
046430046000,22,-68235,69300,2.2
046430047000,135,-68235,69299,13.5
046430049000,12,-68236,69298,1.2
046430050000,99,-68236,69297,9.9
046440001000,7,-68248,69299,0.7
046440002000,4,-68248,69299,0.4
046440003000,47,-68246,69299,4.7
046440004000,30,-68247,69298,3.0
046440006000,32,-68250,69296,3.2
046440009000,112,-68247,69295,11.2
046440010000,21,-68246,69295,2.1
046440011000,73,-68245,69296,7.3
046440012000,77,-68245,69297,7.7
046440013000,44,-68244,69298,4.4
046440015000,43,-68242,69298,4.3
046440017000,24,-68243,69296,2.4
046440018000,96,-68243,69296,9.6
046440019000,43,-68244,69295,4.3
046440020000,86,-68244,69295,8.6
046440021000,36,-68245,69294,3.6
046440022000,33,-68245,69294,3.3
046440023000,70,-68246,69293,7.0
046440024000,2,-68246,69292,0.2
046440025000,23,-68247,69292,2.3
046440026000,73,-68239,69296,7.3
046440027000,47,-68240,69296,4.7
046440028000,86,-68240,69295,8.6
046440029000,12,-68241,69295,1.2
046440030000,118,-68241,69294,11.8
046440032000,68,-68241,69293,6.8
046440034000,21,-68242,69292,2.1
046440035000,90,-68244,69291,9.0
046440036000,15,-68244,69291,1.5
046440037000,14,-68243,69290,1.4
046440038000,60,-68236,69296,6.0
046440039000,23,-68237,69296,2.3
046440041000,33,-68238,69294,3.3
046440042000,29,-68238,69294,2.9
046440043000,17,-68239,69293,1.7
046440044000,72,-68239,69292,7.2
046440045000,2,-68240,69292,0.2
046440046000,124,-68240,69291,12.4
046440047000,59,-68240,69290,5.9
046440049000,53,-68243,69292,5.3
046440051000,28,-68242,69293,2.8
046450001000,9,-68248,69291,0.9
046450002000,30,-68248,69290,3.0
046450003000,22,-68249,69290,2.2
046450006000,120,-68250,69288,12.0
046450007000,8,-68251,69288,0.8
046450008000,106,-68251,69287,10.6
046450009000,127,-68245,69290,12.7
046450010000,8,-68245,69289,0.8
046450011000,51,-68246,69289,5.1
046450012000,8,-68247,69288,0.8
046450014000,21,-68248,69287,2.1
046450015000,94,-68248,69286,9.4
046450016000,61,-68243,69289,6.1
046450017000,24,-68243,69289,2.4
046450018000,106,-68244,69288,10.6
046450019000,43,-68244,69287,4.3
046450021000,43,-68245,69286,4.3
046450022000,41,-68246,69285,4.1
046450023000,26,-68241,69289,2.6
046450024000,101,-68241,69288,10.1
046450025000,60,-68242,69287,6.0
046450026000,32,-68242,69286,3.2
046490001000,13,-68249,69267,1.3
046490002000,77,-68250,69267,7.7
046490003000,74,-68250,69266,7.4
046490005000,78,-68247,69267,7.8
046490006000,30,-68247,69266,3.0
046490007000,125,-68246,69266,12.5
046490008000,4,-68245,69265,0.4
046490009000,100,-68245,69265,10.0
046490010000,114,-68244,69265,11.4
046490011000,43,-68243,69265,4.3
046490012000,2,-68243,69265,0.2
046490013000,58,-68242,69264,5.8
046490014000,10,-68240,69266,1.0
046490015000,124,-68240,69265,12.4
046490016000,19,-68239,69264,1.9
046490017000,31,-68241,69263,3.1
046490018000,69,-68239,69264,6.9
046490019000,9,-68241,69263,0.9
046490020000,18,-68240,69262,1.8
046490021000,31,-68240,69261,3.1
046490022000,43,-68241,69260,4.3
046490023000,116,-68241,69259,11.6
046490024000,34,-68242,69258,3.4
046490025000,85,-68249,69265,8.5
046490026000,23,-68248,69264,2.3
046490027000,53,-68247,69264,5.3
046490028000,1,-68246,69263,0.1
046490029000,39,-68246,69263,3.9
046490030000,57,-68245,69263,5.7
046490031000,3,-68244,69262,0.3
046490032000,111,-68243,69262,11.1
046490033000,16,-68243,69261,1.6
046500001000,44,-68244,69276,4.4
046500003000,52,-68245,69274,5.2
046500004000,14,-68245,69274,1.4
046500005000,40,-68245,69273,4.0
046500006000,54,-68246,69272,5.4
046500007000,37,-68246,69271,3.7
046500008000,47,-68247,69271,4.7
046500009000,94,-68247,69270,9.4
046500010000,26,-68248,69270,2.6
046500011000,48,-68248,69269,4.8
046500013000,88,-68242,69275,8.8
046500014000,7,-68240,69274,0.7
046500015000,87,-68242,69274,8.7
046500016000,96,-68241,69273,9.6
046500017000,17,-68243,69273,1.7
046500018000,79,-68241,69272,7.9
046500019000,9,-68243,69273,0.9
046500020000,2,-68242,69271,0.2
046500021000,77,-68243,69272,7.7
046500022000,74,-68242,69271,7.4
046500023000,27,-68244,69271,2.7
046500024000,91,-68242,69270,9.1
046500025000,99,-68244,69270,9.9
046500026000,22,-68243,69269,2.2
046500027000,78,-68238,69273,7.8
046500028000,2,-68238,69272,0.2
046500029000,62,-68239,69272,6.2
046500030000,135,-68239,69271,13.5
046500031000,58,-68239,69270,5.8
046500033000,84,-68240,69269,8.4
046500035000,49,-68246,69269,4.9
046500036000,31,-68245,69268,3.1
046500037000,8,-68244,69268,0.8
046500038000,8,-68244,69267,0.8
046500039000,115,-68243,69267,11.5
046500040000,34,-68242,69267,3.4
046500041000,9,-68242,69267,0.9
046500042000,111,-68241,69266,11.1
046510001000,46,-68244,69276,4.6
046510002000,18,-68243,69277,1.8
046510004000,2,-68243,69279,0.2
046510005000,93,-68242,69279,9.3
046510007000,68,-68241,69281,6.8
046510010000,70,-68240,69283,7.0
046510013000,23,-68238,69285,2.3
046510015000,34,-68237,69286,3.4
046510016000,42,-68237,69287,4.2
046510017000,32,-68234,69286,3.2
046510018000,23,-68235,69285,2.3
046510019000,24,-68235,69285,2.4
046510020000,99,-68236,69284,9.9
046510021000,12,-68236,69283,1.2
046510022000,88,-68237,69283,8.8
046510023000,35,-68237,69282,3.5
046510024000,15,-68238,69281,1.5
046510026000,3,-68238,69281,0.3
046510027000,106,-68239,69280,10.6
046510028000,24,-68239,69279,2.4
046510029000,0,-68240,69279,0.0
046510030000,54,-68240,69278,5.4
046510031000,92,-68241,69277,9.2
046510032000,55,-68241,69276,5.5
046510033000,4,-68242,69276,0.4
046510034000,9,-68240,69274,0.9
046510035000,70,-68240,69275,7.0
046510036000,43,-68239,69276,4.3
046510037000,116,-68239,69277,11.6
046510038000,14,-68238,69278,1.4
046510039000,74,-68238,69278,7.4
046510040000,17,-68238,69279,1.7
046510041000,17,-68237,69280,1.7
046510042000,9,-68236,69280,0.9
046510043000,101,-68236,69281,10.1
046510044000,7,-68235,69282,0.7
046510045000,40,-68235,69283,4.0
046510046000,18,-68234,69283,1.8
046510047000,81,-68234,69284,8.1
046510048000,48,-68233,69285,4.8
046510049000,38,-68236,69278,3.8
046510051000,39,-68237,69276,3.9
046510052000,13,-68237,69275,1.3
046510053000,27,-68237,69275,2.7
046510054000,81,-68238,69274,8.1
046520001000,109,-68234,69288,10.9
046520002000,17,-68234,69289,1.7
046520003000,16,-68233,69289,1.6
046520004000,51,-68233,69290,5.1
046520005000,12,-68233,69291,1.2
046520006000,53,-68232,69292,5.3
046520007000,49,-68231,69292,4.9
046520008000,43,-68230,69292,4.3
046520009000,53,-68229,69292,5.3
046520011000,57,-68227,69290,5.7
046520012000,32,-68227,69290,3.2
046520013000,127,-68226,69289,12.7
046520014000,118,-68225,69288,11.8
046520015000,37,-68224,69288,3.7
046520017000,10,-68223,69287,1.0
046520018000,15,-68222,69286,1.5
046520019000,58,-68222,69285,5.8
046520021000,3,-68222,69283,0.3
046520022000,43,-68233,69286,4.3
046520023000,21,-68232,69285,2.1
046520024000,129,-68231,69286,12.9
046520025000,95,-68232,69287,9.5
046520026000,81,-68231,69288,8.1
046520028000,10,-68231,69290,1.0
046520029000,134,-68230,69290,13.4
046520030000,40,-68229,69289,4.0
046520031000,23,-68229,69288,2.3
046520032000,8,-68228,69288,0.8
046520034000,132,-68229,69286,13.2
046520035000,88,-68228,69287,8.8
046520036000,16,-68227,69286,1.6
046520037000,50,-68226,69286,5.0
046520038000,64,-68225,69285,6.4
046520039000,31,-68225,69285,3.1
046520040000,23,-68228,69285,2.3
046520041000,114,-68227,69284,11.4
046520043000,118,-68225,69283,11.8
046520044000,103,-68227,69283,10.3
046520045000,93,-68230,69284,9.3
046520046000,74,-68231,69284,7.4
046530002000,86,-68234,69277,8.6
046530003000,51,-68234,69278,5.1
046530004000,0,-68234,69279,0.0
046530005000,117,-68235,69279,11.7
046530006000,87,-68229,69283,8.7
046530007000,31,-68231,69283,3.1
046530008000,2,-68229,69282,0.2
046530010000,55,-68232,69282,5.5
046530011000,35,-68232,69282,3.5
046530013000,49,-68230,69281,4.9
046530014000,82,-68234,69281,8.2
046530015000,19,-68233,69280,1.9
046530016000,44,-68232,69280,4.4
046530017000,66,-68230,69280,6.6
046530018000,92,-68230,69279,9.2
046530019000,140,-68232,69279,14.0
046530021000,49,-68230,69278,4.9
046530022000,5,-68230,69278,0.5
046530023000,64,-68232,69277,6.4
046530024000,67,-68230,69277,6.7
046530025000,40,-68232,69276,4.0
046530026000,119,-68230,69276,11.9
046530028000,85,-68228,69275,8.5
046530029000,105,-68226,69275,10.5
046530030000,87,-68228,69276,8.7
046530031000,127,-68226,69276,12.7
046530032000,86,-68226,69277,8.6
046530033000,73,-68228,69277,7.3
046530034000,80,-68228,69278,8.0
046530035000,59,-68226,69278,5.9
046530036000,35,-68228,69279,3.5
046530037000,41,-68226,69279,4.1
046530038000,23,-68228,69279,2.3
046530039000,5,-68226,69279,0.5
046530040000,21,-68228,69280,2.1
046530041000,49,-68226,69280,4.9
046530042000,45,-68227,69281,4.5
046530043000,10,-68225,69281,1.0
046530044000,95,-68227,69282,9.5
046530045000,62,-68225,69282,6.2
046530046000,28,-68225,69282,2.8
046530047000,66,-68223,69282,6.6
046530048000,136,-68223,69281,13.6
046530050000,24,-68223,69279,2.4
046530051000,19,-68224,69278,1.9
046530053000,78,-68224,69277,7.8
046530054000,85,-68224,69276,8.5
046530055000,10,-68224,69275,1.0
046540001000,6,-68234,69276,0.6
046540002000,68,-68235,69275,6.8
046540003000,20,-68235,69275,2.0
046540004000,94,-68236,69274,9.4
046540005000,82,-68236,69273,8.2
046540006000,5,-68236,69273,0.5
046540007000,63,-68237,69272,6.3
046540008000,121,-68237,69271,12.1
046540009000,28,-68237,69270,2.8
046540010000,59,-68237,69270,5.9
046540011000,79,-68235,69269,7.9
046540012000,42,-68235,69270,4.2
046540013000,10,-68234,69271,1.0
046540014000,72,-68234,69271,7.2
046540015000,138,-68234,69272,13.8
046540016000,41,-68234,69273,4.1
046540017000,65,-68233,69273,6.5
046540018000,122,-68233,69274,12.2
046540019000,6,-68232,69275,0.6
046540020000,52,-68232,69275,5.2
046540021000,28,-68230,69275,2.8
046540022000,50,-68231,69274,5.0
046540023000,6,-68231,69273,0.6
046540024000,58,-68231,69273,5.8
046540025000,73,-68231,69272,7.3
046540026000,106,-68231,69271,10.6
046540027000,26,-68230,69270,2.6
046540028000,39,-68230,69269,3.9
046540029000,76,-68229,69269,7.6
046540030000,60,-68228,69269,6.0
046540031000,112,-68227,69271,11.2
046540032000,70,-68228,69271,7.0
046540033000,15,-68229,69272,1.5
046540034000,16,-68229,69272,1.6
046540035000,34,-68229,69273,3.4
046540036000,30,-68228,69274,3.0
046540037000,51,-68226,69274,5.1
046540038000,16,-68227,69274,1.6
046540039000,65,-68227,69273,6.5
046540041000,20,-68225,69273,2.0
046540042000,132,-68225,69272,13.2
046540043000,52,-68225,69271,5.2
046540044000,24,-68226,69270,2.4
046540045000,99,-68226,69269,9.9
046540046000,66,-68226,69268,6.6
046540047000,31,-68226,69267,3.1
046550001000,24,-68237,69269,2.4
046550002000,34,-68237,69268,3.4
046550004000,126,-68238,69267,12.6
046550005000,8,-68239,69266,0.8
046550006000,53,-68235,69268,5.3
046550007000,3,-68235,69268,0.3
046550008000,49,-68235,69267,4.9
046550009000,43,-68236,69266,4.3
046550010000,70,-68236,69265,7.0
046550011000,36,-68237,69264,3.6
046550012000,48,-68239,69263,4.8
046550013000,46,-68238,69262,4.6
046550014000,96,-68238,69261,9.6
046550015000,81,-68236,69263,8.1
046550017000,94,-68236,69261,9.4
046550018000,15,-68235,69260,1.5
046550021000,89,-68235,69263,8.9
046550023000,49,-68234,69265,4.9
046550024000,59,-68234,69266,5.9
046550025000,22,-68233,69267,2.2
046550026000,99,-68232,69267,9.9
046550028000,13,-68230,69266,1.3
046550029000,18,-68229,69266,1.8
046550030000,59,-68229,69266,5.9
046550031000,4,-68229,69263,0.4
046550032000,60,-68230,69264,6.0
046550033000,120,-68231,69264,12.0
046550034000,16,-68232,69264,1.6
046550036000,57,-68233,69263,5.7
046550037000,1,-68232,69262,0.1
046550038000,39,-68232,69261,3.9
046550039000,22,-68232,69260,2.2
046550040000,76,-68231,69259,7.6
046550041000,94,-68231,69260,9.4
046550042000,44,-68231,69261,4.4
046550043000,6,-68230,69262,0.6
046550044000,56,-68227,69266,5.6
046550045000,44,-68227,69265,4.4
046550046000,34,-68227,69265,3.4
046550047000,55,-68228,69262,5.5
046550048000,26,-68228,69262,2.6
046550049000,102,-68228,69261,10.2
046550050000,44,-68228,69260,4.4
046550051000,2,-68229,69259,0.2
046550052000,73,-68229,69259,7.3
046560001000,43,-68235,69259,4.3
046560002000,49,-68233,69259,4.9
046560003000,68,-68231,69258,6.8
046560004000,5,-68232,69257,0.5
046560005000,111,-68234,69258,11.1
046560006000,18,-68233,69257,1.8
046560007000,16,-68233,69257,1.6
046560008000,36,-68233,69256,3.6
046560009000,121,-68232,69255,12.1
046560010000,126,-68238,69260,12.6
046560011000,28,-68238,69259,2.8
046560012000,20,-68237,69259,2.0
046560013000,83,-68237,69258,8.3
046560014000,39,-68236,69257,3.9
046560015000,39,-68236,69257,3.9
046560016000,20,-68236,69256,2.0
046560018000,73,-68235,69255,7.3
046560019000,49,-68234,69254,4.9
046560020000,14,-68234,69253,1.4
046560021000,92,-68235,69251,9.2
046560022000,86,-68234,69251,8.6
046560023000,36,-68233,69252,3.6
046560024000,18,-68233,69252,1.8
046560025000,0,-68232,69253,0.0
046560026000,123,-68231,69253,12.3
046560027000,52,-68230,69254,5.2
046560028000,4,-68230,69254,0.4
046560029000,48,-68230,69255,4.8
046560030000,4,-68230,69256,0.4
046560031000,48,-68229,69257,4.8
046560032000,31,-68229,69257,3.1
046560033000,117,-68229,69258,11.7
046570001000,42,-68302,69253,4.2
046570002000,141,-68302,69253,14.1
046570003000,29,-68302,69253,2.9
046570004000,94,-68302,69252,9.4
046570005000,20,-68301,69252,2.0
046570006000,3,-68301,69252,0.3
046570008000,112,-68301,69252,11.2
046570009000,12,-68301,69252,1.2
046570010000,1,-68300,69252,0.1
046570011000,55,-68300,69252,5.5
046570012000,40,-68302,69253,4.0
046570013000,141,-68302,69253,14.1
046570014000,29,-68302,69253,2.9
046570015000,82,-68302,69252,8.2
046570016000,20,-68301,69252,2.0
046570017000,10,-68301,69253,1.0
046570018000,74,-68301,69252,7.4
046570019000,112,-68301,69252,11.2
046570020000,12,-68301,69252,1.2
046570021000,1,-68300,69252,0.1
046570022000,55,-68300,69252,5.5
046580001000,8,-68303,69253,0.8
046580002000,7,-68303,69254,0.7
046580003000,125,-68303,69254,12.5
046580004000,10,-68301,69254,1.0
046580005000,76,-68300,69254,7.6
046580006000,36,-68300,69254,3.6
046580007000,8,-68303,69253,0.8
046580008000,5,-68302,69254,0.5
046580009000,125,-68303,69254,12.5
046580010000,10,-68301,69254,1.0
046580011000,76,-68300,69254,7.6
046580012000,22,-68300,69254,2.2
046590001000,51,-68300,69254,5.1
046590002000,70,-68300,69254,7.0
046590003000,30,-68299,69254,3.0
046590005000,81,-68299,69253,8.1
046590006000,39,-68299,69253,3.9
046590007000,34,-68298,69255,3.4
046590008000,87,-68298,69255,8.7
046590009000,44,-68298,69255,4.4
046590010000,49,-68300,69254,4.9
046590011000,70,-68300,69254,7.0
046590012000,30,-68299,69254,3.0
046590013000,53,-68299,69253,5.3
046590014000,81,-68299,69253,8.1
046590015000,39,-68299,69253,3.9
046590016000,34,-68298,69255,3.4
046590017000,87,-68298,69255,8.7
046590018000,31,-68298,69255,3.1
046600001000,8,-68298,69255,0.8
046600003000,100,-68297,69255,10.0
046600004000,15,-68297,69256,1.5
046600005000,10,-68298,69255,1.0
046600006000,15,-68297,69255,1.5
046600007000,113,-68297,69255,11.3
046600008000,15,-68297,69256,1.5
046610001000,77,-68296,69248,7.7
046610002000,49,-68296,69247,4.9
046610003000,51,-68296,69248,5.1
046610004000,7,-68296,69248,0.7
046610005000,37,-68295,69247,3.7
046610006000,89,-68295,69248,8.9
046610007000,47,-68295,69248,4.7
046610008000,33,-68295,69247,3.3
046610009000,44,-68294,69248,4.4
046610010000,99,-68294,69248,9.9
046610011000,77,-68296,69248,7.7
046610012000,49,-68296,69247,4.9
046610013000,51,-68296,69248,5.1
046610014000,7,-68296,69248,0.7
046610015000,37,-68295,69247,3.7
046610016000,89,-68295,69248,8.9
046610017000,47,-68295,69248,4.7
046610018000,33,-68295,69247,3.3
046610019000,44,-68294,69248,4.4
046610020000,99,-68294,69248,9.9
046620001000,107,-68297,69250,10.7
046620002000,2,-68297,69249,0.2
046620003000,108,-68297,69249,10.8
046620004000,83,-68296,69250,8.3
046620005000,98,-68296,69250,9.8
046620006000,21,-68296,69249,2.1
046620007000,14,-68295,69250,1.4
046620008000,58,-68295,69250,5.8
046620009000,21,-68295,69249,2.1
046620010000,27,-68295,69249,2.7
046620011000,27,-68294,69250,2.7
046620012000,84,-68294,69250,8.4
046620013000,40,-68294,69249,4.0
046620014000,41,-68294,69250,4.1
046620015000,15,-68293,69250,1.5
046620016000,57,-68293,69249,5.7
046620017000,46,-68293,69250,4.6
046630001000,107,-68297,69250,10.7
046630002000,2,-68297,69249,0.2
046630003000,108,-68297,69249,10.8
046630004000,83,-68296,69250,8.3
046630005000,98,-68296,69250,9.8
046630006000,21,-68296,69249,2.1
046630007000,14,-68295,69250,1.4
046630008000,58,-68295,69250,5.8
046630009000,21,-68295,69249,2.1
046630010000,27,-68295,69249,2.7
046630011000,27,-68294,69250,2.7
046630012000,84,-68294,69250,8.4
046630013000,40,-68294,69249,4.0
046630014000,41,-68294,69250,4.1
046630015000,15,-68293,69250,1.5
046630016000,57,-68293,69249,5.7
046630017000,46,-68293,69250,4.6
046640001000,19,-68296,69252,1.9
046640002000,6,-68295,69251,0.6
046640003000,50,-68295,69252,5.0
046640004000,9,-68294,69251,0.9
046640005000,104,-68294,69252,10.4
046640006000,102,-68294,69252,10.2
046640007000,7,-68294,69251,0.7
046640008000,50,-68293,69252,5.0
046640009000,19,-68296,69252,1.9
046640010000,3,-68295,69252,0.3
046640011000,57,-68295,69252,5.7
046640012000,9,-68294,69251,0.9
046640013000,104,-68294,69252,10.4
046640014000,91,-68294,69252,9.1
046640015000,1,-68293,69251,0.1
046650017000,50,-68296,69254,5.0
046650018000,87,-68296,69254,8.7
046650019000,124,-68296,69254,12.4
046650020000,131,-68296,69254,13.1
046650021000,99,-68296,69254,9.9
046650023000,27,-68296,69254,2.7
046650024000,61,-68297,69254,6.1
046650025000,10,-68295,69252,1.0
046650026000,31,-68297,69254,3.1
046650027000,6,-68296,69254,0.6
046650028000,43,-68296,69254,4.3
046650030000,79,-68296,69254,7.9
046650031000,47,-68296,69254,4.7
046650032000,15,-68296,69254,1.5
046650033000,17,-68296,69253,1.7
046650054000,51,-68296,69253,5.1
046650055000,19,-68296,69253,1.9
046650056000,12,-68295,69253,1.2
046650057000,45,-68295,69253,4.5
046650058000,129,-68296,69253,12.9
046650059000,96,-68296,69253,9.6
046650060000,65,-68296,69253,6.5
046650061000,33,-68296,69253,3.3
046650062000,1,-68296,69253,0.1
047030003000,37,-68558,69258,3.7
047030004000,30,-68558,69258,3.0
047030005000,130,-68558,69257,13.0
047030006000,123,-68558,69257,12.3
047030007000,64,-68558,69257,6.4
047030008000,71,-68558,69257,7.1
047030009000,36,-68558,69257,3.6
047030010000,9,-68557,69257,0.9
047040001000,27,-68626,69225,2.7
047040002000,51,-68623,69224,5.1
047040009000,70,-68629,69224,7.0
047040010000,2,-68627,69224,0.2
047040017000,101,-68625,69223,10.1
047053009000,31,-68642,69230,3.1
047053014000,67,-68641,69229,6.7
047070005000,30,-68644,69229,3.0
047070016000,56,-68645,69228,5.6
047070019000,1,-68647,69229,0.1
047070023000,9,-68647,69227,0.9
047070026000,48,-68642,69226,4.8
047070027000,79,-68642,69226,7.9
047070028000,5,-68637,69227,0.5
047070030000,84,-68637,69225,8.4
047070031000,38,-68638,69227,3.8
047070032000,24,-68646,69227,2.4
047070034000,22,-68643,69226,2.2
047070036000,124,-68640,69226,12.4
047070038000,21,-68644,69227,2.1
047071001000,106,-68650,69225,10.6
047071002000,141,-68649,69225,14.1
047071003000,98,-68648,69225,9.8
047071005000,9,-68646,69225,0.9
047071007000,0,-68639,69224,0.0
047071008000,53,-68637,69223,5.3
047071009000,40,-68641,69224,4.0
047071011000,38,-68644,69224,3.8
047071012000,31,-68642,69224,3.1
047071014000,30,-68643,69224,3.0
047080013000,76,-68650,69230,7.6
047080016000,75,-68652,69229,7.5
047080018000,56,-68653,69229,5.6
047080021000,2,-68655,69230,0.2
047080029000,41,-68660,69230,4.1
047080030000,41,-68661,69231,4.1
047080035000,89,-68657,69226,8.9
047080038000,4,-68654,69226,0.4
047080039000,55,-68654,69226,5.5
047080042000,69,-68651,69225,6.9
047080048000,4,-68652,69225,0.4
047090001000,81,-68668,69238,8.1
047090003000,16,-68666,69239,1.6
047090005000,22,-68664,69239,2.2
047090008000,52,-68662,69238,5.2
047090009000,60,-68662,69237,6.0
047090010000,94,-68662,69236,9.4
047090013000,70,-68665,69236,7.0
047090014000,12,-68665,69237,1.2
047090015000,42,-68666,69238,4.2
047090016000,41,-68667,69237,4.1
047090017000,11,-68667,69236,1.1
047090020000,32,-68666,69235,3.2
047090024000,16,-68669,69235,1.6
047090026000,18,-68665,69234,1.8
047101006000,88,-68680,69242,8.8
047101007000,55,-68679,69242,5.5
047101010000,29,-68679,69240,2.9
047101013000,2,-68675,69239,0.2
047101021000,5,-68671,69237,0.5
047101022000,66,-68670,69236,6.6
047101025000,51,-68669,69234,5.1
047101026000,71,-68668,69233,7.1
047101028000,112,-68667,69232,11.2
047101032000,13,-68666,69231,1.3
047101033000,52,-68665,69231,5.2
047101035000,3,-68664,69230,0.3
047101036000,118,-68663,69229,11.8
047101038000,18,-68667,69231,1.8
047101041000,47,-68671,69235,4.7
047102004000,67,-68672,69234,6.7
047102005000,16,-68672,69234,1.6
047102018000,31,-68675,69236,3.1
047110014000,16,-68785,69265,1.6
047110015000,22,-68785,69264,2.2
047120020000,6,-68816,69248,0.6
047120043000,71,-68817,69248,7.1
047130006000,3,-68799,69260,0.3
047130012000,6,-68804,69262,0.6
047130014000,30,-68802,69262,3.0
047130015000,51,-68802,69261,5.1
047130018000,28,-68802,69260,2.8
047131003000,10,-68797,69264,1.0
047131008000,93,-68795,69259,9.3
047131009000,56,-68796,69258,5.6
047131010000,72,-68797,69258,7.2
047131011000,54,-68797,69260,5.4
047131019000,57,-68798,69263,5.7
047140009000,18,-68806,69261,1.8
047140010000,45,-68808,69261,4.5
047140012000,51,-68809,69261,5.1
047140023000,82,-68809,69263,8.2
047140024000,88,-68808,69263,8.8
047140025000,73,-68807,69264,7.3
047140027000,57,-68809,69265,5.7
047140028000,25,-68810,69266,2.5
047150023000,94,-68813,69260,9.4
047150028000,44,-68806,69257,4.4
047150030000,44,-68806,69258,4.4
047150032000,60,-68808,69257,6.0
047150033000,4,-68809,69258,0.4
047150034000,1,-68808,69256,0.1
047150035000,33,-68807,69256,3.3
047160001000,69,-68806,69256,6.9
047160003000,24,-68805,69257,2.4
047160004000,54,-68804,69257,5.4
047160006000,3,-68803,69257,0.3
047160008000,45,-68801,69257,4.5
047160009000,29,-68800,69257,2.9
047160010000,68,-68799,69257,6.8
047160011000,60,-68798,69257,6.0
047160012000,83,-68797,69256,8.3
047160013000,15,-68798,69256,1.5
047160016000,40,-68802,69253,4.0
047160021000,38,-68806,69252,3.8
047160022000,56,-68804,69255,5.6
047160023000,81,-68803,69255,8.1
047160026000,21,-68803,69253,2.1
047160027000,51,-68799,69255,5.1
047170005000,42,-68808,69252,4.2
047170007000,30,-68821,69248,3.0
047170008000,140,-68821,69249,14.0
047170011000,87,-68820,69250,8.7
047170013000,31,-68820,69249,3.1
047170018000,9,-68817,69252,0.9
047170019000,28,-68817,69251,2.8
047170020000,127,-68816,69250,12.7
047170026000,42,-68815,69252,4.2
047170028000,73,-68814,69253,7.3
047170032000,33,-68815,69250,3.3
047170033000,76,-68814,69250,7.6
047170035000,51,-68812,69252,5.1
047170037000,30,-68810,69252,3.0
047170038000,10,-68810,69251,1.0
047170040000,9,-68807,69252,0.9
047180002000,18,-68829,69272,1.8
047180008000,10,-68825,69271,1.0
047180009000,83,-68825,69271,8.3
047180010000,120,-68824,69271,12.0
047180011000,20,-68823,69271,2.0
047180014000,2,-68822,69270,0.2
047180016000,69,-68820,69270,6.9
047180018000,31,-68818,69269,3.1
047180021000,69,-68822,69269,6.9
047180022000,95,-68823,69269,9.5
047180028000,117,-68827,69270,11.7
047180032000,23,-68830,69271,2.3
047180034000,27,-68820,69267,2.7
047180036000,36,-68820,69267,3.6
047180037000,51,-68823,69267,5.1
047180038000,59,-68821,69266,5.9
047180039000,16,-68821,69266,1.6
047180043000,72,-68823,69267,7.2
047180044000,75,-68824,69268,7.5
047180050000,117,-68828,69269,11.7
047180051000,32,-68829,69269,3.2
047180052000,76,-68829,69269,7.6
047180053000,32,-68830,69269,3.2
047180054000,138,-68831,69268,13.8
047180056000,38,-68829,69267,3.8
047180057000,86,-68830,69267,8.6
047180059000,90,-68831,69266,9.0
047180061000,69,-68828,69267,6.9
047180063000,12,-68830,69266,1.2
047180067000,14,-68827,69266,1.4
047180069000,24,-68825,69266,2.4
047180070000,45,-68825,69265,4.5
047180071000,129,-68826,69265,12.9
047180072000,18,-68827,69265,1.8
047190002000,53,-68832,69267,5.3
047190003000,49,-68833,69267,4.9
047190005000,58,-68834,69265,5.8
047190007000,64,-68832,69266,6.4
047190008000,7,-68830,69266,0.7
047190009000,84,-68831,69265,8.4
047190010000,24,-68831,69265,2.4
047190011000,29,-68832,69265,2.9
047190012000,34,-68833,69264,3.4
047190015000,21,-68829,69264,2.1
047190016000,9,-68829,69264,0.9
047190017000,69,-68830,69264,6.9
047190018000,23,-68831,69263,2.3
047190020000,32,-68832,69263,3.2
047190021000,13,-68832,69262,1.3
047190023000,18,-68834,69260,1.8
047190024000,24,-68824,69265,2.4
047190026000,13,-68825,69264,1.3
047190028000,70,-68828,69264,7.0
047190032000,109,-68829,69263,10.9
047190034000,17,-68830,69263,1.7
047190035000,97,-68828,69262,9.7
047190036000,20,-68830,69263,2.0
047190037000,11,-68829,69262,1.1
047190039000,68,-68829,69261,6.8
047190040000,80,-68831,69262,8.0
047190041000,94,-68830,69261,9.4
047190042000,58,-68832,69261,5.8
047190043000,25,-68830,69260,2.5
047190044000,130,-68831,69260,13.0
047190046000,126,-68826,69263,12.6
047200011000,51,-68835,69265,5.1
047200038000,90,-68835,69263,9.0
047220001000,49,-68881,69265,4.9
047220002000,93,-68880,69265,9.3
047220003000,2,-68879,69265,0.2
047220005000,123,-68878,69264,12.3
047220006000,18,-68877,69264,1.8
047220007000,70,-68877,69263,7.0
047220008000,97,-68876,69263,9.7
047220010000,88,-68875,69262,8.8
047220011000,20,-68874,69262,2.0
047220012000,12,-68874,69262,1.2
047220013000,92,-68873,69261,9.2
047230001000,75,-68872,69261,7.5
047230004000,54,-68870,69260,5.4
047230005000,133,-68869,69260,13.3
047230006000,57,-68868,69260,5.7
047230007000,21,-68868,69259,2.1
047230009000,109,-68866,69259,10.9
047230010000,0,-68860,69257,0.0
047230011000,42,-68860,69256,4.2
047230012000,123,-68859,69256,12.3
047230013000,78,-68859,69254,7.8
047230015000,71,-68860,69255,7.1
047230016000,69,-68861,69255,6.9
047241003000,70,-68851,69254,7.0
047241004000,100,-68850,69254,10.0
047241005000,98,-68849,69254,9.8
047241007000,51,-68853,69254,5.1
047241008000,50,-68856,69255,5.0
047241009000,103,-68858,69256,10.3
047241010000,42,-68857,69256,4.2
047241011000,33,-68855,69255,3.3
047241012000,18,-68857,69255,1.8
047241013000,117,-68852,69254,11.7
047241014000,74,-68853,69254,7.4
047242002000,53,-68851,69252,5.3
047242005000,92,-68849,69252,9.2
047242006000,18,-68848,69252,1.8
047242007000,47,-68848,69252,4.7
047242008000,23,-68854,69253,2.3
047242010000,138,-68858,69254,13.8
047242011000,99,-68854,69253,9.9
047242012000,85,-68857,69254,8.5
047242014000,87,-68852,69252,8.7
047242015000,37,-68853,69252,3.7
047242017000,3,-68856,69254,0.3
047242018000,22,-68856,69254,2.2
047251002000,37,-68847,69254,3.7
047251004000,36,-68845,69255,3.6
047251005000,10,-68845,69255,1.0
047251007000,133,-68843,69255,13.3
047251008000,74,-68842,69255,7.4
047252002000,62,-68836,69254,6.2
047252004000,59,-68835,69252,5.9
047252005000,130,-68836,69252,13.0
047252006000,16,-68836,69252,1.6
047252007000,105,-68837,69252,10.5
047252008000,12,-68838,69252,1.2
047252009000,17,-68837,69254,1.7
047252010000,63,-68837,69253,6.3
047252011000,99,-68838,69253,9.9
047252012000,42,-68839,69253,4.2
047252013000,65,-68838,69252,6.5
047252014000,5,-68839,69252,0.5
047253001000,120,-68841,69252,12.0
047253005000,76,-68847,69252,7.6
047253007000,48,-68841,69253,4.8
047253008000,95,-68842,69253,9.5
047253009000,25,-68845,69253,2.5
047253010000,12,-68845,69253,1.2
047253011000,76,-68846,69252,7.6
047254002000,85,-68836,69250,8.5
047254004000,79,-68838,69250,7.9
047254005000,1,-68838,69250,0.1
047254006000,5,-68839,69251,0.5
047254007000,132,-68840,69251,13.2
047261001000,60,-68841,69255,6.0
047261002000,35,-68840,69255,3.5
047261003000,22,-68840,69255,2.2
047261004000,97,-68839,69255,9.7
047261005000,88,-68838,69255,8.8
047261008000,94,-68836,69256,9.4
047261010000,63,-68835,69256,6.3
047261011000,143,-68834,69256,14.3
047261012000,25,-68833,69256,2.5
047262002000,21,-68834,69254,2.1
047262003000,37,-68834,69254,3.7
047271001000,95,-68833,69256,9.5
047271002000,87,-68832,69256,8.7
047271003000,1,-68832,69256,0.1
047272001000,98,-68830,69257,9.8
047272003000,17,-68825,69257,1.7
047272013000,84,-68824,69259,8.4
047272014000,4,-68823,69260,0.4
047272016000,99,-68827,69257,9.9
047272018000,19,-68829,69257,1.9
047272019000,118,-68826,69257,11.8
047272020000,9,-68827,69257,0.9
047272022000,60,-68824,69257,6.0
047272024000,51,-68824,69257,5.1
047272026000,79,-68825,69257,7.9
047272027000,46,-68823,69257,4.6
047273001000,51,-68832,69254,5.1
047273002000,76,-68832,69254,7.6
047273004000,86,-68831,69254,8.6
047273005000,35,-68831,69254,3.5
047273006000,127,-68831,69253,12.7
047274001000,14,-68829,69255,1.4
047274002000,16,-68829,69254,1.6
047274003000,31,-68829,69254,3.1
047274004000,53,-68829,69253,5.3
047274007000,127,-68828,69253,12.7
047274008000,49,-68829,69253,4.9
047274010000,79,-68825,69254,7.9
047274012000,48,-68822,69255,4.8
047274013000,23,-68826,69255,2.3
047274014000,42,-68822,69256,4.2
047274016000,15,-68823,69256,1.5
047274017000,18,-68824,69255,1.8
047274018000,56,-68827,69255,5.6
047274020000,97,-68826,69255,9.7
047274022000,1,-68823,69254,0.1
047274025000,20,-68823,69256,2.0
047274028000,47,-68825,69255,4.7
047274029000,36,-68824,69254,3.6
047274030000,47,-68827,69254,4.7
047275005000,33,-68821,69254,3.3
047275006000,50,-68826,69252,5.0
047275007000,56,-68825,69252,5.6
047275009000,18,-68824,69252,1.8
047275010000,21,-68823,69252,2.1
047275013000,86,-68821,69253,8.6
047275015000,125,-68820,69257,12.5
047275016000,12,-68821,69258,1.2
047275017000,21,-68821,69255,2.1
047275018000,14,-68820,69255,1.4
047275019000,63,-68820,69256,6.3
047281002000,125,-68833,69252,12.5
047281003000,52,-68832,69252,5.2
047281004000,39,-68832,69252,3.9
047281005000,18,-68831,69252,1.8
047283003000,59,-68830,69250,5.9
047283004000,109,-68831,69250,10.9
047283005000,123,-68832,69250,12.3
047283007000,31,-68831,69250,3.1
047283010000,29,-68828,69250,2.9
047283011000,107,-68829,69250,10.7
047284001000,52,-68835,69250,5.2
047290005000,52,-68821,69263,5.2
047290006000,83,-68820,69264,8.3
047290007000,40,-68821,69263,4.0
047290008000,63,-68823,69262,6.3
047290009000,40,-68823,69262,4.0
047290010000,44,-68819,69265,4.4
047290011000,66,-68820,69260,6.6
047290015000,77,-68824,69261,7.7
047290016000,47,-68826,69261,4.7
047290017000,10,-68825,69261,1.0
047290018000,56,-68821,69260,5.6
047290019000,44,-68821,69260,4.4
047290020000,21,-68819,69263,2.1
047290022000,21,-68820,69259,2.1
047300002000,49,-68827,69248,4.9
047300003000,64,-68826,69248,6.4
047300005000,82,-68825,69250,8.2
047300006000,17,-68824,69250,1.7
047300007000,68,-68824,69248,6.8
047300008000,27,-68824,69250,2.7
047300009000,24,-68823,69248,2.4
047300012000,28,-68822,69248,2.8
047300013000,88,-68823,69250,8.8
047380002000,73,-68659,69226,7.3
047380003000,10,-68660,69227,1.0
047380004000,6,-68660,69227,0.6
047380005000,4,-68659,69227,0.4
047380006000,10,-68659,69226,1.0
047380008000,15,-68659,69226,1.5
047380009000,109,-68659,69226,10.9
047380010000,67,-68659,69226,6.7
047380011000,10,-68660,69227,1.0
047380012000,5,-68660,69227,0.5
047380013000,3,-68659,69227,0.3
047380014000,2,-68659,69226,0.2
047380015000,11,-68659,69227,1.1
047380016000,14,-68659,69226,1.4
047380017000,17,-68659,69226,1.7
047380018000,11,-68659,69226,1.1
047380019000,22,-68658,69226,2.2
047410017000,92,-68677,69243,9.2
047410019000,82,-68675,69242,8.2
047410020000,124,-68674,69242,12.4
047410021000,105,-68674,69241,10.5
047410022000,28,-68674,69240,2.8
047410025000,55,-68680,69243,5.5
047420004000,128,-68668,69241,12.8
047420005000,7,-68669,69242,0.7
047420009000,61,-68671,69243,6.1
047420011000,22,-68672,69242,2.2
047420012000,17,-68673,69241,1.7
047420015000,75,-68670,69240,7.5
047420016000,14,-68670,69239,1.4
047420017000,41,-68669,69239,4.1
047420019000,64,-68670,69237,6.4
047420020000,44,-68670,69238,4.4
047420021000,16,-68671,69239,1.6
047420022000,30,-68673,69240,3.0
047430008000,22,-68826,69252,2.2
048100001000,21,-67784,69171,2.1
048100002000,115,-67784,69170,11.5
048100014000,3,-67784,69172,0.3
048110002000,99,-67790,69170,9.9
048120015000,20,-67784,69164,2.0
048120017000,0,-67785,69163,0.0
048120021000,11,-67786,69163,1.1
048120024000,102,-67788,69162,10.2
048120035000,71,-67784,69166,7.1
048120037000,73,-67784,69165,7.3
048120038000,18,-67791,69166,1.8
048120039000,51,-67789,69162,5.1
048120040000,63,-67786,69164,6.3
048140003000,11,-67608,69220,1.1
048142003000,36,-67607,69225,3.6
048142004000,90,-67607,69225,9.0
048142007000,7,-67606,69224,0.7
048142009000,44,-67607,69224,4.4
048142011000,98,-67609,69224,9.8
048142012000,48,-67609,69225,4.8
048142016000,43,-67606,69225,4.3
048143001000,17,-67605,69224,1.7
048143002000,31,-67605,69223,3.1
048144009000,116,-67606,69222,11.6
048144010000,5,-67607,69221,0.5
048144015000,50,-67607,69221,5.0
048144020000,116,-67607,69222,11.6
048145001000,46,-67605,69222,4.6
048151001000,102,-67605,69231,10.2
048151004000,12,-67604,69232,1.2
048153004000,83,-67604,69229,8.3
048153008000,59,-67606,69229,5.9
048153010000,6,-67605,69229,0.6
048154003000,117,-67603,69227,11.7
048154010000,2,-67603,69228,0.2
048155001000,27,-67610,69228,2.7
048156001000,26,-67608,69227,2.6
048156002000,37,-67608,69228,3.7
048156003000,3,-67607,69227,0.3
048156004000,42,-67607,69227,4.2
048156005000,75,-67606,69227,7.5
048156006000,79,-67606,69227,7.9
048156007000,67,-67605,69227,6.7
048156008000,87,-67605,69227,8.7
048156009000,105,-67605,69226,10.5
048156010000,12,-67606,69226,1.2
048156011000,117,-67606,69226,11.7
048156012000,4,-67607,69226,0.4
048156013000,40,-67607,69226,4.0
048156014000,20,-67608,69227,2.0
048250009000,6,-67875,69168,0.6
048250010000,5,-67873,69169,0.5
048250011000,57,-67871,69168,5.7
048250013000,52,-67873,69166,5.2
048250014000,53,-67873,69165,5.3
048250016000,32,-67871,69166,3.2
048250017000,50,-67870,69167,5.0
048250018000,34,-67867,69168,3.4
048250019000,47,-67868,69166,4.7
048250020000,93,-67869,69165,9.3
048250021000,87,-67870,69164,8.7
048260008000,46,-67873,69170,4.6
048260010000,29,-67871,69172,2.9
048260011000,70,-67871,69174,7.0
048260013000,56,-67869,69176,5.6
048260016000,54,-67870,69170,5.4
048260017000,2,-67871,69169,0.2
048260018000,6,-67869,69168,0.6
048260019000,52,-67869,69170,5.2
048260020000,64,-67868,69171,6.4
048260022000,146,-67866,69172,14.6
048260024000,99,-67867,69169,9.9
049280007000,71,-67869,69147,7.1
049280008000,37,-67868,69146,3.7
049280009000,84,-67866,69146,8.4
049280010000,31,-67865,69146,3.1
049280011000,55,-67863,69145,5.5
049280012000,100,-67862,69145,10.0
049280013000,16,-67860,69144,1.6
049280015000,14,-67858,69144,1.4
049280017000,21,-67855,69144,2.1
049280019000,91,-67854,69146,9.1
049280020000,24,-67853,69147,2.4
049280021000,16,-67853,69148,1.6
049280023000,5,-67856,69149,0.5
049280024000,4,-67856,69148,0.4
049280026000,56,-67858,69146,5.6
049280028000,39,-67857,69149,3.9
049280030000,49,-67859,69148,4.9
049280031000,5,-67860,69146,0.5
049280032000,72,-67861,69147,7.2
049280033000,108,-67861,69148,10.8
049280034000,19,-67861,69149,1.9
049280035000,42,-67863,69150,4.2
049280036000,17,-67863,69149,1.7
049280037000,26,-67863,69147,2.6
049280038000,75,-67865,69148,7.5
049280040000,101,-67865,69150,10.1
049280041000,62,-67867,69150,6.2
049280042000,39,-67867,69148,3.9
049280043000,24,-67868,69149,2.4
049310004000,115,-67831,69129,11.5
049310009000,53,-67833,69131,5.3
049310011000,7,-67830,69132,0.7
049310012000,14,-67830,69133,1.4
049310017000,4,-67829,69135,0.4
049310020000,57,-67828,69132,5.7
049310022000,32,-67826,69132,3.2
049310025000,67,-67823,69131,6.7
049310026000,20,-67823,69130,2.0
049310028000,66,-67824,69129,6.6
049310029000,112,-67825,69129,11.2
049310033000,27,-67828,69130,2.7
049310035000,24,-67827,69129,2.4
049310036000,26,-67826,69128,2.6
049310038000,3,-67824,69128,0.3
049310039000,12,-67824,69127,1.2
049320001000,78,-67824,69126,7.8
049320003000,111,-67826,69126,11.1
049320004000,83,-67827,69126,8.3
049320008000,55,-67828,69124,5.5
049320009000,5,-67829,69123,0.5
049320011000,115,-67830,69122,11.5
049320015000,40,-67830,69125,4.0
049320017000,86,-67830,69127,8.6
049320024000,46,-67835,69124,4.6
050030003000,59,-71206,69522,5.9
050030004000,36,-71206,69522,3.6
050060004000,71,-71225,69497,7.1
050060006000,63,-71226,69496,6.3
050420001000,24,-71021,69570,2.4
050420002000,104,-71020,69571,10.4
050420005000,46,-71018,69572,4.6
050420011000,135,-71014,69571,13.5
050420016000,78,-71018,69569,7.8
050420017000,34,-71017,69568,3.4
050420018000,26,-71017,69570,2.6
050430001000,31,-71026,69563,3.1
050430002000,15,-71025,69564,1.5
050430003000,27,-71025,69564,2.7
050430004000,47,-71024,69565,4.7
050430005000,113,-71024,69566,11.3
050430006000,43,-71024,69567,4.3
050430008000,64,-71022,69561,6.4
050430009000,17,-71023,69562,1.7
050430010000,51,-71024,69562,5.1
050430011000,49,-71023,69563,4.9
050430013000,114,-71020,69563,11.4
050430014000,8,-71021,69564,0.8
050430015000,26,-71021,69565,2.6
050430016000,66,-71022,69565,6.6
050430017000,42,-71022,69566,4.2
050430018000,3,-71021,69567,0.3
050430019000,46,-71021,69568,4.6
050430020000,30,-71021,69569,3.0
050430021000,48,-71020,69568,4.8
050430022000,61,-71020,69567,6.1
050430023000,64,-71020,69566,6.4
050430027000,41,-71017,69564,4.1
050430028000,87,-71017,69565,8.7
050440003000,7,-71029,69557,0.7
050440004000,47,-71029,69557,4.7
050440005000,94,-71029,69558,9.4
050440006000,4,-71028,69560,0.4
050440007000,8,-71027,69560,0.8
050440008000,121,-71026,69562,12.1
050440009000,0,-71025,69560,0.0
050440010000,61,-71025,69560,6.1
050440011000,96,-71026,69559,9.6
050440012000,65,-71027,69558,6.5
050440013000,44,-71027,69557,4.4
050440014000,15,-71027,69557,1.5
050440015000,48,-71027,69556,4.8
050440016000,23,-71025,69557,2.3
050440017000,1,-71024,69557,0.1
050440018000,0,-71024,69558,0.0
050440019000,3,-71024,69559,0.3
050440020000,131,-71022,69560,13.1
050440021000,64,-71022,69559,6.4
050440022000,33,-71022,69558,3.3
050440023000,115,-71022,69557,11.5
050440024000,90,-71023,69557,9.0
050440025000,25,-71020,69556,2.5
050440026000,87,-71020,69557,8.7
050440027000,2,-71019,69558,0.2
050440028000,36,-71019,69559,3.6
050440029000,78,-71019,69560,7.8
050440030000,30,-71017,69559,3.0
050450001000,7,-71024,69552,0.7
050450005000,15,-71028,69553,1.5
050450006000,8,-71027,69555,0.8
050450007000,1,-71026,69555,0.1
050450008000,5,-71026,69555,0.5
050450009000,35,-71026,69554,3.5
050450010000,101,-71025,69553,10.1
050450011000,108,-71024,69554,10.8
050450012000,14,-71023,69555,1.4
050450013000,130,-71023,69556,13.0
050450014000,27,-71021,69556,2.7
050450015000,10,-71020,69555,1.0
050450017000,123,-71022,69553,12.3
050450018000,74,-71021,69553,7.4
050450019000,33,-71020,69554,3.3
050450020000,44,-71018,69557,4.4
050450021000,118,-71018,69556,11.8
050450022000,116,-71018,69555,11.6
050450023000,73,-71018,69554,7.3
050450024000,12,-71018,69553,1.2
050450025000,98,-71020,69552,9.8
050450026000,3,-71021,69551,0.3
050490008000,138,-71051,69536,13.8
051131014000,55,-70948,69364,5.5
051150027000,115,-70972,69360,11.5
051150028000,20,-70971,69361,2.0
051150032000,48,-70969,69361,4.8
051151030000,16,-70981,69356,1.6
051151031000,16,-70980,69356,1.6
051151032000,87,-70980,69356,8.7
051151033000,3,-70980,69356,0.3
051151034000,86,-70980,69355,8.6
051151035000,17,-70980,69355,1.7
051151036000,26,-70979,69354,2.6
051151037000,74,-70979,69356,7.4
051151038000,25,-70979,69356,2.5
051191021000,116,-71007,69348,11.6
051191023000,113,-71008,69350,11.3
051191024000,99,-71006,69351,9.9
051191025000,3,-71007,69351,0.3
051191026000,39,-71006,69353,3.9
051191027000,30,-71007,69353,3.0
051191029000,2,-71006,69356,0.2
051191050000,95,-71003,69353,9.5
051191051000,69,-71003,69354,6.9
051191052000,5,-71001,69353,0.5
051191053000,19,-71001,69352,1.9
051191054000,62,-71001,69351,6.2
051191059000,73,-71006,69355,7.3
051210016000,114,-71018,69384,11.4
051210035000,6,-71017,69376,0.6
051210052000,33,-70998,69372,3.3
051210053000,77,-70997,69372,7.7
051260005000,109,-71025,69387,10.9
051260022000,129,-71028,69387,12.9
051260048000,45,-71022,69385,4.5
051260069000,77,-71033,69382,7.7
051260072000,8,-71022,69380,0.8
051260073000,74,-71033,69386,7.4
051270021000,41,-71033,69379,4.1
051310012000,72,-71034,69301,7.2
051390001000,8,-70989,69366,0.8
051390002000,91,-70989,69367,9.1
051390003000,38,-70989,69366,3.8
051390004000,105,-70990,69366,10.5
051390005000,95,-70990,69365,9.5
051390006000,46,-70991,69364,4.6
051390007000,3,-70992,69363,0.3
051390008000,62,-70992,69364,6.2
051390009000,17,-70990,69362,1.7
051390010000,73,-70990,69362,7.3
051390011000,12,-70990,69361,1.2
051390012000,73,-70990,69363,7.3
051390013000,57,-70989,69363,5.7
051390014000,82,-70989,69362,8.2
051390015000,124,-70989,69364,12.4
051390016000,7,-70989,69363,0.7
051390017000,128,-70988,69363,12.8
051390018000,15,-70988,69365,1.5
051390019000,71,-70988,69364,7.1
051390020000,23,-70987,69364,2.3
051390021000,17,-70988,69365,1.7
051390022000,17,-70987,69365,1.7
051390023000,17,-70991,69368,1.7
051390024000,39,-70991,69368,3.9
051390026000,23,-70993,69366,2.3
051390028000,114,-70991,69366,11.4
051390029000,78,-70990,69367,7.8
051390030000,7,-70990,69367,0.7
051420006000,52,-71002,69332,5.2
051420011000,80,-70999,69332,8.0
051420012000,39,-70999,69331,3.9
051420013000,76,-70999,69331,7.6
051420014000,5,-70998,69330,0.5
051420015000,80,-70998,69330,8.0
051420016000,63,-70998,69329,6.3
051420019000,61,-71001,69332,6.1
051420021000,116,-71000,69331,11.6
051420022000,7,-71000,69331,0.7
051420024000,70,-70999,69329,7.0
051420025000,12,-70999,69328,1.2
051420026000,89,-70999,69328,8.9
051420027000,1,-70997,69327,0.1
051420028000,55,-70997,69327,5.5
051420029000,115,-70998,69327,11.5
051420030000,10,-71000,69326,1.0
051420031000,49,-71000,69327,4.9
051420032000,26,-71001,69328,2.6
051420033000,27,-71001,69329,2.7
051420034000,29,-71002,69330,2.9
051420035000,80,-71002,69331,8.0
051420036000,27,-71001,69331,2.7
051420037000,23,-71001,69331,2.3
051420038000,22,-71000,69330,2.2
051420039000,110,-71000,69329,11.0
051420040000,80,-71000,69328,8.0
051440004000,92,-70959,69379,9.2
051440005000,4,-70959,69379,0.4
051440006000,45,-70960,69379,4.5
051440007000,5,-70960,69379,0.5
051440008000,3,-70961,69380,0.3
051440009000,5,-70961,69380,0.5
051440014000,14,-70958,69382,1.4
051440015000,16,-70958,69381,1.6
051440016000,26,-70959,69381,2.6
051440017000,67,-70959,69381,6.7
051440018000,11,-70959,69380,1.1
051450005000,79,-71027,69400,7.9
052111034000,5,-70752,69440,0.5
052120005000,14,-70731,69417,1.4
052120006000,48,-70730,69417,4.8
052120008000,46,-70728,69416,4.6
052120017000,21,-70734,69418,2.1
052121003000,64,-70732,69415,6.4
052121004000,0,-70731,69415,0.0
052121005000,2,-70730,69414,0.2
052121006000,90,-70730,69414,9.0
052121007000,37,-70729,69414,3.7
052121008000,23,-70728,69413,2.3
052121009000,70,-70728,69413,7.0
052121010000,60,-70727,69413,6.0
052121011000,26,-70726,69412,2.6
052121012000,25,-70727,69410,2.5
052121013000,19,-70728,69411,1.9
052121014000,71,-70728,69411,7.1
052121015000,72,-70729,69411,7.2
052121016000,19,-70730,69412,1.9
052121017000,48,-70730,69412,4.8
052121018000,99,-70731,69412,9.9
052121019000,15,-70732,69412,1.5
052121020000,57,-70732,69413,5.7
052121021000,89,-70733,69413,8.9
052121022000,64,-70734,69413,6.4
052121023000,1,-70735,69413,0.1
052121024000,3,-70736,69412,0.3
052121025000,17,-70735,69413,1.7
052121026000,36,-70735,69414,3.6
052122004000,45,-70737,69414,4.5
052122005000,41,-70737,69413,4.1
052122006000,6,-70739,69414,0.6
052130001000,58,-70726,69412,5.8
052130002000,54,-70725,69412,5.4
052130003000,29,-70723,69412,2.9
052130004000,0,-70723,69411,0.0
052130008000,28,-70717,69409,2.8
052130009000,94,-70715,69409,9.4
052130012000,6,-70724,69411,0.6
052130013000,45,-70725,69411,4.5
052130015000,91,-70716,69409,9.1
052130017000,46,-70718,69408,4.6
052130018000,122,-70718,69410,12.2
052130019000,128,-70718,69409,12.8
052130022000,119,-70715,69408,11.9
052140001000,99,-70726,69410,9.9
052140002000,40,-70725,69410,4.0
052140003000,25,-70725,69409,2.5
052140004000,68,-70726,69408,6.8
052140008000,60,-70727,69408,6.0
052140012000,18,-70724,69410,1.8
052140013000,4,-70723,69410,0.4
052140014000,15,-70724,69409,1.5
052140016000,57,-70724,69406,5.7
052140017000,83,-70725,69405,8.3
052140018000,98,-70724,69405,9.8
052140019000,4,-70725,69404,0.4
052140020000,70,-70723,69403,7.0
052140022000,38,-70721,69404,3.8
052140023000,9,-70723,69405,0.9
052140024000,19,-70723,69406,1.9
052140025000,22,-70722,69406,2.2
052140027000,70,-70721,69407,7.0
052140028000,2,-70721,69408,0.2
052140029000,2,-70720,69409,0.2
052140030000,16,-70719,69407,1.6
052140035000,9,-70719,69401,0.9
052140036000,16,-70719,69403,1.6
052140039000,57,-70717,69403,5.7
052140045000,14,-70716,69402,1.4
052150001000,47,-70740,69413,4.7
052150002000,29,-70739,69412,2.9
052150003000,81,-70738,69412,8.1
052150004000,88,-70737,69412,8.8
052150005000,78,-70738,69411,7.8
052150006000,27,-70739,69411,2.7
052150007000,5,-70740,69412,0.5
052150010000,109,-70736,69411,10.9
052150011000,42,-70736,69411,4.2
052150013000,20,-70734,69411,2.0
052150014000,1,-70734,69410,0.1
052150017000,9,-70731,69410,0.9
052150022000,31,-70728,69409,3.1
052170004000,52,-70748,69427,5.2
052170005000,34,-70747,69427,3.4
052170006000,82,-70745,69425,8.2
052170008000,96,-70746,69426,9.6
052180029000,17,-70746,69428,1.7
052200016000,17,-70783,69441,1.7
052200039000,52,-70784,69445,5.2
052200041000,34,-70787,69446,3.4
052270016000,11,-70834,69444,1.1
052270023000,58,-70833,69444,5.8
052280015000,16,-70835,69445,1.6
052290010000,30,-70849,69444,3.0
052290016000,4,-70866,69443,0.4
052291003000,74,-70854,69435,7.4
052310007000,78,-70842,69461,7.8
056040006000,17,-70809,68987,1.7
056040008000,120,-70810,68986,12.0
056040020000,4,-70812,68990,0.4
056040026000,80,-70814,68989,8.0
056050018000,4,-70818,68987,0.4
056050023000,25,-70809,68979,2.5
056100021000,103,-70819,68959,10.3
056120001000,51,-70813,68950,5.1
056120011000,38,-70814,68945,3.8
056120012000,16,-70813,68946,1.6
056120016000,58,-70813,68949,5.8
056120023000,69,-70813,68946,6.9
056120024000,75,-70813,68947,7.5
056130008000,72,-70794,68951,7.2
056170021000,66,-70821,68925,6.6
056240013000,75,-70853,68844,7.5
057120005000,23,-70953,68637,2.3
057160006000,109,-70918,68697,10.9
057250001000,124,-70912,68717,12.4
057250004000,15,-70912,68717,1.5
057250005000,38,-70912,68716,3.8
057250006000,115,-70912,68716,11.5
057250013000,27,-70913,68715,2.7
057250016000,0,-70913,68714,0.0
057300007000,85,-70874,68738,8.5
057300008000,17,-70874,68737,1.7
057300009000,96,-70873,68737,9.6
057300010000,41,-70873,68737,4.1
057300011000,120,-70873,68734,12.0
057300012000,16,-70874,68735,1.6
057300013000,128,-70874,68735,12.8
057300014000,5,-70875,68735,0.5
057300015000,90,-70875,68736,9.0
057300016000,71,-70872,68736,7.1
057300017000,31,-70871,68736,3.1
057300018000,45,-70871,68736,4.5
057300020000,67,-70870,68734,6.7
057300021000,115,-70871,68734,11.5
057300022000,43,-70872,68734,4.3
057300023000,77,-70872,68734,7.7
057310001000,6,-70875,68743,0.6
057310002000,27,-70876,68742,2.7
057310003000,21,-70876,68742,2.1
057310004000,52,-70876,68741,5.2
057310005000,33,-70876,68740,3.3
057310006000,28,-70876,68739,2.8
057310007000,61,-70876,68739,6.1
057310008000,56,-70876,68738,5.6
057310009000,76,-70878,68738,7.6
057310010000,39,-70878,68739,3.9
057310011000,23,-70878,68739,2.3
057310012000,5,-70878,68740,0.5
057310013000,8,-70877,68741,0.8
057310014000,47,-70877,68741,4.7
057310015000,77,-70877,68742,7.7
057310016000,28,-70877,68743,2.8
057310017000,61,-70877,68743,6.1
057310018000,97,-70877,68744,9.7
057310019000,87,-70877,68745,8.7
057320004000,29,-70875,68746,2.9
057320005000,93,-70874,68746,9.3
057320006000,23,-70873,68746,2.3
057320007000,5,-70872,68747,0.5
057320009000,47,-70871,68747,4.7
057320010000,10,-70870,68746,1.0
057320011000,76,-70870,68746,7.6
057320013000,11,-70868,68744,1.1
057320014000,107,-70869,68744,10.7
057320015000,36,-70870,68744,3.6
057320016000,18,-70870,68744,1.8
057320017000,52,-70871,68745,5.2
057320018000,54,-70871,68745,5.4
057320019000,138,-70872,68745,13.8
057320020000,106,-70873,68745,10.6
057320021000,117,-70873,68744,11.7
057320022000,4,-70872,68743,0.4
057320023000,19,-70873,68743,1.9
057320024000,59,-70873,68742,5.9
057320025000,105,-70873,68741,10.5
057320026000,17,-70872,68740,1.7
057320027000,56,-70871,68740,5.6
057320028000,8,-70871,68741,0.8
057320029000,58,-70870,68741,5.8
057320032000,34,-70870,68739,3.4
057320033000,78,-70871,68739,7.8
057320034000,55,-70872,68739,5.5
057320035000,14,-70872,68739,1.4
057320036000,79,-70873,68739,7.9
057320037000,71,-70874,68740,7.1
057320038000,25,-70874,68741,2.5
057320039000,43,-70874,68741,4.3
057320040000,107,-70874,68742,10.7
057320041000,70,-70874,68743,7.0
057320042000,71,-70874,68744,7.1
057320044000,20,-70871,68742,2.0
057320046000,51,-70870,68743,5.1
060090007000,40,-70622,69930,4.0
060090032000,24,-70613,69929,2.4
060090034000,25,-70616,69927,2.5
060090036000,20,-70614,69927,2.0
060090049000,29,-70612,69928,2.9
060100002000,26,-70633,69921,2.6
060110006000,28,-70608,69930,2.8
060110015000,9,-70607,69929,0.9
060110016000,10,-70607,69928,1.0
060110020000,87,-70605,69928,8.7
060110022000,72,-70603,69928,7.2
060120003000,43,-70610,69931,4.3
060120013000,58,-70610,69927,5.8
060120014000,61,-70609,69927,6.1
060120015000,11,-70608,69926,1.1
060120029000,33,-70604,69924,3.3
060120031000,22,-70604,69926,2.2
060120032000,113,-70603,69926,11.3
060120033000,74,-70602,69926,7.4
060120034000,74,-70601,69926,7.4
060120035000,5,-70601,69924,0.5
060120036000,54,-70602,69924,5.4
060120063000,54,-70607,69922,5.4
060120074000,18,-70611,69928,1.8
060120076000,40,-70604,69925,4.0
061150005000,27,-70431,69878,2.7
061160016000,7,-70431,69867,0.7
061160017000,70,-70431,69866,7.0
061160019000,62,-70430,69865,6.2
063130012000,28,-70045,69773,2.8
064030004000,71,-69779,69664,7.1
064040006000,9,-69773,69664,0.9
064060012000,11,-69779,69661,1.1
064060023000,0,-69781,69660,0.0
064060026000,87,-69783,69656,8.7
064060027000,73,-69783,69658,7.3
064060029000,103,-69780,69661,10.3
064060033000,48,-69781,69661,4.8
064060036000,27,-69785,69661,2.7
064060037000,82,-69785,69658,8.2
064060048000,48,-69784,69657,4.8
064060052000,89,-69783,69662,8.9
064060053000,15,-69782,69663,1.5
064070018000,20,-69772,69663,2.0
064090005000,3,-69786,69653,0.3
