apn,porch,gh,veh,units,beds
004070003000,,,0,1.0,2.0
004070011000,,,0,1.0,3.0
004070018000,69.0,,0,1.0,2.0
004070019000,4100.0,,240,1.0,3.0
004070030000,,,288,1.0,2.0
004131031000,231.0,,624,1.0,2.0
004131043000,,,0,1.0,4.0
004131044000,60.0,,440,1.0,2.0
004131045000,168.0,,0,1.0,2.0
004140020000,392.0,,0,1.0,
004140021000,1180.0,,400,1.0,2.0
004140035000,,,680,1.0,2.0
004140036000,,,0,1.0,1.0
004151016000,0.0,,992,1.0,3.0
004151017000,,,0,1.0,2.0
004151018000,736.0,,0,1.0,3.0
004151021000,512.0,,480,1.0,2.0
004180015000,629.0,,798,1.0,2.0
004200011000,,,400,1.0,2.0
004200012000,,,440,1.0,3.0
004200013000,,,400,1.0,3.0
004200014000,,,440,1.0,4.0
004200015000,,,400,1.0,
004200016000,,,242,1.0,2.0
004200017000,,,231,1.0,2.0
004200019000,500.0,,480,1.0,3.0
004200020000,,,242,1.0,2.0
004200021000,,,242,1.0,2.0
004200022000,,,400,1.0,3.0
004200023000,0.0,,382,1.0,3.0
004200024000,,,400,1.0,3.0
004200026000,,,264,1.0,2.0
004200028000,,,264,1.0,2.0
004200031000,,,275,1.0,4.0
004200032000,136.0,,400,1.0,3.0
004200033000,643.0,,576,1.0,3.0
004200034000,,,440,1.0,3.0
004200035000,,,242,1.0,2.0
004200036000,,,242,1.0,2.0
004200038000,,,400,1.0,3.0
004200039000,420.0,,504,1.0,3.0
004200040000,0.0,,480,1.0,3.0
004200041000,600.0,,0,1.0,2.0
004200042000,,,440,1.0,3.0
004200043000,,,400,1.0,3.0
004200044000,,,484,1.0,
004200048000,,,410,1.0,2.0
004441044000,150.0,,1292,1.0,2.0
004630013000,1053.0,,671,1.0,3.0
004630014000,680.0,,631,1.0,3.0
004630015000,500.0,,581,1.0,4.0
004630016000,200.0,,504,1.0,3.0
004630017000,1200.0,,484,1.0,2.0
004630020000,2000.0,,528,1.0,2.0
004630021000,1000.0,,741,1.0,4.0
004630024000,554.0,,795,1.0,3.0
004640001000,1120.0,,730,1.0,4.0
004640004000,,,684,1.0,3.0
004640005000,524.0,,588,1.0,2.0
004640008000,500.0,,1002,1.0,4.0
004640009000,828.0,,552,1.0,3.0
004640010000,500.0,,740,1.0,4.0
004640011000,800.0,,630,1.0,5.0
004640013000,1000.0,,615,1.0,4.0
004660002000,679.0,,652,1.0,3.0
004660003000,300.0,,633,1.0,3.0
004660004000,102.0,,616,1.0,3.0
004660005000,679.0,,663,1.0,3.0
004660006000,0.0,,616,1.0,3.0
004660008000,,,505,1.0,
004660009000,,,665,1.0,3.0
004660010000,,,720,1.0,
004660011000,,,768,1.0,2.0
004660012000,400.0,,616,1.0,3.0
004660013000,625.0,,652,1.0,3.0
004660015000,300.0,,616,1.0,3.0
004660016000,625.0,,652,1.0,3.0
004660017000,470.0,,610,1.0,3.0
004660018000,625.0,,704,1.0,3.0
004660020000,625.0,,652,1.0,3.0
004660022000,212.0,,616,1.0,3.0
004660023000,625.0,,616,1.0,3.0
004660024000,550.0,,616,1.0,3.0
004660027000,,,796,1.0,
004660029000,450.0,,616,1.0,3.0
005010008000,,,0,1.0,3.0
005010029000,0.0,,0,1.0,3.0
005030007000,1000.0,,0,1.0,4.0
005030016000,,,252,1.0,2.0
005030017000,,,0,1.0,4.0
005030019000,,,0,1.0,2.0
005040007000,,,0,1.0,2.0
005040014000,,,0,1.0,2.0
005040027000,1500.0,,520,1.0,3.0
005040035000,,,0,1.0,8.0
005040041000,304.0,,264,1.0,3.0
005040044000,,,530,1.0,3.0
005040049000,1200.0,,1065,1.0,3.0
005040052000,,,480,1.0,2.0
005040055000,,,816,1.0,2.0
005040058000,3000.0,,480,1.0,2.0
005040059000,2500.0,,498,1.0,3.0
005040061000,1500.0,,720,1.0,4.0
005060009000,480.0,,0,1.0,8.0
005060014000,1098.0,,528,1.0,3.0
005060015000,,,528,1.0,3.0
005060016000,400.0,,380,1.0,1.0
005060029000,,,673,1.0,2.0
005060034000,,,559,1.0,3.0
005060035000,,,548,1.0,3.0
005060053000,,,1092,1.0,6.0
005060059000,,,1092,1.0,6.0
005060060000,,,1092,1.0,6.0
005060061000,,,337,1.0,
005070003000,1000.0,,861,1.0,2.0
005070005000,493.0,,0,1.0,2.0
005070008000,,,0,1.0,2.0
005070009000,,,0,1.0,2.0
005070017000,500.0,,396,1.0,2.0
005071006000,1000.0,,616,1.0,2.0
005071007000,,,290,1.0,2.0
005071008000,,,480,1.0,3.0
005071010000,,,0,1.0,3.0
005071012000,200.0,,240,1.0,3.0
005071013000,350.0,,0,1.0,2.0
005072005000,2000.0,,240,1.0,3.0
005072006000,,,0,1.0,2.0
005072008000,,,0,1.0,3.0
005073002000,144.0,,256,1.0,3.0
005073003000,,,300,1.0,4.0
005073004000,64.0,,0,1.0,2.0
005074001000,,,190,1.0,2.0
005074002000,250.0,,280,1.0,2.0
005074004000,624.0,,0,1.0,3.0
005074005000,,,360,1.0,2.0
005074006000,800.0,,500,1.0,3.0
005074007000,200.0,,0,1.0,5.0
005074008000,1250.0,998.0,342,2.0,2.0
005074009000,,,0,1.0,4.0
005074010000,3000.0,,378,1.0,2.0
005074011000,954.0,,0,1.0,
005074014000,,,0,1.0,1.0
005074016000,,,0,1.0,3.0
005074017000,,,192,1.0,3.0
005074020000,,,684,1.0,5.0
005075002000,,,0,1.0,3.0
005075007000,380.0,,768,1.0,3.0
005075008000,,,0,1.0,2.0
005075009000,,,361,1.0,2.0
005075010000,720.0,,288,1.0,2.0
005075014000,,,400,1.0,3.0
005076003000,,,0,1.0,3.0
005076004000,,,0,1.0,3.0
005076005000,,,0,1.0,2.0
005080002000,,,0,1.0,2.0
005080003000,,,256,1.0,
005080004000,,,192,1.0,3.0
005080005000,,,400,1.0,3.0
005080006000,256.0,,250,1.0,2.0
005080007000,585.0,,294,1.0,
005080008000,,,512,1.0,2.0
005080010000,,,192,1.0,3.0
005080011000,,,324,1.0,2.0
005080012000,1500.0,,480,1.0,2.0
005080018000,500.0,,576,1.0,3.0
005080019000,500.0,,528,1.0,3.0
005080020000,1000.0,,768,1.0,3.0
005080021000,,,576,1.0,3.0
005080022000,800.0,,504,1.0,3.0
005080034000,,,576,1.0,3.0
005080037000,1000.0,,500,1.0,2.0
005080038000,3000.0,,772,1.0,4.0
005080039000,2500.0,,484,1.0,3.0
005080041000,1200.0,,757,1.0,3.0
005080042000,3000.0,,640,1.0,4.0
005080043000,3000.0,,640,1.0,3.0
005080045000,2500.0,,764,1.0,3.0
005080048000,4000.0,,663,1.0,4.0
005080053000,800.0,,710,1.0,3.0
005090003000,,,280,1.0,4.0
005090004000,982.0,,384,1.0,2.0
005091002000,,,0,1.0,
005091003000,,,0,1.0,5.0
005091004000,56.0,,0,1.0,4.0
005091005000,200.0,,450,1.0,4.0
005091006000,,,0,1.0,3.0
005091008000,,,240,1.0,3.0
005091009000,,,0,1.0,5.0
005091010000,,,800,1.0,3.0
005091011000,189.0,,0,1.0,4.0
005091013000,5000.0,,495,1.0,8.0
005091014000,,,400,1.0,5.0
005091015000,1000.0,,0,1.0,3.0
005091016000,640.0,,0,1.0,3.0
005091017000,175.0,,256,1.0,2.0
005091018000,,,0,1.0,3.0
005091019000,1400.0,,1008,1.0,3.0
005091021000,239.0,,400,1.0,3.0
005092001000,,,0,1.0,3.0
005092002000,,,520,1.0,5.0
005092003000,341.0,,0,1.0,4.0
005092004000,800.0,,336,1.0,2.0
005092005000,,,396,1.0,2.0
005092006000,,,341,1.0,3.0
005092007000,200.0,,528,1.0,4.0
005092009000,128.0,,0,1.0,2.0
005092010000,200.0,,200,1.0,2.0
005092013000,104.0,,2100,1.0,3.0
005093002000,,,273,1.0,2.0
005093003000,,,0,1.0,2.0
005094007000,,,0,1.0,3.0
005094008000,,,360,1.0,2.0
005094009000,,,352,1.0,3.0
005094011000,,,0,1.0,1.0
005094014000,32.0,,0,1.0,1.0
005094015000,,,802,1.0,3.0
005095001000,,,612,1.0,1.0
005095002000,,,0,1.0,2.0
005095003000,,,0,1.0,3.0
005095004000,400.0,,440,1.0,3.0
005095006000,,,720,1.0,7.0
005095007000,,,0,1.0,4.0
005095008000,,,768,1.0,7.0
005095012000,348.0,,0,1.0,1.0
005095013000,560.0,,660,1.0,4.0
005096003000,,,546,1.0,2.0
005096006000,,,0,1.0,
005096008000,,,336,1.0,3.0
005096010000,,,456,1.0,4.0
005096012000,,,360,1.0,4.0
005096013000,,,0,1.0,2.0
005096016000,,,0,1.0,
005096019000,2000.0,,400,1.0,
005096020000,,,616,1.0,3.0
005096022000,,,400,1.0,2.0
005096023000,,,200,1.0,5.0
005096025000,,,0,1.0,
005101008000,,780.0,208,2.0,2.0
005110006000,,,0,1.0,2.0
005110007000,,,0,1.0,4.0
005110009000,,,0,1.0,3.0
005110011000,,,325,1.0,2.0
005110012000,,,528,1.0,3.0
005110019000,,,0,1.0,3.0
005110021000,760.0,,374,1.0,2.0
005110025000,,,0,1.0,4.0
005110033000,,,0,1.0,3.0
005120003000,,,450,1.0,
005120004000,400.0,,140,1.0,3.0
005120005000,300.0,,0,1.0,3.0
005120012000,236.0,,0,1.0,2.0
005120013000,682.0,,0,1.0,3.0
005120016000,,,384,1.0,3.0
005120017000,,,299,1.0,3.0
005120019000,,,128,1.0,2.0
005120020000,,,0,1.0,3.0
005120021000,213.0,,0,1.0,2.0
005120022000,130.0,,0,1.0,2.0
005120023000,,,300,1.0,1.0
005120024000,,,0,1.0,2.0
005120026000,,,0,1.0,
005120028000,,,0,1.0,4.0
005120030000,,,240,1.0,5.0
005120031000,,,0,1.0,
005120033000,,,0,1.0,
005120034000,,,0,1.0,
005120037000,,,0,1.0,
005120038000,,,0,1.0,4.0
005120039000,,,0,1.0,2.0
005120040000,,,0,1.0,
005120043000,,,0,1.0,2.0
005120044000,,,0,1.0,2.0
005120045000,,,0,1.0,3.0
005120046000,500.0,,0,1.0,1.0
005120047000,,,0,1.0,
005120048000,500.0,,256,1.0,4.0
005120049000,,,0,1.0,2.0
005120050000,,,320,1.0,
005120052000,,,1200,1.0,
005120055000,800.0,,0,1.0,
005120056000,,,0,1.0,
005120059000,,,0,1.0,
005120061000,,,0,1.0,
005120062000,,,0,1.0,
005120063000,,,288,1.0,2.0
005120064000,,,330,1.0,8.0
005120065000,2500.0,508.0,410,2.0,3.0
005120068000,1200.0,,576,1.0,3.0
005120072000,,,0,1.0,
005120075000,2500.0,,0,1.0,
005120076000,,,0,1.0,
005120080000,,,0,1.0,
005120081000,,,558,1.0,
005120083000,,,0,1.0,
005120084000,,,0,1.0,
005130024000,1000.0,,0,1.0,3.0
005140003000,,,0,1.0,2.0
005140004000,,,0,1.0,4.0
005140006000,,,0,1.0,
005140007000,,,0,1.0,3.0
005140008000,,,480,1.0,1.0
005140009000,,,0,1.0,3.0
005140011000,0.0,,0,1.0,2.0
005140012000,,,0,1.0,1.0
005140013000,,,0,1.0,
005140017000,,,0,1.0,4.0
005140018000,4000.0,,0,1.0,
005140022000,,,0,1.0,3.0
005140023000,400.0,,360,1.0,
005140024000,,,456,1.0,4.0
005140029000,,,484,1.0,3.0
005140031000,480.0,,0,1.0,2.0
005140035000,,,0,1.0,3.0
005140040000,,,0,1.0,
005140041000,,,0,1.0,
005150007000,540.0,,600,1.0,2.0
005160009000,,,492,1.0,2.0
005160010000,131.0,,0,1.0,3.0
005160013000,,,108,1.0,4.0
005160015000,,,330,1.0,3.0
005160016000,,,0,1.0,2.0
005160017000,,,0,1.0,2.0
005160018000,300.0,,0,1.0,3.0
005160019000,,,544,1.0,3.0
005160020000,,,240,1.0,2.0
005160021000,154.0,,240,1.0,3.0
005160022000,,,0,1.0,2.0
005160023000,,,440,1.0,2.0
005160024000,,,420,1.0,5.0
005160025000,,,0,1.0,2.0
005160026000,90.0,,324,1.0,3.0
005160027000,120.0,,418,1.0,3.0
005160028000,252.0,,440,1.0,4.0
005160029000,,,600,1.0,3.0
005160030000,,,144,1.0,3.0
005160031000,,,340,1.0,2.0
005160033000,,,0,1.0,2.0
005160034000,,,528,1.0,3.0
005160038000,,,240,1.0,
005160039000,,,0,1.0,4.0
005160041000,,,324,1.0,2.0
005160044000,,,501,1.0,3.0
005160045000,200.0,,0,,
005160046000,460.0,,180,,
005170009000,,,294,1.0,3.0
005170010000,,,747,1.0,4.0
005170011000,,,288,1.0,3.0
005170021000,,,462,1.0,6.0
005170029000,,,0,1.0,
005180002000,180.0,,0,1.0,2.0
005180011000,2500.0,,540,1.0,
005180012000,,,624,1.0,2.0
005180013000,,,660,1.0,3.0
005180014000,2000.0,,440,1.0,3.0
005180015000,500.0,,484,1.0,
005180016000,,,0,1.0,3.0
005180017000,,,220,1.0,3.0
005180018000,0.0,,324,1.0,2.0
005180019000,,,0,1.0,4.0
005180020000,500.0,,308,1.0,3.0
005180021000,,,0,1.0,3.0
005180022000,600.0,,596,1.0,4.0
005180023000,,,200,1.0,2.0
005180025000,,,0,1.0,3.0
005180026000,,,540,1.0,3.0
005180027000,1000.0,,400,1.0,4.0
005180028000,1200.0,,484,1.0,3.0
005180029000,600.0,,484,1.0,3.0
005180031000,216.0,,0,1.0,2.0
005180033000,,,616,1.0,3.0
005180034000,,,0,1.0,3.0
005180035000,,,0,1.0,4.0
005180036000,,,0,1.0,3.0
005180037000,,,0,1.0,4.0
005180038000,,,720,1.0,3.0
005180039000,0.0,,240,1.0,2.0
005180041000,,,556,1.0,3.0
005180042000,150.0,,384,1.0,2.0
005180043000,,406.0,450,2.0,3.0
005180044000,,,0,1.0,2.0
005180046000,,,0,1.0,2.0
005180047000,100.0,,440,1.0,2.0
005180049000,,,480,1.0,2.0
005180050000,,,858,1.0,3.0
005180051000,,,456,1.0,3.0
005180052000,,,0,1.0,2.0
005180053000,,,360,1.0,2.0
005180056000,,,480,1.0,2.0
005180057000,220.0,,300,1.0,5.0
005180059000,,645.0,216,1.0,2.0
005180062000,,,0,1.0,2.0
005180063000,,,0,1.0,3.0
005180064000,,,0,1.0,2.0
005180065000,,,870,1.0,3.0
005180066000,,,360,1.0,3.0
005180067000,,,270,1.0,2.0
005180068000,,,0,1.0,3.0
005180070000,,,420,1.0,
005180071000,142.0,,576,1.0,
005190056000,,,0,1.0,
005190057000,,,0,1.0,
005190058000,,,0,1.0,
005190059000,,,0,1.0,
005190060000,,,0,1.0,
005190061000,,,0,1.0,
005190062000,,,0,1.0,
005200002000,,,320,1.0,
005200003000,,,294,1.0,3.0
005200006000,24.0,,0,1.0,3.0
005200007000,,,0,1.0,
005200008000,,,480,1.0,3.0
005200009000,,,0,1.0,
005200010000,36.0,,576,1.0,4.0
005200011000,,,0,1.0,3.0
005200012000,,,0,1.0,3.0
005200014000,,,400,1.0,3.0
005200015000,2000.0,,528,1.0,2.0
005230006000,,,120,1.0,3.0
005230007000,,,1040,1.0,
005230008000,,,0,1.0,1.0
005230009000,,,0,1.0,4.0
005230010000,128.0,685.0,0,2.0,2.0
005230011000,900.0,,0,1.0,2.0
005230012000,,,200,1.0,3.0
005230013000,2000.0,,0,1.0,
005230016000,,,855,1.0,4.0
005230019000,800.0,,0,1.0,2.0
005230023000,900.0,,648,1.0,3.0
005230032000,600.0,,296,1.0,1.0
005230033000,,,0,1.0,2.0
005230037000,500.0,,0,1.0,
005240002000,400.0,,568,1.0,
005240003000,,,0,1.0,4.0
005240004000,,,446,1.0,2.0
005240005000,200.0,,400,1.0,2.0
005240012000,1000.0,,0,1.0,3.0
005240019000,,,500,1.0,3.0
005240022000,,,400,1.0,2.0
005240023000,,,412,1.0,3.0
005240024000,,,412,1.0,2.0
005240025000,,,400,1.0,3.0
005240026000,,,672,1.0,2.0
005240027000,,,672,1.0,2.0
005240028000,,,412,1.0,3.0
005240029000,,,400,1.0,3.0
005240030000,,,400,1.0,3.0
005240031000,,,672,1.0,2.0
005240032000,,,672,1.0,2.0
005240033000,,,0,1.0,2.0
005240034000,460.0,,440,1.0,2.0
005240035000,,,440,1.0,2.0
005240036000,,,412,1.0,2.0
005240037000,,,0,1.0,2.0
005240038000,,,0,1.0,2.0
005240039000,,,412,1.0,2.0
005240040000,,,440,1.0,2.0
005240041000,368.0,,440,1.0,2.0
005240042000,,,440,1.0,2.0
005240043000,,,0,1.0,2.0
005240044000,,,412,1.0,3.0
005240045000,,,412,1.0,3.0
005240046000,,,400,1.0,3.0
005240047000,,,400,1.0,3.0
005240048000,,,672,1.0,2.0
005240049000,,,0,1.0,3.0
005240050000,,,412,1.0,3.0
005240051000,,,0,1.0,3.0
005240052000,,,412,1.0,3.0
005240053000,,,0,1.0,3.0
005240054000,,,412,1.0,3.0
005240055000,,,0,1.0,3.0
005240056000,,,672,1.0,2.0
005240057000,,,672,1.0,3.0
005250001000,,,736,1.0,3.0
005250002000,,,0,1.0,3.0
005250003000,,676.0,0,2.0,3.0
005250005000,,,231,1.0,2.0
005250006000,,,308,1.0,2.0
005250007000,285.0,,0,1.0,2.0
005250008000,,,0,1.0,2.0
005250009000,2000.0,,252,1.0,2.0
005250010000,500.0,,252,1.0,2.0
005250011000,,,0,1.0,2.0
005250012000,,,240,1.0,2.0
005250013000,,,216,1.0,3.0
005250023000,,,0,1.0,
005250026000,,,400,1.0,2.0
005250028000,,,0,1.0,2.0
005250032000,800.0,,898,1.0,3.0
005250034000,,,462,1.0,3.0
005250036000,824.0,,660,1.0,4.0
005250038000,,,0,1.0,3.0
005250039000,,,736,1.0,4.0
005250040000,,,0,1.0,3.0
005250041000,,,483,1.0,3.0
005250042000,,,0,1.0,3.0
005250043000,,,342,1.0,2.0
005250044000,,,242,1.0,2.0
005250045000,836.0,,220,1.0,3.0
005250046000,482.0,,336,1.0,4.0
005250047000,1000.0,,908,1.0,3.0
005250048000,,,480,2.0,
005250049000,,,576,1.0,3.0
005250050000,200.0,,240,1.0,3.0
005250051000,,,528,1.0,3.0
005250052000,,,400,1.0,3.0
005250054000,700.0,,0,1.0,2.0
005250055000,,,0,1.0,3.0
005250061000,2160.0,,728,1.0,3.0
005260014000,,,520,1.0,2.0
005270001000,,,220,1.0,2.0
005270003000,,,625,1.0,2.0
005270005000,,,484,1.0,3.0
005270006000,600.0,,230,1.0,2.0
005270013000,235.0,,312,1.0,
005270014000,,,0,1.0,2.0
005270015000,1500.0,,336,1.0,2.0
005270017000,1000.0,,720,1.0,2.0
005270021000,400.0,,240,1.0,3.0
005270023000,,,308,1.0,2.0
005270024000,,,360,1.0,2.0
005270030000,,,0,1.0,
005270031000,,,0,1.0,
005270041000,,,0,1.0,3.0
005270043000,,,384,1.0,7.0
005270048000,,,288,1.0,2.0
005270050000,,,0,1.0,3.0
005270052000,,,0,1.0,
005280007000,8000.0,,0,1.0,
005290001000,,,260,1.0,2.0
005290003000,,,286,1.0,
005290004000,,,0,1.0,2.0
005290005000,3250.0,,0,1.0,2.0
005290006000,465.0,,625,1.0,3.0
005290007000,0.0,,0,1.0,1.0
005290011000,,,672,1.0,3.0
005290012000,750.0,,0,1.0,3.0
005290014000,1500.0,,280,1.0,2.0
005290015000,,,0,1.0,2.0
005290017000,,,0,1.0,3.0
005290024000,150.0,,609,1.0,
005290025000,,,0,1.0,3.0
005300001000,,,558,1.0,3.0
005300002000,,,480,1.0,2.0
005300003000,,,0,1.0,3.0
005300004000,,,836,1.0,3.0
005300008000,,,384,1.0,2.0
005300011000,,,0,1.0,2.0
005300014000,,,3120,1.0,3.0
005300034000,6000.0,,0,1.0,
005300035000,300.0,,0,1.0,
005320006000,512.0,572.0,484,2.0,2.0
005320014000,,,0,1.0,
005330014000,,,465,1.0,
005330016000,,,0,1.0,
005340010000,,,320,1.0,2.0
005340011000,,,572,1.0,1.0
005340020000,1580.0,,667,1.0,3.0
005340027000,216.0,,396,1.0,1.0
005350006000,,,0,1.0,1.0
005350007000,,,400,1.0,
005350008000,1344.0,,380,1.0,2.0
005350009000,,,572,1.0,3.0
005350010000,,,0,1.0,2.0
005350012000,1500.0,,720,1.0,3.0
005350013000,,,676,1.0,3.0
005350014000,52.0,,352,1.0,2.0
005350015000,,,0,1.0,2.0
005350016000,,,288,1.0,
005350017000,,,0,1.0,4.0
005350020000,,,480,1.0,3.0
005350022000,100.0,,324,1.0,3.0
005350023000,,,160,1.0,3.0
005350024000,,,0,1.0,4.0
005350025000,160.0,,216,1.0,4.0
005350026000,,,836,1.0,2.0
005350027000,,791.0,0,3.0,
005350028000,,,0,1.0,4.0
005350029000,,,0,1.0,3.0
005350030000,,,200,1.0,2.0
005350034000,,,0,1.0,1.0
005350035000,,,0,1.0,3.0
005350037000,,,0,1.0,2.0
005350038000,,,0,1.0,
005350039000,,,320,1.0,2.0
005350040000,1500.0,,660,1.0,4.0
005350042000,1309.0,,448,1.0,2.0
005350044000,1200.0,,352,1.0,3.0
005350051000,,,0,1.0,
005360003000,558.0,,660,1.0,3.0
005360004000,750.0,,660,1.0,3.0
005360005000,104.0,,500,1.0,
005360011000,1182.0,,822,1.0,3.0
005360013000,1500.0,,944,1.0,2.0
005360016000,,,360,1.0,2.0
005360017000,800.0,,0,1.0,2.0
005360020000,,,480,1.0,3.0
005360022000,,,480,1.0,3.0
005360023000,1000.0,,308,1.0,3.0
005360024000,,,160,1.0,2.0
005360025000,500.0,,280,1.0,2.0
005360026000,500.0,,504,1.0,3.0
005360027000,,,0,1.0,5.0
005360029000,,,528,1.0,3.0
005360030000,340.0,,384,1.0,2.0
005360031000,800.0,,576,1.0,3.0
005360032000,,,400,1.0,2.0
005360035000,,,432,1.0,3.0
005360036000,1000.0,,560,1.0,2.0
005360037000,441.0,,448,1.0,2.0
005360039000,300.0,,0,1.0,6.0
005360040000,486.0,,462,1.0,3.0
005360041000,200.0,,0,1.0,1.0
005370002000,0.0,,180,1.0,4.0
005370003000,72.0,,0,1.0,2.0
005370004000,,,0,1.0,1.0
005370005000,,,0,1.0,
005370006000,,,0,1.0,4.0
005370007000,366.0,,308,1.0,3.0
005370008000,500.0,,128,1.0,3.0
005370009000,132.0,,0,1.0,3.0
005370010000,,,345,1.0,3.0
005370012000,,,0,1.0,
005370013000,500.0,,0,1.0,
005370014000,140.0,,0,1.0,4.0
005370016000,528.0,,672,1.0,4.0
005370018000,,,0,1.0,2.0
005370019000,,,288,1.0,2.0
005370020000,3000.0,,200,1.0,5.0
005370021000,,,400,1.0,4.0
005370022000,,,0,1.0,4.0
005370023000,,,0,1.0,
005370024000,14.0,,0,1.0,2.0
005370025000,,,0,1.0,
005370026000,,,0,1.0,
005370027000,1386.0,,959,1.0,3.0
005370029000,,,0,1.0,
005370030000,,,0,1.0,
005370032000,,,200,1.0,3.0
005370034000,,,0,1.0,4.0
005370035000,,,400,1.0,3.0
005370036000,,,0,1.0,
005370037000,196.0,,0,1.0,3.0
005370038000,,,0,1.0,2.0
005370039000,,,264,1.0,3.0
005370040000,,,1708,1.0,4.0
005370042000,200.0,,285,1.0,5.0
005370043000,420.0,,0,1.0,4.0
005380001000,,,220,1.0,2.0
005380003000,,,528,1.0,3.0
005380004000,100.0,,580,1.0,3.0
005380005000,500.0,,240,1.0,3.0
005380006000,,,165,1.0,2.0
005380007000,,,504,1.0,3.0
005380008000,200.0,,481,1.0,2.0
005380009000,,,0,1.0,2.0
005380010000,280.0,,416,1.0,2.0
005380012000,,,936,1.0,3.0
005380014000,403.0,,342,1.0,3.0
005380015000,,,0,1.0,2.0
005380023000,,,0,1.0,2.0
005380029000,,,367,1.0,4.0
005380030000,1000.0,,180,1.0,3.0
005380031000,,,308,1.0,3.0
005380032000,,,694,1.0,2.0
005380034000,,,240,1.0,3.0
005380035000,119.0,,447,1.0,
005380039000,,,440,1.0,3.0
005380041000,,,288,1.0,3.0
005390004000,0.0,,1045,2.0,
005390006000,,,0,1.0,
005390010000,,,0,1.0,
005390013000,,,0,1.0,
005390014000,,,0,1.0,
005390015000,,,0,1.0,
005390017000,,,0,1.0,
005390018000,,,0,1.0,
005390020000,,,0,1.0,
005390021000,,,0,1.0,
005390025000,,,0,1.0,
005390026000,,,0,1.0,
005391002000,,,0,1.0,3.0
005391004000,,,0,1.0,
005391008000,,,0,1.0,
005391009000,,,0,1.0,
005391028000,,,0,1.0,
005392004000,200.0,,0,1.0,
005393001000,,,0,1.0,3.0
005393003000,,,0,1.0,3.0
005393004000,,,120,1.0,2.0
005393005000,,,156,1.0,2.0
005393006000,,,0,1.0,
005393008000,,,484,1.0,3.0
005393009000,,,0,1.0,3.0
005393010000,,,0,1.0,2.0
005394001000,,,0,1.0,2.0
005394002000,652.0,,660,1.0,2.0
005394003000,636.0,,0,1.0,2.0
005394004000,300.0,,1097,1.0,3.0
005394005000,,,410,1.0,4.0
005395001000,300.0,,286,1.0,3.0
005395002000,222.0,,0,1.0,3.0
005395003000,181.0,,221,1.0,2.0
005395004000,,,0,1.0,5.0
005395006000,,,324,1.0,2.0
005395008000,,,0,1.0,5.0
005395009000,,,0,1.0,4.0
005395011000,,,1219,1.0,4.0
005396015000,,,0,1.0,
005396016000,,,0,1.0,
005396018000,,,0,1.0,
005396025000,,,0,1.0,
005396028000,,,0,1.0,
005396029000,5000.0,,3048,1.0,
005396032000,,,0,1.0,
005397002000,,,0,1.0,
005397004000,,,0,1.0,
005397008000,,,0,1.0,
005397013000,,,0,1.0,
005397016000,,,0,1.0,1.0
005397017000,,,0,1.0,
005397018000,,,0,,
005398002000,,,0,1.0,
005398005000,,,0,1.0,
005398006000,,,0,1.0,
005398008000,2500.0,,0,1.0,
005398010000,,,0,1.0,
005398012000,,,0,1.0,
005398015000,1260.0,,0,1.0,
005399003000,,,0,1.0,
005399004000,,,0,1.0,
005399005000,,,0,1.0,
005399007000,1000.0,,0,1.0,
005399009000,,,0,1.0,
005399010000,,,0,1.0,
005399011000,,,0,1.0,
005400002000,800.0,,0,1.0,3.0
005400003000,,,0,1.0,2.0
005400004000,,,0,1.0,3.0
005400005000,,,0,1.0,1.0
005400006000,,,320,1.0,3.0
005400011000,,,380,1.0,2.0
005400012000,200.0,,320,1.0,2.0
005400013000,322.0,,220,1.0,4.0
005400014000,,,400,1.0,2.0
005400015000,,,440,1.0,3.0
005400024000,,,0,1.0,3.0
005400027000,226.0,,0,1.0,2.0
005400028000,400.0,,240,1.0,2.0
005400029000,,,264,1.0,3.0
005400030000,200.0,,264,1.0,3.0
005400032000,,,0,1.0,3.0
005400035000,,,0,1.0,6.0
005400036000,,,0,1.0,3.0
005400037000,,,234,1.0,2.0
005400038000,,,0,1.0,
005400039000,,,0,1.0,
005410007000,,,0,1.0,
005410009000,,,0,1.0,4.0
005410021000,,,0,1.0,4.0
005410023000,,,1072,1.0,
005410024000,,,0,1.0,
005410031000,570.0,,361,1.0,2.0
005410032000,100.0,,0,1.0,1.0
005410035000,,,0,1.0,
005410040000,,,0,1.0,4.0
005410042000,,,0,1.0,
005410045000,,,0,1.0,
005410047000,200.0,,0,1.0,1.0
005410049000,,,0,1.0,2.0
005410050000,,,0,1.0,2.0
005410051000,,,0,1.0,2.0
005410052000,,,0,1.0,
005410056000,,,0,1.0,3.0
005410062000,,,0,1.0,4.0
005410064000,,,0,1.0,1.0
005410068000,,,520,1.0,
005420001000,,,0,1.0,2.0
005420002000,,,0,1.0,
005420005000,,,294,1.0,4.0
005420006000,,,0,1.0,2.0
005420007000,420.0,,0,1.0,2.0
005420008000,,,0,1.0,2.0
005420009000,200.0,,0,1.0,4.0
005420010000,164.0,,576,1.0,3.0
005420012000,,,0,1.0,3.0
005420013000,,,0,1.0,4.0
005420014000,,,0,1.0,2.0
005420015000,,,0,1.0,4.0
005420016000,200.0,,0,1.0,
005420017000,,,660,1.0,4.0
005420018000,1500.0,950.0,288,1.0,
005420020000,,,624,1.0,3.0
005420021000,185.0,,252,1.0,2.0
005420023000,,,0,1.0,3.0
005420024000,144.0,,0,1.0,3.0
005420025000,360.0,,0,1.0,1.0
005420026000,136.0,,0,1.0,3.0
005420028000,,,200,1.0,
005420029000,,,0,1.0,1.0
005420031000,,,0,1.0,1.0
005420035000,,,682,1.0,3.0
005420036000,,,0,1.0,3.0
005420037000,,,0,,3.0
005420038000,,,0,1.0,2.0
005420042000,84.0,,336,1.0,3.0
005420046000,,,0,1.0,
005430006000,,,0,1.0,2.0
005430007000,150.0,,228,1.0,4.0
005430008000,,963.0,640,2.0,
005430009000,,,360,1.0,4.0
005430012000,260.0,,0,1.0,
005430013000,,,0,1.0,4.0
005430020000,216.0,,0,2.0,
005430021000,,,360,1.0,5.0
005430022000,440.0,,768,1.0,4.0
005430023000,,,0,1.0,3.0
005430024000,400.0,,912,1.0,5.0
005430025000,,,160,1.0,4.0
005430027000,,,630,1.0,5.0
005430028000,,840.0,0,2.0,3.0
005430029000,,,0,1.0,3.0
005430030000,600.0,,252,1.0,3.0
005430031000,580.0,,240,1.0,2.0
005430032000,2000.0,,440,1.0,2.0
005430034000,,,0,1.0,2.0
005430037000,,,0,1.0,4.0
005430040000,,,0,1.0,3.0
005430041000,,,0,1.0,2.0
005430042000,,,0,1.0,2.0
005430043000,1200.0,,550,1.0,2.0
005430044000,,,600,1.0,3.0
005430046000,185.0,,462,1.0,2.0
005430047000,1500.0,,621,1.0,3.0
005430049000,1260.0,,432,1.0,2.0
005430052000,1000.0,,469,1.0,2.0
005430053000,250.0,,622,1.0,3.0
005430055000,,,0,1.0,3.0
005430059000,1000.0,,0,1.0,4.0
005440001000,,,0,1.0,2.0
005440003000,,,400,1.0,5.0
005440005000,,,638,1.0,2.0
005440006000,32.0,,576,1.0,1.0
005440007000,880.0,,0,1.0,
005440008000,,,570,1.0,2.0
005440009000,,,0,1.0,2.0
005440010000,,,0,1.0,3.0
005440011000,750.0,,616,1.0,3.0
005440012000,114.0,,616,1.0,3.0
005440013000,2500.0,,504,1.0,3.0
005440014000,,,784,1.0,3.0
005440015000,,,0,1.0,4.0
005440016000,,,324,1.0,2.0
005440017000,,,440,1.0,3.0
005440018000,,,484,1.0,3.0
005440019000,,,0,1.0,3.0
005440020000,800.0,,440,1.0,3.0
005440021000,310.0,,400,1.0,4.0
005440022000,1028.0,,462,1.0,4.0
005440023000,500.0,,483,1.0,3.0
005440024000,640.0,,520,1.0,3.0
005440026000,,,560,1.0,2.0
005440029000,,,0,1.0,4.0
005450007000,,,1000,1.0,
005450015000,,,480,1.0,3.0
005450017000,,,0,1.0,2.0
005450021000,,,0,1.0,3.0
005450023000,1000.0,,396,1.0,2.0
005450024000,,,0,1.0,2.0
005450025000,,,0,1.0,2.0
005450029000,,,450,1.0,2.0
005450031000,,,624,1.0,2.0
005450032000,,,0,1.0,3.0
005450034000,,,704,1.0,3.0
005450037000,1060.0,,400,1.0,2.0
005450039000,,,0,1.0,1.0
005450040000,146.0,,192,1.0,2.0
005450041000,300.0,,440,1.0,2.0
005450043000,,,160,1.0,2.0
005450047000,,,0,1.0,1.0
005460006000,,,468,1.0,3.0
005460007000,,,0,1.0,2.0
005460018000,185.0,,403,1.0,2.0
005460019000,,,576,1.0,2.0
005460030000,,,0,1.0,2.0
005460033000,,,576,1.0,3.0
005460034000,,,532,1.0,3.0
005460035000,1382.0,,440,1.0,3.0
005460037000,500.0,,451,1.0,3.0
005460039000,24.0,,558,1.0,2.0
005460040000,540.0,,440,1.0,3.0
005460041000,600.0,,462,1.0,3.0
005460042000,750.0,,448,1.0,3.0
005460044000,,,360,1.0,3.0
005460046000,1500.0,,672,1.0,4.0
005460047000,500.0,,810,1.0,3.0
005460048000,,,0,1.0,2.0
005460056000,,,570,1.0,3.0
005460057000,500.0,,234,1.0,2.0
005470003000,,,0,1.0,3.0
005470005000,,,540,1.0,3.0
005470010000,2000.0,,594,1.0,3.0
005470014000,,,0,1.0,3.0
005470015000,1000.0,,544,1.0,3.0
005470016000,,,528,1.0,3.0
005470017000,,,480,1.0,3.0
005470020000,,,0,1.0,3.0
005470021000,1500.0,,240,1.0,3.0
005470022000,,,660,1.0,3.0
005470023000,,,0,1.0,5.0
005470024000,400.0,,484,1.0,3.0
005470025000,1000.0,,480,1.0,3.0
005470026000,,,0,1.0,3.0
005470027000,750.0,,480,1.0,3.0
005470028000,,,480,1.0,3.0
005470029000,,,448,1.0,2.0
005470031000,,,480,1.0,
005470032000,,,0,1.0,3.0
005480001000,,,0,1.0,4.0
005480006000,,,0,1.0,3.0
005480010000,,,200,1.0,2.0
005480011000,,,200,1.0,2.0
005480012000,,,200,1.0,2.0
005480013000,,,0,1.0,2.0
005480018000,,,240,1.0,3.0
005480019000,,,460,1.0,2.0
005480020000,,,0,1.0,3.0
005480022000,3000.0,,676,1.0,3.0
005480025000,462.0,,280,1.0,3.0
005480026000,600.0,,0,1.0,
005480027000,750.0,,506,1.0,3.0
005480028000,720.0,,528,1.0,3.0
005480029000,1000.0,,484,1.0,3.0
005480030000,902.0,,800,1.0,3.0
005480031000,,,0,1.0,2.0
005480032000,650.0,,600,1.0,3.0
005480033000,1200.0,,483,1.0,3.0
005480036000,1200.0,,441,1.0,2.0
005480037000,1559.0,,525,1.0,3.0
005480038000,1194.0,,488,1.0,3.0
005480039000,850.0,,516,1.0,3.0
005480043000,,,0,1.0,
005490006000,,,256,1.0,
005490007000,3500.0,,900,1.0,2.0
005490016000,,,160,1.0,2.0
005490017000,,,0,1.0,1.0
005490018000,90.0,,0,1.0,2.0
005490023000,144.0,,572,1.0,3.0
005490024000,1431.0,,460,1.0,3.0
005490025000,,,0,1.0,2.0
005490026000,330.0,,504,1.0,3.0
005490028000,,,0,1.0,3.0
005490029000,800.0,,484,1.0,4.0
005490030000,2000.0,,480,1.0,2.0
005490031000,912.0,,552,1.0,3.0
005490032000,,,0,1.0,3.0
005490033000,,,400,1.0,3.0
005490034000,1000.0,,576,1.0,3.0
005490035000,,,528,1.0,3.0
005490036000,1460.0,,460,1.0,3.0
005490037000,1282.0,,572,1.0,3.0
005490038000,,,460,1.0,3.0
005490040000,,,528,1.0,3.0
005490041000,1200.0,,484,1.0,3.0
005490042000,1120.0,,528,1.0,3.0
005490043000,,,624,1.0,3.0
005490044000,1000.0,,384,1.0,3.0
005500003000,,,624,1.0,2.0
005500004000,1890.0,,462,1.0,5.0
005500005000,,,0,1.0,3.0
005500006000,402.0,,728,1.0,4.0
005500013000,500.0,,768,1.0,2.0
005500014000,200.0,,200,1.0,2.0
005500016000,,,0,1.0,3.0
005500019000,,,0,1.0,2.0
005500020000,,,0,1.0,2.0
005500021000,,,0,1.0,2.0
005500022000,,,0,1.0,3.0
005500025000,,,1020,1.0,2.0
005500026000,,,240,1.0,2.0
005500027000,,,450,1.0,3.0
005500036000,2500.0,,462,1.0,3.0
005500037000,600.0,,480,1.0,3.0
005500038000,368.0,,504,1.0,3.0
005500039000,877.0,,390,1.0,3.0
005500040000,1450.0,,400,1.0,3.0
005500041000,1450.0,,400,1.0,3.0
005500042000,1100.0,,484,1.0,3.0
005500044000,,,0,1.0,2.0
005510001000,1000.0,,180,1.0,2.0
005510002000,,,180,1.0,2.0
005510003000,,,180,1.0,2.0
005510004000,,,0,1.0,2.0
005510005000,,,0,1.0,2.0
005510006000,,,0,1.0,2.0
005510007000,,,0,1.0,2.0
005510008000,,,0,1.0,2.0
005510009000,,,0,1.0,2.0
005510010000,,,0,1.0,2.0
005510011000,,,0,1.0,2.0
005510012000,,,0,1.0,2.0
005520001000,,,180,1.0,2.0
005520002000,,,180,1.0,2.0
005520003000,,,0,1.0,2.0
005520004000,,,0,1.0,2.0
005520005000,,,0,1.0,2.0
005520006000,,,0,1.0,2.0
005520007000,,,0,1.0,2.0
005520008000,,,0,1.0,2.0
005520009000,,,0,1.0,2.0
005520010000,,,0,1.0,2.0
005520011000,,,0,1.0,2.0
005520012000,,,210,1.0,2.0
005530001000,,,180,1.0,2.0
005530002000,,,0,1.0,2.0
005530003000,,,180,1.0,2.0
005530004000,,,180,1.0,2.0
005530005000,,,0,1.0,2.0
005530006000,2000.0,,420,1.0,2.0
005530007000,,,420,1.0,2.0
005530008000,,,0,1.0,2.0
005530009000,,,210,1.0,2.0
005530010000,,,0,1.0,2.0
005530011000,,,0,1.0,2.0
005530012000,,,210,1.0,2.0
005540001000,300.0,,308,1.0,2.0
005540002000,400.0,,308,1.0,3.0
005540003000,,,308,1.0,3.0
005540004000,300.0,,308,1.0,2.0
005540005000,300.0,,308,1.0,2.0
005540006000,,,308,1.0,3.0
005540007000,300.0,,308,1.0,3.0
005540008000,300.0,,308,1.0,2.0
005540009000,300.0,,308,1.0,2.0
005540010000,300.0,,308,1.0,3.0
005540011000,300.0,,308,1.0,3.0
005540012000,300.0,,308,1.0,3.0
005540013000,150.0,,308,1.0,2.0
005550001000,,,0,1.0,4.0
005550002000,,,0,1.0,2.0
005550003000,,,0,1.0,2.0
005550004000,,,0,1.0,2.0
005550005000,,,0,1.0,2.0
005550006000,,,0,1.0,3.0
005550007000,,,0,1.0,3.0
005550008000,,,0,1.0,2.0
005550009000,,,0,1.0,3.0
005550010000,,,0,1.0,3.0
005550011000,,,0,1.0,2.0
005550012000,,,0,1.0,2.0
005550013000,,,0,1.0,2.0
005550014000,,,0,1.0,2.0
005550015000,,,0,1.0,3.0
005550016000,,,0,1.0,3.0
005550017000,,,0,1.0,2.0
005550018000,,,0,1.0,3.0
005550019000,,,0,1.0,4.0
005550020000,,,0,1.0,2.0
005550021000,,,0,1.0,2.0
005550022000,,,0,1.0,3.0
005550023000,,,0,1.0,4.0
005550024000,,,0,1.0,2.0
005550025000,,,0,1.0,2.0
005550026000,,,0,1.0,3.0
005550027000,,,0,1.0,4.0
005550028000,,,0,1.0,
005550029000,,,0,1.0,2.0
005550030000,,,0,1.0,3.0
005550031000,,,0,1.0,3.0
005550032000,,,0,1.0,2.0
005550033000,,,0,1.0,2.0
005550034000,,,0,1.0,4.0
005580001000,,,0,1.0,
005580002000,,,264,1.0,
005580003000,,,0,,
005580004000,,,480,1.0,
005580005000,,,264,1.0,
005580006000,,,264,1.0,
005580007000,,,264,1.0,
005580008000,,482.0,483,2.0,
005580009000,,,264,1.0,
006401053000,257.0,,432,1.0,2.0
006401054000,1200.0,,440,1.0,2.0
006481016000,438.0,,560,1.0,2.0
006620007000,1500.0,,440,1.0,2.0
006620008000,,,440,1.0,2.0
006620011000,850.0,,440,1.0,2.0
006620022000,,,0,1.0,
006620024000,,,0,1.0,
006620025000,,,0,1.0,
006620026000,,,0,1.0,
006620027000,,,0,1.0,
006620028000,,,0,1.0,
006620029000,,,0,1.0,
006620030000,,,0,1.0,
006620032000,,,0,1.0,
006620033000,,,0,1.0,
006620034000,,,0,1.0,
006620035000,,,0,1.0,
006620036000,,,0,1.0,
006620037000,,,0,1.0,
006620038000,,,0,1.0,
006620039000,,,0,1.0,
006620041000,,,0,1.0,
006620042000,,,0,1.0,
006620043000,,,0,1.0,
006620044000,,,0,1.0,
006620045000,,,0,1.0,
006620046000,,,0,1.0,
006620047000,,,0,1.0,
006620049000,,,0,1.0,
006620051000,,,0,1.0,
006620052000,,,0,1.0,
006620053000,,,0,1.0,
006620054000,,,0,1.0,
006620055000,,,0,1.0,
006620056000,,,0,1.0,
006620057000,,,0,1.0,
006620058000,,,0,1.0,
006620059000,,,0,1.0,
006620060000,,,0,1.0,
006620061000,,,0,1.0,
006620062000,,,0,1.0,
006620063000,,,0,1.0,
006620064000,,,0,1.0,
006620065000,,,0,1.0,
006620066000,,,0,1.0,
006620067000,,,0,1.0,
006620068000,,,0,1.0,
006620069000,,,0,1.0,
006620070000,,,0,1.0,
006700034000,1380.0,,308,1.0,3.0
006710014000,500.0,,396,1.0,2.0
006710021000,1707.0,,884,1.0,2.0
006710023000,3955.0,,550,1.0,3.0
006710026000,2752.0,,936,1.0,3.0
006710028000,,,480,1.0,2.0
006710029000,845.0,,676,1.0,3.0
006720026000,600.0,,380,1.0,3.0
006720034000,,,440,1.0,
006720035000,801.0,,600,1.0,
006790022000,,,484,1.0,2.0
006820037000,196.0,,448,1.0,2.0
006900001000,,,0,1.0,
006900002000,,,0,1.0,
006900003000,,,0,1.0,
006900004000,,,0,1.0,
006900005000,,,0,1.0,
006900006000,,,0,1.0,
006900007000,,,0,1.0,
006900008000,,,0,1.0,
006900009000,,,0,1.0,
006900010000,,,0,1.0,
006900011000,,,0,1.0,
006900012000,,,0,1.0,
006900013000,,,0,1.0,
006900016000,,,0,1.0,
006900017000,,,0,1.0,
006900019000,,,0,1.0,
006900020000,,,0,1.0,
006900021000,,,0,1.0,
006900022000,,,0,1.0,
006900023000,,,0,1.0,
006900024000,,,0,1.0,
006900025000,,,0,1.0,
006900026000,,,0,1.0,
006900027000,,,0,1.0,
006900028000,,,0,1.0,
006910003000,,,0,1.0,
006910023000,,,0,1.0,
006910024000,,,0,1.0,
006910027000,,,0,1.0,
006910031000,,,0,1.0,
007120011000,1080.0,,455,1.0,3.0
007120059000,462.0,,260,1.0,2.0
007130008000,300.0,,0,1.0,2.0
007130009000,181.0,,667,1.0,4.0
007130011000,,,0,1.0,4.0
007130014000,,,420,1.0,3.0
007130015000,176.0,,720,1.0,3.0
007130016000,1100.0,,400,1.0,3.0
007130017000,374.0,,0,1.0,2.0
007130019000,300.0,,320,1.0,2.0
007130020000,242.0,,480,1.0,2.0
007130021000,150.0,,0,1.0,2.0
007130022000,140.0,,768,1.0,2.0
007130023000,391.0,,0,1.0,3.0
007130024000,740.0,,264,1.0,3.0
007130025000,708.0,,831,1.0,2.0
007130026000,576.0,,640,1.0,4.0
007130028000,,,840,1.0,2.0
007130029000,1135.0,,360,1.0,2.0
007130034000,1440.0,,520,1.0,2.0
007130039000,500.0,,280,1.0,3.0
007130042000,60.0,,0,1.0,3.0
007130043000,240.0,,432,1.0,2.0
007130045000,500.0,,336,1.0,2.0
007130046000,576.0,,440,1.0,3.0
007130050000,,,420,1.0,2.0
007130051000,32.0,,1260,1.0,2.0
007140013000,207.0,,576,1.0,2.0
007140014000,300.0,,480,1.0,3.0
007140015000,,,0,1.0,2.0
007140016000,517.0,,484,1.0,3.0
007140017000,568.0,,792,1.0,3.0
007140018000,,,0,1.0,1.0
007140019000,,,480,1.0,2.0
007140022000,1050.0,,616,1.0,
007140023000,,,288,1.0,2.0
007140024000,,,304,1.0,2.0
007140027000,,,0,1.0,2.0
007140028000,928.0,,240,1.0,3.0
007140029000,477.0,,252,1.0,2.0
007140030000,354.0,,480,1.0,2.0
007140031000,,,240,1.0,3.0
007140032000,,,288,1.0,2.0
007140033000,136.0,,414,1.0,3.0
007140034000,400.0,,462,1.0,3.0
007140035000,500.0,,299,1.0,3.0
007140036000,584.0,,325,1.0,3.0
007140037000,1720.0,,572,1.0,2.0
007140038000,782.0,,352,1.0,2.0
007140039000,,,400,1.0,2.0
007140040000,1080.0,,520,1.0,3.0
007140041000,665.0,,576,1.0,2.0
007140044000,288.0,,0,1.0,3.0
007140045000,1029.0,,864,1.0,2.0
007140048000,0.0,,480,1.0,2.0
007140049000,1000.0,,360,1.0,3.0
007150002000,920.0,,240,1.0,2.0
007150003000,,,240,1.0,2.0
007150004000,320.0,,0,1.0,2.0
007150005000,1140.0,,811,1.0,3.0
007150013000,,,754,1.0,2.0
007150014000,48.0,1453.0,240,2.0,3.0
007150015000,158.0,,225,1.0,2.0
007150016000,,,0,1.0,2.0
007150024000,569.0,,400,1.0,1.0
007150025000,1575.0,,0,1.0,3.0
007150028000,1000.0,,528,1.0,2.0
007150029000,720.0,,694,1.0,2.0
007150030000,255.0,,2688,1.0,2.0
007150032000,680.0,,361,1.0,1.0
007150033000,330.0,,480,1.0,1.0
007150035000,467.0,,530,1.0,3.0
007150036000,,,0,1.0,2.0
007150037000,1436.0,,640,1.0,1.0
007150038000,230.0,,0,1.0,3.0
007150039000,,,0,1.0,1.0
007150040000,100.0,,252,1.0,3.0
007150041000,550.0,,600,1.0,2.0
007150042000,200.0,,768,1.0,3.0
007150043000,900.0,,468,1.0,2.0
007160008000,312.0,,360,1.0,1.0
007160009000,222.0,,640,1.0,2.0
007180028000,462.0,,480,1.0,3.0
007180029000,160.0,,456,1.0,3.0
007180046000,,,480,1.0,2.0
007190006000,126.0,,0,1.0,2.0
007190008000,200.0,,0,1.0,1.0
007190011000,320.0,,840,1.0,2.0
007190016000,500.0,,400,1.0,2.0
007190020000,504.0,,308,1.0,2.0
007190021000,80.0,,480,1.0,2.0
007190023000,1000.0,,501,1.0,3.0
007190025000,,,640,1.0,3.0
007190026000,146.0,,496,1.0,3.0
007190027000,240.0,,400,1.0,2.0
007190028000,,,400,1.0,3.0
007190029000,180.0,,608,1.0,2.0
007190030000,30.0,,322,1.0,3.0
007190032000,,,816,1.0,2.0
007190034000,100.0,,285,1.0,3.0
007190035000,62.0,,440,1.0,1.0
007200003000,813.0,,550,1.0,3.0
007200004000,300.0,,240,1.0,2.0
007200005000,,,512,1.0,2.0
007210006000,1000.0,,480,1.0,2.0
007210008000,345.0,,315,1.0,2.0
007210012000,588.0,,528,1.0,2.0
007210020000,1419.0,,700,1.0,1.0
007210021000,1460.0,,400,1.0,2.0
007210022000,185.0,,0,1.0,2.0
007220012000,1000.0,,600,1.0,3.0
007220013000,1000.0,,480,1.0,3.0
007220014000,543.0,,480,1.0,3.0
007220015000,1680.0,,480,1.0,3.0
007220019000,108.0,,0,1.0,3.0
007220020000,1660.0,,472,1.0,2.0
007220021000,416.0,,960,1.0,3.0
007230005000,150.0,366.0,1117,1.0,2.0
007230018000,3000.0,,0,1.0,
007240007000,110.0,,0,1.0,2.0
007240012000,308.0,,320,1.0,2.0
007240013000,676.0,,320,1.0,2.0
007240014000,1500.0,,360,1.0,2.0
007240017000,382.0,,0,1.0,2.0
007240018000,180.0,,498,1.0,2.0
007240019000,405.0,,308,1.0,2.0
007240020000,56.0,,0,1.0,2.0
007240022000,72.0,,320,1.0,2.0
007240024000,1096.0,,0,1.0,2.0
007240026000,405.0,,767,1.0,2.0
007240027000,1384.0,,380,1.0,3.0
007240028000,544.0,,336,1.0,3.0
007240030000,1071.0,,0,1.0,3.0
007240031000,2028.0,,169,1.0,4.0
007240032000,240.0,,0,1.0,2.0
007240033000,80.0,,576,1.0,3.0
007240034000,1500.0,,427,1.0,3.0
007240035000,282.0,,520,1.0,2.0
007240036000,1200.0,,360,1.0,2.0
007240037000,716.0,,800,1.0,2.0
007240038000,1000.0,,640,1.0,2.0
007240041000,440.0,,280,1.0,2.0
007240043000,1158.0,,484,1.0,3.0
007240049000,,,0,1.0,2.0
007250003000,600.0,,528,1.0,2.0
007250005000,,,0,1.0,
007250006000,400.0,,418,1.0,3.0
007250008000,40.0,,462,1.0,2.0
007250009000,140.0,,520,1.0,2.0
007250010000,40.0,,360,1.0,2.0
007250012000,1600.0,,600,1.0,2.0
007250013000,494.0,,336,1.0,2.0
007250014000,248.0,,0,1.0,2.0
007250015000,,,0,1.0,1.0
007250016000,90.0,,360,1.0,2.0
007250017000,1548.0,,480,1.0,2.0
007250018000,224.0,,0,1.0,2.0
007250019000,170.0,,272,1.0,3.0
007250020000,176.0,,0,1.0,1.0
007250021000,800.0,,247,1.0,1.0
007250022000,282.0,,640,1.0,3.0
007250023000,,,288,1.0,3.0
007250029000,200.0,,280,1.0,2.0
007250030000,740.0,,876,1.0,2.0
007250031000,293.0,,728,1.0,2.0
007250032000,300.0,,420,1.0,2.0
007260001000,508.0,,312,1.0,2.0
007260005000,228.0,,320,1.0,3.0
007260007000,210.0,,804,1.0,3.0
007260014000,188.0,,720,1.0,1.0
007260015000,172.0,,240,1.0,2.0
007260018000,,,325,1.0,3.0
007260020000,,,200,1.0,2.0
007260024000,170.0,,0,1.0,1.0
007260025000,410.0,,130,1.0,2.0
007260026000,840.0,,560,1.0,3.0
007260029000,0.0,,474,1.0,2.0
007270001000,884.0,,0,1.0,2.0
007270002000,800.0,,0,1.0,2.0
007270003000,820.0,,0,1.0,3.0
007270006000,1304.0,,724,1.0,2.0
007270007000,952.0,,972,1.0,3.0
007270008000,140.0,,240,1.0,2.0
007270012000,981.0,,344,1.0,2.0
007270014000,350.0,,700,1.0,1.0
007270015000,513.0,,0,1.0,3.0
007270016000,148.0,,336,1.0,3.0
007270017000,196.0,,300,1.0,2.0
007270018000,827.0,,486,1.0,2.0
007270024000,,,480,1.0,4.0
007270025000,780.0,,886,1.0,4.0
007270027000,156.0,,0,1.0,1.0
007270033000,1139.0,,704,1.0,2.0
007270034000,594.0,,400,1.0,2.0
007270037000,10.0,,0,1.0,3.0
007280003000,595.0,,480,1.0,3.0
007280004000,1868.0,,240,1.0,3.0
007280008000,224.0,,288,1.0,2.0
007280009000,945.0,,588,1.0,2.0
007280010000,1704.0,,600,1.0,2.0
007280015000,,,288,1.0,3.0
007290006000,1510.0,,388,1.0,3.0
007290007000,406.0,,616,1.0,2.0
007290008000,182.0,,240,1.0,3.0
007290009000,156.0,,280,1.0,3.0
007290010000,,,480,1.0,2.0
007290012000,362.0,,260,1.0,2.0
007290013000,552.0,,300,1.0,1.0
007290016000,68.0,,468,1.0,2.0
007290019000,472.0,,376,1.0,2.0
007290020000,,,300,1.0,2.0
007290021000,,,280,1.0,2.0
007290024000,472.0,,528,1.0,3.0
007290026000,600.0,,480,1.0,2.0
007290027000,288.0,,240,1.0,2.0
007300002000,348.0,,220,1.0,1.0
007300006000,591.0,,0,1.0,3.0
007300007000,,,252,1.0,2.0
007300008000,292.0,,720,1.0,2.0
007300012000,354.0,,515,1.0,3.0
007300013000,,,0,1.0,2.0
007300016000,50.0,,228,1.0,1.0
007300017000,54.0,,252,1.0,2.0
007300020000,480.0,,0,1.0,1.0
007300022000,,,0,1.0,2.0
007300024000,,,0,1.0,1.0
007300026000,400.0,,528,1.0,
007300027000,1092.0,,500,1.0,3.0
007300033000,628.0,,480,1.0,3.0
007300034000,1771.0,,420,1.0,3.0
007300035000,1300.0,,480,1.0,3.0
007310009000,1459.0,,462,1.0,3.0
007310010000,293.0,,777,1.0,2.0
007310011000,,,792,1.0,2.0
007310012000,,,0,1.0,2.0
007310013000,,,493,1.0,2.0
007310014000,100.0,,220,1.0,2.0
007310015000,,,770,1.0,3.0
007310016000,,,0,1.0,2.0
007310021000,600.0,,0,1.0,1.0
007310022000,2167.0,,432,1.0,2.0
007310023000,382.0,,432,1.0,2.0
007310024000,973.0,,480,1.0,2.0
007310025000,449.0,,340,1.0,2.0
007310026000,984.0,,0,1.0,2.0
007310027000,,,280,1.0,2.0
007310028000,1110.0,,448,1.0,3.0
007310032000,,,0,1.0,5.0
007310033000,,,757,1.0,3.0
007320008000,,,572,1.0,4.0
007320009000,,,0,1.0,4.0
007320013000,1008.0,,336,1.0,2.0
007330002000,0.0,,0,1.0,2.0
007330003000,80.0,,360,1.0,1.0
007330004000,74.0,,453,1.0,1.0
007330005000,1920.0,,0,1.0,6.0
007330007000,678.0,,432,1.0,1.0
007330008000,622.0,,288,1.0,2.0
007330009000,1392.0,,192,1.0,1.0
007330010000,480.0,,288,1.0,2.0
007330011000,120.0,,600,1.0,2.0
007330012000,712.0,,486,1.0,1.0
007330013000,658.0,,608,1.0,3.0
007330014000,170.0,,552,1.0,3.0
007330015000,1970.0,,528,1.0,3.0
007330017000,2028.0,,352,1.0,2.0
007330018000,1952.0,,0,1.0,4.0
007330019000,642.0,,350,1.0,3.0
007330020000,900.0,,264,1.0,3.0
007330022000,176.0,,360,1.0,2.0
007330023000,284.0,,160,1.0,2.0
007330024000,,,320,1.0,1.0
007330025000,20.0,,308,1.0,2.0
007330026000,498.0,,0,1.0,2.0
007330027000,1151.0,,484,1.0,3.0
007330028000,1095.0,,412,1.0,3.0
007330029000,1029.0,,484,1.0,3.0
007330030000,546.0,,528,1.0,3.0
007330031000,878.0,,0,1.0,3.0
007330032000,432.0,,484,1.0,3.0
007330033000,432.0,,528,1.0,3.0
007330034000,912.0,,484,1.0,3.0
007330035000,348.0,,330,1.0,2.0
007330036000,1195.0,,405,1.0,3.0
007330038000,,,288,1.0,2.0
007330039000,,,190,1.0,3.0
007330041000,425.0,,420,1.0,2.0
007330042000,30.0,,399,1.0,3.0
007330043000,280.0,,400,1.0,3.0
007330047000,800.0,,430,1.0,2.0
007350001000,72.0,,216,1.0,3.0
007350002000,948.0,,336,1.0,2.0
007350022000,1062.0,,556,1.0,3.0
007380006000,706.0,,306,1.0,1.0
007380007000,268.0,,360,1.0,1.0
007380011000,102.0,,0,1.0,2.0
007380014000,144.0,,0,1.0,2.0
007380021000,,,240,1.0,3.0
007410004000,640.0,,480,1.0,3.0
007420004000,,,0,1.0,2.0
007460002000,1070.0,,576,1.0,3.0
007460003000,42.0,,0,1.0,3.0
007560001000,688.0,,484,1.0,3.0
007560002000,642.0,,528,1.0,3.0
007560003000,876.0,,484,1.0,3.0
007560004000,527.0,,528,1.0,3.0
007560005000,652.0,,319,1.0,3.0
007560006000,658.0,,528,1.0,3.0
007560007000,1135.0,,528,1.0,3.0
007560008000,496.0,,484,1.0,3.0
007560009000,1020.0,,528,1.0,3.0
007560010000,635.0,,0,1.0,3.0
007560011000,658.0,,484,1.0,3.0
007560012000,490.0,,484,1.0,3.0
007560013000,637.0,,528,1.0,3.0
007560014000,1069.0,,528,1.0,3.0
007560015000,1094.0,,0,1.0,3.0
007560016000,968.0,,528,1.0,3.0
007560017000,598.0,,528,1.0,3.0
007560018000,686.0,,484,1.0,3.0
007560019000,822.0,,484,1.0,3.0
007560020000,987.0,,484,1.0,3.0
007560021000,451.0,,528,1.0,3.0
007560024000,642.0,,484,1.0,3.0
007560026000,372.0,,484,1.0,3.0
007560027000,732.0,,484,1.0,3.0
007560028000,744.0,,528,1.0,3.0
007560029000,816.0,,528,1.0,3.0
007560030000,709.0,,484,1.0,3.0
007560031000,1164.0,,484,1.0,3.0
007560032000,805.0,,528,1.0,3.0
007560033000,734.0,,484,1.0,3.0
007560034000,1170.0,,528,1.0,3.0
007560035000,768.0,,528,1.0,3.0
007560036000,628.0,,484,1.0,3.0
007560037000,0.0,,528,1.0,3.0
007560038000,603.0,,528,1.0,3.0
007560039000,706.0,,484,1.0,3.0
007560040000,700.0,,484,1.0,3.0
007570002000,1755.0,,484,1.0,3.0
007570003000,672.0,,504,1.0,3.0
007570004000,841.0,,456,1.0,3.0
007570005000,1024.0,,504,1.0,3.0
007570006000,932.0,,484,1.0,3.0
007570007000,773.0,,0,1.0,3.0
007570008000,1491.0,,484,1.0,3.0
007570009000,776.0,,504,1.0,3.0
007570010000,1530.0,,484,1.0,3.0
007570011000,,,504,1.0,3.0
007570012000,698.0,,504,1.0,3.0
007570013000,560.0,,504,1.0,3.0
007570014000,478.0,,484,1.0,3.0
007570015000,1028.0,,504,1.0,3.0
007570016000,687.0,,504,1.0,3.0
007570017000,827.0,,504,1.0,3.0
007570018000,636.0,,480,1.0,3.0
007570019000,800.0,,504,1.0,3.0
007570020000,190.0,,456,1.0,3.0
007570021000,570.0,,484,1.0,3.0
007570022000,798.0,,506,1.0,3.0
007570023000,202.0,,0,1.0,3.0
007570024000,448.0,,484,1.0,3.0
007570025000,673.0,,504,1.0,3.0
007570026000,1324.0,,484,1.0,3.0
007570027000,1868.0,,0,1.0,3.0
007570028000,745.0,,400,1.0,2.0
007580012000,,,468,1.0,3.0
008011026000,1446.0,,400,1.0,2.0
008011027000,862.0,,720,1.0,3.0
008011028000,417.0,,400,1.0,2.0
008020003000,400.0,,672,1.0,3.0
008020005000,204.0,,0,1.0,2.0
008020006000,152.0,,379,1.0,3.0
008020049000,551.0,,0,1.0,2.0
008020054000,,,576,1.0,
008030004000,889.0,,500,1.0,2.0
008030005000,809.0,,312,1.0,3.0
008030006000,2230.0,,392,1.0,2.0
008030007000,280.0,,216,1.0,2.0
008030009000,274.0,,504,1.0,3.0
008030010000,54.0,,252,1.0,1.0
008030011000,236.0,,216,1.0,2.0
008030012000,264.0,,384,1.0,2.0
008030013000,,,231,1.0,1.0
008030014000,595.0,,480,1.0,2.0
008030015000,706.0,,0,1.0,3.0
008030016000,340.0,,480,1.0,3.0
008030018000,257.0,,0,1.0,2.0
008030019000,830.0,,360,1.0,3.0
008030020000,1152.0,,440,1.0,2.0
008030021000,,,960,1.0,3.0
008030027000,616.0,,387,1.0,2.0
008030028000,,,340,1.0,2.0
008030029000,1000.0,,400,1.0,3.0
008030030000,1100.0,,400,1.0,2.0
008030031000,,,0,1.0,2.0
008030032000,40.0,,0,1.0,1.0
008030033000,,,220,1.0,2.0
008030034000,921.0,,380,1.0,3.0
008030036000,469.0,,480,1.0,2.0
008030038000,800.0,,704,1.0,2.0
008030039000,676.0,,360,1.0,2.0
008030040000,,,0,1.0,3.0
008030041000,,660.0,420,2.0,2.0
008030042000,1456.0,710.0,620,2.0,3.0
008030043000,435.0,,456,1.0,3.0
008030044000,636.0,,480,1.0,2.0
008030046000,480.0,,357,1.0,1.0
008030049000,360.0,,324,1.0,1.0
008030050000,,,224,1.0,2.0
008030051000,,,484,1.0,3.0
008030052000,150.0,,320,1.0,1.0
008030057000,,,364,,
008040011000,,,0,1.0,2.0
008040013000,344.0,,0,1.0,3.0
008040015000,600.0,,0,1.0,2.0
008040016000,900.0,,0,1.0,2.0
008040018000,1000.0,,0,1.0,3.0
008040019000,,,480,1.0,2.0
008040020000,,,684,1.0,3.0
008040021000,168.0,,0,1.0,2.0
008040024000,,,0,1.0,
008040027000,912.0,,560,1.0,2.0
008040043000,180.0,,0,1.0,2.0
008040044000,,,400,1.0,
008040045000,,,400,1.0,
008040046000,345.0,,400,1.0,
008040047000,,,240,1.0,
008040050000,,,0,1.0,
008050006000,200.0,,460,1.0,2.0
008050008000,,,400,1.0,3.0
008050009000,,,380,1.0,1.0
008050010000,,,512,1.0,1.0
008050011000,770.0,,437,1.0,2.0
008050012000,300.0,,460,1.0,2.0
008050013000,,,252,1.0,2.0
008050015000,2450.0,,504,1.0,2.0
008050018000,1300.0,,504,1.0,3.0
008050019000,142.0,,240,1.0,2.0
008050020000,,,480,1.0,2.0
008050022000,280.0,,200,1.0,2.0
008050023000,360.0,,200,1.0,4.0
008050024000,480.0,,200,1.0,4.0
008050025000,480.0,,195,1.0,3.0
008050026000,600.0,,200,1.0,4.0
008050027000,600.0,,195,1.0,3.0
008060025000,100.0,,352,1.0,1.0
008060048000,710.0,,610,1.0,
008060049000,710.0,,711,1.0,3.0
008060050000,625.0,,700,1.0,3.0
008060051000,1000.0,,652,1.0,3.0
008060062000,2500.0,,652,1.0,3.0
008070003000,600.0,,273,1.0,3.0
008070004000,720.0,,440,1.0,3.0
008070005000,850.0,,260,1.0,2.0
008070006000,400.0,,418,1.0,3.0
008070007000,1000.0,,418,1.0,4.0
008070009000,1000.0,,184,1.0,1.0
008070011000,1000.0,,570,1.0,2.0
008070012000,1300.0,,384,1.0,2.0
008070013000,,,864,1.0,2.0
008070014000,400.0,,296,1.0,2.0
008070015000,1500.0,,888,1.0,2.0
008070017000,,,0,1.0,
008070018000,340.0,,288,1.0,3.0
008070019000,,,0,1.0,2.0
008070020000,1200.0,,459,1.0,2.0
008070021000,200.0,,576,1.0,3.0
008070022000,100.0,,320,1.0,2.0
008070023000,,,480,1.0,4.0
008070024000,300.0,,0,1.0,
008070026000,200.0,,1136,1.0,2.0
008070027000,,,768,1.0,2.0
008070028000,480.0,,1056,1.0,1.0
008070029000,400.0,,1040,1.0,3.0
008070030000,45.0,,0,1.0,2.0
008070031000,,,252,1.0,2.0
008070032000,,,660,1.0,2.0
008070034000,,,1160,1.0,
008070035000,3500.0,,0,1.0,
008070036000,2000.0,,0,1.0,
008070037000,,,840,1.0,2.0
008070038000,400.0,,440,1.0,2.0
008070039000,100.0,,442,1.0,3.0
008070040000,,,0,1.0,3.0
008070041000,,,480,1.0,3.0
008070042000,300.0,,320,1.0,2.0
008070043000,,,165,1.0,2.0
008070044000,479.0,,588,1.0,4.0
008070046000,1300.0,,324,1.0,4.0
008070047000,2000.0,,440,1.0,2.0
008070049000,863.0,,0,1.0,3.0
008080008000,535.0,,560,1.0,3.0
008080010000,700.0,,418,1.0,3.0
008080011000,800.0,,418,1.0,3.0
008080012000,1400.0,,418,1.0,3.0
008080014000,1000.0,,418,1.0,3.0
008080015000,1242.0,,418,1.0,3.0
008080016000,,,418,1.0,
008080017000,400.0,,418,1.0,3.0
008080018000,500.0,,418,1.0,3.0
008080019000,820.0,,420,1.0,2.0
008080021000,800.0,,0,1.0,3.0
008080023000,300.0,,0,1.0,4.0
008080024000,1000.0,,440,1.0,3.0
008080027000,,,504,1.0,
008090005000,220.0,,461,1.0,4.0
008090013000,100.0,,400,1.0,3.0
008090025000,,,768,1.0,1.0
008090029000,640.0,,484,1.0,3.0
008090041000,,,416,1.0,2.0
008090042000,,,864,1.0,3.0
008090052000,,,0,1.0,
008110001000,800.0,,480,,3.0
008110002000,540.0,,418,1.0,3.0
008110004000,1000.0,,636,1.0,3.0
008110009000,800.0,,528,1.0,3.0
008110010000,2600.0,,480,1.0,3.0
008110013000,1000.0,,494,1.0,2.0
008110014000,600.0,,462,1.0,2.0
008110015000,760.0,,494,1.0,3.0
008110019000,1600.0,,612,1.0,3.0
008110020000,1000.0,,559,1.0,3.0
008110021000,1000.0,,437,1.0,3.0
008110022000,69.0,,560,1.0,2.0
008110023000,210.0,768.0,252,2.0,3.0
008110024000,,,520,1.0,2.0
008120001000,900.0,,484,1.0,2.0
008120002000,800.0,,494,1.0,3.0
008120004000,476.0,,528,1.0,4.0
008120005000,1332.0,,483,1.0,3.0
008120006000,850.0,,249,1.0,3.0
008120007000,,,783,1.0,2.0
008120010000,701.0,,583,1.0,3.0
008120011000,,,650,1.0,3.0
008120012000,435.0,,378,1.0,2.0
008120013000,800.0,,450,1.0,2.0
008120016000,1400.0,,420,1.0,2.0
008120017000,0.0,,696,1.0,4.0
008130002000,400.0,,441,1.0,3.0
008130004000,1000.0,,441,1.0,3.0
008130005000,2000.0,,441,1.0,4.0
008130006000,500.0,,441,1.0,3.0
008130007000,600.0,,441,1.0,3.0
008130009000,500.0,,441,1.0,3.0
008130010000,600.0,,441,1.0,2.0
008130011000,1500.0,,757,1.0,5.0
008130012000,800.0,,441,1.0,3.0
008130013000,500.0,,0,1.0,3.0
008130014000,600.0,,441,1.0,3.0
008130015000,1200.0,,441,1.0,3.0
008130016000,0.0,,441,1.0,3.0
008130017000,600.0,,441,1.0,3.0
008130018000,500.0,,441,1.0,3.0
008130019000,36.0,,441,1.0,3.0
008130033000,538.0,,688,1.0,3.0
008130034000,1500.0,,441,1.0,3.0
008130035000,1000.0,,441,1.0,3.0
008130036000,1500.0,,441,1.0,3.0
008130038000,380.0,,441,1.0,4.0
008140004000,473.0,,0,1.0,1.0
008140005000,1600.0,,441,1.0,3.0
008140006000,500.0,,441,1.0,3.0
008140008000,800.0,,0,1.0,3.0
008140009000,1000.0,,441,1.0,3.0
008140010000,400.0,,441,1.0,3.0
008140011000,800.0,,441,1.0,3.0
008140012000,1100.0,,441,1.0,3.0
008140013000,600.0,,441,1.0,3.0
008140014000,500.0,,441,1.0,3.0
008140015000,500.0,,801,1.0,4.0
008140016000,640.0,,441,1.0,4.0
008140017000,600.0,,662,1.0,3.0
008140018000,1000.0,,441,1.0,3.0
008140019000,800.0,,441,1.0,3.0
008140022000,830.0,,431,1.0,3.0
008140023000,1000.0,,420,1.0,3.0
008140025000,600.0,,484,1.0,3.0
008140026000,0.0,,400,1.0,3.0
008140027000,500.0,,400,1.0,3.0
008140028000,500.0,,484,1.0,3.0
008140029000,300.0,,736,1.0,3.0
008140030000,800.0,,534,1.0,3.0
008140031000,,,528,1.0,3.0
008140032000,456.0,,400,1.0,3.0
008150001000,1000.0,,462,1.0,3.0
008150005000,0.0,,1094,1.0,2.0
008150007000,3000.0,,600,1.0,3.0
008150011000,381.0,,456,1.0,3.0
008150012000,,,768,1.0,
008161002000,432.0,,380,1.0,3.0
008161003000,,,420,1.0,
008161004000,721.0,,440,1.0,2.0
008161005000,300.0,,180,1.0,3.0
008161006000,500.0,,480,1.0,3.0
008161007000,900.0,,819,1.0,3.0
008161008000,1653.0,,756,1.0,3.0
008161009000,500.0,,0,1.0,2.0
008162001000,400.0,,240,1.0,2.0
008162002000,1000.0,,374,1.0,3.0
008162003000,96.0,,280,1.0,2.0
008162004000,,,540,1.0,2.0
008162006000,300.0,,396,1.0,2.0
008162007000,1000.0,,440,1.0,2.0
008162008000,1450.0,,400,1.0,2.0
008162009000,700.0,,288,1.0,1.0
008162010000,600.0,,441,1.0,2.0
008162011000,300.0,,489,1.0,3.0
008162012000,519.0,,441,1.0,2.0
008163009000,1000.0,,437,1.0,3.0
008163011000,600.0,,368,1.0,3.0
008163013000,300.0,,640,1.0,2.0
008163017000,,,440,1.0,3.0
008163022000,700.0,,576,1.0,3.0
008163023000,600.0,,480,1.0,3.0
008164001000,351.0,,660,1.0,3.0
008164002000,500.0,,336,1.0,3.0
008190003000,,,480,1.0,3.0
008190005000,,,522,1.0,2.0
008190006000,600.0,,441,1.0,2.0
008190007000,,,360,1.0,3.0
008190009000,,,560,1.0,2.0
008190015000,116.0,,576,1.0,3.0
008190016000,800.0,,440,1.0,3.0
008190017000,702.0,,361,1.0,3.0
008190018000,600.0,,361,1.0,2.0
008190019000,561.0,,297,1.0,2.0
008190020000,582.0,,242,1.0,2.0
008190021000,600.0,,484,1.0,2.0
008190022000,800.0,,440,1.0,2.0
008190023000,1000.0,,400,1.0,2.0
008190024000,1200.0,,340,1.0,2.0
008190025000,920.0,,378,1.0,2.0
008190026000,384.0,,420,1.0,2.0
008190027000,0.0,,374,1.0,2.0
008190028000,414.0,,696,1.0,
008190029000,900.0,,288,1.0,2.0
008190035000,735.0,,480,1.0,3.0
008190036000,600.0,,418,1.0,2.0
008190037000,400.0,,640,1.0,2.0
008190038000,600.0,,440,1.0,2.0
008190041000,,,0,1.0,1.0
008190044000,560.0,,324,1.0,3.0
008190045000,,,404,1.0,2.0
008200001000,,,0,1.0,2.0
008200014000,591.0,,528,1.0,1.0
008200016000,2000.0,,560,1.0,2.0
008200017000,294.0,,441,1.0,3.0
008200018000,700.0,,528,1.0,3.0
008200019000,,,0,1.0,1.0
008200031000,450.0,,415,1.0,3.0
008200032000,485.0,,484,1.0,3.0
008200033000,600.0,,440,1.0,3.0
008200036000,1500.0,,672,1.0,4.0
008200037000,467.0,,435,1.0,5.0
008200038000,700.0,,435,1.0,5.0
008200039000,,,462,1.0,3.0
008200040000,900.0,,400,1.0,3.0
008200041000,427.0,,480,1.0,3.0
008200042000,700.0,,415,1.0,3.0
008200043000,592.0,,435,1.0,3.0
008200044000,376.0,,504,1.0,2.0
008210002000,300.0,,425,1.0,2.0
008210003000,500.0,,264,1.0,2.0
008210004000,889.0,,504,1.0,3.0
008210010000,1400.0,,883,1.0,3.0
008210011000,500.0,,456,1.0,3.0
008220002000,,,532,1.0,2.0
008220003000,,,405,1.0,2.0
008220004000,1800.0,,594,1.0,3.0
008220005000,596.0,,448,1.0,3.0
008220014000,1200.0,,630,1.0,3.0
008220015000,800.0,,400,1.0,4.0
008220016000,,,440,1.0,2.0
008220017000,400.0,,400,1.0,2.0
008220018000,,,264,1.0,3.0
008220019000,1000.0,,392,1.0,3.0
008220020000,8000.0,,420,1.0,2.0
008220021000,600.0,,0,1.0,3.0
008220022000,206.0,,252,1.0,3.0
008220023000,1000.0,,540,1.0,3.0
008220024000,,,768,1.0,2.0
008220025000,2000.0,,216,1.0,2.0
008220026000,500.0,,378,1.0,1.0
008220027000,1500.0,,400,1.0,5.0
008220028000,255.0,,150,1.0,2.0
008220029000,648.0,,462,1.0,3.0
008220032000,600.0,,280,1.0,2.0
008220034000,1000.0,,400,1.0,2.0
008220038000,744.0,,440,1.0,4.0
008220040000,884.0,,280,1.0,4.0
008230002000,500.0,,400,1.0,2.0
008230006000,,,0,1.0,2.0
008230007000,,,280,1.0,
008230011000,,,200,1.0,2.0
008230013000,,,576,1.0,3.0
008230014000,,,0,1.0,
008230015000,,,260,1.0,3.0
008230027000,,,0,1.0,
008230031000,44.0,,0,1.0,2.0
008230032000,640.0,,480,1.0,3.0
008230037000,432.0,,704,1.0,2.0
008230038000,1000.0,,504,1.0,3.0
008230040000,672.0,,480,1.0,2.0
008230041000,420.0,,525,1.0,3.0
008230042000,411.0,,440,1.0,3.0
008230043000,360.0,,360,1.0,3.0
008230044000,1538.0,,312,1.0,2.0
008230049000,300.0,,447,1.0,
008230056000,,,0,1.0,
008240006000,400.0,,528,1.0,3.0
008240008000,800.0,,360,1.0,3.0
008240009000,446.0,,789,1.0,2.0
008240012000,800.0,,0,1.0,3.0
008240027000,,,0,1.0,2.0
008240028000,761.0,,744,1.0,2.0
008240030000,263.0,,524,1.0,2.0
008240031000,800.0,,0,1.0,2.0
008240032000,800.0,,400,1.0,2.0
008240033000,132.0,,476,1.0,2.0
008240035000,,,720,1.0,3.0
008240038000,300.0,,400,1.0,
008240039000,500.0,,400,1.0,3.0
008260006000,100.0,,0,1.0,2.0
008260007000,600.0,539.0,0,2.0,3.0
008260008000,,,264,1.0,2.0
008260009000,250.0,,400,1.0,3.0
008260010000,1000.0,,504,1.0,3.0
008260011000,400.0,,264,1.0,2.0
008260012000,495.0,,286,1.0,2.0
008260013000,,,528,1.0,3.0
008260014000,800.0,,660,1.0,4.0
008260015000,,,1564,1.0,3.0
008260016000,,,480,1.0,2.0
008260017000,,,600,1.0,3.0
008260018000,600.0,,280,1.0,2.0
008260023000,1500.0,,0,1.0,4.0
008260025000,273.0,,280,1.0,2.0
008260026000,,,0,1.0,2.0
008260027000,,,0,1.0,3.0
008260028000,,,0,1.0,3.0
008260030000,600.0,,440,1.0,2.0
008260031000,1200.0,,0,1.0,3.0
008260032000,,,0,1.0,2.0
008260033000,,,300,1.0,1.0
008260034000,400.0,,0,1.0,2.0
008260036000,,,0,1.0,1.0
008260037000,120.0,,440,1.0,2.0
008260038000,,,192,1.0,1.0
008260039000,,,0,1.0,3.0
008260040000,,,560,1.0,2.0
008260041000,1000.0,,504,1.0,4.0
008260042000,,,855,1.0,3.0
008260043000,800.0,,484,1.0,3.0
008260047000,200.0,,0,1.0,2.0
008260048000,680.0,,525,1.0,4.0
008260049000,,,0,1.0,2.0
008260050000,556.0,,806,1.0,3.0
008260051000,2300.0,,264,2.0,4.0
008260053000,300.0,,121,1.0,2.0
008260055000,0.0,,0,1.0,
008260056000,300.0,,528,1.0,3.0
008260058000,,,288,1.0,2.0
008260060000,,,281,1.0,4.0
008260061000,,,288,1.0,4.0
008260063000,,,288,1.0,4.0
008260065000,,,252,1.0,3.0
008271001000,,,0,1.0,1.0
008271005000,,,0,1.0,2.0
008271010000,,,0,1.0,3.0
008271013000,,496.0,0,2.0,
008271019000,,,256,1.0,2.0
008271020000,3500.0,,0,1.0,4.0
008271021000,,,0,1.0,2.0
008271022000,200.0,,0,1.0,1.0
008271023000,200.0,,0,1.0,2.0
008271024000,100.0,,0,1.0,2.0
008271025000,,,0,1.0,1.0
008271026000,,,0,1.0,3.0
008271027000,714.0,,400,1.0,2.0
008271030000,1000.0,,0,1.0,3.0
008271032000,300.0,,0,1.0,2.0
008271034000,,,0,1.0,2.0
008271037000,400.0,,0,1.0,3.0
008271039000,400.0,,0,1.0,2.0
008271046000,300.0,,625,1.0,3.0
008271047000,290.0,,624,1.0,2.0
008271054000,,,0,1.0,2.0
008271055000,400.0,,572,1.0,2.0
008271056000,100.0,,0,1.0,3.0
008271057000,,,0,1.0,2.0
008271058000,,,0,1.0,2.0
008271059000,57.0,713.0,686,2.0,
008271060000,400.0,,0,1.0,3.0
008271061000,100.0,,0,1.0,2.0
008271063000,,,441,1.0,
008271067000,104.0,,252,1.0,2.0
008271068000,1000.0,,0,1.0,2.0
008271069000,800.0,,576,1.0,3.0
008271070000,500.0,,528,1.0,3.0
008271071000,400.0,,528,1.0,3.0
008271072000,100.0,,0,1.0,2.0
008271075000,,,0,1.0,3.0
008271076000,,,0,1.0,3.0
008271077000,,,0,1.0,3.0
008272001000,1000.0,,0,1.0,2.0
008272003000,652.0,,320,1.0,3.0
008272004000,272.0,,540,1.0,2.0
008272005000,850.0,,180,1.0,2.0
008272006000,,,0,1.0,2.0
008272007000,507.0,,356,1.0,2.0
008272008000,284.0,,462,1.0,2.0
008273001000,440.0,,0,1.0,3.0
008273002000,400.0,,400,1.0,1.0
008273003000,,,378,1.0,4.0
008273004000,,,240,1.0,
008273005000,250.0,,306,1.0,2.0
008273008000,120.0,,228,1.0,1.0
008273009000,409.0,,165,1.0,2.0
008273010000,,,324,1.0,
008273012000,588.0,,1056,1.0,2.0
008273013000,734.0,,0,1.0,1.0
008273014000,,,598,1.0,3.0
008273015000,,,700,4.0,
008273016000,800.0,,192,1.0,2.0
008273020000,0.0,,480,1.0,3.0
008273021000,400.0,,280,1.0,2.0
008273022000,200.0,,0,1.0,2.0
008273023000,400.0,,528,1.0,2.0
008273026000,1500.0,,480,1.0,4.0
008273027000,1700.0,,400,1.0,3.0
008274002000,400.0,,440,1.0,2.0
008274003000,1000.0,,400,1.0,2.0
008274004000,,,0,1.0,3.0
008274005000,116.0,,0,1.0,1.0
008274006000,57.0,,240,1.0,2.0
008280005000,1500.0,,0,1.0,2.0
008280007000,,,288,1.0,2.0
008280008000,1380.0,,486,1.0,5.0
008280009000,,,0,1.0,2.0
008280015000,,,400,1.0,3.0
008280021000,1000.0,,484,1.0,3.0
008280022000,1000.0,,396,1.0,2.0
008280023000,,,0,1.0,2.0
008280027000,800.0,,480,1.0,3.0
008280028000,1500.0,,520,1.0,2.0
008280029000,201.0,,264,1.0,2.0
008280030000,93.0,,312,1.0,3.0
008280031000,,,0,1.0,1.0
008280032000,300.0,,209,1.0,3.0
008280033000,600.0,,768,1.0,3.0
008280034000,,,768,1.0,3.0
008280035000,,,288,1.0,1.0
008280038000,,,0,1.0,3.0
008300005000,42.0,,192,1.0,2.0
008300006000,72.0,,470,1.0,2.0
008300007000,,,288,1.0,2.0
008300008000,400.0,,0,1.0,2.0
008300009000,81.0,,192,1.0,2.0
008300010000,200.0,,176,1.0,2.0
008300011000,,,360,1.0,2.0
008300012000,,,0,1.0,3.0
008300013000,500.0,,220,1.0,2.0
008300016000,,,702,1.0,2.0
008300017000,100.0,,180,1.0,2.0
008300018000,,,160,1.0,4.0
008300019000,,,532,1.0,3.0
008300020000,1000.0,,520,1.0,2.0
008300021000,24.0,,0,1.0,1.0
008300022000,,,360,1.0,2.0
008300023000,,,0,1.0,1.0
008300024000,500.0,,396,1.0,2.0
008300025000,200.0,,160,1.0,2.0
008300026000,1500.0,,480,1.0,2.0
008300027000,,,408,1.0,4.0
008300028000,,,576,1.0,4.0
008300029000,,,0,1.0,4.0
008300031000,42.0,,360,1.0,3.0
008300032000,,,1044,1.0,2.0
008300033000,500.0,,160,1.0,2.0
008300034000,800.0,,402,1.0,3.0
008300035000,200.0,,252,1.0,2.0
008300038000,,,180,1.0,4.0
008300039000,100.0,,476,1.0,3.0
008300040000,,,912,1.0,4.0
008300041000,448.0,,280,1.0,2.0
008300042000,,,502,1.0,3.0
008300043000,,,140,1.0,4.0
008300044000,,,0,1.0,5.0
008300045000,400.0,,189,1.0,1.0
008300046000,1674.0,,480,1.0,2.0
008300047000,,,216,1.0,2.0
008300048000,,,660,1.0,2.0
008300049000,1000.0,,550,1.0,3.0
008300051000,3000.0,,0,1.0,
008300052000,1600.0,,0,1.0,2.0
008300053000,600.0,,568,1.0,5.0
008300054000,,,288,1.0,2.0
008300056000,600.0,,448,1.0,2.0
008300057000,400.0,,240,1.0,3.0
008300058000,,,0,1.0,
008300059000,1000.0,,720,1.0,2.0
008300060000,800.0,,576,1.0,3.0
008300061000,998.0,,400,1.0,2.0
008300062000,949.0,,1522,1.0,
008300063000,,,0,1.0,4.0
008300064000,275.0,,528,1.0,3.0
008300065000,,,600,1.0,4.0
008300066000,1000.0,,240,1.0,3.0
008300068000,1000.0,,280,1.0,3.0
008300069000,600.0,,270,1.0,2.0
008300070000,500.0,,216,1.0,2.0
008300072000,,,308,1.0,2.0
008300073000,1000.0,,400,1.0,3.0
008300074000,884.0,,468,1.0,3.0
008300075000,531.0,,708,1.0,2.0
008300076000,,,520,1.0,4.0
008300077000,0.0,,0,1.0,3.0
008300078000,,,506,1.0,1.0
008300079000,300.0,,0,1.0,3.0
008300081000,,,480,1.0,4.0
008300083000,400.0,,292,1.0,3.0
008300084000,2334.0,,840,1.0,6.0
008300085000,500.0,,460,1.0,2.0
008300086000,200.0,,192,1.0,2.0
008300088000,500.0,,0,1.0,2.0
008300089000,,,288,1.0,2.0
008300090000,400.0,,540,1.0,3.0
008300091000,1000.0,,572,1.0,4.0
008300094000,1000.0,,450,1.0,2.0
008311001000,500.0,,172,1.0,3.0
008311002000,626.0,,0,1.0,3.0
008311003000,,,256,1.0,3.0
008311004000,400.0,,400,1.0,4.0
008311005000,95.0,,600,1.0,2.0
008311006000,600.0,,828,1.0,3.0
008311007000,,,360,1.0,3.0
008311008000,400.0,,755,1.0,3.0
008311009000,,,500,1.0,2.0
008311010000,1374.0,,500,1.0,3.0
008311011000,,,0,1.0,4.0
008311012000,,,0,2.0,4.0
008311013000,612.0,,0,1.0,3.0
008311014000,200.0,,0,1.0,2.0
008311015000,798.0,,0,1.0,2.0
008311016000,600.0,,0,1.0,2.0
008311017000,,,0,1.0,
008311019000,480.0,,0,1.0,8.0
008311020000,1200.0,,0,1.0,
008311021000,,,0,1.0,3.0
008311022000,0.0,,220,1.0,2.0
008311023000,300.0,,0,1.0,3.0
008311024000,,,580,1.0,2.0
008312001000,,,0,1.0,2.0
008312002000,,,0,1.0,2.0
008312004000,,,958,1.0,
008312005000,,,0,2.0,
008312006000,,,0,1.0,8.0
008312007000,900.0,,0,1.0,8.0
008312008000,81.0,,0,1.0,5.0
008312009000,93.0,,0,1.0,4.0
008312010000,,,0,1.0,4.0
008312011000,100.0,,0,1.0,4.0
008312012000,,,288,1.0,
008312013000,,,252,1.0,3.0
008312014000,137.0,,252,1.0,3.0
008312015000,75.0,,300,1.0,2.0
008312017000,,,0,1.0,2.0
008312018000,,,0,1.0,1.0
008312019000,,,400,1.0,4.0
008312021000,,,0,1.0,2.0
008312024000,,,0,1.0,2.0
008312025000,,,0,1.0,3.0
008312026000,,,0,1.0,2.0
008312027000,,,0,1.0,
008312028000,100.0,,0,1.0,3.0
008313001000,,,240,1.0,2.0
008313002000,1000.0,,396,1.0,2.0
008313005000,,,0,1.0,2.0
008313006000,,,0,1.0,
008313007000,,,0,1.0,
008313008000,,,220,1.0,3.0
008313009000,400.0,,0,1.0,2.0
008313010000,1490.0,,0,1.0,2.0
008313011000,500.0,,440,1.0,3.0
008313012000,300.0,,0,1.0,2.0
008313013000,,,576,1.0,2.0
008313014000,,,0,1.0,2.0
008313015000,500.0,,0,1.0,3.0
008313016000,200.0,,216,1.0,3.0
008313017000,48.0,,0,1.0,3.0
008313018000,,,556,1.0,2.0
008313019000,719.0,561.0,541,2.0,
008313020000,,,777,1.0,3.0
008313021000,200.0,,0,1.0,2.0
008313022000,5000.0,,0,1.0,
008313023000,,,500,1.0,2.0
008313024000,200.0,,800,1.0,
008313025000,,,198,1.0,1.0
008313026000,0.0,,288,1.0,2.0
008313027000,,,0,1.0,3.0
008313028000,,,140,1.0,2.0
008313029000,,,336,1.0,3.0
008320001000,,,0,1.0,2.0
008320002000,,,0,1.0,3.0
008320003000,,,0,1.0,
008320005000,,,0,1.0,2.0
008320014000,,,0,1.0,3.0
008320015000,,,0,1.0,4.0
008321001000,80.0,,0,1.0,2.0
008321002000,400.0,,432,1.0,3.0
008321003000,,,0,1.0,2.0
008321004000,,,216,1.0,2.0
008321005000,200.0,,0,1.0,2.0
008321006000,,,0,1.0,4.0
008321007000,800.0,,384,1.0,3.0
008321008000,,,420,1.0,4.0
008321009000,,,400,1.0,2.0
008321010000,,,160,1.0,2.0
008321011000,,,0,1.0,4.0
008321012000,,,0,1.0,3.0
008321013000,800.0,,0,1.0,2.0
008322001000,,,441,1.0,3.0
008322003000,364.0,,471,1.0,2.0
008322004000,924.0,,576,1.0,4.0
008322005000,100.0,,240,1.0,2.0
008322006000,0.0,,440,1.0,3.0
008322007000,500.0,,280,1.0,1.0
008322008000,200.0,,240,1.0,3.0
008323001000,500.0,,400,1.0,2.0
008323002000,500.0,,360,1.0,2.0
008323003000,400.0,,360,1.0,4.0
008324001000,,,0,1.0,2.0
008324002000,292.0,,192,1.0,2.0
008324003000,240.0,,341,1.0,3.0
008324004000,,,0,1.0,3.0
008324005000,,,0,1.0,3.0
008324006000,,,736,1.0,2.0
008324007000,,,0,1.0,4.0
008324008000,,,288,1.0,4.0
008324009000,,,0,1.0,3.0
008324011000,,,0,1.0,2.0
008324014000,461.0,,0,1.0,3.0
008324016000,576.0,,192,1.0,3.0
008324017000,326.0,,350,1.0,2.0
008324018000,800.0,,240,1.0,2.0
008324019000,408.0,,566,1.0,2.0
008324020000,1171.0,,0,1.0,3.0
008324021000,980.0,,260,1.0,2.0
008324022000,,,240,1.0,1.0
008325001000,378.0,,216,1.0,3.0
008325002000,200.0,,200,1.0,3.0
008325004000,,,0,1.0,4.0
008325005000,250.0,,242,1.0,2.0
008325006000,400.0,,0,1.0,2.0
008325007000,,,0,1.0,2.0
008326001000,,,409,1.0,4.0
008326005000,0.0,,0,1.0,2.0
008326007000,1000.0,,0,1.0,3.0
008326008000,327.0,,312,1.0,2.0
008326012000,300.0,,0,1.0,2.0
008326013000,900.0,,0,1.0,2.0
008326026000,500.0,,280,1.0,4.0
008326029000,400.0,,300,1.0,2.0
008326030000,163.0,,373,1.0,3.0
008326031000,784.0,,0,1.0,2.0
008326034000,784.0,,0,1.0,2.0
008326035000,914.0,,0,2.0,2.0
008326036000,900.0,,0,1.0,2.0
008326037000,784.0,,0,1.0,2.0
008326038000,780.0,,0,1.0,2.0
008326039000,2273.0,,0,2.0,
008326040000,1200.0,,0,1.0,3.0
008327001000,200.0,,0,1.0,2.0
008327002000,100.0,,0,1.0,2.0
008327003000,100.0,,0,1.0,2.0
008327004000,0.0,,342,1.0,3.0
008327005000,,,0,1.0,3.0
008327006000,200.0,,0,1.0,
008327007000,600.0,,0,1.0,2.0
008327008000,654.0,,0,1.0,3.0
008327010000,654.0,,0,1.0,3.0
008327011000,78.0,,0,1.0,
008327012000,268.0,,440,1.0,3.0
008327013000,300.0,,0,1.0,3.0
008330001000,,,224,1.0,2.0
008330002000,1000.0,,1040,1.0,2.0
008330003000,0.0,,310,1.0,3.0
008330005000,,,0,1.0,1.0
008330008000,1000.0,,560,1.0,4.0
008330010000,900.0,,440,1.0,3.0
008330011000,1180.0,,340,1.0,2.0
008331001000,420.0,,192,1.0,2.0
008331002000,,,192,1.0,2.0
008331003000,,,624,1.0,3.0
008331004000,800.0,,1032,1.0,4.0
008331005000,1500.0,,960,1.0,3.0
008331006000,912.0,,624,1.0,3.0
008331007000,1300.0,,478,1.0,2.0
008331008000,1065.0,,384,1.0,3.0
008331009000,800.0,,352,1.0,6.0
008331010000,200.0,,240,1.0,3.0
008331012000,1080.0,,528,1.0,4.0
008331013000,2000.0,,816,1.0,6.0
008331014000,1000.0,,640,1.0,2.0
008331016000,579.0,,285,1.0,3.0
008331017000,,,192,1.0,3.0
008331018000,,,0,1.0,6.0
008331019000,400.0,,0,1.0,3.0
008331020000,,,0,1.0,4.0
008331021000,850.0,,0,1.0,3.0
008331022000,200.0,,575,1.0,1.0
008331023000,250.0,,396,1.0,2.0
008331025000,380.0,,200,1.0,2.0
008331026000,,,256,1.0,2.0
008331027000,,,0,1.0,2.0
008331028000,216.0,,0,1.0,2.0
008332001000,1000.0,,3620,1.0,4.0
008332002000,,,480,1.0,2.0
008332003000,100.0,,720,1.0,2.0
008332004000,1000.0,,451,1.0,2.0
008332006000,200.0,,0,1.0,2.0
008332008000,1000.0,,0,1.0,4.0
008332009000,,,0,1.0,3.0
008332010000,,,0,1.0,3.0
008332011000,191.0,,0,1.0,4.0
008332012000,,,0,1.0,3.0
008332013000,,,0,1.0,2.0
008332014000,280.0,,0,1.0,3.0
008333001000,200.0,,216,1.0,2.0
008333002000,1600.0,,720,1.0,3.0
008333003000,111.0,,280,1.0,2.0
008333004000,,,0,1.0,2.0
008333008000,440.0,,480,1.0,3.0
008333009000,661.0,,400,1.0,3.0
008334001000,200.0,,216,1.0,4.0
008334002000,636.0,,525,1.0,3.0
008334003000,120.0,,252,1.0,2.0
008334004000,600.0,,552,1.0,4.0
008334006000,,,0,1.0,3.0
008334007000,,,360,1.0,4.0
008334008000,,,0,1.0,1.0
008335001000,268.0,,490,1.0,3.0
008335003000,44.0,,0,1.0,3.0
008335004000,400.0,,640,1.0,4.0
008335005000,400.0,,528,1.0,4.0
008335006000,200.0,,0,1.0,5.0
008335007000,,,640,1.0,3.0
008335008000,0.0,749.0,0,2.0,
008335009000,,,0,1.0,2.0
008335010000,1600.0,,0,1.0,5.0
008335011000,7937.0,,2898,1.0,
008335013000,,,0,1.0,4.0
008335015000,,700.0,160,2.0,3.0
008335016000,77.0,,192,1.0,2.0
008335018000,216.0,,440,1.0,3.0
008335019000,300.0,,374,1.0,2.0
008335020000,500.0,,672,1.0,3.0
008335022000,,,352,1.0,2.0
008335023000,200.0,,0,1.0,2.0
008335024000,3880.0,,0,1.0,8.0
008335025000,364.0,,392,1.0,
008335026000,684.0,,440,1.0,2.0
008335027000,,,0,1.0,3.0
008335033000,1200.0,,528,1.0,3.0
008335036000,,,0,1.0,2.0
008335037000,,,0,1.0,
008335038000,,,0,1.0,
008340001000,862.0,,420,1.0,4.0
008340002000,,,160,1.0,2.0
008340003000,,,611,1.0,3.0
008341003000,,,220,1.0,2.0
008341004000,,,0,1.0,2.0
008342001000,,,0,1.0,7.0
008342002000,,,0,1.0,
008342003000,,,0,1.0,
008342004000,1200.0,,0,1.0,
008342005000,,,0,1.0,
008342006000,5000.0,,0,1.0,
008342008000,,,0,1.0,
008342009000,,,0,1.0,
008342010000,,,0,1.0,
008342012000,,,0,1.0,
008342014000,121.0,,0,1.0,
008342016000,,,0,1.0,
008342017000,,,0,1.0,
008343004000,,,0,1.0,
008343005000,,,264,1.0,2.0
008343007000,,,192,1.0,3.0
008343012000,,,0,1.0,
008343013000,,,0,1.0,
008343015000,,,0,1.0,
008343016000,,,0,1.0,
008343017000,,,0,1.0,
008343020000,,,0,1.0,
008343022000,,,0,1.0,4.0
008343023000,7500.0,,0,1.0,
008344001000,,,0,1.0,
008345001000,,,0,1.0,
008345002000,,,0,1.0,
008345004000,,,0,1.0,
008345005000,,,0,1.0,
008345007000,,,0,1.0,
008345009000,,,0,1.0,
008345012000,,,0,1.0,
008345013000,,,0,1.0,
008345014000,,,0,1.0,
008345016000,,,0,1.0,
008345025000,,,0,1.0,
008345026000,,,0,1.0,
008346001000,,,0,1.0,
008346002000,,,0,1.0,
008346003000,,,0,1.0,
008346004000,,,0,1.0,
008346008000,,,0,1.0,
008346010000,,,0,1.0,
008346011000,,,0,1.0,
008346012000,,,0,1.0,
008347008000,1785.0,,0,1.0,
008347009000,,,0,1.0,
008347010000,,,0,1.0,
008347012000,,,0,1.0,
008348008000,,,0,1.0,
008348011000,,,0,1.0,2.0
008350013000,300.0,,480,1.0,2.0
008350014000,,,0,1.0,
008350017000,,,0,1.0,3.0
008350020000,200.0,,264,1.0,2.0
008350021000,,,288,1.0,3.0
008350022000,500.0,,208,1.0,2.0
008350023000,,,0,1.0,3.0
008350024000,200.0,,176,1.0,2.0
008350025000,,,0,1.0,2.0
008350027000,300.0,,190,1.0,3.0
008350029000,,,0,1.0,4.0
008350030000,14000.0,,0,1.0,
008350038000,,,480,1.0,6.0
008350043000,966.0,,240,1.0,2.0
008350045000,,,0,1.0,3.0
008350047000,10000.0,,0,1.0,
008361001000,2521.0,,800,1.0,4.0
008361002000,2000.0,,0,1.0,6.0
008361004000,3000.0,,0,1.0,6.0
008361005000,,,0,1.0,8.0
008361008000,5000.0,,1540,1.0,
008361009000,640.0,,504,1.0,3.0
008361010000,1500.0,,0,1.0,3.0
008361011000,5000.0,,0,1.0,6.0
008361012000,730.0,,0,1.0,4.0
008361013000,,,400,1.0,3.0
008362001000,500.0,,384,1.0,2.0
008362002000,540.0,,360,1.0,3.0
008362003000,735.0,,1128,1.0,3.0
008362005000,,,480,1.0,2.0
008362006000,0.0,,0,1.0,
008362007000,84.0,,0,2.0,2.0
008362008000,500.0,,384,1.0,2.0
008362009000,300.0,,600,1.0,2.0
008362010000,,728.0,0,2.0,3.0
008362011000,,,240,1.0,2.0
008362012000,500.0,,266,1.0,2.0
008362015000,1000.0,,240,1.0,3.0
008362016000,500.0,,960,1.0,3.0
008362018000,2000.0,,440,1.0,3.0
008363001000,,,140,1.0,1.0
008363003000,,,432,1.0,4.0
008363004000,200.0,,187,1.0,2.0
008363005000,,,480,3.0,2.0
008363007000,,,288,1.0,2.0
008363008000,100.0,,0,1.0,1.0
008363009000,300.0,,266,1.0,3.0
008363010000,188.0,,1080,1.0,1.0
008363012000,,,0,1.0,4.0
008363014000,500.0,,170,1.0,3.0
008363015000,200.0,,323,1.0,3.0
008363016000,723.0,,209,1.0,3.0
008363018000,365.0,,200,1.0,3.0
008364001000,,,205,1.0,2.0
008364002000,360.0,,0,1.0,2.0
008364004000,184.0,,331,1.0,3.0
008364006000,,,0,1.0,4.0
008364008000,86.0,,0,1.0,1.0
008365001000,,,130,1.0,3.0
008365002000,,,701,1.0,3.0
008365003000,,,400,1.0,2.0
008365005000,360.0,,0,1.0,3.0
008366001000,342.0,,306,1.0,3.0
008366002000,,,0,1.0,2.0
008366003000,,,600,1.0,3.0
008366005000,300.0,,240,1.0,2.0
008366006000,200.0,,221,1.0,3.0
008366007000,52.0,,221,1.0,3.0
008366008000,400.0,,280,1.0,2.0
008366009000,264.0,,460,1.0,3.0
008366010000,80.0,,300,1.0,2.0
008366011000,,,0,1.0,3.0
008366012000,,,0,1.0,3.0
008366013000,480.0,,0,1.0,3.0
008366015000,0.0,,160,1.0,2.0
008366016000,,,468,1.0,3.0
008366017000,,,0,1.0,2.0
008366018000,500.0,,0,1.0,2.0
008370001000,3000.0,,0,1.0,4.0
008371003000,,,0,1.0,
008371004000,,,0,1.0,
008371005000,,,0,1.0,
008371007000,,,0,1.0,
008371008000,,,0,1.0,
008371009000,,,0,1.0,
008371013000,,,0,1.0,
008371014000,,,0,1.0,
008372001000,,,0,1.0,
008372003000,,,0,1.0,
008372005000,,,0,1.0,
008372006000,,,0,1.0,
008372011000,,,0,1.0,
008372012000,,,0,1.0,
008372017000,,,0,1.0,
008373005000,,,0,1.0,
008373006000,4000.0,,0,1.0,
008373009000,,,0,1.0,
008373010000,,,0,1.0,
008373011000,,,0,1.0,
008373012000,,,0,1.0,
008374001000,,,0,1.0,
008375002000,,,0,1.0,
008375007000,300.0,,0,1.0,2.0
008375008000,100.0,,360,1.0,2.0
008375009000,,,0,1.0,2.0
008375010000,2000.0,,0,2.0,4.0
008375011000,240.0,,218,1.0,4.0
008375012000,2034.0,,376,1.0,2.0
008375013000,,,448,1.0,
008375014000,1800.0,,720,1.0,6.0
008375017000,,,0,1.0,
008376001000,,,0,1.0,
008376002000,,,0,1.0,
008376003000,,,0,1.0,
008376004000,,,0,1.0,3.0
008376005000,,,0,1.0,4.0
008376006000,,,0,1.0,3.0
008381001000,200.0,,180,1.0,2.0
008381003000,200.0,,216,1.0,2.0
008381004000,,,216,1.0,5.0
008381008000,1338.0,,0,1.0,2.0
008381009000,200.0,,0,1.0,2.0
008381010000,500.0,,338,1.0,2.0
008381011000,1600.0,,0,1.0,4.0
008381012000,68.0,,449,1.0,3.0
008381013000,,,288,1.0,2.0
008381016000,400.0,,567,1.0,2.0
008381017000,400.0,,567,1.0,3.0
008381021000,548.0,,567,1.0,3.0
008401001000,,,200,1.0,2.0
008401002000,,,240,1.0,2.0
008401003000,,,200,1.0,2.0
008401005000,,,0,1.0,3.0
008401006000,600.0,,324,1.0,2.0
008401007000,,,200,1.0,2.0
008401008000,,,200,1.0,2.0
008401009000,1486.0,,0,1.0,3.0
008401010000,1780.0,,690,1.0,3.0
008402001000,200.0,,180,1.0,2.0
008402003000,600.0,,200,1.0,3.0
008402004000,100.0,,0,1.0,2.0
008402005000,400.0,,207,1.0,2.0
008402006000,700.0,,0,1.0,2.0
008402007000,50.0,,0,1.0,2.0
008402008000,,,0,1.0,2.0
008402011000,747.0,,312,1.0,4.0
008402016000,300.0,,480,1.0,3.0
008402018000,,,2160,1.0,3.0
008402019000,1000.0,,300,1.0,3.0
008403003000,,,216,1.0,5.0
008403004000,,,480,1.0,3.0
008403005000,,,0,1.0,6.0
008403006000,200.0,775.0,320,2.0,3.0
008403007000,200.0,,352,1.0,3.0
008403008000,,,0,1.0,2.0
008403009000,200.0,,0,1.0,2.0
008403010000,,,450,1.0,2.0
008403011000,,,1440,,
008403012000,,,0,1.0,
008404002000,,,480,1.0,5.0
008404003000,,,0,1.0,
008404005000,160.0,,0,1.0,1.0
008404006000,,,420,1.0,4.0
008405001000,300.0,,160,1.0,2.0
008405002000,,,378,1.0,2.0
008405003000,,,0,1.0,2.0
008405004000,300.0,,0,1.0,3.0
008405005000,500.0,,208,1.0,2.0
008405006000,,,0,1.0,3.0
008405007000,,,0,1.0,3.0
008405008000,,,0,1.0,3.0
008405009000,400.0,,0,1.0,2.0
008405011000,500.0,,482,1.0,3.0
008405012000,200.0,,0,1.0,3.0
008405013000,720.0,,360,1.0,2.0
008405014000,,,0,1.0,2.0
008405015000,200.0,,0,1.0,2.0
008406001000,100.0,,299,1.0,2.0
008406003000,,,150,1.0,2.0
008406005000,400.0,,425,1.0,2.0
008406007000,,,348,1.0,2.0
008406008000,0.0,500.0,0,2.0,3.0
008406010000,,,210,1.0,2.0
008406011000,,,400,1.0,3.0
008406012000,1000.0,,480,1.0,3.0
008406013000,200.0,,800,1.0,1.0
008406014000,,,470,1.0,2.0
008406015000,,,448,1.0,3.0
008410010000,,,0,1.0,2.0
008410011000,,,0,1.0,2.0
008412003000,,,0,1.0,
008420008000,,,420,1.0,2.0
008420009000,3489.0,,0,1.0,8.0
008420010000,,,0,1.0,2.0
008420011000,,,0,1.0,2.0
008420012000,1717.0,,0,1.0,5.0
008420016000,800.0,,0,1.0,5.0
008420017000,0.0,,0,1.0,3.0
008420021000,200.0,,324,1.0,2.0
008420022000,3852.0,,0,1.0,8.0
008421001000,612.0,,260,1.0,2.0
008421007000,1042.0,,170,1.0,4.0
008421008000,400.0,,480,1.0,3.0
008421009000,,,0,1.0,2.0
008421010000,,,330,1.0,2.0
008421011000,326.0,,0,1.0,2.0
008421012000,,,0,1.0,2.0
008421014000,94.0,,0,1.0,2.0
008421015000,65.0,,320,1.0,3.0
008422001000,1002.0,,0,1.0,4.0
008422002000,,,0,1.0,2.0
008422003000,,,0,1.0,1.0
008422004000,,,0,1.0,4.0
008422005000,1000.0,,720,1.0,4.0
008423001000,,,0,1.0,4.0
008423002000,600.0,,0,2.0,3.0
008423003000,1000.0,,660,1.0,3.0
008423004000,,,0,1.0,4.0
008423006000,400.0,,0,1.0,4.0
008423008000,,,360,1.0,2.0
008423009000,,,0,1.0,4.0
008423010000,6000.0,,0,1.0,6.0
008423011000,,,0,1.0,6.0
008423012000,,,2100,1.0,
008423013000,6872.0,,0,1.0,
008423015000,13000.0,,0,1.0,
008423016000,1500.0,,0,1.0,4.0
008423017000,,,0,1.0,2.0
008423018000,,,240,1.0,2.0
008423020000,500.0,,0,1.0,3.0
008423021000,,,140,1.0,2.0
008423023000,240.0,,832,1.0,3.0
008424002000,1000.0,,0,1.0,2.0
008424003000,,,360,1.0,2.0
008424005000,,,0,1.0,
008424007000,,,0,1.0,
008424010000,,,0,1.0,
008424011000,,,0,1.0,2.0
008451001000,,,280,1.0,3.0
008451002000,563.0,,360,1.0,3.0
008452001000,,,0,1.0,3.0
008452002000,136.0,,400,1.0,4.0
008452003000,500.0,,0,1.0,8.0
008452004000,0.0,,0,1.0,
008452005000,,,400,1.0,4.0
008452006000,200.0,,224,1.0,2.0
008452007000,300.0,,0,1.0,3.0
008452008000,360.0,,672,1.0,7.0
008452010000,,,750,1.0,3.0
008452012000,547.0,,660,1.0,3.0
008452013000,45.0,,0,1.0,2.0
008452014000,0.0,,288,1.0,1.0
008452016000,,,0,1.0,3.0
008452017000,,920.0,374,2.0,2.0
008452018000,100.0,,0,1.0,2.0
008452021000,,,756,1.0,3.0
008452022000,314.0,,0,1.0,2.0
008452025000,600.0,,288,1.0,2.0
008452026000,800.0,,324,1.0,2.0
008452027000,,,0,1.0,4.0
008453002000,0.0,,200,1.0,2.0
008453003000,,,685,1.0,5.0
008453004000,,,0,1.0,3.0
008460005000,273.0,,180,1.0,2.0
008460006000,,,180,1.0,2.0
008460014000,,,0,1.0,
008460016000,,,0,1.0,
008460020000,,,462,1.0,4.0
008460021000,,,0,1.0,2.0
008460022000,1343.0,,520,1.0,2.0
008460023000,400.0,,374,1.0,3.0
008460024000,200.0,,0,1.0,4.0
008460025000,600.0,,192,1.0,2.0
008460026000,552.0,,216,1.0,2.0
008460027000,,,0,1.0,3.0
008460028000,,,0,1.0,
008460030000,,,180,1.0,2.0
008460031000,200.0,,400,1.0,2.0
008460032000,,,480,1.0,2.0
008460033000,,,234,1.0,2.0
008460034000,2800.0,,0,1.0,4.0
008460035000,,,176,1.0,3.0
008460036000,822.0,,560,1.0,3.0
008460037000,,,2567,1.0,
008460038000,,,0,1.0,5.0
008460040000,600.0,,529,1.0,3.0
008460041000,400.0,,0,1.0,2.0
008460042000,700.0,,360,1.0,4.0
008460043000,50.0,,192,1.0,2.0
008460044000,200.0,,260,1.0,3.0
008460045000,400.0,,696,1.0,4.0
008460046000,,,160,1.0,3.0
008460048000,120.0,,216,1.0,4.0
008460049000,,,300,1.0,2.0
008460050000,1617.0,,440,1.0,2.0
008460051000,800.0,,329,1.0,2.0
008460052000,,,396,1.0,2.0
008460053000,200.0,,192,1.0,4.0
008460054000,802.0,,0,1.0,4.0
008460055000,,,0,1.0,4.0
008460056000,100.0,,495,1.0,2.0
008460058000,,,0,1.0,
008460059000,,,0,1.0,2.0
008460060000,,,216,1.0,2.0
008470001000,,,0,1.0,
008470003000,2000.0,,0,1.0,2.0
008470004000,,,0,1.0,3.0
008470005000,,,0,1.0,
008470006000,,,500,1.0,
008470007000,,,0,1.0,
008470009000,1000.0,,0,1.0,
008471004000,3370.0,,0,1.0,
008471005000,3000.0,,0,1.0,
008471007000,,,170,1.0,2.0
008471010000,,,0,,
008471011000,,,720,1.0,
008472001000,,,0,1.0,
008472005000,6000.0,,0,1.0,
008472007000,,,0,1.0,
008472008000,400.0,,390,1.0,5.0
008472009000,1000.0,,476,1.0,2.0
008472010000,,,432,1.0,3.0
008472011000,800.0,,324,1.0,2.0
008472012000,,670.0,0,4.0,2.0
008472013000,200.0,,320,1.0,2.0
008472014000,50.0,,360,1.0,4.0
008472015000,,,357,1.0,2.0
008472016000,,,720,1.0,2.0
008472017000,300.0,,308,1.0,2.0
008472018000,100.0,,0,1.0,2.0
008472019000,200.0,,0,1.0,2.0
008472020000,291.0,,400,1.0,2.0
008472021000,,,252,1.0,1.0
008472022000,300.0,,192,1.0,2.0
008472024000,,,0,1.0,
008472025000,800.0,,957,1.0,
008473002000,200.0,,0,1.0,2.0
008473003000,,,0,1.0,3.0
008473005000,,,0,2.0,3.0
008473006000,0.0,,240,1.0,3.0
008473007000,200.0,,342,1.0,
008500001000,,,0,1.0,4.0
008500003000,,,198,1.0,3.0
008500006000,,,500,1.0,3.0
008500007000,,,336,1.0,3.0
008500008000,500.0,,615,1.0,2.0
008500009000,,,0,1.0,3.0
008500010000,,,0,1.0,2.0
008500011000,,,0,1.0,2.0
008500012000,325.0,,0,1.0,2.0
008500013000,750.0,,0,1.0,3.0
008500014000,250.0,,210,1.0,2.0
008500015000,,,0,1.0,2.0
008500016000,132.0,,0,1.0,2.0
008500021000,,,336,1.0,4.0
008500022000,700.0,,357,1.0,3.0
008500030000,100.0,,0,1.0,3.0
008500031000,,,288,1.0,2.0
008500032000,500.0,,0,1.0,
008500033000,200.0,,0,1.0,4.0
008500034000,,,580,1.0,1.0
008500035000,400.0,,256,1.0,2.0
008500038000,1100.0,,286,1.0,3.0
008500039000,200.0,,0,1.0,2.0
008510002000,1000.0,,0,1.0,4.0
008510003000,120.0,,160,1.0,3.0
008510004000,200.0,,180,1.0,2.0
008510005000,100.0,,208,1.0,3.0
008510007000,500.0,,0,1.0,3.0
008510008000,,,0,1.0,2.0
008510009000,,,552,1.0,3.0
008510010000,500.0,,498,1.0,1.0
008510011000,,,0,1.0,2.0
008510021000,200.0,,0,1.0,2.0
008510022000,240.0,,180,1.0,2.0
008510023000,,,0,1.0,2.0
008510024000,,,180,1.0,3.0
008510026000,1000.0,,352,1.0,2.0
008510027000,1000.0,,864,1.0,4.0
008510028000,,,0,1.0,3.0
008510029000,450.0,,240,1.0,2.0
008510030000,1000.0,,396,1.0,2.0
008510031000,,,216,1.0,2.0
008510032000,550.0,,0,1.0,2.0
008510033000,,,0,1.0,2.0
008510034000,800.0,,440,1.0,2.0
008510035000,400.0,,360,1.0,5.0
008510036000,177.0,,216,1.0,3.0
008510037000,1000.0,,597,1.0,2.0
008510038000,1500.0,,228,1.0,2.0
008510039000,,,0,1.0,
008510040000,5904.0,,0,1.0,
008510042000,,,0,1.0,
008510043000,200.0,,216,1.0,2.0
008510044000,1195.0,,0,1.0,3.0
008510045000,,,168,1.0,2.0
008510046000,200.0,,200,1.0,3.0
008510047000,400.0,,462,1.0,2.0
008510048000,200.0,,416,1.0,2.0
008510049000,1907.0,,999,1.0,4.0
008510051000,,,240,1.0,2.0
008510052000,,,600,1.0,2.0
008510053000,250.0,,264,1.0,2.0
008510054000,,,0,1.0,2.0
008520001000,,,228,1.0,2.0
008520003000,646.0,,520,1.0,4.0
008520004000,,,0,1.0,
008520005000,200.0,,0,1.0,3.0
008520006000,,,0,1.0,3.0
008520007000,,,0,1.0,
008520008000,650.0,,208,1.0,3.0
008520009000,,,0,1.0,3.0
008520010000,400.0,,270,1.0,2.0
008520011000,636.0,,168,1.0,2.0
008520012000,1110.0,,240,1.0,2.0
008520013000,300.0,,650,1.0,3.0
008520014000,,,320,1.0,2.0
008520015000,1500.0,,736,1.0,
008520016000,2000.0,382.0,480,2.0,3.0
008520017000,600.0,,240,1.0,2.0
008520018000,,,357,1.0,2.0
008520019000,500.0,,580,1.0,4.0
008520020000,1000.0,,0,1.0,3.0
008520021000,,,0,1.0,4.0
008520022000,,,224,1.0,2.0
008520023000,,,864,1.0,2.0
008520024000,,,672,1.0,2.0
008520025000,,,432,1.0,3.0
008520026000,500.0,,384,1.0,3.0
008520027000,1600.0,,384,1.0,2.0
008520028000,80.0,,462,1.0,3.0
008520029000,,,432,1.0,2.0
008520030000,300.0,,1200,1.0,3.0
008520031000,,,288,1.0,5.0
008520032000,24.0,,540,1.0,3.0
008520033000,200.0,,0,1.0,3.0
008520034000,,,0,1.0,2.0
008520035000,,,0,1.0,2.0
008520036000,180.0,,0,1.0,4.0
008520037000,700.0,,400,1.0,2.0
008520038000,684.0,,480,1.0,2.0
008520039000,,,660,1.0,3.0
008520040000,400.0,,667,1.0,4.0
008520041000,,,285,1.0,5.0
008520042000,1013.0,,384,1.0,2.0
008520043000,700.0,,262,1.0,2.0
008520044000,1019.0,,216,1.0,2.0
008520045000,744.0,,512,1.0,2.0
008520047000,400.0,,320,1.0,4.0
008520048000,,,528,1.0,2.0
008520049000,400.0,,280,1.0,2.0
008520050000,200.0,,260,1.0,3.0
008520051000,,,300,1.0,3.0
008520054000,180.0,,832,1.0,3.0
008520055000,1500.0,,672,1.0,3.0
008520056000,400.0,,252,1.0,4.0
008520062000,405.0,,242,1.0,1.0
008520063000,,,162,1.0,3.0
008520066000,,,494,1.0,2.0
008520067000,,,0,1.0,2.0
008520069000,6773.0,,0,1.0,
008520070000,1200.0,,320,1.0,3.0
008520071000,,,0,1.0,
008520072000,200.0,,0,1.0,3.0
008520073000,,,240,1.0,5.0
008520074000,500.0,,0,1.0,4.0
008520075000,1000.0,,494,1.0,2.0
008520076000,1780.0,,768,1.0,3.0
008520077000,600.0,,0,1.0,2.0
008520078000,,,160,1.0,2.0
008520079000,0.0,,507,1.0,
008520080000,528.0,,484,1.0,3.0
008750001000,400.0,,0,1.0,2.0
008750002000,48.0,,220,1.0,2.0
008750003000,48.0,,220,1.0,2.0
008750004000,48.0,,220,1.0,2.0
008750005000,48.0,,220,1.0,2.0
008750006000,400.0,,284,1.0,2.0
008750007000,400.0,,220,1.0,2.0
008750008000,500.0,,220,1.0,2.0
008750009000,48.0,,220,1.0,2.0
008750010000,48.0,,220,1.0,2.0
008750011000,48.0,,220,1.0,2.0
008750012000,73.0,,198,1.0,2.0
008750013000,48.0,,220,1.0,2.0
008750014000,500.0,,0,1.0,2.0
008750015000,63.0,,198,1.0,2.0
008750016000,48.0,,220,1.0,2.0
008750017000,48.0,,0,1.0,2.0
008750018000,48.0,,220,1.0,2.0
008750019000,93.0,,0,1.0,2.0
008750020000,48.0,,220,1.0,2.0
008750021000,280.0,,0,1.0,2.0
008750022000,400.0,,0,1.0,2.0
008750023000,93.0,,284,1.0,2.0
008750024000,48.0,,220,1.0,2.0
008750025000,48.0,,220,1.0,2.0
008750026000,48.0,,220,1.0,2.0
008750027000,240.0,,0,1.0,2.0
008750028000,48.0,,220,1.0,2.0
008780001000,440.0,,400,1.0,3.0
008780002000,849.0,,400,1.0,3.0
008780003000,424.0,,460,1.0,3.0
008780004000,1458.0,,400,1.0,3.0
008780005000,806.0,,400,1.0,3.0
008780006000,557.0,,0,1.0,3.0
008780007000,650.0,,400,1.0,3.0
008780008000,475.0,,400,1.0,3.0
008780009000,0.0,,480,1.0,3.0
008780010000,1321.0,,484,1.0,3.0
008780011000,1020.0,,420,1.0,3.0
008780012000,1148.0,,440,1.0,3.0
008780013000,844.0,,550,1.0,3.0
008780014000,1082.0,,504,1.0,3.0
008780015000,500.0,,400,1.0,3.0
008780016000,0.0,,480,1.0,3.0
008780017000,1345.0,,480,1.0,3.0
008780018000,502.0,,504,1.0,3.0
008780019000,380.0,,400,1.0,4.0
008780020000,2093.0,,528,1.0,3.0
008780021000,596.0,,528,1.0,3.0
008780022000,511.0,,440,1.0,3.0
008780023000,0.0,,528,1.0,3.0
008780024000,778.0,,338,1.0,3.0
008780025000,860.0,,480,1.0,3.0
008780026000,600.0,,484,1.0,3.0
008780027000,20.0,,484,1.0,3.0
008780028000,600.0,,440,1.0,3.0
008780029000,704.0,,500,1.0,3.0
008780030000,720.0,,552,1.0,3.0
008780031000,600.0,,480,1.0,3.0
008780032000,0.0,,480,1.0,3.0
008780033000,550.0,,400,1.0,3.0
008780034000,826.0,,552,1.0,3.0
008780035000,450.0,,504,1.0,3.0
008780036000,376.0,,420,1.0,3.0
008780037000,400.0,,480,1.0,3.0
008790001000,427.0,,430,1.0,3.0
008790002000,572.0,,480,1.0,3.0
008790003000,532.0,,400,1.0,3.0
008790004000,536.0,,480,1.0,2.0
008790005000,772.0,,400,1.0,3.0
008790006000,860.0,,400,1.0,3.0
008790007000,1000.0,,400,1.0,3.0
008790008000,0.0,,462,1.0,3.0
008790009000,744.0,,440,1.0,3.0
008790010000,642.0,,528,1.0,3.0
008790011000,408.0,,484,1.0,3.0
008790012000,400.0,,504,1.0,3.0
008790013000,460.0,,480,1.0,3.0
008790014000,714.0,,506,1.0,3.0
008790015000,524.0,,480,1.0,3.0
008790016000,800.0,,480,1.0,2.0
008790017000,800.0,,360,1.0,
008790018000,450.0,,440,1.0,3.0
008790019000,450.0,,440,1.0,3.0
008790020000,161.0,,480,1.0,4.0
008790021000,708.0,,480,1.0,3.0
008790024000,445.0,448.0,480,2.0,2.0
008790025000,1000.0,,572,1.0,3.0
008790026000,464.0,,480,1.0,4.0
008790027000,485.0,,480,1.0,3.0
008790028000,530.0,,504,1.0,3.0
008790029000,1200.0,,480,1.0,2.0
008790030000,1070.0,,480,1.0,3.0
008790031000,600.0,,420,1.0,3.0
008790033000,575.0,,460,1.0,3.0
008800005000,,,480,1.0,3.0
008800016000,384.0,,533,1.0,
008800017000,,,531,,
008800018000,,,533,1.0,
008800020000,245.0,,533,1.0,
008800022000,144.0,,531,1.0,
008800024000,,,317,1.0,
008800025000,200.0,,533,1.0,
008800026000,327.0,,533,1.0,
008800028000,,,533,1.0,
008810001000,200.0,,308,,2.0
008810002000,240.0,,308,1.0,2.0
008810003000,200.0,,308,1.0,2.0
008810004000,40.0,,308,1.0,2.0
008810005000,230.0,,360,1.0,2.0
008810006000,360.0,,333,1.0,2.0
008810007000,360.0,,308,1.0,2.0
008810008000,0.0,,333,1.0,2.0
008810009000,360.0,,335,1.0,2.0
008810010000,616.0,,332,1.0,2.0
008810011000,604.0,,308,1.0,2.0
008810012000,620.0,,308,1.0,2.0
008810013000,260.0,,333,1.0,2.0
008810014000,360.0,,360,1.0,2.0
008810015000,360.0,,336,1.0,2.0
008810016000,,,308,1.0,2.0
008810017000,0.0,,308,1.0,2.0
008810018000,0.0,,336,1.0,2.0
008810019000,338.0,,360,1.0,2.0
008810020000,384.0,,333,1.0,2.0
008810021000,360.0,,308,1.0,2.0
008810022000,210.0,,308,1.0,2.0
008810023000,360.0,,333,1.0,2.0
008810024000,360.0,,335,1.0,2.0
008810025000,634.0,,308,1.0,2.0
008810026000,0.0,,332,1.0,2.0
008810027000,300.0,,333,1.0,2.0
008810028000,300.0,,335,1.0,2.0
008810029000,300.0,,308,1.0,2.0
008810030000,300.0,,308,1.0,2.0
008810031000,300.0,,332,1.0,2.0
008810032000,360.0,,333,1.0,2.0
008810033000,360.0,,308,1.0,2.0
008810034000,360.0,,308,1.0,2.0
008810035000,360.0,,333,1.0,2.0
008810036000,200.0,,333,1.0,2.0
008810037000,,,308,1.0,2.0
008810038000,360.0,,308,1.0,2.0
008810039000,0.0,,333,1.0,2.0
008810040000,360.0,,333,1.0,2.0
008810041000,360.0,,308,1.0,2.0
008810042000,360.0,,333,1.0,2.0
008810043000,360.0,,333,1.0,2.0
008810044000,0.0,,332,1.0,2.0
008810045000,381.0,,333,1.0,2.0
008810046000,360.0,,308,1.0,2.0
008810047000,360.0,,308,1.0,2.0
008810048000,360.0,,333,1.0,2.0
008820002000,1029.0,,400,1.0,2.0
008820003000,1000.0,,400,1.0,2.0
008820004000,1160.0,,470,1.0,3.0
008820005000,1000.0,,400,1.0,2.0
008820006000,1000.0,,400,1.0,2.0
008820007000,1248.0,,440,1.0,2.0
008820008000,600.0,,480,1.0,3.0
008820009000,0.0,,480,1.0,3.0
008820010000,600.0,,480,1.0,3.0
008820011000,0.0,,400,1.0,2.0
008820012000,600.0,,400,1.0,3.0
008820013000,614.0,,400,1.0,3.0
008820014000,0.0,,400,1.0,3.0
008820015000,500.0,,462,1.0,2.0
008820016000,500.0,,560,1.0,3.0
008820017000,660.0,,462,1.0,3.0
008820018000,500.0,,560,1.0,3.0
008820019000,1250.0,,462,1.0,3.0
008820020000,866.0,,600,1.0,3.0
008820021000,700.0,,400,1.0,3.0
008820022000,650.0,,462,1.0,4.0
008820023000,500.0,,560,1.0,3.0
008820024000,472.0,,480,1.0,3.0
008820025000,900.0,,462,1.0,3.0
008820026000,898.0,,435,1.0,3.0
008820027000,1200.0,,462,1.0,4.0
008820028000,500.0,,400,1.0,2.0
008820029000,0.0,,440,1.0,3.0
008820030000,500.0,,459,1.0,3.0
008820031000,560.0,,440,1.0,4.0
008820032000,429.0,,498,1.0,3.0
008820033000,432.0,,498,1.0,3.0
008820034000,424.0,,498,1.0,3.0
008820035000,420.0,,400,1.0,3.0
008820036000,500.0,,400,1.0,3.0
008820037000,1372.0,,498,1.0,3.0
008830001000,56.0,,0,1.0,2.0
008830002000,56.0,,0,1.0,2.0
008830003000,56.0,,0,1.0,2.0
008830004000,56.0,,0,1.0,2.0
008830005000,56.0,,0,1.0,2.0
008830006000,56.0,,0,1.0,2.0
008830007000,56.0,,0,1.0,2.0
008830008000,56.0,,0,1.0,2.0
008830009000,56.0,,0,1.0,2.0
008830010000,56.0,,0,1.0,2.0
008830011000,56.0,,0,1.0,2.0
008830012000,56.0,,0,1.0,2.0
008830013000,56.0,,0,1.0,2.0
008830014000,56.0,,0,1.0,2.0
008830015000,56.0,,0,1.0,2.0
008830016000,56.0,,0,1.0,2.0
008830017000,56.0,,0,1.0,2.0
008830018000,56.0,,0,1.0,2.0
008840002000,,,0,1.0,2.0
008840003000,,,0,1.0,2.0
008840004000,,,0,1.0,2.0
008840005000,,,0,1.0,2.0
008840006000,,,0,1.0,2.0
008840007000,,,0,1.0,2.0
008850001000,,,0,1.0,2.0
008850002000,,,0,1.0,2.0
008850003000,200.0,,0,1.0,1.0
008850004000,,,0,1.0,2.0
008850005000,,,0,1.0,2.0
008850006000,,,0,1.0,1.0
008850007000,,,0,1.0,2.0
008850008000,,,0,1.0,2.0
008850009000,,,0,1.0,2.0
008850010000,,,0,1.0,2.0
008850011000,,,0,1.0,1.0
008850012000,,,0,1.0,2.0
008850013000,,,0,1.0,1.0
008850014000,,,0,1.0,2.0
008850015000,,,0,1.0,2.0
008850016000,,,0,1.0,2.0
008850017000,,,0,1.0,2.0
008850018000,,,0,1.0,2.0
008850019000,,,0,1.0,2.0
008850020000,,,0,1.0,2.0
008861001000,300.0,,456,1.0,3.0
008861002000,,,400,1.0,3.0
008861003000,500.0,,456,1.0,3.0
008861004000,600.0,,400,1.0,3.0
008861005000,600.0,,456,1.0,3.0
008861006000,600.0,,400,1.0,2.0
008861007000,500.0,,400,1.0,2.0
008861008000,400.0,,400,1.0,2.0
008861010000,400.0,,456,1.0,3.0
008861011000,400.0,,400,1.0,2.0
008861012000,400.0,,456,1.0,3.0
008861013000,500.0,,400,1.0,2.0
008861014000,500.0,,440,1.0,3.0
008861015000,525.0,,440,1.0,3.0
008861016000,508.0,,465,1.0,2.0
008861017000,400.0,,474,1.0,2.0
008861018000,400.0,,474,1.0,2.0
008861020000,1000.0,,400,1.0,2.0
008861021000,500.0,,400,1.0,3.0
008861022000,400.0,,456,1.0,2.0
008861023000,600.0,,456,1.0,3.0
008861024000,500.0,,400,1.0,2.0
008861025000,600.0,,456,1.0,3.0
008861026000,600.0,,400,1.0,2.0
008861027000,400.0,,474,1.0,2.0
008861028000,350.0,,474,1.0,2.0
008861029000,550.0,,442,1.0,3.0
008861030000,,,440,1.0,2.0
008861031000,400.0,,474,1.0,2.0
008861032000,400.0,,456,1.0,3.0
008861033000,725.0,,456,1.0,2.0
008861034000,500.0,,456,1.0,3.0
008861035000,,,456,1.0,3.0
008861036000,500.0,,474,1.0,2.0
008861037000,0.0,,440,1.0,3.0
008861038000,517.0,,465,1.0,2.0
008861039000,400.0,,456,1.0,3.0
008861040000,550.0,,442,1.0,3.0
008870005000,430.0,,503,1.0,3.0
008870006000,449.0,,503,1.0,3.0
008870007000,598.0,,480,1.0,3.0
008870008000,623.0,,441,1.0,3.0
008870009000,528.0,,480,1.0,2.0
008870010000,689.0,,480,1.0,3.0
008870011000,497.0,,441,1.0,3.0
008870012000,800.0,,400,1.0,3.0
008870013000,0.0,,441,1.0,3.0
008870014000,550.0,,480,1.0,3.0
008870015000,663.0,,441,1.0,3.0
008870016000,580.0,,480,1.0,2.0
008870017000,1500.0,,420,1.0,3.0
008870018000,600.0,,441,1.0,3.0
008870019000,637.0,,480,1.0,2.0
008870020000,615.0,,441,1.0,3.0
008870021000,475.0,,480,1.0,3.0
008870022000,620.0,,441,1.0,3.0
008870023000,1107.0,,480,1.0,2.0
008870024000,0.0,,441,1.0,3.0
008870025000,640.0,,480,1.0,2.0
008870026000,568.0,,440,1.0,3.0
008870027000,568.0,,440,1.0,3.0
008870028000,737.0,,446,1.0,3.0
008870029000,800.0,,480,1.0,2.0
008870030000,965.0,,480,1.0,2.0
008870031000,900.0,,480,1.0,3.0
008870032000,600.0,,400,1.0,3.0
008870033000,738.0,,480,1.0,3.0
008870034000,637.0,,480,1.0,3.0
008870035000,637.0,,480,1.0,3.0
008870036000,670.0,,539,1.0,3.0
008870037000,500.0,,528,1.0,2.0
008870039000,618.0,,480,1.0,3.0
008870040000,660.0,,441,1.0,3.0
008870041000,660.0,,441,1.0,3.0
008870042000,800.0,,480,1.0,3.0
008880001000,800.0,,644,1.0,2.0
008880003000,528.0,,728,1.0,3.0
008880004000,0.0,,620,1.0,3.0
008880005000,720.0,,3,1.0,3.0
008880006000,1048.0,,720,1.0,4.0
008880007000,510.0,,484,1.0,3.0
008880008000,769.0,,512,1.0,3.0
008880010000,860.0,,720,1.0,4.0
008880011000,416.0,,508,1.0,3.0
008880012000,521.0,,484,1.0,2.0
008880013000,978.0,,690,1.0,3.0
008880014000,624.0,,652,1.0,3.0
008880015000,0.0,,720,1.0,4.0
008880016000,590.0,,536,1.0,3.0
008880017000,400.0,,667,1.0,3.0
008880018000,678.0,,660,1.0,3.0
008880019000,479.0,,484,1.0,3.0
008880020000,925.0,,668,1.0,3.0
008880021000,500.0,,475,1.0,3.0
008880022000,800.0,,475,1.0,3.0
008880023000,488.0,,399,1.0,2.0
008880024000,491.0,,399,1.0,2.0
008880025000,886.0,,475,1.0,3.0
008880026000,568.0,,475,1.0,2.0
008880027000,400.0,,399,1.0,3.0
008880028000,542.0,,399,1.0,2.0
008880029000,400.0,,399,1.0,2.0
008880030000,542.0,,399,1.0,2.0
008880031000,400.0,,399,1.0,3.0
008880032000,400.0,,399,1.0,3.0
008880033000,400.0,,399,1.0,2.0
008880034000,554.0,,399,1.0,2.0
008880035000,401.0,,399,1.0,3.0
008880036000,399.0,,399,1.0,2.0
008880037000,1294.0,,667,1.0,3.0
008890001000,1819.0,,682,1.0,3.0
008890002000,500.0,,671,1.0,3.0
008890003000,800.0,,627,1.0,2.0
008890004000,1568.0,,616,1.0,2.0
008890005000,1036.0,,656,1.0,3.0
008890006000,800.0,,636,1.0,3.0
008890007000,800.0,,636,1.0,3.0
008890008000,800.0,,607,1.0,3.0
008890009000,620.0,,607,1.0,3.0
008890010000,816.0,,616,1.0,2.0
008890011000,740.0,,606,1.0,3.0
008890012000,800.0,,702,1.0,3.0
008890017000,796.0,,686,1.0,3.0
008890018000,679.0,,609,1.0,2.0
008890019000,840.0,,480,1.0,3.0
008890021000,783.0,,708,1.0,3.0
008890022000,750.0,,638,1.0,2.0
008890023000,840.0,,720,1.0,4.0
008890024000,679.0,,609,1.0,2.0
008890025000,600.0,,554,1.0,3.0
008890026000,679.0,,609,1.0,2.0
008890027000,1279.0,,708,1.0,3.0
008890028000,782.0,,668,1.0,3.0
008890029000,679.0,,609,1.0,2.0
008890030000,1128.0,,708,1.0,3.0
008890031000,840.0,,720,1.0,4.0
008890032000,852.0,,712,1.0,3.0
008890033000,1000.0,,609,1.0,3.0
008890034000,,,667,1.0,2.0
008890035000,679.0,,609,1.0,2.0
008890036000,468.0,,504,1.0,
008890037000,600.0,,641,1.0,4.0
008900001000,1016.0,,480,1.0,2.0
008900002000,800.0,,441,1.0,3.0
008900003000,400.0,,480,1.0,3.0
008900004000,800.0,,480,1.0,3.0
008900006000,772.0,,441,1.0,3.0
008900007000,505.0,,480,1.0,3.0
008900008000,304.0,,441,1.0,3.0
008900009000,871.0,,441,1.0,3.0
008900010000,320.0,,504,1.0,3.0
008900011000,653.0,,480,1.0,3.0
008900012000,1050.0,,480,1.0,3.0
008900013000,1256.0,,441,1.0,3.0
008900014000,835.0,,441,1.0,3.0
008900015000,300.0,,441,1.0,3.0
008900016000,1400.0,,460,1.0,3.0
008900017000,654.0,,441,1.0,3.0
008900018000,654.0,,441,1.0,3.0
008900019000,597.0,,441,1.0,3.0
008900020000,613.0,,480,1.0,3.0
008900021000,533.0,,480,1.0,3.0
008900022000,622.0,,441,1.0,3.0
008900023000,454.0,,441,1.0,3.0
008900024000,1200.0,,440,1.0,3.0
008900025000,575.0,,480,1.0,4.0
008900026000,557.0,,441,1.0,3.0
008900027000,672.0,,480,1.0,3.0
008900028000,800.0,,480,1.0,2.0
008900029000,500.0,,480,1.0,3.0
008900030000,683.0,,480,1.0,3.0
008900031000,499.0,,480,1.0,3.0
008900032000,1000.0,,470,1.0,3.0
008910001000,1000.0,,441,1.0,5.0
008910002000,716.0,,441,1.0,3.0
008910003000,716.0,,441,1.0,3.0
008910004000,600.0,,400,1.0,2.0
008910005000,648.0,,400,1.0,2.0
008910006000,600.0,,480,1.0,3.0
008910007000,1500.0,,480,1.0,3.0
008910008000,600.0,,528,1.0,3.0
008910009000,1422.0,,400,1.0,2.0
008910010000,648.0,,400,1.0,2.0
008910011000,648.0,,400,1.0,2.0
008910012000,648.0,,400,1.0,2.0
008910013000,848.0,,400,1.0,3.0
008910014000,550.0,,528,1.0,3.0
008910015000,652.0,,480,1.0,3.0
008910016000,600.0,,441,1.0,3.0
008910017000,500.0,,441,1.0,3.0
008910018000,448.0,,480,1.0,3.0
008910019000,116.0,,441,1.0,3.0
008910020000,1126.0,,441,1.0,3.0
008910021000,728.0,,480,1.0,3.0
008910022000,600.0,,480,1.0,3.0
008910023000,716.0,,441,1.0,3.0
008910024000,1484.0,,441,1.0,3.0
008910025000,0.0,,480,1.0,3.0
008910026000,600.0,,400,1.0,2.0
008910027000,600.0,,480,1.0,3.0
008910028000,402.0,,400,1.0,2.0
008910029000,716.0,,441,1.0,3.0
008910030000,716.0,,441,1.0,3.0
008910031000,1200.0,,441,1.0,3.0
008910032000,600.0,,480,1.0,3.0
008910033000,716.0,,441,1.0,3.0
008910034000,1539.0,,440,1.0,3.0
008910035000,1083.0,,441,1.0,3.0
008910036000,469.0,,400,1.0,2.0
008910037000,600.0,,441,1.0,3.0
008910038000,716.0,,441,1.0,3.0
008920001000,485.0,,631,1.0,3.0
008920008000,400.0,,572,1.0,4.0
008920009000,,,616,1.0,4.0
008920011000,1068.0,,590,1.0,4.0
008920012000,588.0,,656,1.0,3.0
008920013000,568.0,,616,1.0,2.0
008920014000,648.0,,720,1.0,4.0
008920015000,515.0,,571,1.0,3.0
008920016000,608.0,,638,1.0,3.0
008920017000,1268.0,,708,1.0,3.0
008920018000,800.0,,708,1.0,3.0
008920019000,792.0,,638,1.0,3.0
008920020000,955.0,,708,1.0,3.0
008920021000,0.0,,638,1.0,3.0
008920022000,768.0,,720,1.0,4.0
008920023000,700.0,,638,1.0,3.0
008920024000,720.0,,686,1.0,3.0
008920025000,1109.0,,720,1.0,4.0
008920026000,608.0,,682,1.0,3.0
008920027000,800.0,,708,1.0,3.0
008920028000,587.0,,720,1.0,3.0
008920031000,1200.0,,616,1.0,3.0
008920032000,1155.0,,636,1.0,3.0
008920033000,800.0,,682,1.0,3.0
008920034000,1356.0,,704,1.0,3.0
008920035000,923.0,,631,1.0,3.0
008931001000,592.0,,616,1.0,3.0
008931002000,1600.0,,616,1.0,3.0
008931003000,962.0,,631,1.0,3.0
008931004000,612.0,,656,1.0,3.0
008931005000,660.0,,631,1.0,3.0
008931006000,640.0,,616,1.0,2.0
008931007000,500.0,,626,1.0,3.0
008931008000,1000.0,,631,1.0,3.0
008931009000,786.0,,616,1.0,2.0
008931010000,770.0,,631,1.0,3.0
008931011000,500.0,,631,1.0,3.0
008931012000,800.0,,652,1.0,2.0
008931013000,700.0,,736,1.0,3.0
008931014000,790.0,,616,1.0,3.0
008931015000,500.0,,474,1.0,2.0
008931016000,500.0,,474,1.0,2.0
008931017000,400.0,,474,1.0,2.0
008931018000,500.0,,474,1.0,2.0
008931019000,500.0,,474,1.0,2.0
008931020000,600.0,,474,1.0,2.0
008931021000,550.0,,442,1.0,3.0
008931022000,580.0,,446,1.0,2.0
008931023000,956.0,,410,1.0,3.0
008931024000,576.0,,432,1.0,2.0
008931025000,424.0,,380,1.0,2.0
008931026000,500.0,,432,1.0,2.0
008931027000,486.0,,440,1.0,3.0
008931028000,480.0,,465,1.0,2.0
008931029000,500.0,,410,1.0,3.0
008931030000,700.0,,432,1.0,2.0
008931031000,800.0,,445,1.0,2.0
008931032000,500.0,,439,1.0,2.0
008931033000,659.0,,440,1.0,3.0
008931034000,576.0,,432,1.0,2.0
008931035000,600.0,,440,1.0,3.0
008931036000,600.0,,432,1.0,2.0
008931037000,600.0,,432,1.0,2.0
008931038000,550.0,,442,1.0,3.0
008931039000,568.0,,439,1.0,2.0
008931040000,488.0,,430,1.0,2.0
008931041000,488.0,,430,1.0,2.0
008931042000,1500.0,,465,1.0,2.0
008931043000,456.0,,483,1.0,3.0
008931044000,600.0,,380,1.0,3.0
008931045000,398.0,,410,1.0,3.0
008931046000,576.0,,432,1.0,2.0
008931047000,546.0,,410,1.0,3.0
008931048000,420.0,,410,1.0,3.0
008931049000,423.0,,432,1.0,2.0
008931050000,656.0,,432,1.0,2.0
008931051000,666.0,,439,1.0,2.0
008931052000,375.0,,410,1.0,3.0
008931053000,387.0,,439,1.0,2.0
008931054000,683.0,,420,1.0,2.0
008931055000,384.0,,410,1.0,3.0
008931056000,512.0,,430,1.0,2.0
008931057000,737.0,,439,1.0,2.0
008932001000,432.0,,440,1.0,3.0
008932002000,708.0,,439,1.0,2.0
008932003000,1180.0,,439,1.0,2.0
008932004000,660.0,,439,1.0,2.0
008932005000,500.0,,410,1.0,3.0
008932006000,650.0,,432,1.0,2.0
008932007000,575.0,,448,1.0,3.0
008932008000,958.0,,432,1.0,2.0
008932009000,564.0,,410,1.0,3.0
008932010000,671.0,,432,1.0,2.0
008932011000,674.0,,432,1.0,2.0
008932012000,958.0,,432,1.0,2.0
008932013000,438.0,,432,1.0,2.0
008932014000,438.0,,432,1.0,2.0
008932015000,588.0,,432,1.0,2.0
008932016000,500.0,,380,1.0,3.0
008932017000,508.0,,465,1.0,3.0
008932018000,,,474,1.0,3.0
008932019000,528.0,,465,1.0,2.0
008932020000,525.0,,442,1.0,3.0
008932021000,508.0,,465,1.0,
008932022000,424.0,,400,1.0,2.0
008932023000,560.0,,456,1.0,3.0
008932024000,424.0,,400,1.0,2.0
008932025000,450.0,,456,1.0,3.0
008932026000,,,456,1.0,3.0
008932027000,400.0,,474,1.0,2.0
008932028000,500.0,,465,1.0,2.0
008932029000,,,474,1.0,2.0
008932030000,500.0,,456,1.0,3.0
008932031000,478.0,,462,1.0,3.0
008932032000,500.0,,462,1.0,3.0
008932033000,450.0,,474,1.0,2.0
008932034000,508.0,,465,1.0,2.0
008932035000,532.0,,465,1.0,2.0
008932036000,600.0,,442,1.0,3.0
008932037000,500.0,,474,1.0,2.0
008932038000,800.0,,465,1.0,2.0
008950003000,560.0,,610,1.0,3.0
008950004000,708.0,,637,1.0,3.0
008950005000,615.0,,610,1.0,3.0
008950006000,500.0,,693,1.0,3.0
008950007000,400.0,,637,1.0,3.0
008950008000,,,660,1.0,3.0
008950009000,1191.0,,624,1.0,3.0
008950010000,585.0,,655,1.0,3.0
008950011000,42.0,,638,1.0,3.0
008950012000,600.0,,610,1.0,2.0
008950013000,0.0,,610,1.0,2.0
008950014000,645.0,,655,1.0,3.0
008950015000,625.0,,652,1.0,3.0
008950016000,670.0,,638,1.0,2.0
008950017000,1696.0,,682,1.0,3.0
008950018000,0.0,,656,1.0,3.0
008950019000,900.0,,681,1.0,3.0
008950020000,0.0,,664,1.0,3.0
008950021000,710.0,,610,1.0,3.0
008950022000,,,655,1.0,3.0
008950023000,850.0,,698,1.0,3.0
008950024000,600.0,,616,1.0,3.0
008950025000,1000.0,,634,1.0,3.0
008950026000,800.0,,637,1.0,3.0
008950027000,650.0,,637,1.0,3.0
008950028000,592.0,,655,1.0,3.0
008950037000,500.0,,610,1.0,3.0
008950038000,500.0,,635,1.0,3.0
008950039000,710.0,,610,1.0,3.0
008950040000,625.0,,652,1.0,3.0
008950041000,500.0,,639,1.0,3.0
008950042000,528.0,,616,1.0,3.0
008950043000,625.0,,635,1.0,3.0
008950044000,710.0,,610,1.0,3.0
008950045000,625.0,,652,1.0,3.0
008950046000,650.0,,616,1.0,3.0
008950047000,650.0,,655,1.0,3.0
008950048000,652.0,,616,1.0,3.0
008950049000,650.0,,655,1.0,3.0
008950050000,710.0,,610,1.0,3.0
008950051000,650.0,,616,1.0,3.0
008950055000,625.0,,635,1.0,3.0
008950058000,500.0,,655,1.0,3.0
008950060000,625.0,,684,1.0,3.0
008950061000,300.0,,610,1.0,
008950062000,200.0,,610,1.0,
008950063000,,,616,1.0,3.0
008950064000,350.0,,656,1.0,3.0
008950065000,500.0,,610,1.0,2.0
008950066000,625.0,,652,1.0,3.0
008950067000,800.0,,616,1.0,3.0
008950068000,800.0,,655,1.0,3.0
008950069000,500.0,,667,1.0,2.0
008950070000,1000.0,,652,1.0,3.0
008950071000,500.0,,610,1.0,2.0
008950072000,1000.0,,710,1.0,3.0
008950073000,500.0,,630,1.0,3.0
008950074000,470.0,,610,1.0,3.0
008950075000,500.0,,638,1.0,3.0
008950076000,500.0,,641,1.0,3.0
008960003000,500.0,,635,1.0,3.0
008960004000,700.0,,610,1.0,2.0
008960005000,600.0,,653,1.0,3.0
008960006000,500.0,,638,1.0,3.0
008960007000,600.0,,627,1.0,2.0
008960008000,800.0,,713,1.0,4.0
008960014000,500.0,,638,1.0,3.0
008960015000,500.0,,701,1.0,3.0
008960016000,500.0,,610,1.0,2.0
008960017000,1000.0,,610,1.0,3.0
008960018000,2000.0,,652,1.0,3.0
008960019000,500.0,,638,1.0,3.0
008960020000,500.0,,685,1.0,3.0
008960021000,600.0,,635,1.0,3.0
008960022000,500.0,,638,1.0,3.0
008960023000,500.0,,651,1.0,4.0
008960024000,1000.0,,610,1.0,3.0
008960028000,1200.0,,484,1.0,3.0
008960029000,600.0,,652,1.0,3.0
008960030000,500.0,,821,1.0,3.0
008960031000,500.0,,616,1.0,3.0
008960032000,600.0,,641,1.0,3.0
008960033000,500.0,,610,1.0,2.0
008960034000,400.0,,616,1.0,3.0
008960040000,800.0,,456,1.0,3.0
008960041000,1200.0,,484,1.0,3.0
008970002000,600.0,,652,1.0,3.0
008970003000,800.0,,616,1.0,3.0
008970004000,700.0,,616,1.0,2.0
008970005000,500.0,,400,1.0,2.0
008970006000,400.0,,456,1.0,3.0
008970007000,500.0,,456,1.0,3.0
008970008000,200.0,,655,1.0,
008970009000,600.0,,633,1.0,3.0
008970010000,600.0,,667,1.0,2.0
008970011000,800.0,,616,1.0,3.0
008970012000,,,442,1.0,3.0
008970014000,,,635,1.0,3.0
008970015000,700.0,,671,1.0,3.0
008970016000,800.0,,652,1.0,3.0
008970017000,600.0,,593,1.0,3.0
008970018000,800.0,,616,1.0,3.0
008970019000,1000.0,,484,1.0,3.0
008970020000,,,528,1.0,3.0
008970021000,500.0,,704,1.0,3.0
008970022000,625.0,,652,1.0,3.0
008970023000,620.0,,638,1.0,3.0
008970024000,0.0,,616,1.0,3.0
008970025000,800.0,,726,1.0,3.0
008970026000,600.0,,700,1.0,3.0
008970027000,500.0,,610,1.0,2.0
008970028000,,,611,1.0,2.0
008970029000,1200.0,,704,1.0,2.0
008970030000,1000.0,,670,1.0,3.0
008970031000,2000.0,,671,1.0,4.0
008970032000,1200.0,,803,1.0,4.0
008970033000,3500.0,,800,1.0,4.0
008970034000,2000.0,,594,1.0,3.0
008970036000,800.0,,606,1.0,3.0
008970039000,1200.0,,652,1.0,3.0
008970041000,625.0,,652,1.0,
008970042000,625.0,,652,1.0,
008970043000,,,667,1.0,2.0
008970044000,625.0,,652,1.0,3.0
008970045000,600.0,,704,1.0,3.0
008970046000,710.0,,610,1.0,3.0
008970047000,710.0,,610,1.0,3.0
008970048000,500.0,,542,1.0,3.0
008970049000,625.0,,652,1.0,5.0
008970052000,500.0,,655,1.0,
008970053000,500.0,,616,1.0,3.0
008970054000,600.0,,652,1.0,3.0
008970055000,489.0,,717,1.0,3.0
008970056000,0.0,,678,1.0,
008970057000,750.0,,704,1.0,3.0
008970058000,710.0,,667,1.0,3.0
008970059000,710.0,,667,1.0,3.0
008970060000,300.0,,474,1.0,2.0
008970061000,1000.0,,655,1.0,3.0
008970062000,1500.0,,616,1.0,3.0
008980001000,,,460,1.0,
008980002000,,,460,1.0,
008980003000,,460.0,0,2.0,
008980004000,270.0,,460,1.0,
008980008000,,,460,1.0,
008980011000,211.0,,531,1.0,
008980014000,288.0,,484,,
008980016000,,,484,1.0,
008980017000,,,531,1.0,
008980018000,,,531,1.0,
008980019000,919.0,,531,1.0,
008980020000,,,483,1.0,
008980021000,,,531,1.0,
008980022000,,,484,1.0,
008980023000,,,531,1.0,
008980024000,,,484,1.0,
008980025000,,,531,1.0,
008980026000,,,531,1.0,
008980027000,,,460,1.0,
008980028000,,,531,1.0,
008980029000,,,531,1.0,
008980030000,,,460,1.0,
008980031000,,,531,1.0,
008980032000,,,531,1.0,
008980033000,,,484,1.0,
008980034000,,,484,1.0,
008980036000,,,484,1.0,
008980037000,,,484,1.0,
009190048000,,,0,1.0,
009191040000,6000.0,,0,1.0,
009201037000,,,0,1.0,
009201044000,,,360,1.0,3.0
009201047000,,,0,1.0,
009201048000,,,0,1.0,
009201049000,,,0,1.0,
009201050000,,,0,1.0,
009201051000,,,0,1.0,
009201052000,,,0,1.0,
009201053000,,,0,1.0,
009210001000,280.0,,0,1.0,2.0
009210002000,,,400,1.0,2.0
009210006000,180.0,,360,1.0,3.0
009210007000,,380.0,0,2.0,
009210008000,,,464,1.0,2.0
009210010000,,,0,1.0,2.0
009210011000,450.0,,0,1.0,4.0
009210012000,448.0,,400,1.0,2.0
009210013000,202.0,,440,1.0,2.0
009210014000,78.0,,0,1.0,3.0
009210015000,158.0,,400,1.0,
009210016000,904.0,,280,1.0,2.0
009210018000,225.0,,616,1.0,2.0
009210019000,190.0,,320,1.0,2.0
009210020000,,,0,1.0,2.0
009210026000,200.0,,0,1.0,3.0
009210028000,,,240,1.0,2.0
009210029000,3000.0,,540,1.0,2.0
009210031000,,,0,1.0,
009210032000,,,0,1.0,
009210033000,,,0,1.0,
009210034000,,,0,1.0,2.0
009210036000,8000.0,,0,1.0,
009210038000,,,0,1.0,2.0
009210040000,200.0,,0,1.0,2.0
009210041000,1000.0,,451,1.0,3.0
009210046000,,,0,1.0,
009220004000,,,0,1.0,
009230004000,,,372,1.0,3.0
009230005000,347.0,,459,1.0,3.0
009230006000,316.0,,400,1.0,2.0
009230007000,780.0,,0,1.0,2.0
009230016000,1660.0,,0,1.0,
009230018000,640.0,,612,1.0,2.0
009230019000,454.0,1000.0,324,2.0,3.0
009230020000,330.0,,0,1.0,2.0
009230022000,,,0,1.0,2.0
009230038000,,,0,1.0,
009240035000,,,0,1.0,
009240036000,,,0,1.0,
009240037000,,,0,1.0,
009240038000,,,0,1.0,
009240039000,,,0,1.0,
009240040000,,,0,1.0,
009240041000,,,0,1.0,
009260003000,,,0,1.0,
009260038000,9240.0,,0,1.0,
009261002000,300.0,490.0,672,2.0,4.0
009261003000,294.0,,0,1.0,4.0
009261005000,96.0,,0,1.0,5.0
009261008000,,,0,1.0,4.0
009261019000,1000.0,,585,1.0,3.0
009261020000,2000.0,,780,2.0,2.0
009261021000,4000.0,,684,1.0,
009261025000,,,0,1.0,6.0
009261026000,256.0,,0,1.0,8.0
009261027000,3000.0,,0,1.0,8.0
009261028000,3000.0,,0,1.0,6.0
009261029000,3312.0,,0,1.0,6.0
009261030000,3804.0,,0,1.0,8.0
009261031000,3488.0,,0,1.0,8.0
009261032000,1600.0,,0,1.0,6.0
009261033000,2648.0,,0,1.0,8.0
009261034000,4281.0,,0,1.0,6.0
009261035000,3100.0,,0,1.0,6.0
009261043000,,,0,1.0,2.0
009261044000,,,0,1.0,2.0
009261045000,,,0,1.0,2.0
009261046000,,,0,1.0,2.0
009261047000,,,0,1.0,2.0
009261048000,,,0,1.0,2.0
009261049000,,,0,1.0,2.0
009261050000,,,0,1.0,2.0
009261051000,,,0,1.0,3.0
009261052000,,,0,1.0,2.0
009261053000,,,0,1.0,3.0
009261054000,,,0,1.0,3.0
009261055000,,,0,1.0,2.0
009261056000,,,0,1.0,2.0
009261057000,,,0,1.0,3.0
009270007000,1000.0,,0,1.0,1.0
009280001000,307.0,,0,1.0,2.0
009280002000,1124.0,,0,1.0,2.0
009280003000,1500.0,,0,1.0,
009280004000,,,0,1.0,2.0
009280005000,4000.0,,0,1.0,
009280006000,207.0,,0,1.0,2.0
009280007000,272.0,448.0,0,2.0,3.0
009280008000,,,0,1.0,1.0
009280009000,566.0,,320,1.0,
009280010000,400.0,,0,1.0,3.0
009280013000,3200.0,,0,1.0,
009280014000,,,0,1.0,1.0
009280015000,12.0,,170,1.0,2.0
009280016000,,,264,1.0,1.0
009280017000,200.0,,0,1.0,2.0
009280018000,10.0,,0,1.0,1.0
009280019000,,,0,1.0,2.0
009280021000,,,0,1.0,2.0
009280022000,,,0,1.0,2.0
009280023000,1248.0,,0,1.0,2.0
009280024000,,,0,1.0,
009280026000,,,0,1.0,
009280027000,,,0,1.0,
009280028000,5000.0,,0,1.0,
009280032000,,,0,1.0,2.0
009280033000,48.0,,0,1.0,2.0
009280034000,,,0,1.0,2.0
009280036000,,,180,1.0,1.0
009280037000,,,0,1.0,1.0
009280038000,,,0,1.0,2.0
009280039000,,,252,1.0,2.0
009280040000,440.0,,240,1.0,1.0
009280041000,18.0,,0,1.0,1.0
009280042000,,,0,1.0,2.0
009280043000,27.0,,160,1.0,1.0
009280044000,,,0,1.0,1.0
009280045000,156.0,,0,1.0,2.0
009280046000,,,0,1.0,1.0
009280047000,210.0,,392,1.0,2.0
009280048000,,,0,1.0,2.0
009280049000,348.0,,0,1.0,2.0
009280050000,186.0,,0,1.0,2.0
009280051000,,,0,1.0,2.0
009280053000,,,162,1.0,
009280056000,,,369,1.0,2.0
009280057000,204.0,,0,1.0,3.0
009280058000,,,0,1.0,
009280059000,,,292,1.0,
009280060000,,,292,1.0,
009290002000,0.0,,1372,1.0,3.0
009291001000,1176.0,,621,1.0,3.0
009291002000,1152.0,,400,1.0,2.0
009291004000,617.0,,378,1.0,2.0
009291005000,1332.0,,363,1.0,2.0
009291006000,600.0,,460,1.0,3.0
009291009000,800.0,,600,1.0,2.0
009291010000,,,484,1.0,2.0
009291013000,885.0,,360,1.0,2.0
009291016000,936.0,,440,1.0,3.0
009292001000,1894.0,,420,1.0,4.0
009292002000,740.0,,400,1.0,3.0
009292003000,1256.0,,400,1.0,3.0
009292004000,980.0,,624,1.0,3.0
009292005000,474.0,,264,1.0,2.0
009292009000,1660.0,,624,1.0,3.0
009292010000,1000.0,,400,1.0,2.0
009292014000,720.0,,396,1.0,3.0
009292015000,1200.0,,484,1.0,3.0
009292016000,200.0,,160,1.0,3.0
009293001000,500.0,,528,1.0,3.0
009293002000,1642.0,,528,1.0,3.0
009293006000,600.0,,480,1.0,6.0
009293007000,1120.0,,988,1.0,3.0
009293012000,654.0,,480,1.0,3.0
009293013000,1901.0,,0,1.0,3.0
009293015000,1200.0,,0,1.0,3.0
009300004000,,,0,1.0,2.0
009300005000,150.0,,0,1.0,2.0
009300006000,452.0,,198,1.0,2.0
009300007000,464.0,,352,1.0,2.0
009301001000,307.0,,432,1.0,4.0
009301003000,516.0,,585,1.0,3.0
009301004000,780.0,,748,1.0,3.0
009301007000,1060.0,,288,1.0,3.0
009301009000,350.0,,720,1.0,3.0
009301014000,726.0,,432,1.0,3.0
009301016000,1200.0,,0,1.0,2.0
009301017000,723.0,,906,1.0,2.0
009301020000,800.0,,441,1.0,3.0
009301025000,480.0,,390,1.0,2.0
009302001000,,,463,1.0,2.0
009302002000,1643.0,,594,1.0,3.0
009302004000,918.0,,1078,1.0,3.0
009302005000,500.0,,520,1.0,2.0
009302006000,989.0,,594,1.0,3.0
009302007000,690.0,,650,1.0,2.0
009303001000,1623.0,,483,1.0,3.0
009303002000,1910.0,,685,1.0,3.0
009303007000,1877.0,,909,1.0,3.0
009303008000,9.0,,400,1.0,3.0
009303009000,1162.0,,440,1.0,2.0
009303010000,500.0,,588,1.0,3.0
009303011000,566.0,,0,1.0,3.0
009303012000,800.0,,462,1.0,3.0
009310001000,0.0,,483,1.0,3.0
009310002000,1600.0,,364,1.0,3.0
009310003000,1200.0,,286,1.0,3.0
009310004000,868.0,,486,1.0,3.0
009310005000,300.0,,480,1.0,3.0
009310013000,885.0,,330,1.0,2.0
009311001000,1003.0,,525,1.0,3.0
009311009000,1388.0,,299,1.0,2.0
009311010000,1372.0,,520,1.0,3.0
009311011000,2130.0,,528,1.0,3.0
009311016000,396.0,,440,1.0,5.0
009320009000,444.0,,0,1.0,1.0
009340004000,400.0,,0,1.0,2.0
009340007000,502.0,,660,1.0,3.0
009340016000,363.0,,0,1.0,2.0
009340017000,585.0,,900,1.0,3.0
009340020000,1323.0,,494,1.0,4.0
009340022000,1850.0,,453,1.0,4.0
009340025000,600.0,,440,1.0,2.0
009340026000,1412.0,,0,1.0,3.0
009340027000,600.0,,460,1.0,2.0
009340028000,1180.0,,528,1.0,3.0
009340030000,1104.0,,528,1.0,3.0
009340031000,483.0,,0,1.0,1.0
009340032000,,,0,1.0,
009340033000,0.0,,0,1.0,2.0
009340035000,,,484,1.0,3.0
009340037000,0.0,,294,1.0,2.0
009340038000,,,460,1.0,3.0
009340039000,1044.0,,440,1.0,3.0
009340040000,500.0,,483,1.0,3.0
009340041000,1772.0,,440,1.0,3.0
009340042000,,,400,1.0,3.0
009340045000,1800.0,,416,1.0,3.0
009340046000,500.0,,547,1.0,2.0
009340047000,500.0,,440,1.0,3.0
009340049000,1440.0,,0,1.0,9.0
009340050000,456.0,,520,1.0,
009340051000,400.0,,430,1.0,3.0
009340052000,1000.0,,430,1.0,3.0
009340054000,0.0,,416,1.0,3.0
009350001000,1096.0,,486,1.0,3.0
009350002000,944.0,,0,1.0,3.0
009350003000,1168.0,,264,1.0,2.0
009350004000,2461.0,,772,1.0,3.0
009351004000,578.0,,390,1.0,2.0
009351005000,643.0,,528,1.0,2.0
009352003000,1550.0,,500,1.0,3.0
009352004000,718.0,,528,1.0,3.0
009352005000,1170.0,,500,1.0,3.0
009352006000,851.0,,440,1.0,2.0
009352009000,525.0,,494,1.0,3.0
009352010000,740.0,,400,1.0,3.0
009352012000,1263.0,,819,1.0,3.0
009352014000,602.0,,440,1.0,2.0
009360001000,1854.0,,378,1.0,3.0
009360002000,680.0,,576,1.0,3.0
009360003000,694.0,,575,1.0,3.0
009360004000,240.0,,968,1.0,2.0
009360005000,1231.0,,400,1.0,3.0
009361002000,260.0,,0,1.0,4.0
009361003000,800.0,,520,1.0,3.0
009361004000,1013.0,,440,1.0,3.0
009361005000,418.0,,264,1.0,2.0
009361008000,1600.0,,484,1.0,3.0
009361009000,1345.0,,308,1.0,3.0
009361010000,1262.0,,440,1.0,3.0
009361011000,1320.0,,440,1.0,3.0
009361012000,400.0,,462,1.0,3.0
009361016000,1220.0,,546,1.0,3.0
009361017000,0.0,,920,1.0,3.0
009361020000,0.0,,696,1.0,3.0
009361021000,600.0,,431,1.0,3.0
009361022000,700.0,,410,1.0,3.0
009361023000,1488.0,,552,1.0,3.0
009361024000,,,350,1.0,2.0
009361025000,,,504,1.0,3.0
009361027000,610.0,,242,1.0,3.0
009362001000,513.0,,520,1.0,3.0
009362002000,600.0,,451,1.0,3.0
009362003000,484.0,,378,1.0,3.0
009362004000,1050.0,,1000,1.0,3.0
009362005000,526.0,,204,1.0,3.0
009362006000,1040.0,,380,1.0,3.0
009362007000,684.0,,480,1.0,3.0
009370001000,1049.0,,696,1.0,3.0
009370004000,400.0,,308,1.0,2.0
009370005000,1272.0,,286,1.0,4.0
009370007000,1148.0,,506,1.0,3.0
009370009000,1130.0,,576,1.0,2.0
009380001000,118.0,,500,1.0,2.0
009380007000,120.0,,0,1.0,3.0
009380018000,,,324,1.0,2.0
009380019000,600.0,,528,1.0,3.0
009380021000,300.0,,360,1.0,1.0
009390001000,1516.0,,440,1.0,2.0
009390004000,700.0,,456,1.0,2.0
009390005000,716.0,,440,1.0,2.0
009390006000,1000.0,,480,1.0,2.0
009390007000,251.0,,500,1.0,2.0
009390008000,180.0,,600,1.0,2.0
009391001000,1375.0,,520,1.0,2.0
009391002000,1084.0,,306,1.0,2.0
009391003000,360.0,,0,1.0,2.0
009391004000,1392.0,,264,1.0,2.0
009391007000,,,252,1.0,2.0
009391008000,600.0,,320,1.0,2.0
009391010000,261.0,,0,1.0,2.0
009391011000,500.0,,840,1.0,4.0
009391013000,54.0,,288,1.0,2.0
009391018000,1208.0,,660,1.0,3.0
009391019000,95.0,,475,1.0,3.0
009400002000,1300.0,,1085,1.0,2.0
009400005000,600.0,,288,1.0,2.0
009400006000,800.0,,282,1.0,2.0
009400008000,231.0,,627,1.0,3.0
009400011000,138.0,,0,1.0,2.0
009400012000,232.0,,0,1.0,3.0
009400013000,420.0,,0,1.0,2.0
009400014000,,,676,1.0,2.0
009400015000,95.0,,0,1.0,2.0
009400016000,54.0,,392,1.0,2.0
009400017000,2712.0,,240,1.0,2.0
009400018000,108.0,,220,1.0,2.0
009400019000,1200.0,,0,1.0,2.0
009400021000,193.0,,0,1.0,1.0
009400022000,169.0,,384,1.0,2.0
009400023000,480.0,,576,1.0,2.0
009400024000,660.0,,198,1.0,3.0
009400025000,772.0,,0,1.0,3.0
009400026000,1063.0,,240,1.0,2.0
009400027000,440.0,,0,1.0,4.0
009400028000,48.0,,480,1.0,2.0
009400029000,800.0,,400,1.0,3.0
009400030000,280.0,,180,1.0,
009400031000,600.0,,400,1.0,2.0
009400032000,802.0,,310,1.0,3.0
009400033000,,,724,1.0,2.0
009400034000,384.0,,420,1.0,2.0
009400035000,660.0,,576,1.0,2.0
009400036000,60.0,,400,1.0,2.0
009400037000,600.0,,192,1.0,3.0
009400038000,400.0,,448,1.0,2.0
009400039000,343.0,,308,1.0,2.0
009400040000,340.0,,431,1.0,2.0
009400041000,48.0,,216,1.0,1.0
009400042000,,,0,1.0,3.0
009400043000,75.0,,560,1.0,2.0
009400044000,800.0,,440,1.0,3.0
009400045000,336.0,,0,1.0,2.0
009400046000,375.0,,0,1.0,3.0
009400047000,944.0,,288,1.0,3.0
009411002000,270.0,,384,1.0,1.0
009411003000,350.0,,216,1.0,3.0
009411004000,370.0,,336,1.0,2.0
009411005000,516.0,,336,1.0,2.0
009411006000,400.0,,0,1.0,3.0
009411007000,,,612,1.0,2.0
009411008000,372.0,,324,1.0,3.0
009411011000,468.0,,400,1.0,1.0
009411012000,300.0,,442,1.0,3.0
009411013000,600.0,,0,1.0,3.0
009411014000,330.0,,504,1.0,2.0
009411015000,0.0,556.0,288,2.0,2.0
009411017000,800.0,,320,1.0,3.0
009411018000,278.0,,781,1.0,3.0
009411019000,600.0,,320,1.0,2.0
009411020000,780.0,,780,1.0,4.0
009411021000,620.0,,0,1.0,3.0
009411022000,1292.0,,512,1.0,3.0
009411023000,0.0,,273,1.0,2.0
009411024000,134.0,,336,1.0,1.0
009411025000,1060.0,,522,1.0,4.0
009411026000,360.0,,160,1.0,2.0
009411028000,342.0,,240,1.0,3.0
009411029000,3000.0,,288,1.0,2.0
009411030000,,,240,1.0,3.0
009411031000,108.0,,0,1.0,2.0
009411032000,156.0,,0,1.0,2.0
009420007000,718.0,,0,1.0,2.0
009420008000,537.0,,0,1.0,2.0
009420012000,780.0,,260,1.0,3.0
009420014000,1000.0,,360,1.0,2.0
009430003000,,,216,1.0,1.0
009430004000,304.0,,240,1.0,2.0
009430005000,424.0,,364,1.0,2.0
009430006000,580.0,,480,1.0,3.0
009430008000,642.0,,220,1.0,3.0
009430009000,222.0,,336,1.0,3.0
009430010000,400.0,,720,1.0,2.0
009430012000,120.0,,396,1.0,2.0
009430014000,,,480,1.0,1.0
009430015000,,,352,1.0,2.0
009430016000,769.0,,384,1.0,2.0
009430017000,600.0,,420,1.0,3.0
009430018000,100.0,,320,1.0,1.0
009430024000,1000.0,,288,1.0,3.0
009430025000,810.0,,420,1.0,3.0
009430030000,350.0,,341,1.0,3.0
009440003000,,,216,1.0,2.0
009440004000,300.0,,198,1.0,3.0
009440005000,,,187,1.0,2.0
009440006000,,,240,1.0,2.0
009440007000,,,0,1.0,4.0
009440010000,448.0,,336,1.0,3.0
009440012000,,,0,1.0,2.0
009440013000,,,0,1.0,3.0
009441002000,518.0,,672,1.0,3.0
009441003000,,,396,1.0,2.0
009441004000,,,0,1.0,2.0
009442001000,1000.0,,387,1.0,2.0
009442002000,45.0,,432,1.0,3.0
009442003000,120.0,,240,1.0,2.0
009442004000,180.0,,672,1.0,3.0
009442005000,1000.0,,460,1.0,3.0
009442006000,30.0,,336,1.0,2.0
009442007000,312.0,,308,1.0,2.0
009443006000,,,252,1.0,1.0
009443012000,300.0,,360,1.0,2.0
009450002000,1000.0,,728,1.0,3.0
009450003000,800.0,,400,1.0,2.0
009450004000,300.0,,400,1.0,2.0
009450009000,724.0,,400,1.0,2.0
009450010000,,,320,1.0,3.0
009450011000,600.0,,502,1.0,2.0
009451001000,271.0,,494,1.0,2.0
009451002000,,,480,1.0,2.0
009451003000,2334.0,,651,1.0,2.0
009451004000,728.0,,0,1.0,2.0
009451005000,1000.0,,583,1.0,3.0
009451006000,486.0,,216,1.0,2.0
009451007000,867.0,,440,1.0,2.0
009451009000,2400.0,,256,1.0,3.0
009451010000,383.0,,0,1.0,2.0
009451011000,740.0,,192,1.0,3.0
009451012000,2331.0,,340,1.0,2.0
009451013000,,,364,1.0,1.0
009451014000,248.0,,0,1.0,2.0
009451016000,1913.0,,660,1.0,2.0
009451017000,260.0,,216,1.0,2.0
009451018000,110.0,,528,1.0,2.0
009451021000,378.0,,280,1.0,3.0
009451022000,860.0,660.0,432,1.0,2.0
009451023000,2211.0,,576,1.0,2.0
009451024000,1509.0,,475,1.0,3.0
009451026000,,,360,1.0,3.0
009452004000,,,660,1.0,2.0
009452005000,416.0,,480,1.0,2.0
009461001000,2900.0,,960,1.0,4.0
009461002000,1620.0,,432,1.0,4.0
009461003000,1200.0,,1040,1.0,2.0
009461007000,,,356,1.0,3.0
009461008000,,,323,1.0,3.0
009461009000,495.0,,672,1.0,1.0
009461010000,,,0,1.0,3.0
009461011000,808.0,,0,1.0,3.0
009461013000,713.0,,528,1.0,2.0
009461014000,1844.0,,468,1.0,2.0
009461016000,1460.0,,240,1.0,3.0
009462004000,,,0,1.0,1.0
009462006000,248.0,,0,1.0,2.0
009470008000,600.0,,299,1.0,3.0
009470009000,,,572,1.0,4.0
009470010000,,,286,1.0,3.0
009470011000,,,697,1.0,3.0
009470012000,,,270,1.0,2.0
009470013000,607.0,,207,1.0,2.0
009470015000,,,400,1.0,4.0
009470016000,400.0,,400,1.0,4.0
009470017000,,,480,1.0,3.0
009470020000,1567.0,,360,1.0,2.0
009470021000,1200.0,,648,1.0,3.0
009470022000,,,450,1.0,3.0
009470028000,100.0,,0,1.0,3.0
009470029000,,,0,1.0,2.0
009540016000,8000.0,,0,1.0,
009540026000,,,0,1.0,
009540027000,,,0,1.0,
009540031000,6500.0,,0,1.0,
009540032000,4000.0,,0,1.0,
009540042000,,,0,1.0,2.0
009540043000,500.0,,0,1.0,1.0
009540044000,500.0,,210,1.0,1.0
009540045000,500.0,,210,1.0,1.0
009540046000,,,270,1.0,2.0
009540047000,400.0,,297,1.0,2.0
009540048000,,,0,1.0,2.0
009540049000,307.0,,238,1.0,2.0
009540050000,,,0,1.0,2.0
009540051000,,,220,1.0,2.0
009550022000,,,0,1.0,1.0
009550034000,6000.0,,0,1.0,
009581005000,1594.0,,880,1.0,3.0
009660001000,,,170,1.0,2.0
009660002000,,,170,1.0,2.0
009660003000,,,170,1.0,2.0
009660004000,0.0,,0,1.0,3.0
009660005000,200.0,,170,1.0,3.0
009660006000,200.0,,170,1.0,2.0
009660007000,200.0,,170,1.0,2.0
009660008000,200.0,,170,1.0,2.0
009660009000,,,170,1.0,3.0
009660010000,,,170,1.0,3.0
009660011000,200.0,,170,1.0,2.0
009660012000,,,170,1.0,2.0
009660013000,200.0,,170,1.0,2.0
009660014000,30.0,,170,1.0,2.0
009660015000,200.0,,170,1.0,2.0
009660016000,,,170,1.0,3.0
009660017000,200.0,,170,1.0,2.0
009660018000,,,170,1.0,2.0
009660019000,30.0,,170,1.0,3.0
009670001000,,,0,1.0,2.0
009670002000,,,0,1.0,2.0
009670003000,,,0,1.0,2.0
009670004000,,,0,1.0,2.0
009670005000,,,0,1.0,2.0
009670006000,,,0,1.0,2.0
009670007000,,,0,1.0,2.0
009670008000,,,0,1.0,2.0
009670009000,,,0,1.0,2.0
009670010000,,,0,1.0,2.0
009670011000,,,0,1.0,2.0
009680039000,15000.0,,0,1.0,
009680040000,15000.0,,0,1.0,
009680041000,15000.0,,0,1.0,
009700037000,,,0,1.0,
009700072000,,,0,1.0,
009700073000,,,0,1.0,
009710002000,,,0,1.0,
009710006000,,,0,1.0,
009720018000,,,0,1.0,
009720019000,,,0,1.0,
009720022000,,,0,1.0,
009720023000,,,0,1.0,
009720027000,,,0,1.0,
009720028000,,,0,1.0,
009720029000,,,0,1.0,
009720030000,,,0,1.0,
009720031000,,,0,1.0,
009720032000,,,0,1.0,
009720033000,,,0,1.0,
009720034000,,,0,1.0,
009720035000,,,0,1.0,
009720036000,,,0,1.0,
009720037000,,,0,1.0,
009720038000,,,0,1.0,
009720039000,,,0,1.0,
009720040000,,,0,1.0,
009760001000,,,0,,
009760011000,,,0,,
011161015000,,,765,1.0,
011161017000,1200.0,,1020,1.0,3.0
011161018000,3000.0,,759,1.0,3.0
011161022000,,,800,1.0,
011171011000,,,960,1.0,4.0
011171016000,,,840,1.0,
011171019000,,,832,1.0,3.0
011171020000,1200.0,,769,1.0,4.0
011171024000,,,805,1.0,
011171049000,,,773,1.0,4.0
011171052000,414.0,,890,1.0,
011171053000,0.0,,723,1.0,5.0
011171054000,1852.0,,979,1.0,4.0
011171055000,0.0,,806,1.0,3.0
011171076000,,,818,1.0,
011171077000,252.0,,468,1.0,
011191008000,,,723,1.0,
011191009000,,,972,1.0,
011191010000,,,1010,1.0,
011191013000,,,768,1.0,
011191018000,,,740,1.0,
011191019000,,,724,1.0,
011191020000,,,864,1.0,4.0
011191028000,1350.0,,918,1.0,3.0
011191031000,598.0,,683,1.0,
011191032000,,,1420,1.0,
011191041000,,,704,1.0,
011191042000,,,754,1.0,
011191044000,,,953,1.0,
011191045000,,,819,1.0,4.0
011191046000,,,960,1.0,
011191047000,,,836,1.0,
011191050000,505.0,,905,1.0,4.0
011191051000,376.0,,818,1.0,
011191052000,,,964,1.0,
011240004000,1000.0,,0,1.0,
011240005000,1300.0,,576,1.0,2.0
011240006000,280.0,,0,1.0,2.0
011240007000,150.0,,850,1.0,3.0
011240009000,,,400,1.0,1.0
011240010000,,,0,1.0,2.0
011250005000,,,240,1.0,2.0
011250006000,,,0,1.0,3.0
011250007000,,,0,1.0,2.0
011250011000,1093.0,,0,1.0,3.0
011250014000,,,220,1.0,1.0
011250015000,,,564,1.0,2.0
011250016000,,,506,1.0,2.0
011250017000,,,264,1.0,1.0
011250022000,1102.0,,1096,1.0,2.0
011320004000,,,0,1.0,2.0
011320005000,1776.0,,0,1.0,2.0
012010034000,500.0,,403,1.0,2.0
012010035000,1379.0,,360,1.0,3.0
012020010000,63.0,,0,1.0,1.0
012020035000,1086.0,,512,1.0,3.0
012020041000,3000.0,,0,1.0,
012030001000,664.0,,320,1.0,2.0
012040031000,,,0,1.0,2.0
012040032000,0.0,,600,1.0,2.0
012040061000,3000.0,,0,1.0,3.0
012050004000,414.0,,0,1.0,2.0
012050010000,700.0,,460,1.0,3.0
012070020000,1408.0,,450,1.0,3.0
012080035000,1650.0,,572,1.0,3.0
012100011000,,,0,1.0,
012100015000,401.0,,0,1.0,2.0
012140007000,1068.0,,240,1.0,2.0
012140015000,240.0,,576,1.0,3.0
012140016000,360.0,,252,1.0,2.0
012151013000,585.0,,400,1.0,3.0
012151021000,,,440,1.0,2.0
012151022000,128.0,,216,1.0,2.0
012160022000,3000.0,,980,1.0,3.0
012160025000,,,528,1.0,2.0
012160026000,,,210,1.0,1.0
012160035000,,,0,1.0,2.0
012180008000,330.0,,640,1.0,3.0
012180009000,654.0,,400,1.0,3.0
012190006000,155.0,,576,1.0,2.0
012190017000,1500.0,,700,1.0,3.0
012190018000,0.0,,0,1.0,2.0
012190019000,,,360,1.0,3.0
012190026000,600.0,,624,1.0,3.0
012190027000,1500.0,,532,1.0,3.0
012190028000,1260.0,,670,1.0,3.0
012200019000,,,372,1.0,2.0
012241034000,,,0,1.0,2.0
012261058000,,,432,1.0,1.0
012300018000,,,672,1.0,2.0
012300019000,1038.0,,462,1.0,3.0
012670018000,1366.0,,504,1.0,3.0
012820040000,1735.0,,480,1.0,2.0
012820041000,951.0,,396,1.0,2.0
012860015000,2000.0,,440,1.0,3.0
012860016000,57.0,,416,1.0,2.0
013380010000,,,0,1.0,2.0
013380012000,,,0,1.0,
013390009000,,,0,1.0,2.0
013390010000,,,0,1.0,4.0
013390011000,,,0,1.0,
013390033000,,,880,1.0,
013390042000,,,0,1.0,
013390043000,,,0,1.0,
013400017000,,,128,1.0,
016320001000,1150.0,,484,1.0,3.0
016320002000,500.0,,560,1.0,3.0
016320004000,360.0,,0,1.0,3.0
016320005000,0.0,,484,1.0,2.0
016320006000,600.0,,462,1.0,3.0
016320007000,1350.0,,624,1.0,3.0
016320008000,1000.0,,540,1.0,2.0
016320009000,825.0,,400,1.0,3.0
016320010000,0.0,,1092,1.0,2.0
016320013000,540.0,,484,1.0,3.0
016320014000,500.0,,784,1.0,4.0
016320015000,720.0,,544,1.0,3.0
016320017000,1000.0,,528,1.0,3.0
016320018000,800.0,,504,1.0,3.0
016320020000,500.0,,528,1.0,4.0
016320021000,1000.0,,1620,1.0,2.0
016320024000,600.0,,600,1.0,2.0
016320025000,0.0,,484,1.0,4.0
016320027000,535.0,,528,1.0,3.0
016320029000,500.0,,480,1.0,2.0
016320030000,1400.0,,360,1.0,4.0
016320031000,0.0,,924,1.0,2.0
016320032000,,,531,1.0,2.0
016320033000,1000.0,,616,1.0,3.0
016320035000,1200.0,,480,1.0,3.0
016320036000,800.0,,0,1.0,2.0
016320037000,600.0,,440,1.0,2.0
016320038000,,,0,1.0,3.0
016320039000,720.0,,1024,1.0,3.0
016320040000,1000.0,,484,1.0,3.0
016330001000,,,400,1.0,3.0
016330002000,,,528,1.0,3.0
016330003000,500.0,,576,1.0,
016330004000,1250.0,,484,1.0,3.0
016330005000,900.0,,540,1.0,2.0
016330006000,1000.0,,726,1.0,3.0
016330007000,881.0,,480,1.0,3.0
016330008000,0.0,,580,1.0,3.0
016330009000,900.0,,0,1.0,3.0
016330010000,400.0,,0,1.0,3.0
016330011000,600.0,,624,1.0,3.0
016330013000,300.0,,0,1.0,3.0
016330015000,350.0,,0,1.0,3.0
016330016000,1500.0,,420,1.0,3.0
016330017000,600.0,,400,1.0,2.0
016330018000,500.0,,440,1.0,3.0
016330019000,925.0,,440,1.0,4.0
016330020000,500.0,,240,1.0,
016330021000,600.0,,440,1.0,3.0
016330023000,1000.0,,440,1.0,3.0
016330024000,,,704,1.0,3.0
016330026000,,,784,1.0,3.0
016330027000,720.0,,564,1.0,3.0
016330028000,500.0,,437,1.0,2.0
016330029000,,,664,1.0,
016330030000,1900.0,,720,1.0,3.0
016330031000,1200.0,,672,1.0,3.0
016330032000,0.0,,658,1.0,3.0
016330033000,720.0,,528,1.0,3.0
016330035000,1050.0,,1196,1.0,2.0
016330036000,840.0,,400,1.0,3.0
016330037000,800.0,,528,1.0,2.0
016330039000,1300.0,,532,1.0,3.0
016330040000,550.0,,528,1.0,2.0
016330041000,680.0,,440,1.0,3.0
016330042000,1250.0,,800,1.0,2.0
016330043000,400.0,,400,1.0,3.0
016330044000,700.0,,528,1.0,3.0
016330045000,718.0,,491,1.0,2.0
016330046000,,,504,1.0,2.0
016330047000,1250.0,,588,1.0,4.0
016330048000,960.0,,660,1.0,2.0
016330049000,0.0,,498,1.0,2.0
016330050000,0.0,,480,1.0,
016330051000,1100.0,,528,1.0,3.0
016330054000,250.0,,252,1.0,2.0
016330055000,0.0,,596,1.0,3.0
016330056000,900.0,,462,1.0,3.0
016330057000,1500.0,,769,1.0,3.0
016330058000,1514.0,,0,1.0,3.0
016330059000,600.0,,326,1.0,3.0
016330060000,500.0,,440,1.0,3.0
016330061000,0.0,,0,1.0,2.0
016330062000,1400.0,,614,1.0,2.0
016330063000,200.0,,0,1.0,3.0
016330064000,,,540,1.0,
016330065000,350.0,,484,1.0,4.0
016330066000,1600.0,,580,1.0,3.0
016340001000,900.0,,506,1.0,3.0
016340002000,,,0,1.0,3.0
016340003000,700.0,,400,1.0,3.0
016340004000,1100.0,,539,1.0,3.0
016340005000,663.0,,0,1.0,2.0
016340006000,350.0,,528,1.0,3.0
016340007000,900.0,,531,1.0,2.0
016340008000,240.0,,0,1.0,2.0
016340009000,1472.0,,576,1.0,3.0
016340010000,,,576,1.0,2.0
016340011000,1194.0,,384,1.0,3.0
016340012000,0.0,,396,1.0,2.0
016340014000,,,470,1.0,3.0
016340015000,1800.0,,576,1.0,3.0
016340017000,750.0,,594,1.0,3.0
016350001000,0.0,,0,1.0,3.0
016350002000,0.0,,616,1.0,3.0
016350003000,1000.0,,720,1.0,3.0
016350004000,,,576,1.0,2.0
016350005000,780.0,,528,1.0,3.0
016350010000,720.0,,844,1.0,3.0
016350011000,400.0,,288,1.0,4.0
016350013000,,,0,1.0,2.0
016350014000,360.0,,528,1.0,2.0
016350015000,720.0,,784,1.0,3.0
016350017000,540.0,,0,1.0,3.0
016350018000,400.0,,400,1.0,3.0
016350019000,320.0,,0,1.0,3.0
016350022000,400.0,,440,1.0,3.0
016360001000,200.0,,420,1.0,3.0
016360002000,720.0,,528,1.0,3.0
016360003000,48.0,,672,1.0,3.0
016360005000,850.0,,552,1.0,3.0
016360006000,450.0,,520,1.0,3.0
016360008000,480.0,,0,1.0,1.0
016360010000,0.0,,528,1.0,2.0
016360011000,720.0,,0,1.0,2.0
016360013000,,,756,1.0,3.0
016360014000,,,740,1.0,3.0
016360016000,0.0,,672,1.0,2.0
016360019000,700.0,,486,1.0,3.0
016360020000,750.0,,320,1.0,3.0
016360021000,,,896,1.0,2.0
016360022000,960.0,,575,1.0,3.0
016360023000,,,720,1.0,3.0
016360024000,480.0,,528,1.0,2.0
016360025000,,,0,1.0,3.0
016370001000,240.0,,720,1.0,4.0
016370002000,620.0,,440,1.0,2.0
016370004000,600.0,,1066,1.0,3.0
016370005000,500.0,,484,1.0,3.0
016370006000,,,672,1.0,3.0
016370007000,480.0,,576,1.0,2.0
016370008000,0.0,,528,1.0,3.0
016370009000,,,599,1.0,3.0
016370011000,6200.0,,426,1.0,3.0
016370012000,1500.0,,770,1.0,2.0
016370013000,0.0,,604,1.0,3.0
016370014000,1000.0,,541,1.0,3.0
016370015000,600.0,,576,1.0,3.0
016370016000,,,0,1.0,3.0
016370017000,950.0,,477,1.0,3.0
016370018000,,,796,1.0,3.0
016370019000,900.0,,528,1.0,3.0
016370020000,,,512,1.0,3.0
016370023000,650.0,,480,1.0,3.0
016370024000,384.0,,672,1.0,3.0
016370025000,0.0,,639,1.0,3.0
016370026000,1250.0,,280,1.0,1.0
016370027000,700.0,,516,1.0,3.0
016370029000,,,480,1.0,3.0
016380001000,800.0,,600,1.0,3.0
016380003000,2500.0,,520,1.0,2.0
016380004000,0.0,,600,1.0,3.0
016380005000,640.0,,550,1.0,3.0
016380006000,,,400,1.0,4.0
016380007000,1100.0,,480,1.0,3.0
016380010000,880.0,,528,1.0,3.0
016380011000,480.0,,552,1.0,3.0
016380012000,0.0,,499,1.0,2.0
016380013000,0.0,,0,1.0,2.0
016380014000,1400.0,,576,1.0,2.0
016380016000,400.0,,224,1.0,2.0
016380017000,1000.0,,858,1.0,3.0
016380018000,,,810,1.0,
016380021000,800.0,,735,1.0,3.0
016380024000,1000.0,,400,1.0,3.0
016380026000,750.0,,520,1.0,4.0
016390001000,0.0,,552,1.0,4.0
016390004000,,,619,1.0,3.0
016390005000,0.0,,720,1.0,3.0
016390006000,,,540,1.0,2.0
016390007000,,,0,1.0,2.0
016390008000,800.0,,440,1.0,3.0
016390010000,900.0,,440,1.0,3.0
016390011000,0.0,,462,1.0,3.0
016390012000,1100.0,,440,1.0,3.0
016390013000,1000.0,,480,1.0,2.0
016390014000,279.0,,0,1.0,2.0
016390015000,1240.0,,480,1.0,3.0
016390016000,1800.0,,1288,1.0,3.0
016390018000,800.0,,484,1.0,2.0
016390019000,,,780,1.0,4.0
016390020000,1000.0,,240,1.0,2.0
016390021000,600.0,,480,1.0,3.0
016390023000,750.0,,462,1.0,3.0
016390024000,,,630,1.0,3.0
016390025000,1200.0,,288,1.0,4.0
016390026000,1300.0,,564,1.0,3.0
016390027000,,,0,1.0,2.0
016390028000,0.0,,462,1.0,3.0
016390029000,,,480,1.0,3.0
016390030000,0.0,,0,1.0,3.0
016390032000,400.0,,0,1.0,3.0
016390033000,750.0,,0,1.0,1.0
016390034000,700.0,,504,1.0,2.0
016390035000,0.0,,0,1.0,2.0
016390036000,,,1272,1.0,2.0
016390038000,,,616,1.0,2.0
016390039000,1150.0,,616,1.0,3.0
016390040000,1200.0,,584,1.0,3.0
016390041000,,,672,1.0,3.0
016390042000,650.0,,311,1.0,2.0
016390043000,,,336,1.0,3.0
016400002000,500.0,,521,1.0,3.0
016400003000,,,570,1.0,2.0
016400004000,100.0,,580,1.0,3.0
016400005000,143.0,,576,1.0,3.0
016400006000,,,440,1.0,3.0
016400007000,0.0,,576,1.0,3.0
016400008000,0.0,,400,1.0,3.0
016400009000,700.0,,0,1.0,3.0
016400011000,,,480,1.0,3.0
016400012000,0.0,,440,1.0,3.0
016400013000,,,528,1.0,3.0
016400014000,,,682,1.0,2.0
016400015000,,,400,1.0,3.0
016400016000,0.0,,0,1.0,3.0
016400018000,,,644,1.0,3.0
016400019000,200.0,,540,1.0,2.0
016400020000,,,464,1.0,
016400022000,1200.0,,0,1.0,3.0
016400023000,,,552,1.0,4.0
016400024000,,,0,1.0,3.0
016400026000,900.0,,528,1.0,3.0
016400028000,,,572,1.0,3.0
016400029000,550.0,,0,1.0,3.0
016400030000,900.0,,440,1.0,2.0
016400031000,,,528,1.0,3.0
016400033000,,,400,1.0,3.0
016400034000,,,0,1.0,3.0
016400035000,1262.0,,0,1.0,3.0
016400037000,1600.0,,530,1.0,3.0
016400038000,500.0,,484,1.0,2.0
016400039000,,,400,1.0,2.0
016400040000,,,400,1.0,3.0
016400041000,,,0,1.0,2.0
016400043000,650.0,,0,1.0,2.0
016410002000,356.0,,624,1.0,
016410003000,,,675,1.0,4.0
016410004000,,,528,1.0,2.0
016410005000,1000.0,,567,1.0,3.0
016410006000,0.0,,670,1.0,3.0
016410007000,0.0,,440,1.0,3.0
016410008000,0.0,,506,1.0,4.0
016410009000,405.0,,621,1.0,3.0
016410010000,,,528,1.0,3.0
016410011000,0.0,,480,1.0,3.0
016410012000,600.0,,475,1.0,3.0
016410016000,0.0,,665,1.0,2.0
016410018000,2100.0,,576,1.0,3.0
016410019000,,,624,1.0,3.0
016410021000,2000.0,,280,1.0,3.0
016410022000,336.0,,672,1.0,2.0
016410023000,840.0,,624,1.0,3.0
016410024000,,,678,1.0,3.0
016410026000,550.0,,698,1.0,
016410027000,,,800,1.0,3.0
016430001000,300.0,,440,1.0,4.0
016430002000,,,563,1.0,
016430003000,600.0,,519,1.0,4.0
016430004000,900.0,,519,1.0,3.0
016430005000,0.0,,400,1.0,4.0
016430006000,0.0,,528,1.0,3.0
016430007000,,,524,1.0,3.0
016430008000,1100.0,,528,1.0,3.0
016430010000,2400.0,,910,1.0,4.0
016430012000,1000.0,,400,1.0,3.0
016430013000,,,664,1.0,4.0
016430014000,480.0,,528,1.0,5.0
016430016000,700.0,,576,1.0,3.0
016430017000,,,780,1.0,3.0
016430018000,483.0,,0,1.0,3.0
016430019000,900.0,,528,1.0,3.0
016430020000,0.0,,0,1.0,2.0
016430022000,400.0,,440,1.0,4.0
016430028000,675.0,,440,1.0,3.0
016430029000,,,576,1.0,
016430030000,1000.0,,300,1.0,3.0
016430031000,1400.0,,308,1.0,3.0
016430033000,,,563,1.0,3.0
016430034000,2000.0,,579,1.0,3.0
016430035000,1500.0,,440,1.0,3.0
016430036000,1400.0,,560,1.0,3.0
016430037000,0.0,,576,1.0,2.0
016430038000,,,663,1.0,3.0
016440001000,700.0,,400,1.0,3.0
016440003000,1200.0,,988,1.0,2.0
016440004000,1200.0,,360,1.0,3.0
016440007000,800.0,,473,1.0,3.0
016440008000,600.0,,792,1.0,3.0
016440014000,700.0,,492,1.0,3.0
016440015000,0.0,,616,1.0,2.0
016440016000,0.0,,672,1.0,3.0
016440017000,600.0,,627,1.0,3.0
016440018000,550.0,,0,1.0,3.0
016440019000,,,400,1.0,4.0
016440022000,500.0,,416,1.0,3.0
016450001000,1400.0,,768,1.0,3.0
016450005000,0.0,,714,1.0,3.0
016450006000,0.0,,480,1.0,3.0
016450007000,1500.0,,742,1.0,3.0
016450008000,1500.0,,0,1.0,4.0
016450009000,621.0,,444,1.0,3.0
016450010000,,,552,2.0,2.0
016450012000,800.0,,1632,1.0,2.0
016450013000,1200.0,,450,1.0,2.0
016450016000,600.0,,572,1.0,3.0
016450017000,,,676,1.0,2.0
016450019000,600.0,,600,1.0,2.0
016450022000,400.0,,576,1.0,5.0
016450024000,1300.0,,480,1.0,3.0
016450025000,,,672,1.0,3.0
016450026000,,,1119,1.0,
016450027000,,,420,1.0,3.0
016450029000,700.0,,528,1.0,3.0
016450030000,,,0,1.0,3.0
016450031000,300.0,,484,1.0,3.0
016450032000,400.0,,528,1.0,4.0
016450033000,,,484,1.0,3.0
016450034000,,,576,1.0,3.0
016460002000,,,576,1.0,3.0
016460005000,1000.0,,628,1.0,3.0
016460009000,1000.0,,783,1.0,3.0
016460011000,850.0,,572,1.0,2.0
016460012000,600.0,,240,1.0,3.0
016460013000,,,854,1.0,
016460014000,,,636,1.0,2.0
016460015000,0.0,,0,1.0,1.0
016460016000,,,994,1.0,2.0
016460017000,1000.0,,768,1.0,3.0
016460018000,1200.0,,720,1.0,2.0
016460020000,,,620,1.0,3.0
016460021000,1000.0,,640,1.0,2.0
016460022000,160.0,,467,1.0,
016460023000,800.0,,420,1.0,3.0
016460024000,480.0,,661,1.0,3.0
016460025000,792.0,,550,1.0,2.0
016460026000,1200.0,,495,1.0,2.0
016460027000,428.0,,548,1.0,3.0
016460028000,,,256,1.0,
016460029000,800.0,,600,1.0,2.0
016460030000,1800.0,,1735,1.0,3.0
016460032000,480.0,,440,1.0,3.0
016460033000,1000.0,,440,1.0,2.0
016460035000,500.0,,528,1.0,3.0
016460036000,256.0,,660,1.0,3.0
016460037000,600.0,,576,1.0,3.0
016460038000,1000.0,,0,1.0,3.0
016460039000,1000.0,,735,1.0,3.0
016460040000,1000.0,,288,1.0,3.0
016460041000,800.0,,1535,1.0,2.0
016460042000,,,343,1.0,2.0
016460043000,480.0,,400,1.0,3.0
016470001000,650.0,,578,1.0,3.0
016470002000,1500.0,,660,1.0,4.0
016470003000,0.0,,546,1.0,2.0
016470004000,1800.0,,432,1.0,2.0
016470005000,,,492,1.0,
016470006000,0.0,,0,1.0,2.0
016470007000,384.0,,440,1.0,3.0
016470008000,0.0,,480,1.0,4.0
016470012000,1800.0,,400,1.0,3.0
016470013000,300.0,,770,1.0,3.0
016470015000,960.0,,462,1.0,4.0
016470017000,0.0,,552,1.0,3.0
016470018000,800.0,,672,1.0,3.0
016470019000,600.0,,440,1.0,2.0
016470020000,0.0,,0,1.0,3.0
016470025000,400.0,,0,1.0,2.0
016470026000,960.0,,528,1.0,3.0
016470027000,,,400,1.0,3.0
016470028000,,,780,1.0,3.0
016470029000,600.0,,572,1.0,3.0
016470030000,,,912,1.0,2.0
016470031000,2638.0,,864,1.0,3.0
016470033000,600.0,,528,1.0,2.0
016470034000,840.0,,520,1.0,3.0
016470035000,650.0,,557,1.0,2.0
016470036000,,,661,1.0,2.0
016470037000,650.0,,484,1.0,3.0
016470038000,600.0,,572,1.0,3.0
016470039000,1040.0,,480,1.0,3.0
016470040000,320.0,,0,1.0,3.0
016470041000,400.0,,400,1.0,3.0
016470042000,0.0,,528,1.0,3.0
016470043000,800.0,,440,1.0,3.0
016470044000,750.0,,694,1.0,3.0
016470045000,,,751,1.0,4.0
016470046000,,,603,1.0,3.0
016470047000,800.0,,528,1.0,2.0
016470048000,0.0,,516,1.0,3.0
016470049000,,,480,1.0,
016470053000,800.0,,500,1.0,3.0
016470054000,500.0,,340,1.0,3.0
016470055000,,,441,1.0,2.0
016480001000,0.0,,480,1.0,2.0
016480002000,700.0,,572,1.0,4.0
016480003000,500.0,,576,1.0,2.0
016480004000,250.0,,480,1.0,4.0
016480005000,1000.0,,440,1.0,3.0
016480006000,600.0,,440,1.0,2.0
016480007000,1200.0,,440,1.0,2.0
016480008000,1050.0,,780,1.0,2.0
016480009000,1500.0,,814,1.0,4.0
016480010000,1000.0,,252,1.0,2.0
016480011000,24.0,,556,1.0,3.0
016480013000,500.0,,0,1.0,3.0
016480014000,850.0,,0,1.0,3.0
016480015000,2100.0,,495,1.0,3.0
016480016000,,,623,1.0,3.0
016480017000,500.0,,384,1.0,3.0
016480018000,1400.0,,470,1.0,3.0
016480019000,1000.0,,367,1.0,3.0
016480020000,600.0,,616,1.0,2.0
016480021000,450.0,,440,1.0,2.0
016480022000,820.0,,600,1.0,3.0
016480023000,0.0,,770,1.0,4.0
016480024000,850.0,,539,1.0,2.0
016480025000,800.0,,400,1.0,4.0
016480026000,1200.0,,480,1.0,4.0
016480028000,,,590,1.0,3.0
016480029000,,,440,1.0,3.0
016480030000,0.0,,0,1.0,3.0
016480031000,624.0,,0,1.0,3.0
016480032000,1500.0,,598,1.0,3.0
016480033000,850.0,,400,1.0,2.0
016480034000,600.0,,528,1.0,2.0
016480035000,900.0,,584,1.0,3.0
016480036000,647.0,,506,1.0,3.0
016480037000,300.0,,560,1.0,4.0
016480039000,0.0,,524,1.0,2.0
016480040000,800.0,,576,1.0,3.0
016480041000,1000.0,,480,1.0,3.0
016480043000,2000.0,,484,1.0,3.0
016480044000,600.0,,420,1.0,2.0
016480045000,0.0,,400,1.0,3.0
016480046000,800.0,,440,1.0,2.0
016480047000,1000.0,,416,1.0,3.0
016480049000,500.0,,1169,1.0,3.0
016480050000,300.0,,440,1.0,3.0
016480052000,1800.0,,484,1.0,3.0
016480053000,,,484,1.0,2.0
016480054000,0.0,,576,1.0,4.0
016480055000,1450.0,,672,1.0,2.0
016480056000,100.0,,576,1.0,3.0
016480057000,,,540,1.0,3.0
016480058000,1350.0,,390,1.0,2.0
016480059000,,,620,1.0,3.0
016480060000,1850.0,,516,1.0,3.0
016480061000,0.0,,525,1.0,3.0
016480062000,1000.0,,0,1.0,3.0
016490001000,550.0,,516,1.0,3.0
016490002000,1000.0,,784,1.0,2.0
016490003000,750.0,,240,1.0,2.0
016490004000,600.0,,400,1.0,3.0
016490005000,600.0,,480,1.0,3.0
016490006000,2000.0,,462,1.0,3.0
016490007000,400.0,,0,1.0,2.0
016490008000,650.0,,602,1.0,3.0
016490009000,600.0,,0,1.0,2.0
016490010000,1000.0,,585,1.0,3.0
016490011000,1200.0,,0,1.0,3.0
016490014000,,,560,1.0,2.0
016490015000,500.0,,0,1.0,3.0
016490016000,500.0,,546,1.0,3.0
016490017000,500.0,,576,1.0,3.0
016490018000,,,571,1.0,
016490019000,800.0,,603,1.0,2.0
016490021000,800.0,,543,1.0,3.0
016490022000,0.0,,440,1.0,3.0
016490023000,1750.0,,572,1.0,2.0
016490026000,112.0,,528,1.0,4.0
016490027000,900.0,,528,1.0,2.0
016490028000,1400.0,,616,1.0,3.0
016490029000,900.0,,257,1.0,3.0
016490031000,1200.0,,500,1.0,3.0
016490032000,850.0,,576,1.0,1.0
016490033000,539.0,,0,1.0,3.0
016490034000,1050.0,,725,1.0,3.0
016490035000,440.0,,484,1.0,3.0
016500001000,,,530,1.0,
016500002000,50.0,,440,1.0,3.0
016500003000,600.0,,640,1.0,3.0
016500004000,0.0,,0,1.0,1.0
016500005000,900.0,,528,1.0,3.0
016500006000,384.0,,0,1.0,2.0
016500007000,80.0,,525,1.0,3.0
016500008000,850.0,,492,1.0,3.0
016500009000,850.0,,588,1.0,3.0
016500010000,850.0,,440,1.0,3.0
016500011000,1400.0,,440,1.0,2.0
016500012000,0.0,,440,1.0,2.0
016500013000,800.0,,609,1.0,2.0
016500014000,750.0,,572,1.0,3.0
016500015000,0.0,,521,1.0,3.0
016500016000,,,672,1.0,3.0
016500017000,1250.0,,0,1.0,3.0
016500018000,800.0,,400,1.0,3.0
016500019000,500.0,,484,1.0,3.0
016500020000,0.0,,480,1.0,2.0
016500021000,,,528,1.0,3.0
016500022000,650.0,,540,1.0,2.0
016500024000,,,517,1.0,
016500025000,468.0,,451,1.0,3.0
016500026000,0.0,,528,1.0,3.0
016500028000,400.0,,0,1.0,2.0
016500029000,0.0,,720,1.0,2.0
016500030000,206.0,,551,1.0,3.0
016500031000,550.0,,714,1.0,3.0
016500034000,650.0,,0,1.0,2.0
016500036000,,,1560,1.0,2.0
016500037000,1000.0,,0,1.0,2.0
016500038000,,,480,1.0,3.0
016500040000,0.0,,0,1.0,3.0
016500041000,750.0,,600,1.0,3.0
016500042000,900.0,,552,1.0,3.0
016500043000,264.0,,612,1.0,3.0
016500044000,400.0,,0,1.0,3.0
016500045000,1000.0,,624,1.0,3.0
016500048000,1000.0,,528,1.0,4.0
016500050000,1000.0,,570,1.0,3.0
016500051000,1500.0,,288,1.0,3.0
016500055000,1000.0,,308,1.0,3.0
016500056000,425.0,,528,1.0,3.0
016500057000,1300.0,,770,1.0,2.0
016500058000,,,698,1.0,4.0
016500059000,500.0,,484,1.0,2.0
016500060000,1000.0,,602,1.0,3.0
016500061000,,,531,1.0,2.0
016500062000,500.0,,0,1.0,3.0
016500063000,1000.0,,0,1.0,3.0
016500064000,,,658,1.0,2.0
016500065000,,,0,1.0,3.0
016500066000,64.0,,720,1.0,3.0
016500068000,600.0,,400,1.0,3.0
016500069000,0.0,,0,1.0,2.0
016500070000,800.0,,520,1.0,2.0
016500071000,800.0,,672,1.0,2.0
016500072000,375.0,,400,1.0,3.0
016500075000,400.0,,552,1.0,3.0
016500076000,800.0,,516,1.0,3.0
016510001000,20.0,,456,1.0,3.0
016510002000,900.0,,440,1.0,3.0
016510003000,1700.0,,480,1.0,
016510004000,1700.0,,480,1.0,3.0
016510005000,,,529,1.0,3.0
016510006000,250.0,,576,1.0,3.0
016510008000,600.0,,486,1.0,3.0
016510009000,750.0,,451,1.0,3.0
016510010000,,,531,1.0,3.0
016510012000,600.0,,400,1.0,3.0
016510013000,750.0,,308,1.0,2.0
016510014000,700.0,,264,1.0,2.0
016510015000,600.0,,576,1.0,2.0
016510016000,700.0,,480,1.0,3.0
016510017000,500.0,,0,1.0,3.0
016510018000,1200.0,,0,1.0,3.0
016510019000,1200.0,,576,1.0,4.0
016510020000,750.0,,482,1.0,3.0
016510021000,,,576,1.0,3.0
016510022000,600.0,,1920,1.0,3.0
016520003000,1600.0,,360,1.0,3.0
016520004000,900.0,,462,1.0,3.0
016520005000,1000.0,,506,1.0,3.0
016520006000,1050.0,,572,1.0,2.0
016520008000,800.0,,528,1.0,3.0
016520010000,900.0,,0,1.0,2.0
016520011000,0.0,,440,1.0,3.0
016520012000,800.0,,0,1.0,3.0
016520013000,1250.0,,321,1.0,3.0
016520014000,800.0,,0,1.0,3.0
016520016000,0.0,,0,1.0,3.0
016520017000,480.0,,631,1.0,3.0
016520018000,850.0,,516,1.0,3.0
016520019000,800.0,,400,1.0,3.0
016520020000,,,630,1.0,
016520021000,,,539,1.0,3.0
016520022000,1544.0,,484,1.0,2.0
016520023000,750.0,,659,1.0,3.0
016520024000,750.0,,576,1.0,3.0
016520026000,600.0,,361,1.0,3.0
016520027000,900.0,,658,1.0,2.0
016520028000,800.0,,528,1.0,3.0
016530016000,,,0,1.0,
016530018000,,,0,1.0,3.0
016530019000,,,0,1.0,
016530020000,,,728,1.0,4.0
017030015000,,,0,1.0,2.0
017040002000,,,0,1.0,1.0
017040010000,,,0,1.0,2.0
017040012000,,,0,1.0,1.0
017040013000,,,0,1.0,
017050006000,,,0,1.0,
017050010000,,,840,1.0,3.0
017050017000,,,0,1.0,
017050019000,,,0,1.0,2.0
017050026000,,,528,1.0,4.0
017050027000,,,0,1.0,
017070001000,1000.0,,288,1.0,3.0
017070003000,,,0,1.0,
017070004000,,,0,1.0,3.0
017070005000,1200.0,,0,1.0,2.0
017070006000,,,837,1.0,4.0
017070007000,700.0,,800,1.0,3.0
017070009000,,,288,1.0,
017070010000,0.0,,372,1.0,2.0
017070012000,,,440,1.0,2.0
017070016000,,,0,1.0,3.0
017090004000,360.0,,0,1.0,2.0
017090005000,,,576,1.0,3.0
017090006000,,,0,1.0,2.0
017090010000,,,0,1.0,3.0
017090013000,,,0,1.0,
017090018000,,,636,1.0,3.0
017090019000,,,0,1.0,
017090021000,,,0,1.0,3.0
017090022000,,,0,1.0,3.0
017090023000,,,440,1.0,3.0
017090024000,64.0,,0,1.0,2.0
017090027000,95.0,,336,1.0,2.0
017090028000,,,0,1.0,1.0
017090032000,,,0,1.0,2.0
017090033000,,,0,1.0,3.0
017090034000,,,484,1.0,2.0
017090036000,,,750,1.0,3.0
017090037000,,,672,1.0,3.0
017090038000,1500.0,,660,1.0,3.0
017090039000,,,742,1.0,3.0
017090040000,400.0,,405,1.0,4.0
017090043000,,,514,1.0,2.0
017090044000,,,592,1.0,
017090045000,,,322,1.0,
017090049000,,,913,1.0,
017090050000,,,652,1.0,3.0
017100004000,,,0,1.0,2.0
017100006000,1000.0,,324,1.0,3.0
017100007000,,,333,1.0,4.0
017100011000,,,0,1.0,2.0
017100012000,,,0,1.0,3.0
017100013000,,,0,1.0,3.0
017100014000,,,653,1.0,3.0
017100015000,,,0,1.0,2.0
017100016000,,,0,1.0,2.0
017100018000,,,0,1.0,2.0
017100019000,,,322,1.0,2.0
017100020000,,,0,1.0,1.0
017100021000,0.0,,594,1.0,2.0
017100022000,,,394,1.0,4.0
017100023000,,,0,1.0,3.0
017100026000,,,0,1.0,2.0
017100027000,720.0,,240,1.0,3.0
017100028000,0.0,,0,1.0,2.0
017100029000,,,0,1.0,2.0
017100033000,500.0,,0,1.0,3.0
017100035000,,,0,1.0,1.0
017100037000,0.0,,264,1.0,3.0
017100038000,,,390,1.0,3.0
017100039000,750.0,,0,1.0,2.0
017100040000,300.0,,264,1.0,2.0
017100042000,,,0,1.0,2.0
017100043000,300.0,,400,1.0,3.0
017100044000,900.0,,0,1.0,1.0
017100045000,1000.0,,768,1.0,4.0
017100046000,,,409,1.0,
017100047000,,,453,1.0,2.0
017100048000,,,0,1.0,1.0
017100049000,,,0,1.0,3.0
017100053000,,,0,1.0,1.0
017100054000,0.0,,0,1.0,3.0
017100060000,,,0,1.0,4.0
017100061000,,,660,1.0,2.0
017100062000,,,508,1.0,2.0
017100063000,,,264,1.0,
017100064000,,,1044,1.0,4.0
017111001000,,,0,1.0,3.0
017111002000,,,0,1.0,3.0
017111003000,400.0,,400,1.0,3.0
017111004000,,,0,1.0,
017111005000,,,0,1.0,
017111006000,1200.0,,360,1.0,3.0
017111007000,,,840,1.0,6.0
017111011000,,,780,1.0,3.0
017111013000,,,768,1.0,3.0
017111014000,300.0,,484,1.0,3.0
017112001000,,,0,1.0,3.0
017112004000,,,0,1.0,3.0
017112006000,,,522,1.0,3.0
017112007000,,,0,1.0,1.0
017112009000,,,0,1.0,2.0
017112010000,600.0,,400,1.0,3.0
017112011000,600.0,,0,1.0,3.0
017112015000,,,0,1.0,3.0
017112017000,1000.0,,403,1.0,4.0
017112018000,,,494,1.0,3.0
017112019000,,,0,1.0,2.0
017112020000,,,717,1.0,3.0
017112021000,,,0,1.0,3.0
017112022000,,,648,1.0,1.0
017112023000,0.0,,294,1.0,2.0
017112024000,600.0,,373,1.0,4.0
017113002000,,,0,1.0,3.0
017113003000,,,0,1.0,2.0
017113004000,1500.0,,0,1.0,2.0
017113005000,,,0,1.0,2.0
017114002000,,,0,1.0,2.0
017114003000,,,0,1.0,3.0
017114004000,,,340,1.0,3.0
017114005000,,,0,1.0,
017114007000,,,0,1.0,
017114009000,,,0,1.0,3.0
017114010000,,,0,1.0,3.0
017114012000,,,543,1.0,3.0
017114013000,,,0,1.0,
017114014000,,,0,1.0,1.0
017114015000,500.0,,0,1.0,2.0
017114016000,,,0,1.0,
017114017000,,,0,1.0,3.0
017114018000,,,0,1.0,2.0
017114019000,,,0,1.0,2.0
017114020000,,,0,1.0,3.0
017114021000,,,0,1.0,3.0
017114022000,,,640,1.0,3.0
017114023000,,,0,1.0,2.0
017114024000,,,484,1.0,4.0
017114025000,,,349,1.0,
017114026000,0.0,,624,1.0,3.0
017114027000,,,0,1.0,3.0
017114028000,500.0,,480,1.0,5.0
017114029000,1000.0,,0,1.0,3.0
017115001000,,,0,1.0,3.0
017115002000,,,0,1.0,2.0
017115004000,,,0,1.0,2.0
017115005000,,,0,1.0,3.0
017115006000,0.0,,264,1.0,3.0
017116003000,0.0,,0,1.0,3.0
017116004000,500.0,,264,1.0,3.0
017116005000,,,0,1.0,2.0
017116006000,,,0,1.0,3.0
017116010000,,,0,1.0,2.0
017116011000,,,0,1.0,3.0
017116012000,1250.0,,0,1.0,3.0
017116013000,650.0,,495,1.0,4.0
017116014000,,,380,1.0,3.0
017116015000,0.0,,480,1.0,3.0
017117001000,,,1127,1.0,3.0
017117002000,550.0,,718,1.0,4.0
017117003000,0.0,,441,1.0,4.0
017117004000,725.0,,564,1.0,3.0
017117007000,,,484,1.0,3.0
017117008000,,,624,1.0,3.0
017117011000,750.0,,567,1.0,4.0
017117012000,800.0,,628,1.0,3.0
017117013000,,,594,1.0,4.0
017120003000,600.0,,0,1.0,2.0
017120004000,684.0,,0,1.0,1.0
017120005000,,,315,1.0,
017120006000,,,352,1.0,3.0
017120007000,720.0,,0,1.0,
017120008000,,,0,1.0,
017120009000,,,0,1.0,1.0
017120010000,,,0,1.0,4.0
017120011000,,,0,1.0,3.0
017120012000,,,0,1.0,2.0
017120013000,,,0,1.0,3.0
017120014000,,,0,1.0,3.0
017120015000,,,0,1.0,1.0
017120017000,,,0,1.0,1.0
017120018000,500.0,,0,1.0,1.0
017120019000,,,0,1.0,
017120020000,,,0,1.0,3.0
017120022000,,,528,1.0,4.0
017120023000,,,0,1.0,3.0
017120024000,900.0,,260,1.0,2.0
017120025000,,,320,1.0,2.0
017120026000,0.0,,0,1.0,2.0
017120033000,,,0,1.0,
017120034000,,,0,1.0,1.0
017120035000,,,540,1.0,2.0
017120036000,,,0,1.0,
017120037000,,,0,1.0,2.0
017120038000,,,0,1.0,2.0
017120039000,,,0,1.0,
017120042000,,,0,1.0,3.0
017120043000,,,0,1.0,3.0
017120056000,,,1172,1.0,2.0
017120057000,800.0,,847,1.0,3.0
017120058000,,,650,1.0,3.0
017120059000,,,703,1.0,4.0
017120060000,,,510,1.0,5.0
017120061000,,,776,1.0,3.0
017120062000,,,714,1.0,
017120064000,,,549,1.0,3.0
017120065000,,,776,1.0,3.0
017120066000,,,0,1.0,3.0
017120067000,,,531,1.0,
017120068000,,,614,1.0,4.0
017120069000,2000.0,,539,1.0,3.0
017120070000,,,671,1.0,
017120072000,1320.0,,601,1.0,4.0
017120073000,,,899,1.0,5.0
017120074000,,,729,1.0,5.0
017120075000,,,828,1.0,5.0
017120077000,700.0,,594,1.0,3.0
017120078000,,,600,1.0,3.0
017120079000,,,884,1.0,
017120080000,,,552,1.0,4.0
017120085000,,,288,1.0,2.0
017120087000,,,0,1.0,1.0
017120089000,750.0,,0,1.0,2.0
017120095000,,,0,1.0,
017120096000,,,401,1.0,3.0
017131001000,0.0,,0,1.0,4.0
017131002000,702.0,,528,1.0,3.0
017131004000,,,0,1.0,3.0
017131006000,,,714,1.0,3.0
017131008000,,,0,1.0,
017131009000,,,0,1.0,2.0
017132001000,1100.0,,473,1.0,2.0
017132002000,750.0,,480,1.0,4.0
017132004000,,,571,1.0,2.0
017132005000,1200.0,,0,1.0,4.0
017132007000,0.0,,0,1.0,3.0
017132008000,500.0,,0,1.0,2.0
017132010000,,,0,1.0,2.0
017132011000,0.0,,0,1.0,3.0
017132013000,550.0,,371,1.0,3.0
017132015000,,,0,1.0,2.0
017132016000,300.0,,616,1.0,2.0
017133001000,300.0,,432,1.0,3.0
017133003000,,,0,1.0,3.0
017133005000,600.0,,220,1.0,4.0
017140003000,,,0,1.0,1.0
017140004000,350.0,,0,1.0,3.0
017140005000,,,0,1.0,1.0
017140007000,,,400,1.0,2.0
017140009000,,,0,1.0,1.0
017140010000,700.0,,0,1.0,3.0
017140011000,,,238,1.0,5.0
017140012000,650.0,,0,1.0,3.0
017140013000,,,0,1.0,2.0
017140014000,,,336,1.0,3.0
017140022000,,,0,1.0,
017140024000,720.0,,576,1.0,3.0
017140025000,,,0,1.0,
017140026000,,,400,1.0,2.0
017140027000,,,0,1.0,3.0
017140028000,,,0,1.0,3.0
017140029000,,,300,1.0,
017140030000,,,0,1.0,3.0
017140031000,,,0,1.0,3.0
017140032000,,,540,1.0,1.0
017140033000,,,448,1.0,1.0
017140034000,,,336,1.0,
017140035000,,,0,1.0,3.0
017140037000,,,396,1.0,2.0
017140038000,,,0,1.0,
017140039000,300.0,,0,1.0,2.0
017140040000,,,0,1.0,2.0
017140041000,,,0,1.0,
017140043000,,,0,1.0,3.0
017140044000,,,0,1.0,3.0
017150028000,1400.0,,576,1.0,4.0
017160009000,,,0,1.0,2.0
017160018000,,,0,1.0,4.0
017160022000,1500.0,,0,1.0,
017160033000,,,662,1.0,2.0
017160034000,,,799,1.0,5.0
017160035000,1000.0,,696,1.0,4.0
017160036000,,,1070,1.0,3.0
017160043000,,,440,1.0,4.0
017160044000,,,479,1.0,4.0
017160045000,,,484,1.0,4.0
017170002000,,,360,1.0,
017170030000,0.0,,904,1.0,2.0
017170031000,,,1202,1.0,4.0
017170032000,,,2001,3.0,
017170033000,,,648,1.0,
017170034000,,,1218,1.0,6.0
017170037000,,,484,1.0,3.0
017170038000,,,484,1.0,4.0
017170039000,,,384,1.0,2.0
017170042000,,,0,1.0,3.0
017170043000,1400.0,,0,1.0,
017170044000,,,0,1.0,4.0
017170047000,,,288,1.0,1.0
017170050000,,,656,1.0,
017181001000,,,0,1.0,2.0
017181003000,1900.0,,0,1.0,5.0
017181011000,,,0,1.0,2.0
017181012000,1000.0,,572,1.0,3.0
017181015000,,,458,1.0,4.0
017181016000,,,0,2.0,
017181017000,,,0,1.0,
017181018000,392.0,,0,1.0,1.0
017181019000,,,604,1.0,4.0
017181020000,,,0,1.0,2.0
017181026000,,,0,1.0,3.0
017181027000,,,540,1.0,2.0
017182003000,,,0,1.0,3.0
017182005000,1100.0,,431,1.0,5.0
017182008000,,,581,1.0,3.0
017182009000,,,0,1.0,2.0
017182010000,,,864,1.0,6.0
017182011000,,,0,1.0,2.0
017182012000,16.0,,360,1.0,2.0
017182013000,0.0,,660,1.0,4.0
017182014000,,,0,1.0,2.0
017182015000,,,676,1.0,1.0
017182017000,,,0,1.0,5.0
017182020000,,,0,1.0,4.0
017182022000,,,690,1.0,3.0
017182023000,,,630,1.0,3.0
017182024000,900.0,,560,1.0,4.0
017182025000,,,484,2.0,3.0
017182027000,,,480,1.0,4.0
017191002000,,,0,1.0,2.0
017191004000,,,0,1.0,2.0
017191007000,,,0,1.0,1.0
017191011000,,,548,1.0,3.0
017191013000,1600.0,,347,1.0,4.0
017191015000,,,0,1.0,1.0
017191016000,,,0,1.0,3.0
017191018000,1100.0,,0,1.0,3.0
017191021000,,,524,1.0,1.0
017192002000,,,0,1.0,3.0
017192004000,,,0,1.0,3.0
017192006000,400.0,,662,1.0,4.0
017192007000,,,0,1.0,1.0
017192008000,,,0,1.0,1.0
017192011000,761.0,,0,1.0,3.0
017192013000,0.0,,816,1.0,5.0
017192014000,0.0,,660,1.0,3.0
017192015000,,,440,1.0,3.0
017192018000,,,598,1.0,3.0
017192019000,,,528,1.0,3.0
017192021000,1200.0,,507,1.0,2.0
017192023000,,,671,1.0,2.0
017200005000,,,0,1.0,3.0
017200006000,,,0,1.0,
017200008000,,,0,1.0,
017200009000,,,784,1.0,3.0
017200010000,,,589,1.0,3.0
017220002000,8200.0,,0,1.0,4.0
017220004000,,,0,1.0,4.0
017220005000,900.0,,623,1.0,4.0
017220006000,,,0,1.0,2.0
017230005000,,,0,1.0,1.0
017230007000,,,0,1.0,3.0
017230009000,287.0,,0,1.0,
017230010000,,,384,1.0,4.0
017230011000,400.0,,0,1.0,2.0
017230012000,700.0,,420,1.0,4.0
017230013000,,,640,1.0,3.0
017230014000,,,0,1.0,2.0
017230015000,,,0,1.0,2.0
017230017000,,,300,1.0,
017230018000,,,357,1.0,2.0
017230021000,,,320,1.0,2.0
017230022000,,,0,1.0,3.0
017230023000,,,0,1.0,3.0
017230024000,,,0,2.0,1.0
017230025000,,,883,1.0,3.0
017230026000,,,0,1.0,2.0
017240002000,2100.0,,336,1.0,4.0
017240003000,189.0,,654,1.0,4.0
017240005000,,,288,1.0,3.0
017240010000,800.0,,0,1.0,3.0
017240011000,,,440,1.0,
017240014000,,,388,1.0,3.0
017240015000,,,0,1.0,3.0
017240016000,,,528,1.0,4.0
017241001000,,,0,1.0,1.0
017241002000,,,0,1.0,2.0
017241003000,,,0,1.0,3.0
017241004000,,,0,1.0,
017241006000,,,0,1.0,2.0
017241007000,600.0,,630,1.0,2.0
017241008000,600.0,,662,1.0,3.0
017241012000,,,0,1.0,4.0
017241013000,,,0,1.0,1.0
017241014000,,,0,1.0,2.0
017241015000,675.0,,0,1.0,3.0
017241016000,300.0,,240,1.0,2.0
017241017000,750.0,,0,1.0,1.0
017241018000,,,0,2.0,
017241019000,,,0,1.0,2.0
017241020000,,,822,2.0,
017241022000,,,328,1.0,4.0
017242001000,,,0,1.0,1.0
017242003000,500.0,,300,1.0,3.0
017242004000,,,0,1.0,3.0
017242005000,,,0,1.0,3.0
017242006000,,,400,1.0,1.0
017242007000,600.0,,0,1.0,2.0
017242008000,,,0,1.0,3.0
017242009000,400.0,,400,1.0,3.0
017242010000,,,210,1.0,1.0
017242011000,,,0,1.0,2.0
017242014000,,,0,1.0,3.0
017242016000,,,0,1.0,2.0
017242017000,0.0,,0,1.0,2.0
017242018000,,,0,1.0,1.0
017242019000,,,261,1.0,2.0
017242020000,,,0,1.0,1.0
017242021000,200.0,,0,1.0,
017242022000,650.0,,0,1.0,3.0
017242023000,,,397,1.0,3.0
017242024000,1200.0,,352,1.0,1.0
017242025000,,,540,1.0,4.0
017242026000,,,0,1.0,
017242027000,,,0,1.0,
017242028000,,,0,1.0,1.0
017242030000,,,480,1.0,
017242032000,,,0,1.0,2.0
017243002000,,,0,1.0,2.0
017243004000,,,350,1.0,2.0
017243005000,,,0,1.0,
017243006000,550.0,,400,1.0,3.0
017243007000,,,0,1.0,3.0
017243009000,,,0,1.0,
017243010000,,,0,1.0,2.0
017243011000,600.0,,0,1.0,3.0
017243012000,0.0,,504,1.0,3.0
017243013000,,,0,1.0,1.0
017243015000,800.0,,0,1.0,3.0
017245001000,,,0,1.0,3.0
017245002000,,,0,1.0,2.0
017245003000,,,0,1.0,
017245004000,725.0,,708,1.0,2.0
017245005000,300.0,,0,1.0,2.0
017245008000,,,0,1.0,
017245009000,,,240,1.0,3.0
017245010000,,,0,1.0,1.0
017246002000,750.0,,280,1.0,3.0
017246003000,900.0,,0,1.0,2.0
017246004000,,,408,1.0,2.0
017246005000,,,352,1.0,3.0
017246006000,,,288,1.0,3.0
017246008000,,,0,1.0,3.0
017246009000,,,0,1.0,
017246010000,,,0,1.0,
017251001000,0.0,,528,1.0,3.0
017251002000,,,0,1.0,5.0
017251003000,,,756,1.0,3.0
017251005000,,,0,1.0,2.0
017251007000,0.0,,0,1.0,3.0
017251008000,,,297,1.0,4.0
017251012000,,,0,1.0,2.0
017251013000,,,528,1.0,3.0
017251014000,,,0,1.0,4.0
017251015000,1350.0,,0,1.0,3.0
017251016000,1700.0,,0,1.0,5.0
017251018000,600.0,,0,1.0,2.0
017251020000,,,0,1.0,5.0
017251021000,,,896,1.0,
017251025000,,,440,1.0,3.0
017251027000,,,0,1.0,
017251028000,,,0,1.0,4.0
017251030000,,,784,1.0,2.0
017251031000,,,900,1.0,3.0
017251032000,,,0,1.0,1.0
017251033000,,,936,1.0,4.0
017252001000,,,369,1.0,3.0
017252002000,,,567,1.0,4.0
017252003000,650.0,,300,1.0,2.0
017252004000,450.0,,482,1.0,3.0
017252008000,,,0,1.0,2.0
017253001000,,,252,1.0,2.0
017253002000,,,528,1.0,3.0
017253004000,,,0,1.0,1.0
017260003000,,,601,1.0,3.0
017260004000,520.0,,380,1.0,2.0
017260007000,,,0,1.0,1.0
017260008000,600.0,,564,1.0,4.0
017260009000,500.0,,576,1.0,3.0
017260010000,,,462,1.0,4.0
017260011000,,,988,1.0,3.0
017260012000,,,660,1.0,3.0
017260014000,600.0,,0,1.0,3.0
017260016000,,,456,1.0,3.0
017260017000,,,0,1.0,3.0
017260019000,,,0,1.0,3.0
017260020000,,,345,1.0,
017260022000,1150.0,,0,1.0,1.0
017260023000,,,0,1.0,
017260024000,868.0,,0,1.0,5.0
017260025000,450.0,,400,1.0,4.0
017260026000,,,0,1.0,3.0
017260028000,1000.0,,397,1.0,3.0
017260029000,,,480,1.0,2.0
017260030000,2250.0,,660,1.0,5.0
017260033000,,,594,1.0,2.0
017260035000,0.0,,520,1.0,4.0
017260036000,,,400,1.0,6.0
017260037000,1650.0,,576,1.0,3.0
017260038000,,,778,1.0,4.0
017260042000,,,490,1.0,4.0
017260046000,,,663,1.0,
017260047000,,,0,1.0,3.0
017260048000,,,0,1.0,2.0
017270005000,0.0,,0,1.0,3.0
017270010000,,,0,1.0,3.0
017270011000,,,591,1.0,5.0
017270012000,,,0,1.0,3.0
017270013000,,,0,1.0,
017270014000,600.0,,975,1.0,3.0
017270015000,,,0,1.0,
017270016000,200.0,,624,1.0,3.0
017270017000,1000.0,,528,1.0,2.0
017270018000,1900.0,,525,1.0,3.0
017270019000,,,0,1.0,
017270020000,,,600,1.0,4.0
017270021000,,,0,1.0,3.0
017270022000,,,0,1.0,
017270023000,,,0,1.0,
017270024000,,,0,1.0,3.0
017270025000,0.0,,576,1.0,2.0
017270030000,2000.0,,0,1.0,4.0
017270031000,600.0,,0,1.0,4.0
017270032000,,,720,1.0,4.0
017270033000,,,672,1.0,5.0
017270035000,,,955,1.0,
017290003000,43.0,,0,1.0,3.0
017290004000,0.0,,392,1.0,3.0
017290005000,,,0,1.0,3.0
017290007000,1000.0,,0,1.0,3.0
017301002000,1000.0,,550,1.0,3.0
017301003000,,,0,1.0,1.0
017301005000,1000.0,,0,1.0,4.0
017301006000,,,0,1.0,2.0
017301007000,,,552,1.0,3.0
017301010000,,,720,1.0,
017301014000,,384.0,615,2.0,
017301017000,432.0,,0,1.0,3.0
017301020000,,,378,1.0,3.0
017301021000,,,0,1.0,2.0
017301022000,,,240,1.0,
017301025000,0.0,,0,1.0,4.0
017301026000,,,0,1.0,3.0
017301028000,500.0,,473,1.0,3.0
017301029000,,,0,1.0,3.0
017301031000,,,576,1.0,4.0
017301032000,,,0,1.0,3.0
017301033000,560.0,,616,1.0,4.0
017301034000,,,616,1.0,3.0
017301037000,,,0,1.0,
017301042000,,,462,1.0,3.0
017301043000,,,586,1.0,3.0
017301044000,,,0,1.0,3.0
017301045000,560.0,,560,1.0,3.0
017301047000,,,0,1.0,3.0
017301049000,,,0,1.0,2.0
017301050000,,,0,1.0,3.0
017301053000,,,615,1.0,1.0
017301055000,,,0,1.0,
017301056000,,,485,1.0,
017301057000,,,504,1.0,3.0
017301058000,,,440,1.0,
017301060000,300.0,,560,1.0,3.0
017301062000,,,0,1.0,3.0
017301063000,,,486,1.0,4.0
017301064000,,,0,1.0,2.0
017301065000,,,800,1.0,4.0
017301066000,500.0,,0,1.0,3.0
017301071000,,,864,1.0,3.0
017301075000,400.0,,380,1.0,4.0
017301078000,434.0,,360,1.0,3.0
017301079000,,,0,1.0,
017310004000,,,0,1.0,2.0
017312002000,,,0,1.0,2.0
017312003000,400.0,,387,1.0,3.0
017312008000,,,0,1.0,2.0
017312009000,,,0,1.0,6.0
017312010000,0.0,,0,1.0,3.0
017312011000,,,0,1.0,2.0
017312012000,,,0,1.0,3.0
017312014000,0.0,,0,1.0,3.0
017312016000,,,0,1.0,3.0
017312018000,,,540,1.0,3.0
017312020000,,,624,1.0,3.0
017313006000,,,224,1.0,2.0
017313008000,,,0,1.0,
017313010000,560.0,,0,1.0,3.0
017313011000,,,250,1.0,2.0
017313012000,,,486,1.0,2.0
017313014000,300.0,,0,1.0,1.0
017313015000,0.0,,0,1.0,2.0
017313016000,686.0,,0,1.0,4.0
017313017000,0.0,,0,1.0,2.0
017313019000,850.0,,0,1.0,2.0
017313021000,,,0,1.0,3.0
017313024000,,,0,1.0,2.0
017314001000,300.0,,0,1.0,3.0
017314002000,,,0,1.0,3.0
017314003000,,,475,1.0,4.0
017314004000,,,0,1.0,2.0
017314006000,,,0,1.0,
017315001000,,,200,1.0,3.0
017315002000,,,360,1.0,3.0
017316001000,,,0,1.0,
017316003000,,,0,1.0,3.0
017316004000,,,668,1.0,
017316005000,364.0,,604,1.0,3.0
017316006000,,,484,1.0,3.0
017316007000,,,0,1.0,5.0
017316008000,,,470,1.0,
017316009000,,,650,1.0,
017316010000,,,410,1.0,
017316013000,,,328,1.0,2.0
017316014000,,,0,1.0,3.0
017316015000,525.0,,0,1.0,2.0
017316017000,,,0,1.0,1.0
017316018000,,,0,1.0,3.0
017317008000,,,0,1.0,
017317009000,,,0,1.0,4.0
017317010000,,,0,1.0,2.0
017317011000,,,400,1.0,2.0
017317014000,,,0,1.0,3.0
017317016000,0.0,,0,1.0,3.0
017317017000,,,0,2.0,
017317019000,232.0,,0,1.0,1.0
017317022000,200.0,,483,1.0,4.0
017317023000,,,554,1.0,3.0
017317024000,,,668,1.0,3.0
017317025000,,,0,1.0,2.0
017317027000,408.0,,0,1.0,2.0
017317031000,,,576,1.0,3.0
017317034000,,,496,1.0,2.0
017317035000,,,0,1.0,4.0
017318002000,,,198,1.0,3.0
017318003000,,,0,1.0,1.0
017320003000,,,567,1.0,3.0
017320010000,0.0,,672,1.0,3.0
017320012000,,,0,1.0,
017320027000,,,0,1.0,1.0
017320028000,0.0,,432,1.0,2.0
017320029000,,,390,1.0,3.0
017320030000,1400.0,,959,1.0,3.0
017320031000,,,0,1.0,4.0
017320032000,,,0,1.0,3.0
017320033000,,,0,1.0,1.0
017320034000,,,0,1.0,2.0
017320037000,,,528,1.0,3.0
017330006000,,,0,1.0,4.0
017330007000,,,578,1.0,1.0
017330010000,1350.0,,0,1.0,3.0
017330014000,700.0,,576,1.0,3.0
017330017000,,,0,1.0,4.0
017330022000,,,0,1.0,2.0
017330023000,,,0,1.0,3.0
017330024000,900.0,,476,1.0,3.0
017330025000,,,0,1.0,
017330030000,600.0,,0,1.0,4.0
017330031000,250.0,,246,1.0,4.0
017330032000,,,0,1.0,
017330033000,,,0,1.0,2.0
017330034000,0.0,,518,1.0,3.0
017330036000,2000.0,,0,1.0,3.0
017330037000,,,0,1.0,
017330039000,,,0,1.0,3.0
017330048000,,,0,1.0,3.0
017330051000,,,864,1.0,3.0
017330052000,358.0,,0,1.0,1.0
017340006000,,,528,1.0,4.0
017340010000,,,0,1.0,3.0
017340011000,,,420,1.0,
017340012000,,,0,1.0,2.0
017340013000,650.0,,0,1.0,4.0
017340014000,,,0,1.0,2.0
017340016000,,,720,1.0,3.0
017340017000,,,0,1.0,3.0
017340018000,,,528,1.0,2.0
017340019000,,,599,1.0,3.0
017340023000,700.0,,396,1.0,3.0
017340026000,,,0,1.0,
017340029000,,,0,1.0,4.0
017340032000,,,1146,1.0,3.0
017340033000,,,528,1.0,2.0
017340034000,,,210,1.0,0.0
017350003000,,,0,1.0,2.0
017350007000,,,864,1.0,3.0
017350008000,816.0,,0,1.0,3.0
017350009000,0.0,,0,1.0,4.0
017350010000,,,520,1.0,3.0
017350011000,,,576,1.0,
017350012000,,,484,1.0,2.0
017371004000,,,1060,1.0,4.0
017371006000,1300.0,,0,1.0,3.0
017371008000,,,0,1.0,4.0
017371010000,1400.0,,728,1.0,6.0
017371012000,,,768,1.0,3.0
017371013000,,,0,1.0,
017371014000,,,650,1.0,5.0
017371015000,,,0,1.0,3.0
017371016000,,,0,1.0,4.0
017371017000,2300.0,,732,1.0,4.0
017371018000,,,576,1.0,3.0
017371019000,,,0,1.0,3.0
017371020000,0.0,,677,1.0,6.0
017371021000,,,607,1.0,
017371023000,,,676,1.0,4.0
017371024000,,,1184,1.0,4.0
017371026000,,,640,1.0,4.0
017372002000,,,0,1.0,3.0
017372004000,0.0,,0,1.0,2.0
017372006000,,,0,1.0,
017372007000,1700.0,,783,1.0,3.0
017372008000,,,0,1.0,3.0
017372009000,,,0,1.0,
017372013000,,,675,1.0,3.0
017372014000,,,384,1.0,2.0
017372017000,,,0,1.0,2.0
017373004000,,,809,2.0,
017373007000,350.0,,0,1.0,1.0
017373008000,,,666,1.0,3.0
017373009000,,,560,1.0,4.0
017373010000,,,0,1.0,3.0
017373011000,0.0,,617,1.0,3.0
017381002000,,,0,1.0,4.0
017381003000,600.0,,624,1.0,4.0
017381005000,,,0,1.0,3.0
017381007000,,,464,1.0,3.0
017381008000,,,676,1.0,
017381009000,,,576,1.0,3.0
017381010000,,,0,1.0,2.0
017381011000,,,484,1.0,
017381012000,,,0,1.0,4.0
017381013000,1000.0,,352,1.0,4.0
017381014000,,,0,1.0,
017381016000,1400.0,,0,1.0,3.0
017381017000,,,528,1.0,2.0
017381019000,1000.0,,520,1.0,4.0
017381020000,,,624,1.0,4.0
017381021000,,,528,1.0,4.0
017381023000,,,528,1.0,2.0
017381024000,,,725,1.0,6.0
017381025000,,,528,1.0,3.0
017381026000,600.0,,1152,1.0,3.0
017383005000,,,624,1.0,2.0
017383010000,,,0,1.0,
017383011000,,,0,1.0,4.0
017383012000,0.0,,400,1.0,3.0
017383014000,,,0,1.0,1.0
017383015000,,,630,1.0,3.0
017383017000,,,0,1.0,3.0
017383019000,300.0,,525,1.0,3.0
017383020000,,,720,1.0,4.0
017390003000,,,0,1.0,3.0
017390004000,,,858,1.0,5.0
017390006000,2000.0,,622,1.0,4.0
017390007000,,,0,,3.0
017390008000,,,0,1.0,4.0
017390009000,1600.0,,0,1.0,3.0
017390010000,0.0,,798,1.0,4.0
017390013000,,,0,1.0,4.0
017390014000,,,664,1.0,
017390015000,,,616,1.0,3.0
017400002000,609.0,,764,1.0,2.0
017400003000,,,0,1.0,4.0
017400007000,,,1423,1.0,
017400012000,,,576,1.0,3.0
017400013000,0.0,,484,1.0,4.0
017400016000,,,528,1.0,3.0
017400017000,300.0,,869,1.0,3.0
017410003000,,780.0,992,1.0,4.0
017410004000,,,693,1.0,3.0
017410005000,,,0,1.0,4.0
017410006000,,,548,1.0,3.0
017410008000,,,1024,1.0,
017410009000,,,728,1.0,4.0
017410010000,422.0,,676,1.0,3.0
017420001000,,,0,1.0,1.0
017420002000,,,0,1.0,1.0
017420003000,,,0,1.0,
017420005000,,,0,1.0,3.0
017420007000,,,0,1.0,2.0
017420009000,,,0,1.0,1.0
017420010000,,,0,1.0,
017420011000,,,0,1.0,2.0
017420012000,,,0,1.0,3.0
017420013000,,,0,1.0,3.0
017420014000,,,0,1.0,2.0
017420016000,,,0,1.0,2.0
017420017000,465.0,,0,1.0,3.0
017420018000,,,0,1.0,3.0
017420019000,,,0,1.0,2.0
017420020000,,,0,1.0,1.0
017420021000,,,0,1.0,2.0
017420022000,,,0,1.0,1.0
017420023000,,,0,1.0,
017420024000,360.0,,0,1.0,2.0
017420025000,,,690,1.0,3.0
017420026000,,,0,1.0,3.0
017420027000,,,0,1.0,1.0
017420028000,,,0,1.0,3.0
017420029000,750.0,,550,1.0,5.0
017420030000,,,0,1.0,
017420032000,,,672,1.0,2.0
017420033000,,,1063,1.0,
017430001000,750.0,,572,1.0,1.0
017430003000,,,480,1.0,2.0
017430004000,,,0,1.0,
017430005000,,,0,1.0,1.0
017430006000,,,336,1.0,1.0
017430007000,,,0,1.0,
017430008000,,,0,1.0,1.0
017430010000,,,0,1.0,2.0
017430011000,,,0,1.0,4.0
017430013000,,,456,1.0,4.0
017440003000,0.0,,384,1.0,3.0
017440004000,,,480,1.0,
017440005000,,,0,1.0,
017440008000,600.0,,528,1.0,3.0
017440009000,,,638,1.0,2.0
017440010000,,,644,1.0,3.0
017440014000,,,588,1.0,4.0
017440015000,,,352,1.0,
017450001000,,,200,1.0,2.0
017450002000,,,364,1.0,2.0
017450003000,,,200,1.0,2.0
017450004000,,,364,1.0,2.0
017450005000,,,0,1.0,2.0
017450006000,,,0,1.0,2.0
017450007000,,,0,1.0,3.0
017450008000,,,196,1.0,2.0
017450010000,,,200,1.0,2.0
017450011000,,,0,1.0,2.0
017450012000,,,200,1.0,2.0
017450013000,,,200,1.0,3.0
017450014000,,,200,1.0,
017450015000,,,0,1.0,3.0
017450016000,,,200,1.0,3.0
017450017000,,,0,1.0,3.0
017450018000,,,200,1.0,2.0
017450019000,,,200,1.0,2.0
017450020000,,,200,1.0,2.0
017450021000,,,200,1.0,3.0
017450022000,,,200,1.0,3.0
017450023000,,,0,1.0,2.0
017450024000,,,0,1.0,2.0
017450025000,,,200,1.0,3.0
017450026000,,,200,1.0,3.0
017450027000,,,200,1.0,2.0
017450028000,,,200,1.0,3.0
017450029000,,,0,1.0,3.0
017450030000,,,200,1.0,3.0
017450031000,,,200,1.0,
017450032000,,,200,1.0,2.0
017450033000,,,200,1.0,2.0
017450034000,,,0,1.0,2.0
017450035000,,,200,1.0,2.0
017460002000,,,0,1.0,
017460005000,,,0,1.0,1.0
017460008000,,,0,1.0,1.0
017460009000,,,0,1.0,1.0
017460010000,,,0,1.0,0.0
017460011000,,,0,1.0,1.0
017460014000,,,0,1.0,1.0
017460015000,,,0,1.0,1.0
017460017000,,,0,1.0,1.0
017460023000,,,0,1.0,
017460024000,,,0,1.0,1.0
017460025000,,,0,1.0,1.0
017460027000,,,0,1.0,1.0
017460029000,,,0,1.0,2.0
017460030000,,,0,1.0,2.0
017460031000,,,0,1.0,2.0
017460032000,,,0,1.0,2.0
017460033000,48.0,,0,1.0,2.0
017460042000,,,0,1.0,1.0
017460043000,,,0,1.0,1.0
017460044000,,,0,,
017460045000,,,0,,
017470003000,,,0,1.0,1.0
017470004000,,,0,1.0,1.0
017470005000,,,0,1.0,0.0
017470008000,,,0,1.0,1.0
017470009000,,,0,1.0,1.0
017470010000,,,0,1.0,1.0
017470011000,,,0,1.0,1.0
017470012000,,,0,1.0,1.0
017470015000,,,0,1.0,1.0
017470018000,,,0,1.0,1.0
017470020000,,,0,1.0,1.0
017470022000,,,0,1.0,1.0
017470023000,,,0,1.0,1.0
017470026000,,,0,1.0,1.0
017470027000,,,0,1.0,1.0
017470028000,,,0,1.0,1.0
017470029000,,,0,1.0,1.0
017470030000,,,0,1.0,1.0
017470031000,,,0,1.0,1.0
017470032000,,,0,1.0,1.0
017470033000,,,0,1.0,2.0
017470034000,,,0,1.0,2.0
017480003000,900.0,,576,1.0,5.0
017480005000,800.0,,0,1.0,4.0
017480008000,,,528,1.0,4.0
017480009000,,,400,1.0,4.0
017480010000,,,528,1.0,1.0
017480011000,0.0,,490,1.0,3.0
017480012000,,,530,1.0,3.0
017480014000,0.0,,391,1.0,3.0
017490001000,,,0,1.0,1.0
017490002000,,,0,1.0,1.0
017490003000,,,0,1.0,1.0
017490004000,,,0,1.0,1.0
017490005000,,,0,1.0,1.0
017490006000,,,0,1.0,1.0
017490007000,,,0,1.0,1.0
017490008000,,,0,1.0,1.0
017490009000,,,0,1.0,1.0
017490010000,400.0,,0,1.0,1.0
017490011000,,,0,1.0,1.0
017490012000,,,0,1.0,1.0
017490013000,,,0,1.0,1.0
017490014000,,,0,1.0,1.0
017490015000,,,0,1.0,1.0
017490016000,,,0,1.0,1.0
017490017000,,,0,1.0,1.0
017490018000,,,0,1.0,1.0
017490019000,,,0,1.0,3.0
017490020000,,,0,1.0,1.0
017490021000,,,0,1.0,1.0
017490022000,,,0,1.0,1.0
017490023000,,,0,1.0,1.0
017490024000,,,0,1.0,1.0
017490025000,,,0,1.0,1.0
017490026000,,,0,1.0,1.0
017490027000,,,0,1.0,1.0
017490028000,,,0,1.0,1.0
017490029000,,,0,1.0,1.0
017490030000,,,0,1.0,1.0
017490031000,,,0,1.0,1.0
017490032000,,,0,1.0,1.0
017490033000,,,0,1.0,1.0
017490034000,,,0,1.0,1.0
017490035000,,,0,1.0,1.0
017490036000,,,0,1.0,1.0
017500005000,,,896,1.0,5.0
017500006000,,,757,1.0,4.0
017500010000,1200.0,,736,1.0,4.0
017500020000,,,568,1.0,4.0
017510002000,0.0,,756,1.0,4.0
017510009000,,,646,1.0,3.0
017510013000,,,1013,1.0,4.0
017510014000,,,672,1.0,3.0
017510015000,,,875,1.0,4.0
017510016000,900.0,,568,1.0,3.0
017520007000,,,568,1.0,4.0
017520008000,,,777,1.0,
017520009000,,,600,1.0,4.0
017520015000,,,672,1.0,3.0
017520028000,800.0,,1171,1.0,5.0
017520029000,800.0,,602,1.0,3.0
017530004000,,,667,1.0,
017530006000,,,884,1.0,
017530008000,,,768,1.0,3.0
017530011000,,,708,1.0,3.0
018021002000,,,594,1.0,3.0
018021003000,,,624,1.0,
018021008000,,,628,1.0,
018021012000,,,570,1.0,
018021013000,,,545,1.0,
018021014000,,,624,1.0,
018021017000,,,538,1.0,3.0
018021018000,,,680,1.0,
018021020000,,,650,1.0,
018021021000,,,618,1.0,4.0
018021022000,,,519,1.0,
018021023000,,,588,1.0,
018021025000,,,616,1.0,
018021027000,,,690,1.0,4.0
018021029000,,,713,1.0,4.0
018021032000,,,534,1.0,
018021034000,,,663,1.0,3.0
018021035000,,,689,1.0,4.0
018021038000,,,484,1.0,
018031004000,,,524,1.0,
018031005000,,,598,1.0,3.0
018031006000,400.0,,555,1.0,4.0
018031011000,,,562,1.0,
018031012000,,,531,1.0,
018031015000,,,620,1.0,
018031016000,,,537,1.0,3.0
018031017000,,533.0,620,2.0,
018031018000,,,552,1.0,4.0
018031019000,,,593,1.0,
018031021000,,,607,1.0,3.0
018031023000,,,522,1.0,3.0
018031025000,,,616,1.0,3.0
018031029000,,,582,1.0,3.0
018031032000,,,563,1.0,3.0
018031033000,,,586,1.0,
018031034000,,,576,1.0,4.0
018031035000,,,562,1.0,
018031039000,,,590,1.0,4.0
018031040000,,,892,1.0,
018031041000,,,649,1.0,
018031042000,,,528,1.0,
018031045000,,,528,1.0,
018031046000,,,0,1.0,
018170021000,,,774,1.0,3.0
018170022000,,,487,1.0,3.0
018170023000,,,487,1.0,
018170024000,,,774,1.0,3.0
018170025000,,,714,1.0,3.0
018170026000,,,714,1.0,3.0
018170027000,,,564,1.0,3.0
018190003000,,,440,1.0,3.0
018190008000,,,1080,1.0,3.0
018300001000,,,684,1.0,2.0
018300005000,400.0,,308,1.0,3.0
018300006000,,,0,1.0,4.0
018300007000,,,470,1.0,3.0
018300010000,,,0,1.0,3.0
018300012000,1800.0,,968,1.0,4.0
018300015000,,,0,1.0,2.0
018300017000,,,835,1.0,2.0
018300018000,,,0,1.0,5.0
018300020000,1150.0,,528,1.0,3.0
018300022000,450.0,,0,1.0,3.0
018300026000,,,480,1.0,3.0
018300029000,,,576,1.0,4.0
018300035000,1008.0,,624,1.0,5.0
018310003000,,,480,1.0,3.0
018310007000,360.0,,264,1.0,3.0
018310008000,,,0,1.0,1.0
018310009000,,,0,1.0,2.0
018310010000,70.0,,0,1.0,2.0
018310011000,975.0,,0,1.0,2.0
018310012000,,,0,1.0,3.0
018310014000,,,0,1.0,3.0
018310015000,1500.0,,336,1.0,3.0
018310016000,,,0,1.0,4.0
018310017000,,,528,2.0,
018310018000,0.0,,477,1.0,3.0
018310019000,600.0,,768,1.0,4.0
018310020000,450.0,,451,1.0,2.0
018310022000,,,0,1.0,2.0
018310026000,,,0,1.0,1.0
018310027000,0.0,,576,1.0,3.0
018310029000,700.0,,528,1.0,4.0
018310030000,800.0,,0,1.0,2.0
018310036000,,,960,1.0,2.0
018310037000,,,0,1.0,1.0
018310038000,500.0,,0,1.0,3.0
018310040000,,,0,1.0,2.0
018310041000,,,440,1.0,3.0
018310042000,700.0,,0,1.0,1.0
018310043000,1200.0,,0,1.0,4.0
018310044000,,,390,1.0,2.0
018310046000,,,517,1.0,4.0
018320064000,,,225,1.0,3.0
018350007000,564.0,,518,1.0,4.0
018350016000,600.0,,560,1.0,3.0
018350017000,,,456,1.0,3.0
018351001000,,,0,1.0,1.0
018351002000,,,0,1.0,
018351005000,1600.0,,484,1.0,4.0
018351006000,,,0,1.0,1.0
018351007000,,,0,1.0,3.0
018351009000,,,432,1.0,3.0
018351010000,1000.0,,0,1.0,4.0
018352001000,650.0,,400,1.0,3.0
018352005000,0.0,,516,1.0,1.0
018352006000,,,495,1.0,4.0
018352007000,925.0,,638,1.0,3.0
018352013000,750.0,,896,1.0,2.0
018352014000,,,700,1.0,
018352015000,3850.0,,768,1.0,
018352016000,,,744,1.0,
018352018000,,,576,1.0,3.0
018352019000,,,576,1.0,
018352021000,,,480,1.0,2.0
018352022000,0.0,,506,1.0,3.0
018352023000,,,400,1.0,4.0
018352024000,1007.0,,400,1.0,3.0
018352025000,,,400,1.0,3.0
018352026000,,,600,1.0,3.0
018352029000,2000.0,,480,1.0,3.0
018352033000,1300.0,,200,1.0,4.0
018352035000,,,285,1.0,2.0
018361002000,,,306,1.0,2.0
018361004000,800.0,,623,1.0,2.0
018361005000,350.0,,336,1.0,2.0
018361006000,600.0,,0,1.0,4.0
018361007000,0.0,,613,1.0,3.0
018361008000,,,0,1.0,2.0
018361009000,800.0,,416,1.0,3.0
018361010000,810.0,,0,1.0,2.0
018361011000,,,0,1.0,1.0
018361012000,,,0,1.0,1.0
018361013000,,,0,1.0,3.0
018361014000,,,0,2.0,
018361015000,300.0,,480,1.0,3.0
018361016000,,,480,1.0,2.0
018361017000,,,0,1.0,4.0
018361018000,,,615,1.0,3.0
018361020000,700.0,,247,1.0,5.0
018361021000,0.0,,455,1.0,2.0
018361022000,600.0,,0,1.0,4.0
018362001000,,,0,1.0,2.0
018362002000,600.0,,460,1.0,3.0
018362004000,,,480,1.0,
018362006000,,,1370,1.0,
018362007000,,,528,1.0,3.0
018362008000,0.0,,352,1.0,3.0
018362009000,1600.0,,675,1.0,2.0
018362010000,,,0,1.0,
018362011000,,,0,1.0,4.0
018362012000,,,0,1.0,
018362013000,,,0,1.0,2.0
018362014000,,,612,1.0,3.0
018362015000,0.0,,0,1.0,2.0
018363001000,329.0,,307,1.0,5.0
018363003000,0.0,,0,1.0,6.0
018363004000,,,0,1.0,2.0
018363005000,,,400,1.0,3.0
018363006000,,,0,1.0,4.0
018363007000,,,0,1.0,2.0
018363008000,,,0,1.0,1.0
018363009000,,,0,1.0,
018363010000,,,336,1.0,2.0
018363011000,,,385,1.0,
018363015000,1000.0,,480,1.0,3.0
018363017000,,,0,1.0,3.0
018363018000,,,0,1.0,4.0
018363020000,,,0,1.0,5.0
018363021000,1700.0,,0,1.0,1.0
018363022000,,,0,1.0,6.0
018363023000,0.0,,559,1.0,3.0
018363024000,700.0,,400,1.0,3.0
018364001000,1600.0,,717,1.0,3.0
018364003000,900.0,,576,1.0,3.0
018364004000,,,517,1.0,3.0
018364012000,1100.0,,429,1.0,4.0
018364013000,,,480,1.0,5.0
018364014000,,,528,1.0,3.0
018364015000,1700.0,,363,1.0,4.0
018364016000,0.0,,528,1.0,3.0
018364018000,1000.0,,0,1.0,3.0
018364019000,1300.0,,528,1.0,4.0
018364021000,400.0,,480,1.0,3.0
018364022000,2100.0,,640,1.0,3.0
018371001000,,,528,1.0,
018371002000,,,0,1.0,3.0
018371003000,,,0,2.0,
018371004000,,,0,1.0,3.0
018371006000,,,624,1.0,
018371007000,,,0,1.0,2.0
018371009000,,,480,1.0,2.0
018371012000,,,540,1.0,5.0
018371013000,400.0,,0,1.0,3.0
018371014000,,,0,1.0,3.0
018371016000,,,0,1.0,3.0
018372001000,,,0,1.0,3.0
018372006000,,,598,1.0,1.0
018372009000,,,770,1.0,3.0
018372012000,0.0,,1040,1.0,4.0
018372013000,,,0,1.0,2.0
018372014000,600.0,,431,1.0,2.0
018372016000,,,410,1.0,3.0
018372017000,,744.0,0,2.0,2.0
018372019000,,,582,1.0,3.0
018372020000,300.0,,0,1.0,3.0
018372021000,,,484,1.0,2.0
018372022000,300.0,,878,1.0,3.0
018372023000,650.0,,0,1.0,3.0
018372024000,,,303,1.0,3.0
018372025000,,,0,1.0,4.0
018372027000,,,0,1.0,2.0
018372030000,,,0,1.0,2.0
018372031000,,,0,1.0,3.0
018372033000,,,0,1.0,3.0
018372034000,,,0,1.0,2.0
018372035000,850.0,,0,1.0,3.0
018372037000,,,0,1.0,2.0
018372038000,,,495,1.0,3.0
018372041000,1000.0,,616,1.0,3.0
018372042000,600.0,,614,1.0,4.0
018373001000,,,0,1.0,2.0
018373003000,1500.0,,384,1.0,3.0
018373005000,,,840,1.0,4.0
018373006000,,,0,1.0,4.0
018373007000,,,0,1.0,4.0
018374001000,4700.0,,1220,1.0,2.0
018374002000,,,0,3.0,6.0
018374003000,,,0,1.0,1.0
018374004000,,,0,1.0,3.0
018374005000,,,0,1.0,3.0
018374006000,0.0,,528,1.0,3.0
018374007000,,,480,1.0,2.0
018374008000,600.0,,0,1.0,2.0
018374010000,200.0,,270,1.0,2.0
018374011000,,,0,1.0,3.0
018374013000,950.0,,372,1.0,3.0
018374014000,,,0,1.0,2.0
018374015000,,,0,1.0,1.0
018374016000,,472.0,0,2.0,3.0
018374017000,,,0,1.0,3.0
018374023000,,,720,1.0,3.0
018374024000,6700.0,,603,1.0,
018374025000,,,0,1.0,4.0
018374026000,,,548,1.0,3.0
018374027000,1000.0,,700,1.0,3.0
018375002000,,,0,1.0,
018375003000,,,0,1.0,2.0
018375004000,,,0,1.0,3.0
018375005000,,,0,1.0,4.0
018375006000,,,0,1.0,2.0
018375007000,,,768,1.0,2.0
018375008000,,,0,1.0,
018381001000,,,1847,1.0,
018381002000,,,460,1.0,
018381003000,0.0,,0,1.0,1.0
018381004000,,,528,1.0,5.0
018381006000,,,550,1.0,2.0
018381009000,600.0,,445,1.0,3.0
018381011000,,,462,1.0,2.0
018382003000,900.0,,400,1.0,3.0
018382004000,600.0,,0,1.0,3.0
018382005000,,,0,1.0,1.0
018382007000,,,600,1.0,3.0
018382008000,1600.0,,432,1.0,3.0
018382011000,0.0,,429,1.0,3.0
018382012000,800.0,,336,1.0,2.0
018382013000,450.0,,480,1.0,2.0
018382014000,,,700,1.0,3.0
018382019000,1800.0,,1116,1.0,3.0
018382020000,,,512,1.0,3.0
018382023000,,,720,1.0,3.0
018382024000,600.0,,0,1.0,2.0
018382025000,,,0,1.0,2.0
018382026000,,,872,1.0,3.0
018383007000,,,462,1.0,4.0
018383009000,,,0,1.0,3.0
018383010000,300.0,,0,1.0,2.0
018383011000,0.0,,234,1.0,3.0
018383012000,,,0,1.0,3.0
018383013000,,,481,1.0,3.0
018383015000,,,0,1.0,3.0
018383016000,,,0,1.0,
018383018000,450.0,,0,1.0,2.0
018383019000,,,0,1.0,3.0
018383020000,,,0,1.0,2.0
018383021000,1100.0,,429,1.0,3.0
018383022000,,,0,1.0,3.0
018383024000,,,931,1.0,3.0
018383026000,550.0,,0,1.0,3.0
018383027000,500.0,,143,1.0,2.0
018383028000,,,0,1.0,
018383029000,,,0,1.0,2.0
018383030000,,,612,1.0,3.0
018383031000,,,0,1.0,
018383033000,950.0,,678,1.0,2.0
018383034000,,,662,1.0,
018383035000,750.0,,518,1.0,3.0
018383036000,0.0,,0,1.0,2.0
018383037000,182.0,,0,1.0,1.0
018383038000,,,0,1.0,1.0
018383042000,,,588,1.0,
018384001000,,,0,1.0,2.0
018384003000,,,624,1.0,5.0
018384004000,,,0,1.0,4.0
018384006000,,,552,1.0,3.0
018384007000,300.0,,0,1.0,3.0
018384008000,,,0,1.0,3.0
018384009000,,,481,1.0,3.0
018384010000,,,0,1.0,2.0
018384012000,,,517,1.0,
018384013000,600.0,,0,1.0,2.0
018384014000,200.0,,0,1.0,
018384015000,,,516,1.0,
018384016000,400.0,,0,1.0,2.0
018384017000,,,240,1.0,3.0
018384018000,1100.0,,676,1.0,3.0
018384020000,200.0,,0,1.0,2.0
018384021000,,,0,1.0,3.0
018384022000,,,0,1.0,2.0
018384023000,,,0,1.0,2.0
018384024000,0.0,,0,1.0,2.0
018384025000,400.0,,0,1.0,2.0
018384026000,350.0,,0,1.0,2.0
018384028000,,,280,1.0,3.0
018384030000,,,0,1.0,1.0
018384031000,800.0,,480,1.0,2.0
018384032000,,,0,1.0,2.0
018384033000,,,0,1.0,3.0
018384034000,,,0,1.0,3.0
018390003000,,,0,1.0,3.0
018390005000,144.0,,592,1.0,3.0
018390006000,,,0,1.0,
018390008000,,,616,1.0,3.0
018390011000,,,417,1.0,3.0
018390012000,,,0,1.0,2.0
018390016000,,,600,1.0,4.0
018390017000,,,0,1.0,2.0
018390018000,275.0,,348,1.0,5.0
018390019000,,,0,1.0,2.0
018390021000,,,883,1.0,
018390023000,,,672,1.0,4.0
018390024000,,840.0,0,3.0,2.0
018390025000,550.0,,0,1.0,2.0
018390027000,,,476,1.0,
018390029000,,,935,2.0,
018400002000,,,156,1.0,2.0
018400003000,,,476,1.0,2.0
018400004000,,,0,1.0,5.0
018400005000,2150.0,,180,1.0,6.0
018400007000,1100.0,,672,1.0,3.0
018400008000,,,563,1.0,4.0
018400009000,1250.0,,615,1.0,4.0
018400010000,1700.0,,840,1.0,3.0
018400011000,800.0,,418,1.0,2.0
018400015000,1250.0,,0,1.0,3.0
018400019000,325.0,,312,1.0,2.0
018400020000,0.0,,360,1.0,3.0
018400021000,750.0,,0,1.0,4.0
018400022000,,,396,1.0,4.0
018400023000,,,396,1.0,4.0
018400024000,,,312,1.0,2.0
018400028000,700.0,,538,1.0,2.0
018400029000,300.0,,468,1.0,3.0
018400031000,,,0,1.0,1.0
018400032000,250.0,,1057,1.0,4.0
018400033000,550.0,,400,1.0,3.0
018400035000,,,576,1.0,3.0
018400036000,,,0,1.0,3.0
018400037000,480.0,,400,1.0,
018400038000,400.0,,188,1.0,3.0
018400039000,0.0,,1176,1.0,4.0
018400040000,650.0,,476,1.0,1.0
018400041000,400.0,,0,1.0,3.0
018400042000,300.0,,0,1.0,3.0
018400043000,,,0,1.0,2.0
018400044000,,,480,1.0,1.0
018500035000,,,528,1.0,2.0
018500048000,,,0,1.0,
018500049000,,,0,1.0,
018500055000,,,364,1.0,3.0
018500056000,,,0,1.0,1.0
018500058000,,,0,1.0,
018500059000,,,0,1.0,
018500061000,,,0,1.0,
018500062000,,,0,1.0,
018500063000,,,0,1.0,
018511002000,,,0,1.0,
018511003000,650.0,,275,1.0,3.0
018511009000,1500.0,,932,1.0,3.0
018511010000,650.0,,480,1.0,2.0
018511011000,,,0,1.0,5.0
018511013000,,,0,1.0,3.0
018511015000,,,0,1.0,2.0
018511016000,,,0,1.0,2.0
018511017000,,,0,1.0,
018512003000,0.0,,484,1.0,3.0
018512004000,,,0,1.0,2.0
018512005000,550.0,,0,1.0,2.0
018512006000,,,968,1.0,3.0
018512010000,,,480,1.0,5.0
018512011000,0.0,,0,1.0,3.0
018512013000,1352.0,,528,1.0,3.0
018512017000,650.0,,720,1.0,4.0
018512018000,,,1094,1.0,2.0
018512019000,1150.0,,460,1.0,4.0
018512020000,,,0,1.0,3.0
018512021000,,,440,1.0,4.0
018512022000,,,410,1.0,3.0
018512023000,600.0,,0,1.0,3.0
018512024000,600.0,,400,1.0,2.0
018512025000,307.0,,0,1.0,2.0
018512026000,,,489,1.0,3.0
018513001000,0.0,,484,1.0,3.0
018513003000,600.0,,728,1.0,3.0
018513006000,,,0,1.0,
018513007000,1200.0,,624,1.0,3.0
018514001000,,,506,1.0,5.0
018514002000,,,0,1.0,2.0
018514004000,500.0,,0,1.0,2.0
018514005000,,,440,1.0,3.0
018514007000,0.0,,2130,1.0,3.0
018514008000,,,0,1.0,3.0
018514009000,,,528,1.0,3.0
018514010000,,,0,1.0,2.0
018514011000,,,528,1.0,3.0
018520002000,750.0,,616,1.0,3.0
018520003000,1200.0,,484,1.0,3.0
018520005000,0.0,,479,1.0,3.0
018520006000,,,180,1.0,3.0
018520007000,550.0,,400,1.0,1.0
018520008000,600.0,,403,1.0,2.0
018520009000,,,660,1.0,4.0
018520010000,,,620,1.0,3.0
018520011000,600.0,,594,1.0,3.0
018520012000,,,0,1.0,3.0
018520015000,,,0,1.0,3.0
018520016000,2000.0,,880,1.0,3.0
018520017000,,,484,1.0,3.0
018520018000,0.0,,0,1.0,3.0
018520019000,0.0,,0,1.0,3.0
018520021000,1000.0,,480,1.0,2.0
018520022000,225.0,,0,1.0,1.0
018520023000,0.0,,336,1.0,2.0
018520024000,800.0,,594,1.0,4.0
018520025000,,,520,1.0,3.0
018520026000,0.0,,533,1.0,3.0
018520027000,,,0,1.0,2.0
018520028000,800.0,,546,1.0,3.0
018520030000,400.0,,484,1.0,3.0
018520031000,0.0,,0,1.0,4.0
018520032000,708.0,,500,1.0,3.0
018520035000,,,672,1.0,3.0
018520036000,550.0,,0,1.0,2.0
018520037000,,,404,1.0,3.0
018520038000,1275.0,,520,1.0,3.0
018520039000,,,0,1.0,3.0
018520040000,,,573,1.0,
018520042000,,,0,1.0,2.0
018520045000,,,0,1.0,
018520046000,,,0,1.0,4.0
018520047000,,,429,1.0,
018520048000,,,612,1.0,3.0
018520049000,,,612,1.0,5.0
018520057000,500.0,,0,1.0,1.0
018520059000,,,484,1.0,4.0
018520061000,,,0,1.0,3.0
018531002000,1500.0,,484,1.0,2.0
018532003000,,,770,1.0,3.0
018533001000,,,0,1.0,2.0
018533002000,,,0,1.0,2.0
018534002000,1050.0,,0,1.0,2.0
018534004000,850.0,,0,1.0,2.0
018534005000,800.0,,517,1.0,3.0
018534008000,,,420,1.0,4.0
018534009000,0.0,,480,1.0,3.0
018534011000,,,528,1.0,3.0
018534017000,,,624,1.0,4.0
018534019000,,,425,1.0,3.0
018534023000,480.0,,434,1.0,3.0
018534024000,,,484,1.0,3.0
018534025000,,,0,1.0,3.0
018534027000,,,576,1.0,4.0
018540002000,,,0,1.0,2.0
018540003000,,,440,1.0,3.0
018540004000,,,0,1.0,2.0
018540005000,0.0,,576,1.0,2.0
018540006000,,,0,1.0,2.0
018540007000,1000.0,,0,1.0,3.0
018540008000,,,0,1.0,2.0
018540010000,900.0,,264,1.0,3.0
018540011000,800.0,,384,1.0,3.0
018540012000,800.0,,400,1.0,3.0
018540013000,,,0,1.0,2.0
018540014000,1100.0,,0,1.0,3.0
018540015000,,,546,1.0,3.0
018540016000,,,504,1.0,2.0
018540017000,3800.0,,0,1.0,5.0
018540019000,,,0,1.0,
018540020000,,,480,1.0,3.0
018540022000,250.0,,0,1.0,2.0
018540023000,,,712,1.0,3.0
018540024000,,,616,1.0,
018540025000,,,728,1.0,3.0
018540026000,1300.0,,0,1.0,3.0
018540027000,,,480,1.0,3.0
018540028000,1000.0,,320,1.0,3.0
018540029000,700.0,,484,1.0,4.0
018540030000,,,0,1.0,2.0
018540031000,700.0,,0,1.0,3.0
018540033000,129.0,,0,1.0,1.0
018540035000,,,0,1.0,4.0
018540036000,,,0,1.0,3.0
018540039000,,,576,1.0,3.0
018540040000,,,576,1.0,3.0
018540041000,,,576,1.0,3.0
018540042000,,,576,1.0,3.0
018540043000,,,576,1.0,3.0
018550004000,,,0,1.0,3.0
018550018000,,,0,1.0,2.0
018550019000,1150.0,,384,1.0,2.0
018550026000,,,765,1.0,4.0
018550027000,,,432,1.0,2.0
018550033000,,,0,1.0,4.0
018550036000,0.0,,552,1.0,3.0
018550037000,3400.0,,432,1.0,3.0
018550038000,2200.0,,0,1.0,5.0
018560021000,,,0,1.0,
018570024000,,,0,1.0,
018570037000,,,0,1.0,
018570060000,,,816,1.0,4.0
018570065000,,,0,,
018580001000,,,534,1.0,
018580002000,,,500,1.0,3.0
018580003000,,,0,1.0,3.0
018580005000,0.0,,720,1.0,3.0
018580006000,1000.0,,504,1.0,3.0
018580007000,0.0,,576,1.0,4.0
018580008000,600.0,,585,1.0,3.0
018580009000,800.0,,550,1.0,3.0
018580010000,400.0,,0,1.0,3.0
018580011000,1800.0,,744,1.0,3.0
018580014000,,,0,1.0,3.0
018580015000,600.0,,1062,1.0,4.0
018580017000,850.0,,337,1.0,4.0
018580018000,,,812,1.0,3.0
018580019000,,,400,1.0,3.0
018580020000,1850.0,,1097,1.0,3.0
018580021000,,,536,1.0,
018580022000,600.0,,484,1.0,5.0
018580023000,,,0,1.0,3.0
018580024000,500.0,,440,1.0,2.0
018580025000,600.0,,378,1.0,4.0
018580026000,,,598,1.0,4.0
018580027000,550.0,,672,1.0,3.0
018580028000,200.0,,416,1.0,4.0
018580029000,700.0,,570,1.0,4.0
018580030000,,,543,1.0,4.0
018580031000,0.0,,674,1.0,5.0
018580034000,1890.0,,560,1.0,4.0
018580035000,,,322,1.0,3.0
018580036000,,,624,1.0,2.0
018580037000,600.0,,204,1.0,3.0
018580038000,,,576,1.0,5.0
018580039000,,,648,1.0,3.0
018580040000,0.0,,851,1.0,3.0
018580041000,600.0,,546,1.0,3.0
018580042000,1282.0,,576,1.0,3.0
018580043000,0.0,,572,1.0,3.0
018580044000,400.0,,286,1.0,4.0
018580045000,,,576,1.0,
018580047000,0.0,,352,1.0,3.0
018580048000,,,462,1.0,
018580049000,1600.0,,460,1.0,4.0
018580050000,,,0,1.0,3.0
018580051000,,,420,1.0,3.0
018580053000,,,0,1.0,
018590001000,0.0,,340,1.0,2.0
018590002000,0.0,,480,1.0,4.0
018590004000,,,0,1.0,3.0
018590005000,0.0,,0,2.0,
018590009000,,,0,1.0,
018590012000,,,0,1.0,1.0
018590013000,0.0,,0,1.0,2.0
018590014000,800.0,,560,1.0,4.0
018590017000,,,0,1.0,2.0
018590018000,600.0,,480,1.0,3.0
018590019000,,,672,1.0,3.0
018590020000,,,0,1.0,3.0
018590023000,,,490,1.0,4.0
018590024000,,,408,1.0,3.0
018590025000,,,1584,1.0,
018590026000,,,0,1.0,3.0
018590027000,,,0,1.0,3.0
018590028000,0.0,,663,1.0,3.0
018590029000,0.0,,464,1.0,3.0
018590030000,,,0,1.0,
018590031000,,,264,1.0,3.0
018590032000,,,0,1.0,1.0
018590033000,,,0,1.0,2.0
018590034000,,,0,1.0,3.0
018590035000,,,0,1.0,1.0
018590036000,,,0,1.0,2.0
018590037000,,,0,1.0,3.0
018590038000,600.0,,624,1.0,3.0
018590039000,,,659,1.0,2.0
018590040000,1000.0,,572,1.0,2.0
018590041000,,324.0,0,2.0,2.0
018590042000,1400.0,,672,1.0,3.0
018590043000,,,0,1.0,2.0
018590045000,690.0,,480,1.0,3.0
018590046000,,,0,1.0,4.0
018590047000,,,0,1.0,2.0
018590049000,200.0,,0,1.0,
018600001000,7600.0,,560,1.0,6.0
018600002000,208.0,,0,1.0,6.0
018600003000,208.0,,0,1.0,6.0
018600006000,,,0,1.0,
018600016000,,,0,1.0,
018600018000,,,0,1.0,1.0
018600019000,,,0,1.0,1.0
018600020000,,,0,1.0,1.0
018600021000,,,0,1.0,1.0
018600022000,,,0,1.0,1.0
018600023000,,,0,1.0,2.0
018600024000,,,0,1.0,2.0
018600025000,,,0,1.0,2.0
018600026000,,,0,1.0,2.0
018600027000,,,0,1.0,2.0
018600028000,,,0,1.0,1.0
018600029000,,,0,1.0,1.0
018600030000,,,0,1.0,1.0
018600031000,,,0,1.0,1.0
018600032000,,,0,1.0,1.0
018600033000,,,0,1.0,2.0
018600034000,,,0,1.0,2.0
018600035000,,,0,1.0,2.0
018600036000,,,0,1.0,2.0
018600037000,,,0,1.0,2.0
018600038000,,,0,1.0,2.0
018600039000,,,0,1.0,2.0
018600040000,,,0,1.0,2.0
018600041000,,,0,1.0,1.0
018600042000,,,0,1.0,1.0
018600043000,,,0,1.0,1.0
018600044000,,,0,1.0,2.0
018600045000,,,0,1.0,2.0
018600046000,,,0,1.0,2.0
018600047000,,,0,1.0,1.0
018600048000,,,0,1.0,1.0
018600049000,,,0,1.0,1.0
018610001000,,,575,1.0,
018610002000,175.0,,0,1.0,2.0
018610003000,,,0,1.0,
018610005000,1560.0,,362,1.0,3.0
018610006000,,528.0,0,2.0,
018610007000,,,0,1.0,2.0
018610008000,,,0,1.0,4.0
018610009000,,,1879,1.0,3.0
018610010000,300.0,,0,1.0,1.0
018610012000,1618.0,,352,1.0,3.0
018610013000,,,0,1.0,
018610014000,,,566,1.0,4.0
018610015000,,,0,1.0,4.0
018610016000,,,240,1.0,3.0
018610017000,,,0,1.0,
018610019000,,,0,1.0,2.0
018610020000,,,0,1.0,3.0
018610021000,550.0,,0,1.0,2.0
018610022000,900.0,,0,1.0,3.0
018610025000,,,0,1.0,
018622002000,,,0,1.0,
018622005000,,734.0,612,2.0,
018622007000,,,0,1.0,2.0
018622008000,,,0,1.0,3.0
018622009000,,,0,1.0,1.0
018622010000,0.0,,0,1.0,2.0
018623004000,,,0,1.0,
018623005000,,,0,1.0,
018623007000,400.0,,1004,1.0,3.0
018623008000,800.0,,336,1.0,5.0
018623009000,500.0,,274,1.0,3.0
018624001000,1135.0,,460,1.0,3.0
018624002000,,,0,1.0,2.0
018624006000,,,399,1.0,3.0
018624007000,1200.0,,510,1.0,3.0
018624008000,,,480,1.0,3.0
018624009000,,,480,1.0,
018624011000,,,360,1.0,3.0
018624012000,103.0,,863,1.0,4.0
018624013000,0.0,,312,1.0,4.0
018625003000,1250.0,,0,1.0,3.0
018625004000,900.0,,364,1.0,3.0
018625007000,,,780,1.0,
018625010000,,,264,1.0,1.0
018625011000,,,308,1.0,3.0
018625012000,0.0,,315,1.0,3.0
018625013000,,,0,1.0,3.0
018625014000,300.0,,0,1.0,4.0
018625017000,,,462,1.0,2.0
018625018000,,,528,1.0,3.0
018626001000,750.0,,576,1.0,2.0
018626004000,1200.0,,711,1.0,4.0
018626005000,,,0,1.0,3.0
018626006000,,,312,1.0,1.0
018626008000,,,0,1.0,4.0
018626010000,0.0,,280,1.0,4.0
018626011000,,,360,1.0,3.0
018626012000,1000.0,,312,1.0,4.0
018626013000,1050.0,,296,1.0,3.0
018627004000,800.0,,322,1.0,4.0
018627005000,500.0,,326,1.0,2.0
018627006000,750.0,,221,1.0,2.0
018627008000,,,600,1.0,2.0
018627009000,1000.0,,454,1.0,3.0
018627010000,,,0,1.0,3.0
018627011000,,,836,1.0,3.0
018630010000,,,0,1.0,
018630015000,,,0,1.0,
018630022000,,,0,1.0,4.0
018630023000,1500.0,,0,1.0,3.0
018630024000,1200.0,,378,1.0,2.0
018640002000,,,864,1.0,3.0
018640003000,200.0,,216,1.0,2.0
018640004000,475.0,,240,1.0,2.0
018640005000,1250.0,,504,1.0,3.0
018640007000,1876.0,,750,1.0,2.0
018640009000,,,0,1.0,3.0
018640010000,,,288,1.0,4.0
018640011000,,,0,1.0,2.0
018640014000,1000.0,,488,1.0,3.0
018640015000,200.0,,1328,1.0,3.0
018640017000,,,440,1.0,
018640018000,,,564,1.0,3.0
018640019000,720.0,,0,1.0,3.0
018640021000,,,1016,1.0,
018640022000,,,440,1.0,
018650005000,,,528,1.0,3.0
018650007000,150.0,,464,1.0,3.0
018650008000,,,264,1.0,3.0
018650009000,,,720,1.0,
018650010000,,,0,1.0,3.0
018650014000,,,400,1.0,3.0
018670011000,1650.0,,0,1.0,3.0
018670012000,1800.0,,0,1.0,0.0
018670013000,800.0,,0,1.0,3.0
018670014000,,,480,1.0,4.0
018670015000,1400.0,,704,1.0,4.0
018670018000,0.0,,540,1.0,4.0
018670019000,,,516,1.0,3.0
018670020000,0.0,,600,1.0,3.0
018670024000,0.0,,484,1.0,2.0
018670025000,0.0,,0,1.0,4.0
018670026000,1100.0,,341,1.0,3.0
018670027000,,,0,1.0,
018670028000,,,0,1.0,
018680006000,3200.0,,631,1.0,3.0
018680007000,,,480,1.0,3.0
018680008000,,,1200,1.0,3.0
018680009000,1000.0,,0,1.0,1.0
018680011000,,,0,1.0,3.0
018680014000,0.0,,640,1.0,2.0
018680015000,1600.0,,396,1.0,3.0
018680016000,0.0,,560,1.0,5.0
018680018000,1250.0,,725,1.0,3.0
018680019000,875.0,,484,1.0,2.0
018680022000,,,0,1.0,2.0
018680023000,,,0,1.0,2.0
018680024000,700.0,,0,1.0,3.0
018680025000,700.0,,708,1.0,4.0
018680026000,700.0,,306,1.0,3.0
018680027000,1300.0,,480,1.0,2.0
018680028000,1000.0,,840,1.0,3.0
018680029000,0.0,,744,1.0,3.0
018720002000,,,0,1.0,2.0
018720005000,800.0,,420,1.0,3.0
018720006000,4100.0,,0,1.0,1.0
018720007000,1300.0,,576,1.0,2.0
018720008000,1000.0,,0,1.0,3.0
018720009000,0.0,,520,2.0,4.0
018720010000,,,0,1.0,2.0
018730001000,,,0,1.0,4.0
018730002000,,,576,1.0,2.0
018730003000,132.0,,386,1.0,2.0
018730004000,,,0,1.0,3.0
018730008000,0.0,,444,1.0,4.0
018730009000,0.0,,481,1.0,3.0
018730010000,,,800,1.0,3.0
018730011000,2000.0,,360,1.0,3.0
018730013000,,,0,1.0,3.0
018730014000,,,520,1.0,4.0
018730016000,,,616,1.0,2.0
018730017000,900.0,,576,1.0,3.0
018730018000,,,460,1.0,2.0
018730019000,,,400,1.0,3.0
018740017000,,,0,1.0,
018740018000,,,0,1.0,
018750007000,1000.0,,864,1.0,1.0
018750009000,,,480,1.0,3.0
018750010000,,,0,1.0,3.0
018750011000,1100.0,,209,1.0,3.0
018750012000,,,0,1.0,3.0
018780004000,126.0,,264,1.0,2.0
018780005000,,,275,1.0,
018780007000,,,275,1.0,2.0
018780008000,,,0,1.0,2.0
018780009000,,,238,1.0,3.0
018780010000,,,0,1.0,
018780011000,,,275,1.0,1.0
018780012000,,,275,1.0,1.0
018780013000,,,275,1.0,2.0
018780014000,,,275,1.0,1.0
018780015000,,,275,1.0,2.0
018780017000,,,264,1.0,3.0
018780019000,,,264,1.0,3.0
018810001000,,,252,1.0,2.0
018810002000,,,252,1.0,2.0
018810003000,,,264,1.0,2.0
018810004000,,,264,1.0,2.0
018810005000,,,252,1.0,2.0
018810006000,,,252,1.0,2.0
018810007000,,,252,1.0,2.0
018810008000,,,264,1.0,2.0
018810009000,,,264,1.0,2.0
018810010000,,,264,1.0,2.0
018810011000,,,264,1.0,2.0
018810012000,,,264,1.0,2.0
018810013000,,,282,1.0,2.0
018810014000,,,264,1.0,2.0
018810015000,,,252,1.0,2.0
018810016000,,,264,1.0,2.0
018810017000,,,264,1.0,2.0
018810018000,,,252,1.0,2.0
018810019000,,,264,1.0,2.0
018810020000,,,264,1.0,2.0
018810021000,,,252,1.0,2.0
018810022000,,,252,1.0,2.0
018810023000,,,252,1.0,2.0
018810024000,,,282,1.0,2.0
018810025000,,,252,1.0,2.0
018810026000,,,246,1.0,2.0
018810027000,,,264,1.0,2.0
018810028000,,,264,1.0,2.0
018810029000,,,282,1.0,2.0
018810030000,,,252,1.0,2.0
018810031000,,,0,1.0,3.0
018810032000,,,282,1.0,2.0
018810033000,,,264,1.0,2.0
018810034000,,,264,1.0,2.0
018810035000,,,264,1.0,2.0
018810036000,,,264,1.0,2.0
018810037000,,,252,1.0,2.0
018810038000,,,252,1.0,2.0
018810039000,,,264,1.0,2.0
018810040000,,,264,1.0,2.0
018810041000,,,252,1.0,2.0
018810042000,,,252,1.0,2.0
018810043000,,,252,1.0,2.0
018810044000,,,264,1.0,2.0
018810045000,,,264,1.0,2.0
018810046000,,,264,1.0,2.0
018810047000,,,264,1.0,2.0
018810048000,,,264,1.0,2.0
018810049000,,,282,1.0,2.0
018810050000,,,252,1.0,2.0
018810051000,,,252,1.0,2.0
018810052000,,,264,1.0,2.0
018810053000,,,264,1.0,2.0
018810054000,,,264,1.0,2.0
018810055000,,,264,1.0,2.0
018810056000,,,264,1.0,2.0
018810057000,,,264,1.0,2.0
018810058000,,,252,1.0,2.0
018810059000,,,252,1.0,2.0
018810060000,,,264,1.0,2.0
018810061000,,,252,1.0,2.0
018810062000,,,264,1.0,2.0
018810063000,,,264,1.0,2.0
018810064000,,,252,1.0,2.0
018810065000,,,264,1.0,2.0
018810066000,,,252,1.0,2.0
018810067000,,,264,1.0,2.0
018810068000,,,264,1.0,2.0
018820001000,,,252,1.0,2.0
018820002000,,,252,1.0,2.0
018820003000,,,252,1.0,2.0
018820004000,,,264,1.0,2.0
018820005000,,,264,1.0,2.0
018820006000,,,264,1.0,2.0
018820007000,,,264,1.0,2.0
018820008000,,,264,1.0,2.0
018820009000,,,282,1.0,2.0
018820010000,,,252,1.0,2.0
018820011000,,,252,1.0,2.0
018820012000,,,282,1.0,2.0
018820013000,,,264,1.0,2.0
018820014000,,,264,1.0,2.0
018820015000,,,264,1.0,2.0
018820016000,,,264,1.0,2.0
018820017000,,,252,1.0,2.0
018820018000,,,264,1.0,2.0
018820019000,,,252,1.0,2.0
018820020000,,,264,1.0,2.0
018820021000,,,282,1.0,2.0
018820022000,,,252,1.0,2.0
018820023000,,,252,1.0,2.0
018820024000,,,282,1.0,2.0
018820025000,,,264,1.0,2.0
018820026000,,,264,1.0,2.0
018820027000,,,264,1.0,2.0
018820028000,,,264,1.0,2.0
018820029000,,,252,1.0,2.0
018820030000,,,252,1.0,2.0
018820031000,,,252,1.0,2.0
018820032000,,,264,1.0,2.0
018820033000,,,264,1.0,2.0
018820034000,,,264,1.0,2.0
018820035000,,,264,1.0,2.0
018820036000,,,264,1.0,3.0
018820037000,,,282,1.0,2.0
018820038000,,,252,1.0,2.0
018820039000,,,252,1.0,2.0
018820040000,,,282,1.0,2.0
018820041000,,,264,1.0,2.0
018820042000,,,264,1.0,2.0
018820043000,,,264,1.0,2.0
018820044000,,,264,1.0,2.0
018820045000,,,252,1.0,2.0
018820046000,,,252,1.0,2.0
018820047000,,,264,1.0,2.0
018820048000,,,264,1.0,2.0
018820049000,,,252,1.0,2.0
018820050000,,,252,1.0,2.0
018820051000,,,264,1.0,2.0
018820052000,,,264,1.0,2.0
018820053000,136.0,,252,1.0,
018820054000,136.0,,252,1.0,
018820055000,136.0,,252,1.0,
018820056000,136.0,,264,1.0,
018820057000,,,264,1.0,
018820058000,,,264,1.0,
018820059000,,,264,1.0,
018820060000,,,264,1.0,
018830002000,,,252,1.0,2.0
018830003000,,,264,1.0,2.0
018830004000,,,264,1.0,2.0
018830005000,,,252,1.0,2.0
018830006000,,,252,1.0,2.0
018830007000,,,264,1.0,2.0
018830008000,,,264,1.0,2.0
018830009000,,,252,1.0,2.0
018830012000,,,264,1.0,2.0
018830013000,,,252,1.0,2.0
018830014000,,,252,1.0,2.0
018830015000,,,264,1.0,3.0
018830016000,,,264,1.0,3.0
018830017000,,,252,1.0,2.0
018830018000,,,252,1.0,2.0
018830019000,170.0,,264,1.0,3.0
018830020000,,,264,1.0,3.0
018830021000,,,352,1.0,2.0
018830022000,,,336,1.0,2.0
018830023000,,,360,1.0,2.0
018830024000,,,312,1.0,2.0
018830025000,,,326,1.0,2.0
018830026000,,,360,1.0,2.0
018830027000,,,336,1.0,2.0
018830028000,,,312,1.0,2.0
018830029000,,,323,1.0,2.0
018830030000,,,360,1.0,2.0
018830031000,,,336,1.0,2.0
018830032000,,,312,1.0,2.0
018830033000,,,312,1.0,2.0
018830034000,,,336,1.0,2.0
018830035000,,,360,1.0,2.0
018830036000,,,354,1.0,2.0
018830037000,,,354,1.0,2.0
018830038000,,,360,1.0,2.0
018830039000,,,312,1.0,2.0
018830040000,,,336,1.0,2.0
018830041000,,,252,1.0,2.0
018830042000,,,252,1.0,2.0
018830043000,,,264,1.0,2.0
018830044000,,,264,1.0,2.0
018830045000,,,252,1.0,2.0
018830046000,,,252,1.0,2.0
018830047000,,,264,1.0,2.0
018830048000,,,264,1.0,2.0
018840005000,,,252,1.0,
018840017000,,,252,1.0,
018840018000,,,252,1.0,
018840019000,,,264,1.0,
018840020000,,,264,1.0,
018840021000,,,252,1.0,
018840022000,,,252,1.0,
018840023000,,,264,1.0,
018840024000,,,264,1.0,
018840025000,,,252,1.0,
018840026000,,,252,1.0,
018840027000,170.0,,264,1.0,
018840028000,,,264,1.0,
018840031000,,,528,1.0,
018840032000,,,0,,
018840034000,,,0,,
018840035000,,,0,1.0,
018840036000,,,528,1.0,
018840038000,,,332,1.0,
018840039000,,,332,1.0,
018840040000,,,332,1.0,
018840041000,,,332,1.0,
018840042000,,,332,1.0,
018840043000,,,332,1.0,
018840044000,,,356,1.0,
018840045000,,,332,1.0,
018850001000,,,477,1.0,
018850002000,,,258,1.0,
018850003000,,,477,1.0,
018850004000,,,258,1.0,
018850005000,,,447,1.0,
018850006000,,,268,1.0,
018850007000,,,477,1.0,
018850008000,,,258,1.0,
018850009000,,,477,1.0,
018850010000,,,477,1.0,
018850011000,,,284,1.0,
018850012000,,,284,1.0,
018850013000,,,477,1.0,
018850014000,,,477,1.0,
018850022000,,,284,1.0,
018850023000,,,270,1.0,
018850024000,,,481,1.0,
018850025000,,,284,1.0,
018850026000,,,284,1.0,
018850027000,218.0,,477,1.0,
018850028000,218.0,,477,1.0,
018850029000,218.0,,477,1.0,
018850030000,,,481,1.0,
018850031000,,,477,1.0,
018850032000,67.0,,477,,
018850033000,74.0,,477,1.0,
018850034000,74.0,,477,1.0,
018850035000,67.0,,477,1.0,
018850036000,,,481,1.0,
018850037000,,,0,1.0,
018850038000,,,270,1.0,
018850062000,,,268,1.0,
018850063000,,,268,1.0,
018850066000,,,477,1.0,
018850067000,,,477,1.0,
018850068000,,,477,1.0,
018850069000,,,477,1.0,
018850070000,,,477,1.0,
018850071000,,,477,1.0,
018850072000,,,477,1.0,
018850073000,,,477,1.0,
018850074000,,,492,1.0,
018850075000,,,477,1.0,
018850077000,,,266,1.0,
019020005000,,,0,1.0,2.0
019020006000,,,0,1.0,3.0
019020007000,,,0,1.0,6.0
019020008000,,,0,1.0,3.0
019020009000,700.0,,0,1.0,1.0
019020010000,,,288,1.0,2.0
019020012000,200.0,,336,1.0,1.0
019030003000,,,0,1.0,3.0
019030004000,,,0,1.0,1.0
019030010000,,,0,1.0,
019030018000,,,0,1.0,5.0
019030020000,,,0,1.0,4.0
019030021000,,,840,1.0,1.0
019030022000,,,0,1.0,
019030023000,,,216,1.0,4.0
019030024000,,,200,1.0,3.0
019030025000,,,216,1.0,2.0
019030029000,,,528,1.0,2.0
019030030000,,,0,1.0,2.0
019030033000,,,180,1.0,2.0
019030034000,,,200,1.0,2.0
019030035000,,,180,1.0,2.0
019030036000,,,200,1.0,2.0
019030037000,,,0,1.0,2.0
019030038000,,,0,1.0,2.0
019030039000,,,200,1.0,2.0
019030040000,,,200,1.0,2.0
019030041000,,,0,1.0,2.0
019040001000,1550.0,,549,1.0,3.0
019040004000,900.0,,452,1.0,3.0
019040006000,500.0,,576,1.0,2.0
019040008000,0.0,,380,1.0,3.0
019040009000,0.0,,484,1.0,3.0
019040010000,700.0,,440,1.0,3.0
019040011000,,,357,1.0,4.0
019040012000,600.0,,440,1.0,3.0
019040013000,600.0,,528,1.0,2.0
019040015000,1200.0,,484,1.0,3.0
019040016000,500.0,,0,1.0,2.0
019040017000,500.0,,550,1.0,2.0
019040018000,1000.0,,576,1.0,4.0
019040019000,950.0,,400,1.0,3.0
019040020000,600.0,,528,1.0,2.0
019040021000,650.0,,484,1.0,3.0
019040022000,600.0,,558,1.0,3.0
019040024000,,,525,1.0,3.0
019040025000,3200.0,,443,1.0,3.0
019040026000,,,308,1.0,3.0
019040027000,,,0,1.0,3.0
019040029000,2750.0,,484,1.0,2.0
019040030000,1000.0,,480,1.0,3.0
019040031000,,,384,1.0,3.0
019040035000,,,440,1.0,4.0
019040036000,,,0,1.0,3.0
019040040000,600.0,,440,1.0,3.0
019040041000,,,0,1.0,3.0
019040042000,450.0,,711,1.0,3.0
019040043000,716.0,,400,1.0,3.0
019040044000,,,456,1.0,3.0
019040045000,,,550,1.0,
019040046000,700.0,,0,1.0,3.0
019040048000,,,0,1.0,3.0
019040050000,0.0,,432,1.0,3.0
019040052000,600.0,,528,1.0,2.0
019040053000,400.0,,440,1.0,2.0
019040055000,1163.0,,630,1.0,3.0
019040057000,,,0,1.0,3.0
019040060000,,,0,1.0,3.0
019040062000,,,336,1.0,3.0
019040063000,1000.0,,672,1.0,4.0
019040064000,1000.0,,940,1.0,2.0
019040066000,,,570,1.0,3.0
019040067000,108.0,,400,1.0,3.0
019040070000,,,0,1.0,3.0
019040072000,,,0,1.0,2.0
019040075000,0.0,,504,1.0,3.0
019040076000,,,0,1.0,3.0
019050002000,1200.0,,576,1.0,2.0
019050004000,3350.0,,580,1.0,3.0
019050006000,1000.0,,864,1.0,3.0
019050008000,,,618,1.0,2.0
019050011000,,,400,1.0,3.0
019050013000,,,528,1.0,3.0
019050015000,,,0,1.0,2.0
019050020000,2200.0,,832,1.0,4.0
019050023000,,,576,1.0,3.0
019050029000,0.0,,280,1.0,3.0
019050030000,1500.0,,208,1.0,3.0
019050031000,,,0,1.0,2.0
019050032000,800.0,,624,1.0,3.0
019050034000,0.0,,620,1.0,3.0
019050035000,,,688,1.0,
019050036000,1350.0,,480,1.0,3.0
019050038000,1100.0,,960,1.0,1.0
019050039000,648.0,,0,1.0,3.0
019050040000,500.0,,484,1.0,2.0
019050041000,,,549,2.0,
019050042000,0.0,,440,1.0,6.0
019050043000,,,624,1.0,3.0
019050044000,390.0,,576,1.0,3.0
019050045000,650.0,,522,1.0,4.0
019050046000,0.0,,480,1.0,2.0
019050047000,,,0,1.0,3.0
019050051000,,,768,1.0,
019060002000,1150.0,,767,1.0,3.0
019060003000,650.0,,432,1.0,3.0
019060005000,750.0,,400,1.0,3.0
019060006000,,,0,1.0,3.0
019060007000,950.0,,528,1.0,3.0
019060008000,1500.0,,670,1.0,2.0
019060009000,1100.0,,528,1.0,2.0
019060010000,1025.0,,0,1.0,3.0
019060011000,850.0,,528,1.0,4.0
019060012000,800.0,,566,1.0,3.0
019060013000,,,0,1.0,3.0
019060015000,1150.0,,0,1.0,4.0
019060016000,1150.0,,0,1.0,4.0
019060020000,,,480,1.0,4.0
019060027000,750.0,,0,1.0,3.0
019060028000,,,696,1.0,
019060029000,800.0,,420,1.0,3.0
019060030000,800.0,,462,1.0,3.0
019060032000,0.0,576.0,1344,2.0,4.0
019060035000,,,0,1.0,2.0
019060037000,,,0,1.0,3.0
019060039000,0.0,,504,1.0,3.0
019060040000,0.0,,519,1.0,3.0
019060041000,750.0,,519,1.0,3.0
019060042000,500.0,,450,1.0,3.0
019060043000,450.0,,216,1.0,2.0
019060044000,,,0,1.0,2.0
019060045000,600.0,,528,1.0,5.0
019060046000,,,0,1.0,3.0
019060047000,,,528,1.0,3.0
019060048000,,,420,1.0,3.0
019060049000,,,0,1.0,3.0
019060051000,600.0,,572,1.0,4.0
019060052000,400.0,,319,1.0,3.0
019060053000,0.0,,896,1.0,3.0
019060054000,,,536,1.0,3.0
019060056000,,,0,1.0,3.0
019060057000,1100.0,,504,1.0,2.0
019060058000,700.0,,400,1.0,3.0
019060060000,0.0,,400,1.0,3.0
019060061000,600.0,,410,1.0,3.0
019080004000,,,231,1.0,3.0
019080005000,200.0,,312,1.0,3.0
019080006000,,,400,1.0,4.0
019080008000,,681.0,0,2.0,2.0
019080010000,,,0,1.0,1.0
019080013000,,,0,1.0,
019080014000,260.0,,0,1.0,
019080017000,,,0,1.0,
019080020000,,,0,1.0,3.0
019080021000,1221.0,,484,1.0,5.0
019080024000,,,0,1.0,3.0
019080025000,650.0,,0,1.0,2.0
019080026000,,,0,1.0,
019080027000,,,0,2.0,3.0
019080028000,525.0,,0,1.0,2.0
019080029000,3500.0,,0,1.0,
019080031000,,,0,1.0,3.0
019080033000,,,0,1.0,
019080034000,,,0,1.0,
019080037000,,,0,1.0,
019080040000,,,0,1.0,
019080042000,,,489,1.0,
019090004000,,,0,1.0,4.0
019090007000,,,0,1.0,2.0
019090008000,2050.0,,0,1.0,0.0
019090010000,,,380,1.0,
019090011000,,,0,1.0,
019090012000,,,0,1.0,
019090013000,,,0,1.0,
019090014000,,,0,1.0,
019090015000,,,0,1.0,
019090016000,,,0,1.0,
019090017000,,,0,1.0,
019090018000,,,0,1.0,
019090019000,,,0,1.0,
019090020000,,,0,1.0,
019090024000,,,594,1.0,3.0
019090025000,368.0,,0,1.0,3.0
019090026000,,,0,1.0,
019090029000,,,0,1.0,
019090031000,,,400,1.0,3.0
019090032000,,,978,1.0,2.0
019090033000,,,150,1.0,1.0
019090035000,,,0,1.0,2.0
019090037000,,,720,1.0,
019090038000,225.0,,0,1.0,1.0
019090040000,,,0,1.0,3.0
019090043000,,,0,1.0,4.0
019090044000,200.0,,576,1.0,0.0
019090045000,,,0,1.0,
019100003000,,,0,1.0,
019100004000,,,0,1.0,
019100005000,,,0,1.0,
019100006000,,,0,1.0,
019100007000,,,0,1.0,
019100008000,,,0,1.0,
019100009000,,,0,1.0,
019100010000,,,0,1.0,
019100011000,,,0,1.0,
019100013000,,,0,1.0,
019100014000,,,0,1.0,
019100015000,,,0,1.0,
019101003000,,,0,1.0,
019101011000,,,0,1.0,
019102004000,,,0,1.0,
019102009000,,,0,1.0,3.0
019102010000,,,0,1.0,
019102020000,,,0,1.0,
019103001000,2200.0,,0,1.0,8.0
019103002000,,,0,1.0,2.0
019103003000,,,0,1.0,3.0
019103004000,700.0,,528,1.0,1.0
019103005000,,,800,1.0,2.0
019103006000,100.0,,336,1.0,4.0
019103008000,,,220,1.0,2.0
019103009000,,,252,1.0,2.0
019103010000,,,0,1.0,2.0
019103011000,,,0,1.0,7.0
019103014000,200.0,,720,1.0,4.0
019103016000,,,0,1.0,
019103017000,,,0,1.0,3.0
019103019000,0.0,,400,1.0,4.0
019104006000,,,0,1.0,2.0
019104012000,,,0,1.0,2.0
019104013000,,,0,1.0,3.0
019104015000,,,0,1.0,2.0
019104016000,,,282,1.0,3.0
019104017000,200.0,,253,1.0,3.0
019105001000,,,0,1.0,2.0
019105002000,,,0,1.0,
019105003000,,,216,1.0,1.0
019105004000,,,872,1.0,
019105006000,,,400,1.0,2.0
019105008000,,,272,2.0,2.0
019105009000,,,0,1.0,4.0
019107001000,,,0,1.0,
019108007000,,,255,1.0,3.0
019108008000,0.0,,398,1.0,3.0
019108009000,,,0,1.0,3.0
019108010000,,,400,1.0,3.0
019110001000,,,0,1.0,
019110005000,,,0,1.0,4.0
019110006000,,,0,1.0,4.0
019110007000,,,0,1.0,
019110008000,,,0,1.0,
019111001000,,,0,1.0,
019111002000,,,0,2.0,2.0
019111003000,,,0,1.0,2.0
019111004000,,,0,1.0,
019111005000,,,0,1.0,
019111009000,100.0,,0,1.0,2.0
019112001000,,,0,1.0,2.0
019112003000,,,0,1.0,2.0
019113002000,147.0,,380,1.0,3.0
019113003000,,,0,1.0,2.0
019113004000,,,500,1.0,2.0
019113005000,,,0,1.0,
019113006000,,,0,1.0,
019113010000,,,0,1.0,
019114001000,,,468,1.0,2.0
019114002000,,,0,1.0,3.0
019120001000,800.0,,520,1.0,2.0
019120011000,,,0,1.0,
019120014000,,,0,1.0,
019120016000,2500.0,,0,1.0,
019130011000,,,0,1.0,2.0
019130013000,,,0,1.0,2.0
019130014000,,,0,1.0,7.0
019130015000,,,275,1.0,3.0
019130016000,100.0,,0,1.0,3.0
019130017000,100.0,,0,1.0,3.0
019130018000,,,180,1.0,3.0
019130019000,,,0,1.0,2.0
019130020000,,,0,1.0,2.0
019130030000,,,460,1.0,4.0
019130031000,1200.0,,672,1.0,3.0
019130032000,,,0,1.0,1.0
019130033000,,,465,1.0,3.0
019130034000,,,276,1.0,3.0
019130036000,,,319,1.0,2.0
019130038000,600.0,821.0,468,3.0,2.0
019130039000,3700.0,,584,1.0,4.0
019130041000,,,672,1.0,4.0
019130042000,312.0,,802,1.0,8.0
019130050000,,,0,1.0,
019130051000,,,0,1.0,
019140003000,1265.0,,570,1.0,3.0
019140004000,,,484,1.0,2.0
019140008000,,,336,1.0,
019140015000,,,697,1.0,3.0
019140016000,,,633,1.0,3.0
019140020000,,,645,1.0,3.0
019150001000,,,0,2.0,2.0
019150002000,,,0,1.0,4.0
019150003000,60.0,,294,1.0,2.0
019150004000,,,0,1.0,4.0
019151001000,,,0,1.0,2.0
019151010000,0.0,,0,1.0,5.0
019151011000,,,0,1.0,
019151012000,,,170,1.0,2.0
019151013000,,,198,1.0,2.0
019151014000,,,0,1.0,3.0
019151015000,,,0,1.0,2.0
019151017000,500.0,,490,1.0,3.0
019151022000,,,336,1.0,3.0
019151023000,,,700,1.0,1.0
019151024000,,,0,1.0,3.0
019151026000,,,0,1.0,2.0
019151029000,,,480,1.0,2.0
019151036000,,,344,1.0,
019151040000,,,600,2.0,3.0
019151044000,,,0,1.0,3.0
019151045000,500.0,,432,1.0,3.0
019151047000,,,440,1.0,3.0
019151048000,,,0,1.0,4.0
019151049000,,,0,1.0,
019152007000,,,896,1.0,3.0
019152012000,,,0,1.0,2.0
019152014000,500.0,,0,1.0,2.0
019152015000,1900.0,,297,1.0,3.0
019152016000,1000.0,,453,1.0,3.0
019152017000,1500.0,,480,1.0,6.0
019152018000,,,0,1.0,
019152042000,,,720,1.0,3.0
019152047000,,,652,1.0,3.0
019152048000,,,510,1.0,3.0
019152051000,,,473,1.0,
019152052000,,,422,1.0,
019152054000,,,569,1.0,3.0
019152056000,,,0,1.0,
019152057000,,,0,1.0,
019152058000,,,0,1.0,
019160010000,,,0,1.0,3.0
019160024000,,,270,1.0,3.0
019160028000,,,0,1.0,2.0
019160029000,,429.0,594,2.0,3.0
019160031000,500.0,,516,1.0,3.0
019160042000,,,332,1.0,
019160043000,,,944,1.0,
019230006000,,,0,1.0,3.0
019230007000,1600.0,,616,1.0,4.0
019230008000,600.0,,600,1.0,4.0
019230010000,,,0,1.0,4.0
019230011000,750.0,,240,1.0,3.0
019230012000,1450.0,,576,1.0,3.0
019230013000,600.0,,484,1.0,3.0
019230014000,,,440,1.0,4.0
019230015000,600.0,,264,1.0,3.0
019230016000,500.0,,0,1.0,4.0
019230017000,600.0,,460,1.0,3.0
019230018000,500.0,,506,1.0,3.0
019230019000,,,484,1.0,3.0
019230020000,300.0,,264,1.0,3.0
019230021000,200.0,,484,1.0,3.0
019230022000,3.0,,264,1.0,3.0
019230023000,,,0,1.0,3.0
019230024000,600.0,,768,1.0,3.0
019230025000,600.0,,528,1.0,3.0
019230026000,600.0,,690,1.0,2.0
019230027000,200.0,,768,1.0,3.0
019230028000,,,484,1.0,3.0
019230029000,,,528,1.0,2.0
019230030000,0.0,,720,1.0,3.0
019230031000,,,576,1.0,3.0
019230032000,550.0,,564,1.0,3.0
019230033000,0.0,,576,1.0,3.0
019230034000,,,380,1.0,2.0
019230035000,,,400,1.0,3.0
019230036000,228.0,,240,1.0,2.0
019230038000,,,0,1.0,3.0
019230042000,,,0,1.0,2.0
019240003000,,,400,1.0,3.0
019240004000,350.0,,400,1.0,2.0
019240005000,905.0,,492,1.0,3.0
019240006000,500.0,,528,1.0,3.0
019240007000,,,528,1.0,2.0
019240008000,,,216,1.0,2.0
019250005000,1400.0,,440,1.0,3.0
019250006000,450.0,,440,1.0,3.0
019250008000,,,480,1.0,
019250009000,,,528,1.0,2.0
019250010000,,,240,1.0,3.0
019250011000,600.0,,240,1.0,
019250013000,672.0,,484,1.0,2.0
019250014000,,,0,1.0,3.0
019250015000,,,612,1.0,3.0
019250016000,0.0,,0,1.0,3.0
019270005000,900.0,,506,1.0,2.0
019270006000,0.0,,484,1.0,3.0
019270010000,,,777,1.0,4.0
019270011000,1100.0,,644,1.0,3.0
019270012000,700.0,,440,1.0,3.0
019270013000,1600.0,,480,1.0,3.0
019270014000,,,500,1.0,3.0
019280005000,600.0,,520,1.0,2.0
019280006000,500.0,,460,1.0,4.0
019280007000,800.0,,357,1.0,3.0
019280008000,,,420,1.0,3.0
019280009000,,,306,1.0,4.0
019280011000,0.0,,0,1.0,2.0
019280012000,0.0,,480,1.0,3.0
019280013000,,,441,1.0,2.0
019280014000,,,576,2.0,
019280018000,1500.0,,896,1.0,3.0
019280019000,,,480,1.0,3.0
019290010000,,,420,1.0,2.0
019290011000,,,494,1.0,3.0
019290012000,0.0,,546,1.0,3.0
019290014000,,,784,1.0,4.0
019290016000,600.0,,576,1.0,3.0
019290018000,,,570,1.0,3.0
019290019000,,,528,1.0,3.0
019290020000,,,480,1.0,3.0
019290022000,,,780,1.0,3.0
019300008000,,,1116,1.0,3.0
019310001000,1150.0,,528,1.0,4.0
019310002000,750.0,,576,1.0,3.0
019310003000,,,572,1.0,3.0
019310004000,800.0,,475,1.0,4.0
019310005000,,,0,1.0,3.0
019310006000,500.0,,330,1.0,3.0
019310007000,,,440,1.0,3.0
019310008000,,,570,1.0,3.0
019310009000,540.0,,299,1.0,4.0
019310010000,2500.0,,480,1.0,3.0
019310011000,264.0,,677,1.0,3.0
019310012000,350.0,,596,1.0,2.0
019310013000,650.0,,530,1.0,4.0
019310014000,0.0,,528,1.0,2.0
019310015000,,,730,1.0,4.0
019310017000,400.0,,400,1.0,4.0
019310019000,,,0,1.0,3.0
019310022000,,,0,,
019310023000,,,1600,,
019320001000,,,484,1.0,3.0
019320002000,550.0,,498,1.0,3.0
019320003000,478.0,,498,1.0,3.0
019320004000,,,564,1.0,
019320005000,,,790,1.0,
019320006000,,,484,1.0,
019320007000,,,484,1.0,
019320008000,,,850,1.0,
019320009000,600.0,,855,1.0,4.0
019320010000,900.0,,622,1.0,3.0
019320011000,,,872,1.0,3.0
019320014000,,,484,1.0,2.0
019320015000,1400.0,,792,1.0,2.0
019320016000,,,484,1.0,3.0
019320017000,900.0,,916,1.0,3.0
019320018000,600.0,,484,1.0,3.0
019320019000,0.0,,0,1.0,3.0
019320020000,3150.0,,0,1.0,5.0
019320021000,,,308,1.0,2.0
019320022000,,,528,1.0,3.0
019320023000,650.0,,437,1.0,4.0
019320024000,,,684,1.0,4.0
019320025000,0.0,,833,1.0,3.0
019320026000,,,576,1.0,4.0
019320027000,900.0,,528,1.0,3.0
019320028000,900.0,,768,1.0,3.0
019320029000,,,540,1.0,3.0
019330001000,800.0,,0,1.0,3.0
019330002000,0.0,,380,1.0,3.0
019330003000,650.0,,576,1.0,3.0
019330006000,600.0,,441,1.0,4.0
019330007000,400.0,,294,1.0,3.0
019330008000,1000.0,,0,1.0,3.0
019330009000,1350.0,,448,1.0,3.0
019330011000,600.0,,256,1.0,3.0
019330012000,1000.0,,400,1.0,3.0
019330013000,600.0,,572,1.0,3.0
019330016000,600.0,,400,1.0,3.0
019330017000,600.0,,528,1.0,3.0
019330018000,900.0,,528,1.0,3.0
019330019000,1500.0,,0,1.0,3.0
019330020000,650.0,,480,1.0,3.0
019330021000,1124.0,,485,1.0,3.0
019330022000,1000.0,,0,1.0,4.0
019330025000,,,616,1.0,3.0
019330026000,600.0,,440,1.0,3.0
019330027000,0.0,,392,1.0,3.0
019330028000,800.0,,576,1.0,3.0
019330029000,758.0,,484,1.0,3.0
019330030000,650.0,,0,1.0,3.0
019330032000,0.0,,480,1.0,3.0
019330033000,0.0,,418,1.0,3.0
019330034000,1000.0,,380,1.0,3.0
019330035000,400.0,,576,1.0,3.0
019330036000,700.0,,484,1.0,3.0
019330037000,1000.0,,421,1.0,3.0
019330038000,600.0,,440,1.0,3.0
019330039000,650.0,,528,1.0,3.0
019330040000,400.0,,572,1.0,2.0
019330042000,0.0,,480,1.0,3.0
019330043000,1200.0,,276,1.0,2.0
019330044000,0.0,,0,1.0,2.0
019330045000,1100.0,,528,1.0,3.0
019330049000,1300.0,,0,1.0,2.0
019330051000,1000.0,,720,1.0,3.0
019330053000,1500.0,,600,1.0,3.0
019340001000,0.0,,400,1.0,3.0
019340002000,1300.0,,0,1.0,3.0
019340003000,0.0,,0,1.0,3.0
019340004000,650.0,,462,1.0,2.0
019340005000,0.0,,506,1.0,5.0
019340006000,900.0,,576,1.0,3.0
019340007000,800.0,,518,1.0,3.0
019340008000,850.0,,0,1.0,3.0
019340009000,972.0,,504,1.0,3.0
019340010000,1250.0,,462,1.0,3.0
019340011000,350.0,,0,1.0,2.0
019340012000,850.0,,480,1.0,3.0
019340013000,700.0,,0,1.0,2.0
019340014000,660.0,,660,1.0,3.0
019340015000,800.0,,0,1.0,3.0
019340016000,600.0,,540,1.0,3.0
019340017000,660.0,,576,1.0,3.0
019340018000,1200.0,,400,1.0,3.0
019340019000,1500.0,,720,1.0,3.0
019340020000,,,576,1.0,3.0
019340021000,800.0,,395,1.0,2.0
019340022000,600.0,,508,1.0,3.0
019340023000,0.0,,418,1.0,3.0
019340024000,350.0,,336,1.0,3.0
019340026000,420.0,,240,1.0,3.0
019340027000,800.0,,0,1.0,3.0
019340028000,720.0,,400,1.0,3.0
019340029000,,,1290,1.0,4.0
019340030000,600.0,,508,1.0,3.0
019340031000,1300.0,,440,1.0,3.0
019340032000,1350.0,,0,1.0,3.0
019340033000,1300.0,,0,1.0,3.0
019340034000,700.0,,288,1.0,3.0
019340035000,0.0,,462,1.0,3.0
019340036000,1750.0,,400,1.0,3.0
019340037000,800.0,,480,1.0,3.0
019340038000,0.0,,480,1.0,3.0
019340039000,750.0,,480,1.0,3.0
019340040000,312.0,,484,1.0,3.0
019340041000,725.0,,494,1.0,3.0
019340042000,1000.0,,461,1.0,3.0
019340043000,0.0,,531,1.0,3.0
019340044000,1150.0,,576,1.0,4.0
019350001000,,,480,1.0,3.0
019350002000,,,576,1.0,3.0
019350003000,650.0,,528,1.0,3.0
019350004000,500.0,,660,1.0,3.0
019350005000,500.0,,480,1.0,3.0
019350006000,800.0,,572,1.0,3.0
019350007000,,,528,1.0,3.0
019350009000,0.0,,517,1.0,3.0
019350010000,600.0,,504,1.0,4.0
019350011000,850.0,,495,1.0,3.0
019350012000,1200.0,,520,1.0,2.0
019350013000,500.0,,480,1.0,3.0
019350015000,800.0,,494,1.0,3.0
019350016000,500.0,,364,1.0,3.0
019350017000,600.0,,0,1.0,2.0
019350018000,500.0,,0,1.0,5.0
019350019000,,,0,1.0,3.0
019350020000,,,427,1.0,3.0
019350021000,,,480,1.0,3.0
019350022000,,,555,1.0,3.0
019350024000,900.0,,484,1.0,3.0
019350025000,1000.0,,460,1.0,3.0
019350026000,1000.0,,725,1.0,4.0
019350027000,,,840,1.0,3.0
019350028000,1100.0,,484,1.0,4.0
019350029000,,,558,1.0,3.0
019350030000,400.0,,462,1.0,2.0
019350031000,,,571,1.0,3.0
019350032000,750.0,,480,1.0,3.0
019350034000,1100.0,,528,1.0,3.0
019360010000,1700.0,,480,1.0,2.0
019360011000,1100.0,,528,1.0,3.0
019360016000,,,588,1.0,4.0
019360018000,,,240,1.0,2.0
019360019000,,,240,1.0,2.0
019360020000,,,240,1.0,2.0
019360021000,,,240,1.0,2.0
019360022000,,,480,1.0,3.0
019360023000,,,240,1.0,2.0
019360024000,,,240,1.0,2.0
019360025000,,,243,1.0,2.0
019360026000,,,240,1.0,2.0
019390020000,1350.0,,1012,1.0,3.0
019480001000,,,624,1.0,3.0
019480002000,,,525,1.0,3.0
019480003000,,,440,1.0,3.0
019480004000,900.0,,484,1.0,3.0
019480005000,,,440,1.0,3.0
019480006000,700.0,,780,1.0,3.0
019480007000,1050.0,,528,1.0,3.0
019480008000,1300.0,,528,1.0,3.0
019480009000,,,0,1.0,
019480010000,,,528,1.0,
019480011000,750.0,,0,1.0,4.0
019480012000,850.0,,667,1.0,3.0
019480013000,,,0,1.0,2.0
019480015000,,,462,1.0,3.0
019480016000,1200.0,,0,1.0,3.0
019480018000,,,678,1.0,3.0
019480019000,1800.0,,912,1.0,3.0
019480021000,1000.0,,528,1.0,3.0
019480023000,1200.0,,528,1.0,3.0
019480024000,0.0,,572,1.0,3.0
019480025000,,,515,1.0,2.0
019480026000,,,720,1.0,3.0
019480027000,1200.0,,588,1.0,3.0
019480028000,,,440,1.0,3.0
019480029000,1000.0,,528,1.0,3.0
019480030000,,,792,1.0,3.0
019480031000,,,560,1.0,3.0
019480032000,800.0,,441,1.0,3.0
019480033000,,,440,1.0,3.0
019480034000,,,616,1.0,4.0
019480035000,,,0,1.0,2.0
019480036000,,,450,1.0,3.0
019480037000,0.0,,440,1.0,3.0
019480038000,,,840,1.0,3.0
019480039000,700.0,,616,1.0,3.0
019480040000,2700.0,,676,1.0,3.0
019480041000,,,0,1.0,3.0
019490002000,1300.0,,576,1.0,3.0
019490003000,0.0,,440,1.0,4.0
019490004000,720.0,,0,1.0,3.0
019490005000,1350.0,,520,1.0,3.0
019490010000,2700.0,,550,1.0,3.0
019490011000,1000.0,,415,1.0,3.0
019490017000,0.0,,480,1.0,2.0
019490018000,1000.0,,0,1.0,2.0
019490019000,750.0,,400,1.0,3.0
019490020000,,,484,1.0,2.0
019490022000,0.0,,2040,1.0,4.0
019490023000,800.0,,528,1.0,3.0
019490027000,1000.0,,484,1.0,4.0
019500001000,,,0,1.0,3.0
019500002000,0.0,,462,1.0,4.0
019500003000,354.0,,462,1.0,3.0
019500004000,600.0,,506,1.0,3.0
019500005000,,,0,1.0,3.0
019500006000,500.0,,520,1.0,2.0
019500007000,,,660,1.0,3.0
019500008000,,,480,1.0,3.0
019500009000,850.0,,484,1.0,3.0
019500010000,800.0,,576,1.0,3.0
019500011000,600.0,,500,1.0,3.0
019500012000,1400.0,,541,1.0,3.0
019500013000,,,1128,1.0,3.0
019500014000,1150.0,,624,1.0,3.0
019500015000,,,0,1.0,3.0
019500016000,1000.0,,572,1.0,3.0
019500017000,900.0,,528,1.0,3.0
019500018000,0.0,,484,1.0,3.0
019500020000,,,576,1.0,3.0
019500021000,,,480,1.0,3.0
019500022000,600.0,,484,1.0,3.0
019500026000,,,624,1.0,3.0
019500027000,,,228,1.0,3.0
019500028000,,,400,1.0,2.0
019500029000,800.0,,1107,1.0,1.0
019500030000,500.0,,624,1.0,3.0
019500047000,1200.0,,509,1.0,3.0
019500048000,1100.0,,882,1.0,3.0
019500049000,600.0,,480,1.0,3.0
019500050000,,,668,1.0,3.0
019510011000,1550.0,,616,1.0,3.0
019510012000,1200.0,,1025,1.0,3.0
019510013000,800.0,,480,1.0,3.0
019510016000,1000.0,,504,1.0,3.0
019510017000,,,528,1.0,3.0
019510018000,2300.0,,971,1.0,3.0
019510019000,0.0,,400,1.0,3.0
019510020000,800.0,,528,1.0,4.0
019510021000,1000.0,,480,1.0,2.0
019510022000,800.0,,660,1.0,3.0
019510023000,1150.0,,480,1.0,4.0
019510024000,600.0,,440,1.0,3.0
019510025000,1500.0,,624,1.0,3.0
019510026000,770.0,,440,1.0,3.0
019510027000,2000.0,,336,1.0,3.0
019510028000,600.0,,432,1.0,3.0
019510029000,550.0,,484,1.0,3.0
019510030000,1900.0,,528,1.0,3.0
019510031000,900.0,,390,1.0,3.0
019510032000,,,480,1.0,3.0
019510033000,800.0,,484,1.0,3.0
019510035000,,,835,1.0,3.0
019520001000,,,1120,1.0,
019520002000,,,1344,1.0,
019520003000,,,1344,1.0,
019520004000,,,1344,1.0,
019520008000,1650.0,,1510,1.0,3.0
019520009000,0.0,,480,1.0,4.0
019520010000,750.0,,420,1.0,3.0
019520011000,,,0,,
019520012000,,,0,,
019520013000,,,0,,
019520014000,,,0,,
019530001000,750.0,,779,1.0,3.0
019530002000,800.0,,536,1.0,3.0
019530003000,1150.0,,648,1.0,3.0
019530004000,,,664,1.0,
019530005000,0.0,,780,1.0,3.0
019530006000,800.0,,676,1.0,3.0
019530007000,600.0,,748,1.0,4.0
019530008000,0.0,,579,1.0,3.0
019530009000,1000.0,,616,1.0,3.0
019530010000,900.0,,0,1.0,3.0
019530012000,,,784,1.0,2.0
019530013000,,,528,1.0,3.0
019530015000,0.0,,528,1.0,3.0
019530016000,750.0,,672,1.0,3.0
019530018000,400.0,,576,1.0,3.0
019530019000,,,519,1.0,3.0
019530020000,,,445,1.0,3.0
019530021000,,,480,1.0,4.0
019530022000,625.0,,320,1.0,2.0
019530023000,0.0,,336,1.0,3.0
019530024000,0.0,,0,1.0,2.0
019530025000,500.0,,823,1.0,4.0
019530026000,450.0,,0,1.0,3.0
019530027000,,,220,1.0,2.0
019530028000,900.0,,528,1.0,3.0
019530029000,,,563,1.0,3.0
019530030000,,,0,1.0,3.0
019530031000,600.0,,0,1.0,3.0
019530033000,,,0,1.0,3.0
019530034000,800.0,,576,1.0,3.0
019530035000,,,564,1.0,3.0
019530037000,1000.0,,480,1.0,3.0
019530038000,,,616,1.0,
019530039000,,,576,1.0,3.0
019530040000,0.0,,463,1.0,3.0
019530041000,1200.0,,624,1.0,3.0
019530042000,700.0,,572,1.0,3.0
019530043000,1000.0,,616,1.0,3.0
019530044000,800.0,,672,1.0,4.0
019530045000,850.0,,492,1.0,3.0
019530046000,750.0,,728,1.0,3.0
019530047000,800.0,,440,1.0,3.0
019530048000,850.0,,504,1.0,2.0
019530049000,1000.0,,704,1.0,2.0
019530050000,2500.0,,504,1.0,3.0
019530051000,1000.0,,702,1.0,2.0
019530053000,600.0,,576,1.0,4.0
019530054000,500.0,,576,1.0,3.0
019530055000,500.0,,484,1.0,3.0
019530056000,800.0,,576,1.0,3.0
019540006000,,,0,1.0,
019540013000,,,264,1.0,2.0
019540014000,,,264,1.0,2.0
019540015000,,,234,1.0,2.0
019540016000,,,234,1.0,2.0
019540017000,,,234,1.0,2.0
019540018000,,,234,1.0,2.0
019540019000,,,234,1.0,2.0
019540020000,,,234,1.0,2.0
019540021000,,,234,1.0,2.0
019540022000,,,251,1.0,2.0
019540023000,,,251,1.0,2.0
019540024000,,,251,1.0,2.0
019540025000,,,209,1.0,
019540026000,,,209,1.0,
019540027000,,,251,1.0,2.0
019540028000,,,251,1.0,2.0
019550001000,,,504,1.0,3.0
019550002000,,,400,1.0,3.0
019550003000,0.0,,756,1.0,3.0
019550005000,600.0,,400,1.0,3.0
019550006000,,,400,1.0,3.0
019550007000,700.0,,480,1.0,3.0
019550008000,450.0,,288,1.0,2.0
019550009000,0.0,,452,1.0,3.0
019550010000,1000.0,,576,1.0,3.0
019550011000,,,528,1.0,3.0
019550012000,,,624,1.0,3.0
019550013000,800.0,,672,1.0,3.0
019550014000,,,462,1.0,3.0
019550015000,,,400,1.0,3.0
019550016000,,,462,1.0,3.0
019550017000,,,624,1.0,4.0
019550018000,,,720,1.0,3.0
019550019000,,,484,1.0,3.0
019550020000,900.0,,610,1.0,4.0
019550021000,,,766,1.0,3.0
019550022000,,,600,1.0,2.0
019550023000,,,576,1.0,3.0
019550024000,825.0,,476,1.0,3.0
019550025000,0.0,585.0,555,2.0,3.0
019550026000,,,624,1.0,4.0
019550027000,645.0,,0,1.0,3.0
019550028000,,,480,1.0,3.0
019550029000,,,600,1.0,3.0
019550030000,,,0,1.0,3.0
019550031000,600.0,,599,1.0,1.0
019550032000,,,528,1.0,3.0
019550034000,1400.0,,475,1.0,3.0
019550035000,900.0,,698,1.0,
019550036000,,,738,1.0,3.0
019550037000,903.0,,492,1.0,3.0
019550038000,550.0,,484,1.0,2.0
019550039000,2050.0,,504,1.0,4.0
019550041000,,,240,1.0,4.0
019550042000,0.0,,440,1.0,3.0
019550043000,800.0,,528,1.0,3.0
019550044000,,,620,1.0,3.0
019550045000,1500.0,,726,1.0,3.0
019550046000,,,448,1.0,
019550048000,,,528,1.0,4.0
019550049000,600.0,,528,1.0,3.0
019550050000,750.0,,452,1.0,3.0
019550051000,,,0,1.0,3.0
019551054000,65.0,,440,1.0,1.0
019551055000,,,576,1.0,3.0
019551056000,800.0,,484,1.0,3.0
019551057000,,,832,1.0,3.0
019551058000,,,420,1.0,3.0
019551059000,0.0,,672,1.0,3.0
019551060000,,,440,1.0,
019551061000,1275.0,,480,1.0,3.0
019551062000,0.0,,1170,1.0,3.0
019551064000,,,0,1.0,3.0
019551065000,,,0,1.0,3.0
019551066000,400.0,,484,1.0,3.0
019551067000,,,0,1.0,3.0
019551069000,,,423,1.0,2.0
019551070000,,,624,1.0,4.0
019551071000,,,521,1.0,3.0
019551072000,,,792,1.0,
019560001000,1650.0,,528,1.0,3.0
019560002000,720.0,,440,1.0,2.0
019560004000,750.0,,440,1.0,3.0
019560005000,700.0,,402,1.0,4.0
019560006000,0.0,,1236,1.0,3.0
019560007000,850.0,,672,1.0,3.0
019560008000,850.0,,621,1.0,3.0
019560009000,0.0,,440,1.0,3.0
019560010000,1000.0,,576,1.0,4.0
019560011000,0.0,,540,1.0,3.0
019560012000,1000.0,,497,1.0,3.0
019560013000,600.0,,528,1.0,3.0
019560014000,1000.0,,594,1.0,2.0
019560015000,800.0,,528,1.0,2.0
019560016000,1000.0,,400,1.0,3.0
019560017000,,,528,1.0,3.0
019560018000,1000.0,,576,1.0,3.0
019560021000,1250.0,,816,1.0,3.0
019560022000,800.0,,1168,1.0,3.0
019560024000,,,600,1.0,
019560025000,700.0,,400,1.0,3.0
019560026000,1600.0,,660,1.0,3.0
019560027000,2400.0,,950,1.0,3.0
019560029000,800.0,,588,1.0,3.0
019560030000,627.0,,444,1.0,3.0
019560031000,,,812,1.0,3.0
019560032000,800.0,,491,1.0,3.0
019560033000,800.0,,325,1.0,2.0
019560034000,600.0,,400,1.0,2.0
019560035000,0.0,,840,1.0,3.0
019560036000,510.0,,270,1.0,3.0
019560037000,800.0,,528,1.0,3.0
019560038000,1100.0,,440,1.0,3.0
019560039000,800.0,,520,1.0,3.0
019560040000,0.0,,480,1.0,4.0
019560041000,900.0,,1400,1.0,3.0
019560042000,1250.0,,631,1.0,3.0
019560043000,1300.0,,458,1.0,3.0
019560044000,,,672,1.0,5.0
019560045000,800.0,,720,1.0,4.0
019560046000,800.0,,528,1.0,3.0
019560047000,,,630,1.0,3.0
019560048000,,,616,1.0,4.0
019560049000,,,640,1.0,3.0
019560050000,,,847,1.0,3.0
019560051000,,544.0,551,2.0,
019560052000,,,763,1.0,4.0
019560053000,,,547,1.0,4.0
019560054000,,,563,1.0,3.0
019560055000,600.0,,0,1.0,3.0
019560056000,,,484,1.0,3.0
019560057000,600.0,,520,1.0,2.0
019560058000,800.0,,361,1.0,2.0
019560061000,1000.0,,480,1.0,4.0
019560062000,1000.0,,0,1.0,3.0
019560063000,1000.0,,484,1.0,3.0
019560064000,800.0,,400,1.0,3.0
019560065000,850.0,,572,1.0,3.0
019560066000,700.0,,440,1.0,3.0
019560067000,700.0,,503,1.0,4.0
019560068000,484.0,,484,1.0,3.0
019560069000,800.0,,484,1.0,3.0
019560070000,800.0,,504,1.0,3.0
019560071000,,,576,1.0,3.0
019560072000,1000.0,,404,1.0,4.0
019560073000,1000.0,,739,1.0,3.0
019560074000,800.0,,440,1.0,3.0
019560075000,0.0,,384,1.0,3.0
019560077000,1000.0,,400,1.0,3.0
019560078000,0.0,,576,1.0,3.0
019560080000,875.0,,560,1.0,4.0
019560081000,,,572,1.0,3.0
019560082000,450.0,,480,1.0,3.0
019560083000,600.0,,528,1.0,3.0
019560084000,800.0,,702,1.0,6.0
019560085000,0.0,,742,1.0,4.0
019560086000,1350.0,,784,1.0,3.0
019560087000,400.0,,480,1.0,3.0
019560088000,800.0,,594,1.0,3.0
019560090000,1000.0,,520,1.0,3.0
019560091000,800.0,,552,1.0,3.0
019560093000,2000.0,,792,1.0,4.0
019560096000,,,480,1.0,
019560098000,550.0,,663,1.0,
019570001000,1000.0,,450,1.0,3.0
019570002000,1400.0,,312,1.0,3.0
019570003000,550.0,,510,1.0,2.0
019570004000,600.0,,457,1.0,3.0
019570005000,0.0,,240,1.0,3.0
019570006000,2300.0,,707,1.0,3.0
019570007000,1050.0,,480,1.0,3.0
019570009000,1000.0,,0,1.0,3.0
019570010000,1350.0,,489,1.0,3.0
019570011000,,,832,1.0,
019570012000,,,450,1.0,3.0
019570013000,1000.0,,0,1.0,3.0
019570014000,800.0,,572,1.0,3.0
019570015000,,,450,1.0,
019570016000,0.0,,584,1.0,3.0
019570017000,0.0,,420,1.0,3.0
019570018000,800.0,,400,1.0,3.0
019570019000,900.0,,576,1.0,3.0
019570020000,800.0,,322,1.0,4.0
019570021000,900.0,,477,1.0,3.0
019570022000,,,0,1.0,
019570023000,,,462,1.0,3.0
019570024000,800.0,,480,1.0,3.0
019570025000,0.0,,462,1.0,3.0
019570026000,700.0,,480,1.0,4.0
019570027000,0.0,,432,1.0,3.0
019570028000,645.0,,462,1.0,3.0
019580001000,0.0,,540,1.0,6.0
019580002000,0.0,,0,1.0,3.0
019580003000,,,300,1.0,2.0
019580004000,1050.0,,570,1.0,3.0
019580005000,,,600,1.0,4.0
019580006000,660.0,,484,1.0,3.0
019580007000,,,480,1.0,3.0
019580008000,0.0,,624,1.0,3.0
019580009000,480.0,,598,1.0,4.0
019580010000,,,598,1.0,3.0
019580011000,650.0,,782,1.0,3.0
019580012000,1000.0,,540,1.0,3.0
019580014000,400.0,,480,1.0,3.0
019580015000,0.0,,676,1.0,4.0
019580016000,640.0,,744,1.0,3.0
019580022000,,,441,1.0,2.0
019580026000,,,816,1.0,3.0
019580027000,480.0,,576,1.0,2.0
019580028000,0.0,,480,1.0,3.0
019580029000,0.0,,440,1.0,3.0
019580030000,800.0,,502,1.0,3.0
019580031000,750.0,,728,1.0,2.0
019580032000,800.0,,284,1.0,3.0
019580033000,200.0,,440,1.0,2.0
019580034000,1600.0,,564,1.0,3.0
019580035000,500.0,,534,1.0,3.0
019580036000,900.0,,484,1.0,3.0
019580045000,,,400,1.0,3.0
019590001000,0.0,,483,1.0,3.0
019590002000,200.0,,456,1.0,3.0
019590003000,0.0,,380,1.0,5.0
019590004000,400.0,,456,1.0,4.0
019590005000,850.0,,429,1.0,4.0
019590006000,1250.0,,480,1.0,3.0
019590007000,400.0,,437,1.0,3.0
019590008000,700.0,,506,1.0,3.0
019590009000,750.0,,456,1.0,3.0
019590010000,,,342,1.0,6.0
019590011000,800.0,,456,1.0,3.0
019590012000,550.0,,437,1.0,4.0
019590013000,300.0,,437,1.0,3.0
019590014000,700.0,,429,1.0,3.0
019590015000,1150.0,,816,1.0,3.0
019590016000,0.0,,528,1.0,3.0
019590017000,1300.0,,437,1.0,4.0
019590018000,800.0,,456,1.0,4.0
019590019000,800.0,,456,1.0,3.0
019590020000,400.0,,429,1.0,4.0
019590021000,650.0,,506,1.0,4.0
019600020000,1200.0,,495,1.0,3.0
019600021000,1350.0,,490,1.0,3.0
019600022000,1452.0,,479,1.0,3.0
019600023000,800.0,,528,1.0,3.0
019600024000,1450.0,,484,1.0,3.0
019600025000,,,528,1.0,3.0
019600026000,0.0,,472,1.0,3.0
019600027000,,,570,1.0,3.0
019600028000,880.0,,528,1.0,3.0
019600029000,0.0,,481,1.0,3.0
019600030000,,,528,1.0,3.0
019600031000,,,528,1.0,3.0
019600032000,,1476.0,528,2.0,3.0
019600033000,1150.0,,484,1.0,3.0
019600034000,1200.0,,484,1.0,3.0
019600035000,,,466,1.0,3.0
019600036000,,,528,1.0,3.0
019600037000,,,528,1.0,3.0
019600038000,,,528,1.0,3.0
019600039000,,,528,1.0,3.0
019600040000,,,528,1.0,3.0
019600041000,1000.0,,506,1.0,3.0
019600042000,,,528,1.0,3.0
019600043000,1256.0,,468,1.0,3.0
019600044000,,,528,1.0,3.0
019600045000,1200.0,,528,1.0,3.0
019600046000,,,528,1.0,3.0
019600047000,,,528,1.0,3.0
019600048000,,,528,1.0,3.0
019600049000,,,528,1.0,3.0
019610042000,0.0,,420,1.0,2.0
019610043000,354.0,,420,1.0,2.0
019610044000,354.0,,420,1.0,2.0
019610045000,354.0,,420,1.0,2.0
019610046000,354.0,,420,1.0,2.0
019610047000,54.0,,420,1.0,2.0
019610048000,354.0,,420,1.0,2.0
019610049000,354.0,,420,1.0,2.0
019610050000,0.0,,420,1.0,2.0
019610051000,354.0,,420,1.0,2.0
019610052000,354.0,,420,1.0,2.0
019610053000,354.0,,420,1.0,2.0
019610054000,354.0,,420,1.0,2.0
019610055000,354.0,,420,1.0,2.0
019610056000,354.0,,420,1.0,2.0
019610057000,0.0,,420,1.0,2.0
019610058000,354.0,,420,1.0,2.0
019610059000,354.0,,420,1.0,2.0
019610060000,354.0,,420,1.0,2.0
019610061000,354.0,,420,1.0,2.0
019610062000,354.0,,420,1.0,2.0
019610063000,354.0,,420,1.0,2.0
019610064000,300.0,,420,1.0,2.0
019610065000,300.0,,420,1.0,2.0
019610066000,300.0,,420,1.0,2.0
019610067000,300.0,,420,1.0,2.0
019610068000,300.0,,420,1.0,2.0
019610069000,0.0,,420,1.0,3.0
019610070000,354.0,,420,1.0,2.0
019610071000,354.0,,420,1.0,2.0
019610072000,354.0,,422,1.0,2.0
019610073000,354.0,,422,1.0,2.0
019610074000,354.0,,422,1.0,2.0
019610075000,354.0,,422,1.0,2.0
019610076000,,,422,1.0,2.0
019610077000,354.0,,422,1.0,2.0
019610078000,,,422,1.0,2.0
019610079000,,,422,1.0,2.0
019620044000,,,0,1.0,
019620045000,,,0,1.0,
019620046000,,,0,1.0,
019620047000,,,0,1.0,
019620050000,,,0,1.0,
019620051000,,,0,1.0,
019620052000,,,0,1.0,
019620053000,,,0,1.0,
019620054000,,,0,1.0,
019620055000,,,0,1.0,
019620056000,,,0,1.0,
019620057000,,,0,1.0,
019620058000,,,0,1.0,
019630002000,300.0,,436,1.0,4.0
019630003000,300.0,,436,1.0,4.0
019630004000,300.0,,430,1.0,3.0
019630005000,300.0,,1201,1.0,3.0
019630006000,300.0,,430,1.0,3.0
019630007000,300.0,,436,1.0,4.0
019630008000,300.0,,436,1.0,4.0
019630009000,300.0,,430,1.0,3.0
019630010000,300.0,,430,1.0,3.0
019630012000,300.0,,430,1.0,3.0
019630013000,300.0,,436,1.0,4.0
019630014000,300.0,,430,1.0,3.0
019630015000,300.0,,430,1.0,3.0
019630016000,436.0,,436,1.0,3.0
019630017000,300.0,,436,1.0,4.0
019630018000,300.0,,430,1.0,3.0
019630019000,300.0,,436,1.0,4.0
019630020000,300.0,,430,1.0,3.0
019630021000,300.0,,447,1.0,4.0
019630022000,300.0,,436,1.0,4.0
019630023000,300.0,,436,1.0,3.0
019630024000,300.0,,430,1.0,3.0
019630025000,300.0,,436,1.0,4.0
019630026000,300.0,,447,1.0,4.0
019630027000,300.0,,430,1.0,3.0
019630028000,300.0,,430,1.0,3.0
019630029000,300.0,,436,1.0,4.0
019630030000,300.0,,430,1.0,3.0
019630031000,300.0,,0,1.0,
019630032000,300.0,,430,1.0,3.0
019630033000,300.0,,436,1.0,4.0
019630034000,300.0,,436,1.0,4.0
019630035000,300.0,,436,1.0,4.0
019630036000,300.0,,447,1.0,4.0
019630037000,300.0,,436,1.0,4.0
019630038000,300.0,,430,1.0,3.0
019630039000,300.0,,430,1.0,3.0
019630040000,300.0,,430,1.0,3.0
019630041000,300.0,,447,1.0,4.0
019640007000,,,0,1.0,
019640009000,,,0,1.0,
019640011000,,,0,1.0,
019640012000,,,0,1.0,
019640013000,,,0,1.0,
019640015000,,,0,1.0,
019650003000,,,0,1.0,
019650004000,,,0,1.0,
019650005000,,,0,1.0,
019650006000,,,0,1.0,
019650007000,,,0,1.0,
019650008000,,,0,1.0,
019650009000,,,0,1.0,2.0
019650010000,,,0,1.0,1.0
019650014000,,,0,1.0,
019650015000,,,0,1.0,
019650016000,,,0,1.0,
019650018000,,,0,1.0,
019650019000,,,0,1.0,
019650020000,,,0,1.0,
019650024000,,,0,1.0,
019650025000,,,0,1.0,2.0
019650026000,,,0,1.0,
019650029000,,,0,1.0,
019650030000,,,0,1.0,
019660007000,,,1004,1.0,6.0
019660011000,,,649,1.0,4.0
019660012000,,,664,1.0,4.0
019660013000,,,704,1.0,3.0
019660017000,0.0,,833,1.0,3.0
019660018000,,,737,1.0,4.0
019660019000,,,886,1.0,3.0
019660035000,,498.0,1188,2.0,
019660036000,,,674,1.0,3.0
019660037000,1050.0,,676,1.0,4.0
019660038000,,,788,1.0,
019660039000,,,1325,1.0,
019660040000,,,990,1.0,
019660054000,,,1016,1.0,
019670013000,,,0,1.0,
019670016000,,,0,1.0,
019680005000,,,492,1.0,
019680007000,,,473,1.0,
019680009000,,,527,1.0,
019680011000,,,483,1.0,3.0
019680012000,,,543,1.0,
019680013000,,,572,1.0,
019680017000,,,2400,1.0,
019690003000,,,460,1.0,4.0
019690004000,,,451,1.0,3.0
019690005000,,,460,1.0,3.0
019690006000,,,451,1.0,3.0
019690007000,,,451,1.0,3.0
019690008000,,,460,1.0,3.0
019690009000,,,460,1.0,3.0
019690010000,,,451,1.0,3.0
019690011000,,,451,1.0,3.0
019690012000,,,460,1.0,4.0
019690013000,,,460,1.0,4.0
019690014000,,,451,1.0,3.0
019690015000,,,460,1.0,3.0
019690016000,,,451,1.0,3.0
019690017000,,,451,1.0,3.0
019690018000,,,460,1.0,3.0
019690019000,,,460,1.0,3.0
019690020000,,,451,1.0,3.0
019690021000,,,451,1.0,3.0
019690022000,,,460,1.0,3.0
019690023000,,,460,1.0,3.0
019690024000,,,451,1.0,4.0
019690027000,200.0,,451,1.0,4.0
019690028000,90.0,,451,1.0,3.0
019690029000,90.0,,451,1.0,3.0
019690030000,93.0,,460,1.0,3.0
019690031000,84.0,,451,1.0,3.0
019690032000,84.0,,451,1.0,3.0
019690033000,90.0,,451,1.0,3.0
019690034000,90.0,,451,1.0,3.0
019690035000,90.0,,451,1.0,3.0
019690036000,93.0,,460,1.0,3.0
019690037000,84.0,,451,1.0,3.0
019690038000,171.0,,460,1.0,4.0
019690039000,20.0,,451,1.0,4.0
019690040000,20.0,,451,1.0,3.0
019690041000,20.0,,451,1.0,3.0
019690042000,20.0,,451,1.0,3.0
019690043000,20.0,,451,1.0,3.0
019690044000,93.0,,460,1.0,3.0
019690045000,20.0,,451,1.0,3.0
019690046000,20.0,,451,1.0,3.0
019690047000,20.0,,451,1.0,3.0
019690048000,0.0,,451,1.0,4.0
019690050000,171.0,,460,1.0,4.0
019690051000,90.0,,451,1.0,3.0
019690052000,,,451,1.0,3.0
019690053000,20.0,,451,1.0,4.0
019690054000,,,451,1.0,3.0
019690055000,0.0,,460,1.0,3.0
019690056000,,,460,1.0,3.0
019690057000,20.0,,451,1.0,3.0
019690058000,20.0,,451,1.0,
019690059000,20.0,,451,1.0,4.0
019690060000,,,451,1.0,3.0
019690061000,,,451,1.0,3.0
019690062000,,,451,1.0,4.0
019690063000,76.0,,451,1.0,
019690064000,,,460,1.0,3.0
019690065000,20.0,,451,1.0,4.0
019700034000,,,0,,
019700035000,,,0,,
019700036000,,,0,,
019700037000,,,0,,
019700038000,,,0,,
019700039000,,,0,,
019700040000,,,0,,
019700041000,,,0,,
019700042000,,,0,,
019700043000,,,0,,
019700044000,,,0,,
019700045000,,,0,,
019700046000,,,0,,
019700047000,,,0,,
019700048000,,,0,,
019700049000,,,0,,
019700050000,,,0,,
019700051000,,,0,,
019700052000,,,0,,
019700053000,,,0,,
019720007000,,,312,1.0,4.0
019720008000,,,288,1.0,3.0
019720009000,,,300,1.0,2.0
019720010000,,,318,1.0,4.0
019730010000,,,586,1.0,3.0
019730043000,,,655,1.0,3.0
019730044000,,,376,1.0,2.0
019730046000,,,376,1.0,3.0
019730047000,,,655,1.0,3.0
019730049000,,,655,1.0,3.0
019730050000,,,376,1.0,2.0
019730051000,,,655,1.0,3.0
019740006000,394.0,,1039,1.0,5.0
019740007000,,,859,1.0,3.0
019740011000,,,1081,1.0,
019740013000,,,736,1.0,
019740014000,0.0,,1098,1.0,
019740015000,770.0,,564,1.0,4.0
019740016000,,,888,1.0,3.0
019740017000,,,952,1.0,
019740018000,,,678,1.0,4.0
019740019000,,,860,1.0,
019740024000,587.0,,1069,1.0,4.0
019740025000,,,1100,1.0,
019740026000,,,1175,1.0,4.0
019740028000,,,753,1.0,
019740030000,,,853,1.0,
019740033000,1100.0,,784,1.0,4.0
019740040000,,,948,1.0,4.0
019740041000,,,813,1.0,4.0
019740043000,,,569,1.0,4.0
019740044000,,,883,1.0,
019740053000,,,820,1.0,4.0
019740069000,,,584,1.0,3.0
019740070000,,,305,1.0,2.0
019740071000,,,584,1.0,3.0
019740073000,,,681,1.0,3.0
019740074000,,,655,1.0,3.0
019740075000,,,653,,
019740076000,,,666,1.0,
019740077000,,,666,1.0,
019740078000,,,666,1.0,
019740080000,,,666,1.0,
019740081000,,,666,1.0,
019740082000,,,653,,
019740083000,1252.0,,1332,1.0,
019740084000,,,666,1.0,
019740085000,,,666,1.0,
019740086000,,,666,1.0,
019740087000,,,667,1.0,
019740088000,,,0,,
019740089000,,,666,1.0,
019740090000,122.0,,653,1.0,
019741001000,,,618,1.0,
019741002000,,,618,1.0,
019741003000,,,618,1.0,
019741004000,,,618,1.0,
019741005000,,,618,1.0,
019741006000,,,618,1.0,
019741007000,,,618,1.0,
019741008000,,,618,1.0,
019750002000,488.0,,783,1.0,5.0
019750003000,,,1535,1.0,
019750018000,,,927,1.0,4.0
019750021000,,,893,1.0,4.0
019750022000,,,1099,1.0,5.0
019750023000,170.0,,704,1.0,4.0
019750030000,,,912,1.0,4.0
019750031000,,,740,1.0,3.0
019750032000,,,1059,1.0,
019750033000,,,905,1.0,3.0
019750034000,,,821,1.0,4.0
019750035000,,,791,1.0,
019750036000,1000.0,,708,1.0,4.0
019750037000,,,870,1.0,4.0
019750038000,,,999,1.0,4.0
019750040000,,,748,1.0,4.0
019750041000,0.0,,575,1.0,
019750042000,,,603,1.0,4.0
019750043000,,,1112,1.0,
019750044000,,,870,1.0,3.0
019750045000,1000.0,,1119,1.0,4.0
019770003000,,,899,1.0,
019770004000,,,845,1.0,
019770005000,,,528,1.0,4.0
019770007000,,,672,1.0,
019770008000,,,641,1.0,4.0
019770012000,1100.0,,635,1.0,4.0
019770014000,,,566,1.0,
019770015000,,,875,1.0,3.0
019770017000,,,618,1.0,
019770019000,,,588,1.0,
019780001000,,,608,1.0,4.0
019780003000,250.0,,955,1.0,
019780005000,,,1068,1.0,
019780006000,,,868,1.0,
019780009000,,,922,1.0,
019780010000,,,663,1.0,4.0
019780012000,,,1061,1.0,
019780013000,,,771,1.0,3.0
019780014000,,,784,1.0,
019780015000,,,707,1.0,
019780016000,,,788,1.0,4.0
019780020000,,,668,1.0,
019780023000,,,635,1.0,
019780024000,,,1050,1.0,
019780025000,800.0,,495,1.0,3.0
019780027000,,,734,1.0,3.0
019780028000,,,576,1.0,4.0
019790004000,,,457,1.0,
019790010000,235.0,,624,1.0,
019790011000,,,1144,1.0,4.0
019790013000,,,636,1.0,4.0
019790014000,,,743,1.0,4.0
019790015000,,,1202,1.0,4.0
019790018000,,,536,1.0,
019790026000,,,1044,1.0,
019790027000,,,1011,1.0,4.0
019800002000,,,712,1.0,
019800003000,,,845,1.0,4.0
019800004000,,,621,1.0,4.0
019800008000,720.0,,630,1.0,
019800009000,,,777,1.0,3.0
019800011000,,,683,1.0,
019800012000,,,718,1.0,
019800015000,,,636,1.0,
019800016000,1108.0,,808,1.0,4.0
019800017000,,,848,1.0,4.0
019800022000,,,876,1.0,4.0
019800023000,,,1048,1.0,
019800024000,,,988,1.0,
019800027000,,,698,1.0,
019800028000,,,664,1.0,
019800029000,912.0,,1142,1.0,
019810006000,,,668,1.0,3.0
019810007000,,,544,1.0,3.0
019810008000,,,682,1.0,3.0
019810009000,,,484,1.0,3.0
019810010000,,,682,1.0,3.0
019810011000,,,546,1.0,3.0
019810012000,,,626,1.0,3.0
019810013000,,,626,1.0,3.0
019810014000,,,520,1.0,4.0
019810015000,,,619,1.0,3.0
019810016000,,,626,1.0,3.0
019810017000,,,622,1.0,3.0
019810018000,,,616,1.0,3.0
019810019000,,,548,1.0,3.0
019810020000,,,668,1.0,3.0
019810021000,,,473,1.0,3.0
019810022000,,,501,1.0,3.0
019810023000,,,683,1.0,3.0
019810024000,,,684,1.0,3.0
019810025000,,,536,1.0,3.0
019810026000,,,544,1.0,3.0
019810027000,,,473,1.0,3.0
019810028000,,,536,1.0,3.0
019810029000,,,624,1.0,3.0
019810030000,,,501,1.0,3.0
019810031000,,,624,1.0,3.0
019810032000,,,625,1.0,3.0
019810033000,,,504,1.0,3.0
019810034000,,,510,1.0,4.0
019810035000,,,510,1.0,5.0
019810036000,,,528,1.0,4.0
019810037000,,,528,1.0,4.0
019810038000,,,528,1.0,3.0
019810039000,,,511,1.0,4.0
019810040000,,,529,1.0,3.0
019820008000,,,490,1.0,3.0
019820009000,,,498,1.0,3.0
019820010000,,,490,1.0,3.0
019820013000,,,495,1.0,3.0
019820014000,,,490,1.0,3.0
019820015000,,,504,1.0,3.0
019820016000,,,485,1.0,3.0
019820017000,,,504,1.0,3.0
019820018000,,,485,1.0,3.0
019820019000,,,668,1.0,3.0
019820022000,,,668,1.0,3.0
019820024000,,,488,1.0,3.0
019820025000,,,504,1.0,3.0
019820027000,,,487,1.0,
019820028000,,,798,1.0,3.0
019820029000,,,560,1.0,3.0
019820030000,,,560,1.0,3.0
019820031000,,,560,1.0,3.0
019820033000,,,689,1.0,3.0
019820034000,,,560,1.0,3.0
019820035000,,,638,1.0,3.0
019820036000,,,797,1.0,3.0
019820039000,,,561,1.0,3.0
019820040000,,,689,1.0,3.0
019820041000,,,547,1.0,3.0
019820042000,,,491,1.0,3.0
019820043000,,,797,1.0,3.0
019820044000,,,560,1.0,
019820045000,,,797,1.0,3.0
019820046000,,,689,1.0,3.0
019820047000,,,491,1.0,3.0
019820048000,,,557,1.0,3.0
019820049000,,,547,1.0,3.0
019820050000,,,797,1.0,3.0
019820052000,,,453,1.0,3.0
019820053000,,,615,1.0,3.0
019820054000,,,800,1.0,3.0
019820055000,,,670,1.0,
019820056000,,,536,1.0,3.0
019820057000,,,560,1.0,3.0
019830004000,,,684,1.0,3.0
019830005000,,,490,1.0,3.0
019830006000,,,484,1.0,3.0
019830007000,,,490,1.0,3.0
019830008000,,,501,1.0,3.0
019830009000,,,683,1.0,3.0
019830010000,,,501,1.0,3.0
019830011000,,,501,1.0,3.0
019830012000,,,668,1.0,3.0
019830013000,,,490,1.0,3.0
019830014000,,,484,1.0,3.0
019830015000,,,528,1.0,3.0
019830018000,,,559,1.0,
019830019000,,,570,1.0,3.0
019830021000,,,572,1.0,3.0
019830022000,,,572,1.0,3.0
019830023000,,,490,1.0,3.0
019830024000,,,484,1.0,3.0
019830025000,,,490,1.0,3.0
019830026000,,,484,1.0,3.0
019830027000,,,668,1.0,3.0
019830028000,,,668,1.0,3.0
019830029000,,,490,1.0,3.0
019830031000,,,504,1.0,3.0
019830032000,,,499,1.0,
019830033000,,,572,1.0,
019830034000,,,638,1.0,
019830035000,,,547,1.0,3.0
019830036000,,,491,1.0,3.0
019830037000,,,797,1.0,3.0
019830038000,428.0,,0,1.0,3.0
019830039000,,,491,1.0,3.0
019830040000,,,560,1.0,3.0
019830041000,,,547,1.0,3.0
019830042000,,,797,1.0,3.0
019830043000,,,689,1.0,3.0
019830044000,,,797,1.0,4.0
019830045000,,,630,1.0,3.0
019830046000,,,468,1.0,
019830047000,,,780,1.0,3.0
019830048000,,,485,1.0,3.0
019830049000,,,504,1.0,3.0
019830050000,,,670,1.0,3.0
019830051000,,,670,1.0,3.0
019830052000,,,780,1.0,4.0
019830053000,,,780,1.0,
019830054000,,,656,1.0,
019830055000,,,670,1.0,3.0
019830056000,,,491,1.0,3.0
019830057000,,,560,1.0,3.0
019830058000,,,560,1.0,3.0
019830059000,,,689,1.0,3.0
019830060000,,,547,1.0,3.0
019830061000,,,797,1.0,3.0
019830062000,,,638,1.0,3.0
019830063000,,,689,1.0,3.0
019830064000,,,560,1.0,3.0
019840004000,,,815,1.0,4.0
019840005000,,,597,1.0,
019840007000,,,944,2.0,
019840009000,,,0,1.0,4.0
019840010000,,,639,1.0,4.0
019840011000,,,947,1.0,
019840013000,,,981,1.0,4.0
019840014000,,,960,1.0,4.0
019840015000,,,616,1.0,4.0
019840017000,691.0,,957,1.0,
019840018000,,,698,1.0,
019840019000,,,598,1.0,
019840021000,,,732,1.0,4.0
019840022000,616.0,,1181,2.0,
019840023000,,,682,1.0,4.0
019840024000,,,638,1.0,4.0
019840027000,800.0,,649,1.0,4.0
019840030000,,,856,1.0,4.0
019850003000,,,924,2.0,
019850004000,,,964,1.0,
019850005000,,,836,1.0,
019850006000,,,927,1.0,5.0
019850007000,,,576,1.0,4.0
019850008000,,,773,1.0,3.0
019850009000,,,808,1.0,4.0
019850010000,,,886,1.0,
019850011000,,,641,1.0,4.0
019850014000,,,1180,1.0,
019850018000,,,618,1.0,
019850020000,,,600,1.0,3.0
019850021000,,,1151,1.0,4.0
019850022000,,,715,1.0,
019850024000,,,724,1.0,4.0
019850026000,,,918,1.0,
019860002000,,,969,1.0,
019860005000,,,951,1.0,
019860006000,,,786,1.0,4.0
019860007000,,,984,2.0,
019860010000,,,908,1.0,
019860011000,,,1292,1.0,
019860013000,,,936,1.0,
019860014000,,,911,1.0,4.0
019860015000,,,738,2.0,
019860016000,,,696,1.0,4.0
019860017000,,,959,1.0,4.0
019860018000,,,983,1.0,
019870002000,,,1090,1.0,3.0
019870003000,,,1070,1.0,4.0
019870011000,,,689,1.0,
019870014000,,,1086,1.0,4.0
019870016000,,,600,1.0,4.0
019870017000,,,895,1.0,
019870019000,,,899,1.0,
019870020000,,,661,1.0,
019870022000,,,980,1.0,5.0
019870024000,,,877,1.0,
019870025000,,,764,1.0,4.0
019870026000,,,671,1.0,
019870028000,,,1018,1.0,
019870029000,,,1188,1.0,
019870030000,,,991,1.0,
019870032000,,,0,1.0,
019870033000,,,1031,2.0,
019870036000,0.0,,634,1.0,4.0
019870037000,,,648,1.0,4.0
019880001000,,,1060,1.0,
019880003000,,,624,1.0,3.0
019880004000,,,648,1.0,2.0
019880007000,,,700,2.0,
019880008000,,,816,1.0,4.0
019880009000,,,916,1.0,4.0
019880010000,,,665,1.0,4.0
019880011000,,,953,1.0,
019880012000,,,1071,2.0,
019880013000,,,839,1.0,
019880014000,,,1045,1.0,
019880017000,,,707,1.0,
019890001000,,,576,1.0,4.0
019890003000,,,955,1.0,
019890005000,,,576,1.0,
019890007000,,,897,1.0,
019890008000,,,925,1.0,
019890009000,,,623,1.0,4.0
019890011000,,412.0,807,2.0,
019890013000,141.0,,836,1.0,
019890016000,,,732,1.0,4.0
019890018000,,,734,1.0,
019900002000,,,935,2.0,
019900004000,,,976,1.0,4.0
019900005000,,,728,1.0,4.0
019900007000,,,908,1.0,
019900009000,,,854,1.0,
019900010000,,,987,1.0,
019900011000,,,970,1.0,4.0
019900014000,,,1092,1.0,4.0
019900017000,,,786,1.0,
019900018000,,,721,1.0,4.0
019900021000,,,866,1.0,4.0
019900024000,2100.0,,1488,1.0,4.0
019900025000,,,1051,1.0,
019910001000,,,904,1.0,
019910002000,,,1086,2.0,
019910005000,,,693,1.0,4.0
019910006000,,,600,1.0,3.0
019910007000,,,676,1.0,
019910008000,,,936,1.0,4.0
019910009000,,,613,1.0,3.0
019910011000,148.0,,803,1.0,
019910012000,,,928,1.0,
019910013000,,,752,1.0,3.0
019910014000,,,806,1.0,
019910015000,602.0,,857,1.0,3.0
019910016000,,,944,1.0,
019910017000,,,745,1.0,
019910020000,,,484,1.0,4.0
019920012000,,,0,1.0,
019930004000,,,576,1.0,
019930005000,,,540,1.0,3.0
019930006000,,,540,1.0,
019930007000,,,576,1.0,4.0
019930008000,60.0,,576,1.0,
019930009000,,,576,1.0,4.0
019930010000,42.0,,592,1.0,4.0
019930011000,42.0,,592,1.0,3.0
019930012000,42.0,,592,1.0,3.0
019930013000,42.0,,592,1.0,3.0
019930014000,,,540,1.0,
019930015000,0.0,,576,1.0,3.0
019930016000,,,540,1.0,
019930017000,60.0,,576,1.0,
019930018000,52.0,,540,1.0,
019930019000,60.0,,576,1.0,
019930020000,,,540,1.0,3.0
019930021000,60.0,,576,1.0,3.0
019930022000,,,540,1.0,
019930023000,60.0,,576,1.0,3.0
019930024000,60.0,,576,1.0,3.0
019930025000,,,576,1.0,4.0
019930029000,,,592,1.0,3.0
019930030000,,,576,1.0,
019930031000,,,576,1.0,3.0
019930032000,,,540,1.0,3.0
019930033000,,,540,1.0,3.0
019930034000,,,576,1.0,3.0
019930035000,,,576,1.0,
019930036000,,,540,1.0,
019930037000,,,600,1.0,3.0
019930038000,,,600,1.0,3.0
019930039000,,,600,1.0,5.0
019930040000,,,600,1.0,3.0
019930041000,,,576,1.0,4.0
019930042000,162.0,,540,1.0,
019930043000,,,0,1.0,
019930044000,,,576,1.0,4.0
019930045000,,,576,1.0,3.0
019930046000,,,576,1.0,3.0
019930047000,,,255,1.0,2.0
019930048000,,,423,1.0,3.0
019930049000,,,428,1.0,3.0
019930050000,,,428,1.0,3.0
019930051000,,,428,1.0,3.0
019930052000,,,428,1.0,3.0
019930053000,,,428,1.0,3.0
019940004000,,,677,1.0,3.0
019940005000,,,677,1.0,3.0
019940006000,,,677,1.0,
019940007000,,,677,1.0,3.0
019940008000,,,677,1.0,
019940009000,,,441,1.0,
019940010000,,,677,1.0,3.0
019940011000,,,677,1.0,
019940012000,,,677,1.0,
019940013000,,,677,1.0,
019940014000,,,677,1.0,
019940015000,,,677,1.0,3.0
019940016000,,,677,1.0,
019940017000,,,677,1.0,
019940018000,,,677,1.0,
019950004000,,,549,1.0,3.0
019950005000,,,549,1.0,3.0
019950006000,,,549,1.0,3.0
019950007000,,,549,1.0,3.0
019950008000,,,0,1.0,
019950009000,,,549,1.0,3.0
019950010000,,,549,1.0,3.0
019950011000,,,549,1.0,3.0
019950012000,,,549,1.0,3.0
019950013000,,,549,1.0,3.0
019950014000,,,549,1.0,3.0
019950015000,,,549,1.0,3.0
019950016000,,,549,1.0,3.0
019950017000,,,549,1.0,3.0
019950018000,,,549,1.0,3.0
019950019000,,,549,1.0,3.0
019950020000,,,549,1.0,
019950021000,,,549,1.0,3.0
019950022000,,,549,1.0,3.0
019950024000,,,0,1.0,
019950025000,,,0,1.0,
019950026000,,,0,1.0,
019950027000,,,0,1.0,
019950028000,,,0,1.0,
019950034000,,,0,,
019960002000,,,451,1.0,3.0
019960003000,0.0,,451,1.0,3.0
019960004000,,,418,1.0,3.0
019960005000,,,418,1.0,3.0
019960006000,,,418,1.0,3.0
019960007000,,,418,1.0,3.0
019960008000,,,418,1.0,3.0
019960009000,,,418,1.0,3.0
019960010000,,,418,1.0,3.0
019960011000,,,418,1.0,3.0
019960012000,,,418,1.0,
019960013000,,,418,1.0,3.0
019960014000,,,418,1.0,3.0
019960015000,,,418,1.0,3.0
019960016000,,,418,1.0,3.0
019960017000,,,418,1.0,3.0
019960018000,,,418,1.0,3.0
019960019000,,,418,1.0,3.0
019960020000,,,418,1.0,3.0
019960021000,,,418,1.0,
019960022000,,,418,1.0,3.0
019960023000,,,418,1.0,3.0
019960024000,,,407,1.0,3.0
019960025000,,,407,1.0,3.0
019960026000,,,407,1.0,3.0
019960027000,,,407,1.0,3.0
019960028000,,,443,1.0,3.0
019960029000,,,443,1.0,3.0
019960031000,,,443,1.0,3.0
019960032000,,,443,1.0,3.0
019960033000,,,443,1.0,3.0
019960034000,,,443,1.0,3.0
019960035000,,,443,1.0,3.0
019970003000,,,481,1.0,
019970004000,,,481,1.0,
019970044000,,,461,1.0,3.0
019970045000,,,310,1.0,2.0
019970046000,,,461,1.0,3.0
019970047000,,,517,1.0,2.0
019970048000,,,285,1.0,3.0
019970049000,,,548,1.0,2.0
019970050000,,,548,1.0,2.0
019970051000,,,285,1.0,2.0
019970052000,,,548,1.0,
019970053000,,,548,1.0,2.0
019970054000,,,285,1.0,2.0
019970055000,,,548,1.0,2.0
019970056000,,,505,1.0,3.0
019970057000,,,350,1.0,2.0
019970058000,,,0,1.0,2.0
019970059000,,,510,1.0,2.0
019970060000,,,506,1.0,2.0
019970061000,,,506,1.0,2.0
019970062000,,,506,1.0,2.0
019970063000,,,506,1.0,2.0
019970064000,,,506,1.0,2.0
019970065000,,,506,1.0,2.0
019970066000,,,506,1.0,2.0
019970067000,,,506,1.0,2.0
019970068000,,,310,1.0,2.0
019970069000,,,0,1.0,2.0
019970070000,,,0,1.0,2.0
019970071000,,,0,1.0,2.0
019970072000,,,0,1.0,2.0
019970073000,,,264,1.0,2.0
019970074000,,,0,1.0,2.0
019970075000,,,0,1.0,2.0
019980014000,,,480,1.0,3.0
019980015000,,,473,1.0,3.0
019980016000,,,518,1.0,3.0
019980017000,,,472,1.0,3.0
019980018000,,,518,1.0,3.0
019980019000,,,450,1.0,
019980020000,,,473,1.0,
019980021000,,,460,1.0,
019980025000,,,501,1.0,
019980029000,,,473,1.0,3.0
019980030000,,,413,1.0,
019980031000,,,465,1.0,
019980032000,,,384,1.0,
019980033000,,,465,1.0,
019980034000,,,413,1.0,
019980040000,,,480,1.0,3.0
019980041000,,,480,1.0,3.0
019980042000,,,480,1.0,3.0
019980043000,,,480,1.0,3.0
019980049000,,,357,1.0,
019980050000,,,357,1.0,
019980051000,,,360,1.0,
019980052000,,,360,1.0,
019980053000,,,357,1.0,
019980054000,,,360,2.0,
019980055000,,,349,1.0,
019980056000,,,349,1.0,
019980057000,,,315,1.0,3.0
019980058000,,,315,1.0,3.0
019980059000,,,315,1.0,3.0
019980060000,,,315,1.0,3.0
019980061000,,,315,1.0,3.0
019980062000,,,315,1.0,3.0
019980063000,,,315,1.0,3.0
019980064000,,,315,1.0,3.0
019980065000,,,315,1.0,3.0
019980066000,,,315,1.0,3.0
019980067000,,,315,1.0,3.0
019980068000,,,315,1.0,3.0
019980069000,,,315,1.0,3.0
019980070000,,,315,1.0,3.0
019980071000,,,0,1.0,
019980072000,,,0,1.0,
019980073000,,,349,1.0,
019980074000,,,0,1.0,
019980075000,,,0,1.0,
019980076000,,,0,1.0,
019980077000,,,357,1.0,
019980078000,,,357,1.0,
020020016000,,,480,1.0,3.0
020020018000,0.0,,852,1.0,3.0
020020024000,507.0,,378,1.0,3.0
020020025000,1500.0,,484,1.0,3.0
020020028000,984.0,,420,1.0,2.0
020030013000,1000.0,,464,1.0,3.0
020030014000,1500.0,,576,1.0,2.0
020030015000,,,720,1.0,
020030016000,1700.0,,538,1.0,3.0
020030017000,2249.0,,528,1.0,3.0
020030018000,,,280,1.0,3.0
020030019000,,,441,1.0,3.0
020030020000,,,400,1.0,3.0
020030021000,1580.0,,660,1.0,2.0
020030022000,1000.0,,504,1.0,5.0
020030023000,1494.0,,440,1.0,3.0
020030024000,1500.0,,424,1.0,3.0
020030025000,1700.0,,528,1.0,3.0
020030026000,929.0,,609,1.0,2.0
020030027000,1594.0,,504,1.0,2.0
020030028000,,,480,1.0,3.0
020030029000,1218.0,,456,1.0,3.0
020030030000,1319.0,,440,1.0,3.0
020030031000,1288.0,,462,1.0,2.0
020030032000,545.0,,462,1.0,3.0
020030033000,1458.0,,500,1.0,3.0
020030034000,416.0,,480,1.0,3.0
020030035000,0.0,,560,1.0,3.0
020030036000,928.0,,616,1.0,3.0
020040024000,0.0,,528,1.0,3.0
020040026000,555.0,,514,1.0,3.0
020040027000,1290.0,,460,1.0,3.0
020040028000,2000.0,,448,1.0,3.0
020040029000,870.0,,484,1.0,2.0
020040030000,0.0,,460,1.0,3.0
020040031000,1600.0,,440,1.0,3.0
020040032000,0.0,,380,1.0,3.0
020040033000,1200.0,,320,1.0,3.0
020040034000,3000.0,,0,1.0,3.0
020040035000,600.0,,440,1.0,
020040038000,0.0,,462,1.0,4.0
020040039000,800.0,,400,1.0,3.0
020040040000,1000.0,,504,1.0,3.0
020040043000,0.0,,436,1.0,3.0
020040044000,0.0,,1324,1.0,3.0
020040045000,51.0,,818,1.0,3.0
020040046000,1351.0,,440,1.0,3.0
020040047000,1000.0,,528,1.0,3.0
020040048000,1000.0,,276,1.0,2.0
020040049000,1050.0,,420,1.0,3.0
020040050000,1000.0,,400,1.0,3.0
020040051000,1000.0,,576,1.0,3.0
020040052000,600.0,,462,1.0,3.0
020050015000,0.0,,516,1.0,3.0
020050016000,948.0,,440,1.0,3.0
020050017000,0.0,,400,1.0,3.0
020050018000,700.0,,462,1.0,3.0
020050019000,1969.0,,704,1.0,3.0
020050020000,992.0,,0,1.0,3.0
020050021000,1599.0,,600,1.0,3.0
020050022000,0.0,,506,1.0,2.0
020050024000,500.0,,400,1.0,3.0
020050025000,455.0,,441,1.0,3.0
020050026000,0.0,,400,1.0,3.0
020050028000,1000.0,,432,1.0,3.0
020050029000,672.0,,513,1.0,2.0
020050030000,948.0,,0,1.0,2.0
020050031000,730.0,,400,1.0,3.0
020050032000,330.0,,483,1.0,2.0
020050033000,2000.0,,441,1.0,3.0
020050034000,2000.0,,528,1.0,2.0
020050035000,0.0,,600,1.0,3.0
020050036000,1230.0,,484,1.0,3.0
020050037000,2682.0,,528,1.0,3.0
020050038000,0.0,,400,1.0,3.0
020050040000,1182.0,,480,1.0,2.0
020050041000,484.0,,400,1.0,3.0
020050042000,595.0,,440,1.0,3.0
020050043000,988.0,,440,1.0,2.0
020050044000,1069.0,,456,1.0,2.0
020050045000,1500.0,,456,1.0,3.0
020050046000,1024.0,,456,1.0,3.0
020050047000,600.0,,420,1.0,2.0
020050048000,400.0,,745,1.0,3.0
020050049000,1700.0,,480,1.0,3.0
020050050000,1314.0,,400,1.0,3.0
020050051000,1000.0,,526,1.0,3.0
020050052000,668.0,,500,1.0,3.0
020050053000,1500.0,,620,1.0,3.0
020050054000,851.0,,452,1.0,3.0
020050055000,1000.0,,440,1.0,3.0
020050056000,,,400,1.0,3.0
020060020000,900.0,,440,1.0,2.0
020060021000,1800.0,,420,1.0,3.0
020060022000,760.0,,480,1.0,3.0
020060024000,480.0,,320,1.0,3.0
020060025000,500.0,,320,1.0,3.0
020060026000,0.0,,456,1.0,3.0
020060027000,1156.0,,480,1.0,3.0
020060028000,,,400,1.0,3.0
020060029000,,,504,1.0,3.0
020060030000,600.0,,441,1.0,3.0
020060032000,1080.0,,472,1.0,3.0
020060033000,540.0,,484,1.0,3.0
020060034000,1125.0,,460,1.0,3.0
020060035000,992.0,,368,1.0,3.0
020060037000,1212.0,,490,1.0,3.0
020070018000,1500.0,,451,1.0,3.0
020070019000,600.0,,400,1.0,2.0
020070020000,776.0,,400,1.0,3.0
020070021000,1344.0,,400,1.0,3.0
020070023000,1480.0,,420,1.0,3.0
020080004000,84.0,,528,1.0,3.0
020080005000,880.0,,420,1.0,2.0
020080007000,1000.0,,200,1.0,3.0
020080008000,1713.0,,484,1.0,3.0
020080010000,942.0,,396,1.0,3.0
020080012000,0.0,,400,1.0,3.0
020080013000,1000.0,,428,1.0,3.0
020080014000,495.0,,504,1.0,3.0
020080015000,659.0,,528,1.0,3.0
020080016000,1000.0,,576,1.0,2.0
020080017000,843.0,,504,1.0,3.0
020080018000,2037.0,,580,1.0,2.0
020080019000,1486.0,,480,1.0,3.0
020080020000,1000.0,,624,1.0,2.0
020080021000,450.0,,480,1.0,2.0
020080022000,690.0,,552,1.0,3.0
020080023000,439.0,,400,1.0,3.0
020280003000,0.0,,736,1.0,3.0
020280004000,2805.0,,528,1.0,4.0
020280011000,,,440,1.0,4.0
020280012000,540.0,,528,1.0,3.0
020280018000,2000.0,,400,1.0,3.0
020280019000,,,520,1.0,3.0
020280020000,1055.0,,240,1.0,3.0
020280021000,1200.0,,420,1.0,3.0
020280022000,,,0,1.0,3.0
020280023000,1320.0,,528,1.0,2.0
020280024000,2200.0,,775,1.0,3.0
020290001000,880.0,,580,1.0,3.0
020290002000,1000.0,,590,1.0,3.0
020290005000,,,788,1.0,3.0
020290006000,1500.0,,528,1.0,3.0
020290009000,0.0,,816,1.0,3.0
020290011000,500.0,,721,1.0,3.0
020290012000,976.0,,484,1.0,3.0
020290013000,800.0,,564,1.0,3.0
020290014000,0.0,,616,1.0,3.0
020290015000,600.0,,528,1.0,3.0
020290016000,800.0,,320,1.0,3.0
020290022000,2500.0,,693,1.0,3.0
020290023000,400.0,,690,1.0,4.0
020290028000,700.0,,400,1.0,2.0
020300004000,0.0,,520,1.0,3.0
020300007000,400.0,,528,1.0,
020300013000,500.0,,400,1.0,3.0
020310001000,1500.0,,588,1.0,3.0
020310005000,1800.0,,812,1.0,3.0
020310006000,1600.0,,552,1.0,3.0
020310008000,0.0,,720,1.0,2.0
020310010000,67.0,,718,1.0,2.0
020310016000,1118.0,,760,1.0,3.0
020310020000,0.0,,644,1.0,3.0
020310021000,858.0,,480,1.0,3.0
020310022000,671.0,,462,1.0,2.0
020310024000,1141.0,,550,1.0,2.0
020310025000,1000.0,,440,1.0,2.0
020310026000,12.0,,462,1.0,2.0
020310028000,144.0,,460,1.0,3.0
020310029000,2503.0,,576,1.0,3.0
020310033000,1032.0,,677,1.0,2.0
020320002000,1000.0,,708,1.0,3.0
020320003000,2034.0,,528,1.0,2.0
020320004000,1500.0,,704,1.0,2.0
020320007000,644.0,,526,1.0,3.0
020320008000,455.0,,598,2.0,4.0
020320009000,1678.0,,744,1.0,4.0
020320011000,758.0,,320,1.0,3.0
020320019000,2000.0,,520,1.0,3.0
020320020000,800.0,,504,1.0,2.0
020320024000,1284.0,,400,1.0,3.0
020330004000,1540.0,,713,1.0,3.0
020330005000,0.0,,1080,1.0,2.0
020330006000,0.0,,736,1.0,2.0
020340002000,1264.0,,560,1.0,3.0
020340003000,2000.0,,525,1.0,4.0
020340004000,0.0,,440,1.0,3.0
020340006000,0.0,,560,1.0,4.0
020340009000,2000.0,,700,1.0,3.0
020340010000,1500.0,,638,1.0,3.0
020340011000,1500.0,,484,1.0,4.0
020340012000,2500.0,,836,1.0,4.0
020340013000,2000.0,,567,1.0,2.0
020340014000,248.0,,630,1.0,3.0
020340015000,1575.0,,780,1.0,4.0
020340016000,0.0,,576,1.0,3.0
020340017000,1800.0,,865,1.0,2.0
020340018000,1750.0,,825,1.0,3.0
020340019000,920.0,,529,1.0,2.0
020340023000,1000.0,,420,1.0,3.0
020350003000,1800.0,,875,1.0,3.0
020350004000,2000.0,,480,1.0,3.0
020350005000,0.0,,528,1.0,2.0
020350007000,1000.0,,528,1.0,2.0
020350008000,0.0,,616,1.0,3.0
020350014000,1000.0,,600,1.0,4.0
020350015000,1500.0,,484,1.0,3.0
020350016000,2000.0,,528,1.0,3.0
020350017000,1200.0,,484,1.0,3.0
020350018000,1200.0,,704,1.0,3.0
020350019000,800.0,,720,1.0,3.0
020350024000,0.0,,480,1.0,3.0
020360002000,1000.0,,504,1.0,3.0
020360003000,1200.0,,650,1.0,3.0
020360004000,2000.0,,576,1.0,3.0
020360005000,2000.0,,1110,1.0,5.0
020360006000,2000.0,,400,1.0,4.0
020360007000,900.0,,529,1.0,3.0
020360008000,1380.0,,702,1.0,3.0
020360009000,2200.0,,912,1.0,3.0
020370002000,800.0,,812,1.0,2.0
020370003000,700.0,,400,1.0,3.0
020370009000,1200.0,,570,1.0,3.0
020390006000,1470.0,,504,1.0,3.0
020390007000,1000.0,,580,1.0,6.0
020390008000,800.0,,546,1.0,4.0
020390010000,2200.0,,748,1.0,3.0
020390011000,1450.0,,400,1.0,3.0
020390012000,2014.0,,428,1.0,3.0
020390013000,1014.0,,740,1.0,2.0
020390014000,896.0,,528,1.0,3.0
020390015000,1900.0,,440,1.0,3.0
020390016000,2000.0,,441,1.0,3.0
020390017000,1800.0,,594,1.0,3.0
020390018000,1675.0,,600,1.0,2.0
020390019000,1119.0,,696,1.0,3.0
020390020000,1258.0,,719,1.0,3.0
020390021000,3089.0,,616,1.0,3.0
020390022000,1000.0,,552,1.0,3.0
020390023000,0.0,,567,1.0,3.0
020390025000,2000.0,,630,1.0,3.0
020390026000,,,420,1.0,3.0
020390028000,2000.0,,416,1.0,3.0
020390029000,1642.0,,440,1.0,3.0
020390030000,1000.0,,440,1.0,2.0
020400011000,1200.0,,484,1.0,3.0
020400012000,0.0,,400,1.0,2.0
020400013000,5200.0,,777,1.0,3.0
020400017000,2000.0,,484,1.0,3.0
020400019000,0.0,,570,1.0,3.0
020400021000,1980.0,,736,1.0,4.0
020400022000,2000.0,,0,1.0,
020400025000,,,0,1.0,
020410001000,773.0,,660,1.0,3.0
020410002000,2000.0,,744,1.0,4.0
020410003000,3000.0,,357,1.0,2.0
020410007000,960.0,,672,1.0,3.0
020410008000,2500.0,,550,1.0,3.0
020410010000,600.0,,460,1.0,4.0
020430002000,866.0,,620,1.0,3.0
020430005000,1500.0,,607,1.0,4.0
020440003000,1485.0,,513,1.0,2.0
020440020000,1000.0,,484,1.0,3.0
020440022000,1620.0,,506,1.0,3.0
020440023000,1392.0,,624,1.0,3.0
020440024000,1431.0,,528,1.0,3.0
020440025000,800.0,,480,1.0,3.0
020440028000,520.0,,528,1.0,3.0
020440031000,0.0,,484,1.0,3.0
020450003000,1000.0,,556,1.0,4.0
020450004000,2478.0,,504,1.0,2.0
020450005000,1500.0,,576,1.0,3.0
020450006000,1045.0,,619,1.0,3.0
020450007000,216.0,,400,1.0,2.0
020450008000,1000.0,,484,1.0,3.0
020450010000,1692.0,,440,1.0,3.0
020450011000,1000.0,,672,1.0,3.0
020450013000,1012.0,,462,1.0,3.0
020450015000,1306.0,,450,1.0,2.0
020460002000,1000.0,,400,1.0,2.0
020460003000,,,484,1.0,
020460004000,1200.0,,550,1.0,3.0
020460008000,1200.0,,480,1.0,2.0
020470001000,1247.0,,386,1.0,2.0
020470002000,885.0,,845,1.0,3.0
020470004000,1201.0,,1055,1.0,4.0
020470005000,1521.0,,506,1.0,3.0
020470006000,1326.0,,600,1.0,2.0
020470008000,1220.0,,780,1.0,3.0
020470009000,0.0,,660,1.0,4.0
020480002000,0.0,,444,1.0,3.0
020490003000,828.0,,704,1.0,3.0
020490004000,2280.0,,394,1.0,3.0
020490013000,405.0,,462,1.0,2.0
020490014000,2500.0,,624,1.0,2.0
020500002000,1000.0,,546,1.0,3.0
020500003000,2060.0,,572,1.0,3.0
020500006000,,,0,1.0,3.0
020500008000,2000.0,,484,1.0,3.0
020500009000,600.0,,576,1.0,2.0
020500010000,1525.0,,563,1.0,3.0
020510005000,1527.0,,548,1.0,3.0
020520007000,1000.0,,440,1.0,2.0
020520008000,1600.0,,484,1.0,2.0
020520010000,2000.0,,806,1.0,2.0
020550001000,1100.0,,398,1.0,3.0
020550005000,1680.0,,575,1.0,3.0
020550006000,1000.0,,528,1.0,3.0
020550019000,,,650,1.0,3.0
020550020000,1200.0,,576,1.0,3.0
020550029000,1800.0,,837,1.0,3.0
020550030000,640.0,,625,1.0,3.0
020550038000,1500.0,,552,1.0,3.0
020560001000,0.0,,1504,1.0,3.0
020560002000,,,384,1.0,
020560006000,1600.0,,484,1.0,3.0
020560016000,1200.0,,882,1.0,3.0
020570001000,800.0,,600,1.0,2.0
020580012000,1500.0,,690,1.0,3.0
020580013000,1000.0,,440,1.0,3.0
020590001000,,,744,1.0,3.0
020590004000,1600.0,,528,1.0,3.0
020590007000,800.0,,506,1.0,3.0
020590015000,1400.0,,518,1.0,4.0
020590016000,2000.0,,816,1.0,2.0
020590018000,1279.0,,462,1.0,3.0
020590019000,1779.0,,446,1.0,3.0
020590021000,70.0,,480,1.0,3.0
020590022000,800.0,,644,1.0,3.0
020590023000,1000.0,,504,1.0,3.0
020590024000,1500.0,,506,1.0,3.0
020590025000,500.0,,484,1.0,3.0
020590026000,1446.0,,572,1.0,3.0
020590027000,2000.0,,744,1.0,3.0
020590028000,0.0,,644,1.0,3.0
020750003000,1500.0,,474,1.0,3.0
020750005000,600.0,,528,1.0,3.0
020750006000,326.0,,0,1.0,2.0
020750007000,768.0,,480,1.0,4.0
020750011000,1000.0,,550,1.0,2.0
020750012000,64.0,,529,1.0,3.0
020750013000,1095.0,,529,1.0,3.0
020750014000,472.0,,624,1.0,3.0
020750015000,576.0,,484,1.0,3.0
020750016000,1010.0,,480,1.0,3.0
020750017000,600.0,,480,1.0,3.0
020750018000,890.0,,400,1.0,2.0
020750019000,500.0,,400,1.0,2.0
020750020000,1149.0,,462,1.0,3.0
020750021000,1529.0,,440,1.0,3.0
020750022000,770.0,,400,1.0,3.0
020750024000,2000.0,,462,1.0,3.0
020750026000,1055.0,,484,1.0,3.0
020750027000,400.0,,480,1.0,3.0
020750028000,800.0,,512,1.0,2.0
020750029000,0.0,,600,1.0,4.0
020750030000,,,484,1.0,3.0
020750031000,872.0,,0,1.0,3.0
020750032000,800.0,,462,1.0,3.0
020750033000,129.0,,400,1.0,2.0
020750034000,800.0,,440,1.0,3.0
020750035000,,,528,1.0,2.0
020750036000,600.0,,528,1.0,3.0
020750037000,800.0,,506,1.0,3.0
020760001000,400.0,,576,1.0,3.0
020760002000,1500.0,,525,1.0,3.0
020760003000,1500.0,,600,1.0,4.0
020760004000,2500.0,,688,1.0,2.0
020760006000,900.0,,528,1.0,3.0
020760007000,1800.0,,1036,1.0,3.0
020760008000,800.0,,468,1.0,3.0
020760009000,1000.0,,420,1.0,3.0
020760010000,1000.0,,357,1.0,3.0
020760011000,1000.0,,396,1.0,3.0
020760012000,1000.0,,525,1.0,3.0
020760013000,1560.0,,832,1.0,3.0
020760014000,1706.0,,576,1.0,3.0
020760015000,2169.0,,462,1.0,3.0
020760016000,0.0,,0,1.0,4.0
020760017000,1659.0,,576,1.0,3.0
020760018000,1300.0,,462,1.0,3.0
020760019000,1000.0,,573,1.0,4.0
020760020000,500.0,,528,1.0,2.0
020760021000,1000.0,,440,1.0,2.0
020760022000,1200.0,,483,1.0,3.0
020760023000,1500.0,,553,1.0,3.0
020760026000,1200.0,,440,1.0,3.0
020760027000,1200.0,,400,1.0,3.0
020760029000,365.0,,400,1.0,2.0
020760030000,1800.0,,576,1.0,3.0
020760031000,1000.0,,506,1.0,3.0
020760032000,1000.0,,380,1.0,3.0
020760033000,1000.0,,484,1.0,3.0
020760034000,1000.0,,315,1.0,2.0
020760035000,1232.0,,472,1.0,2.0
020760036000,0.0,,576,1.0,2.0
020760037000,0.0,,440,1.0,3.0
020760038000,960.0,,400,1.0,3.0
020760039000,,,400,1.0,3.0
020760040000,0.0,,511,1.0,2.0
020760041000,1500.0,,400,1.0,3.0
020760042000,0.0,,520,1.0,2.0
020760043000,0.0,,372,1.0,3.0
020760045000,,,713,1.0,3.0
020760046000,1100.0,,504,1.0,2.0
020760047000,2000.0,,480,1.0,3.0
020780002000,800.0,,440,1.0,3.0
020780003000,800.0,,480,1.0,3.0
020780004000,1000.0,,484,1.0,3.0
020780005000,408.0,,504,1.0,3.0
020780006000,500.0,,484,1.0,3.0
020780007000,1512.0,,504,1.0,2.0
020780008000,500.0,,484,1.0,3.0
020780009000,1260.0,,440,1.0,3.0
020780010000,1000.0,,400,1.0,2.0
020780011000,0.0,,480,1.0,2.0
020780012000,,,672,1.0,
020780013000,800.0,,400,1.0,2.0
020780014000,1000.0,,440,1.0,3.0
020780015000,640.0,,400,1.0,3.0
020780016000,3000.0,,0,1.0,1.0
020780017000,2000.0,,570,1.0,2.0
020780018000,2520.0,,380,1.0,2.0
020780020000,153.0,,440,1.0,3.0
020780021000,1000.0,,688,1.0,3.0
020780022000,1000.0,,484,1.0,3.0
020780023000,600.0,,441,1.0,2.0
020780024000,0.0,,552,1.0,3.0
020780025000,800.0,,528,1.0,3.0
020780026000,800.0,,528,1.0,3.0
020780027000,800.0,,484,1.0,3.0
020780028000,800.0,,484,1.0,2.0
020780029000,600.0,,424,1.0,3.0
020780031000,1800.0,,573,1.0,3.0
020780032000,1000.0,,400,1.0,2.0
020780033000,400.0,,400,1.0,3.0
020780034000,800.0,,400,1.0,2.0
020780035000,500.0,,400,1.0,3.0
020780036000,600.0,,0,1.0,3.0
020780037000,1000.0,,400,1.0,3.0
020780038000,550.0,,0,1.0,3.0
020780039000,600.0,,506,1.0,3.0
020780040000,600.0,,504,1.0,3.0
020780043000,970.0,,460,1.0,2.0
020780044000,675.0,,400,1.0,3.0
020780045000,600.0,,520,1.0,2.0
020780046000,800.0,,400,1.0,3.0
020780048000,500.0,,520,1.0,3.0
020780050000,1400.0,,400,1.0,3.0
020780052000,1500.0,,480,1.0,3.0
020780053000,78.0,,480,1.0,3.0
020780054000,1500.0,,598,1.0,2.0
020780056000,1500.0,,625,1.0,2.0
020780061000,800.0,,415,1.0,3.0
020790002000,,,280,1.0,3.0
020790003000,,,400,1.0,3.0
020790004000,600.0,,440,1.0,3.0
020790009000,2000.0,,473,1.0,3.0
020790010000,1960.0,,560,1.0,2.0
020790021000,636.0,,462,1.0,3.0
020790022000,,,300,1.0,3.0
020790023000,1800.0,,504,1.0,3.0
020790024000,1000.0,,0,1.0,3.0
020790025000,1768.0,,521,1.0,2.0
020790026000,1000.0,,0,1.0,3.0
020790027000,600.0,,400,1.0,3.0
020790028000,500.0,,528,1.0,3.0
020790029000,600.0,,320,1.0,3.0
020790030000,0.0,,480,1.0,3.0
020800002000,2000.0,,280,1.0,3.0
020800003000,500.0,,396,1.0,3.0
020800004000,600.0,,504,1.0,3.0
020800005000,1500.0,,0,1.0,3.0
020800006000,400.0,,400,1.0,3.0
020800007000,0.0,,400,1.0,3.0
020800008000,,,948,1.0,2.0
020800009000,500.0,,451,1.0,3.0
020800010000,660.0,,400,1.0,3.0
020800011000,345.0,,528,1.0,2.0
020800013000,680.0,,480,1.0,3.0
020800014000,1500.0,,400,1.0,3.0
020800015000,,,484,1.0,3.0
020800017000,621.0,,0,1.0,2.0
020800018000,,,602,1.0,
020800019000,400.0,,360,1.0,3.0
020800020000,1500.0,,420,1.0,3.0
020800021000,1500.0,,400,1.0,3.0
020800024000,1600.0,,396,1.0,3.0
020800025000,400.0,,456,1.0,3.0
020800026000,0.0,,560,1.0,4.0
020800027000,1000.0,,552,1.0,3.0
020800028000,1000.0,,528,1.0,3.0
020800029000,800.0,,462,1.0,3.0
020800030000,562.0,,440,1.0,3.0
020800031000,888.0,,484,1.0,3.0
020800032000,900.0,,454,1.0,3.0
020800033000,1500.0,,528,1.0,3.0
020800034000,,,440,1.0,3.0
020800036000,1700.0,,560,1.0,3.0
020800038000,800.0,,440,1.0,3.0
020800039000,2000.0,,480,1.0,3.0
020800040000,600.0,,462,1.0,3.0
020800041000,1000.0,,504,1.0,3.0
020800042000,1200.0,,480,1.0,2.0
020800043000,1425.0,,512,1.0,3.0
020800044000,1000.0,,528,1.0,3.0
020800045000,965.0,,440,1.0,3.0
020800046000,800.0,,440,1.0,2.0
020800047000,1200.0,,792,1.0,3.0
020800048000,,,624,1.0,3.0
020800049000,600.0,,0,1.0,3.0
020800050000,1000.0,,560,1.0,3.0
020800051000,1000.0,,504,1.0,3.0
020800052000,1400.0,,400,1.0,3.0
020830001000,1500.0,,528,1.0,3.0
020830002000,1500.0,,484,1.0,3.0
020830003000,1575.0,,575,1.0,4.0
020830004000,1800.0,,504,1.0,3.0
020830005000,2104.0,,528,1.0,3.0
020830006000,1800.0,,484,1.0,3.0
020830007000,1000.0,,729,1.0,3.0
020830009000,398.0,,624,1.0,3.0
020830011000,0.0,,460,1.0,3.0
020830012000,1400.0,,480,1.0,3.0
020830013000,,,528,1.0,3.0
020830014000,,,528,1.0,3.0
020830017000,1000.0,,504,1.0,3.0
020830018000,143.0,,594,1.0,3.0
020840001000,1000.0,,576,1.0,3.0
020840017000,0.0,,440,1.0,2.0
020840019000,1000.0,,710,1.0,3.0
020850004000,1000.0,,550,1.0,3.0
020850005000,1500.0,,630,1.0,3.0
020850007000,0.0,,0,1.0,3.0
020850014000,600.0,,400,1.0,3.0
020860001000,448.0,,516,1.0,3.0
020860002000,1200.0,,549,1.0,4.0
020860003000,1526.0,,588,1.0,4.0
020860004000,700.0,,793,1.0,3.0
020860005000,2500.0,,662,1.0,2.0
020860006000,800.0,,892,1.0,3.0
020860007000,1000.0,,1660,1.0,2.0
020860011000,0.0,,640,1.0,3.0
020860013000,,,460,1.0,3.0
020860014000,1000.0,,682,1.0,3.0
020860015000,600.0,,624,1.0,3.0
020860017000,1000.0,,440,1.0,3.0
020870001000,1200.0,,648,1.0,3.0
020870004000,800.0,,484,1.0,3.0
020870005000,2500.0,,480,1.0,3.0
020870006000,1200.0,,954,1.0,2.0
020870007000,0.0,,575,1.0,3.0
020870009000,800.0,,706,1.0,3.0
020870010000,100.0,,866,1.0,2.0
020870011000,1000.0,,574,1.0,3.0
020870012000,1000.0,,882,1.0,3.0
020870013000,1000.0,,572,1.0,3.0
020870014000,3000.0,,484,1.0,3.0
020870015000,0.0,,597,1.0,3.0
020870016000,1100.0,,440,1.0,3.0
020870018000,,,572,1.0,3.0
020870019000,1000.0,,528,1.0,3.0
020880001000,2766.0,,528,1.0,3.0
020880003000,3000.0,,810,1.0,2.0
020890001000,2393.0,,400,1.0,3.0
020890003000,0.0,,441,1.0,3.0
020890005000,2000.0,,420,1.0,2.0
020890006000,600.0,,528,1.0,2.0
020890007000,2000.0,,480,1.0,3.0
020890008000,1000.0,,462,1.0,3.0
020890010000,800.0,,528,1.0,3.0
020890011000,0.0,,544,1.0,3.0
020890012000,875.0,,480,1.0,3.0
020890013000,1000.0,,528,1.0,3.0
020890014000,800.0,,728,1.0,2.0
020890015000,860.0,,572,1.0,3.0
020890016000,1100.0,,504,1.0,2.0
020890017000,600.0,,440,1.0,2.0
020890018000,1000.0,,540,1.0,3.0
020890019000,1076.0,,600,1.0,3.0
020890021000,,,624,1.0,3.0
020890022000,0.0,,460,1.0,3.0
020890023000,1170.0,,638,1.0,3.0
020890024000,1000.0,,528,1.0,3.0
020890025000,1000.0,,886,1.0,3.0
020890026000,1716.0,,730,1.0,2.0
020890031000,1500.0,,462,1.0,3.0
020890032000,900.0,,546,1.0,3.0
020890033000,1844.0,,642,1.0,3.0
020890034000,0.0,,648,1.0,3.0
020890035000,1200.0,,484,1.0,3.0
020900002000,1609.0,,484,1.0,3.0
020900003000,2000.0,,512,1.0,2.0
020900004000,2600.0,,480,1.0,3.0
020900005000,1500.0,,600,1.0,3.0
020900006000,0.0,,528,1.0,3.0
020900007000,,,780,1.0,4.0
020900008000,2000.0,,572,1.0,3.0
020900009000,1000.0,,552,1.0,3.0
020900010000,507.0,,462,1.0,3.0
020900011000,1000.0,,440,1.0,3.0
020900012000,1068.0,,400,1.0,3.0
020900017000,932.0,,100,1.0,3.0
020900018000,0.0,,528,1.0,4.0
020900019000,600.0,,506,1.0,3.0
020900020000,1200.0,,768,1.0,2.0
020900021000,1000.0,,462,1.0,2.0
020900022000,1500.0,,456,1.0,3.0
020900024000,183.0,,500,1.0,3.0
020900025000,,,0,1.0,3.0
020900026000,1500.0,,400,1.0,3.0
020900027000,1200.0,,546,1.0,2.0
020900028000,1500.0,,456,1.0,3.0
020900029000,594.0,,420,1.0,3.0
020900030000,1094.0,,484,1.0,3.0
020900031000,600.0,,494,1.0,3.0
020900032000,0.0,,506,1.0,3.0
020900033000,800.0,,380,1.0,3.0
020900036000,1500.0,,416,1.0,3.0
020900037000,1400.0,,652,1.0,3.0
020900039000,1000.0,,504,1.0,2.0
020900040000,893.0,,864,1.0,3.0
020900041000,800.0,,516,1.0,3.0
020900042000,1200.0,,572,1.0,3.0
020900047000,2132.0,,726,1.0,3.0
020910003000,2082.0,,520,1.0,3.0
020910004000,1000.0,,648,1.0,3.0
020910005000,0.0,,484,1.0,3.0
020910006000,2209.0,,480,1.0,3.0
020910007000,2242.0,,808,1.0,3.0
020910010000,1000.0,,576,1.0,3.0
020910011000,911.0,,480,1.0,3.0
020910012000,990.0,,440,1.0,3.0
020910016000,2000.0,,582,1.0,3.0
020910019000,,,1621,1.0,4.0
020910027000,1392.0,,460,1.0,3.0
020910028000,1500.0,,440,1.0,3.0
020910029000,600.0,,400,1.0,3.0
020920001000,1500.0,,744,1.0,3.0
020920002000,2500.0,,509,1.0,2.0
020920003000,882.0,,552,1.0,3.0
020920006000,,,576,1.0,3.0
020920007000,1824.0,,526,1.0,3.0
020920010000,1500.0,,840,1.0,2.0
020920011000,1070.0,,648,1.0,3.0
020920012000,1420.0,,768,1.0,3.0
020920013000,1000.0,,506,1.0,3.0
020920015000,615.0,,628,1.0,2.0
020920016000,1200.0,,922,1.0,3.0
020920017000,,,691,1.0,
020920019000,2150.0,,688,1.0,3.0
020920020000,1000.0,,897,1.0,3.0
020920021000,1400.0,,440,1.0,3.0
020920022000,2500.0,,710,1.0,4.0
020920023000,1600.0,,528,1.0,3.0
020920024000,1000.0,,672,1.0,3.0
020920025000,1000.0,,400,1.0,4.0
020920026000,1580.0,,902,1.0,4.0
020920031000,1100.0,,360,1.0,2.0
020920036000,1000.0,,441,1.0,3.0
020930002000,1392.0,,460,1.0,5.0
020930003000,0.0,,536,1.0,3.0
021020007000,1200.0,,506,1.0,3.0
021020008000,2000.0,,712,1.0,4.0
021020009000,720.0,,484,1.0,2.0
021020010000,1200.0,,528,1.0,3.0
021020012000,980.0,,598,1.0,3.0
021020013000,,,592,1.0,3.0
021020014000,1600.0,,632,1.0,3.0
021020015000,0.0,,879,1.0,3.0
021020016000,,,524,1.0,
021020017000,800.0,,484,1.0,3.0
021020018000,1312.0,,504,1.0,3.0
021020019000,3000.0,,480,1.0,3.0
021020020000,1000.0,,520,1.0,3.0
021020021000,0.0,,468,1.0,3.0
021020022000,1000.0,,528,1.0,2.0
021020023000,,,440,1.0,3.0
021020024000,566.0,,494,1.0,3.0
021020027000,144.0,,880,1.0,3.0
021020028000,1000.0,,400,1.0,3.0
021020029000,1000.0,,576,1.0,2.0
021020030000,1000.0,,484,1.0,3.0
021020031000,,,528,1.0,2.0
021020032000,160.0,,440,1.0,3.0
021020033000,700.0,,480,1.0,3.0
021020034000,1200.0,,572,1.0,4.0
021020035000,600.0,,400,1.0,3.0
021020042000,0.0,,484,1.0,3.0
021020043000,820.0,,520,1.0,3.0
021030002000,2000.0,,914,1.0,3.0
021030003000,1034.0,,444,1.0,3.0
021030004000,1000.0,,484,1.0,3.0
021030005000,1000.0,,504,1.0,3.0
021030006000,0.0,,440,1.0,3.0
021030007000,840.0,,540,1.0,3.0
021030008000,800.0,,528,1.0,5.0
021030009000,2000.0,,440,1.0,3.0
021030010000,1400.0,,462,1.0,3.0
021030011000,780.0,,770,1.0,3.0
021030012000,,,462,1.0,3.0
021030013000,1000.0,,648,1.0,3.0
021030014000,1440.0,,400,1.0,3.0
021030015000,1000.0,,572,1.0,2.0
021030016000,1000.0,,0,1.0,3.0
021030017000,,,400,1.0,3.0
021030020000,,,480,1.0,3.0
021030022000,1000.0,,400,1.0,3.0
021030023000,2080.0,,576,1.0,3.0
021030024000,1000.0,,517,1.0,3.0
021030025000,,,572,1.0,5.0
021030026000,0.0,,504,1.0,3.0
021030027000,1000.0,,840,1.0,3.0
021030028000,1000.0,,588,1.0,3.0
021030029000,,,400,1.0,2.0
021030030000,600.0,,576,1.0,2.0
021030031000,,,480,1.0,3.0
021030032000,1000.0,,642,1.0,3.0
021030033000,600.0,,603,1.0,2.0
021030034000,,,540,1.0,3.0
021030035000,,,692,1.0,3.0
021030037000,,,0,1.0,3.0
021030038000,1216.0,,576,1.0,3.0
021030041000,2000.0,,648,1.0,4.0
021030042000,,,589,2.0,
021030043000,1000.0,,480,1.0,4.0
021030044000,,,480,1.0,3.0
021030045000,1000.0,,460,1.0,3.0
021030046000,1070.0,,440,1.0,3.0
021040006000,800.0,,484,1.0,3.0
021040007000,500.0,,480,1.0,3.0
021040008000,,,550,1.0,3.0
021040009000,0.0,,528,1.0,3.0
021040010000,,,440,1.0,3.0
021040011000,,,0,1.0,3.0
021040012000,,,729,1.0,3.0
021040013000,,,0,1.0,3.0
021040018000,1136.0,,576,1.0,7.0
021040019000,1070.0,,400,1.0,3.0
021040020000,,,0,1.0,3.0
021040021000,1800.0,,448,1.0,3.0
021040022000,1700.0,,576,1.0,3.0
021040023000,600.0,,537,1.0,3.0
021040024000,864.0,,400,1.0,3.0
021040025000,800.0,,563,1.0,4.0
021040026000,1000.0,,464,1.0,3.0
021040027000,870.0,,527,1.0,2.0
021040028000,1650.0,,576,1.0,2.0
021040029000,,,420,1.0,3.0
021040030000,,,0,1.0,3.0
021040032000,0.0,,792,1.0,2.0
021040033000,,,486,1.0,3.0
021040034000,1200.0,,484,1.0,3.0
021040035000,900.0,,560,1.0,3.0
021040036000,1480.0,,480,1.0,4.0
021040037000,,,624,1.0,3.0
021040040000,1300.0,,513,1.0,3.0
021040041000,1800.0,,553,1.0,3.0
021040042000,,,540,1.0,3.0
021040043000,,,360,1.0,2.0
021040044000,1000.0,,576,1.0,3.0
021040046000,680.0,,420,1.0,3.0
021040047000,,,504,1.0,
021040048000,,,560,1.0,
021050003000,240.0,,792,1.0,3.0
021050004000,1300.0,,400,1.0,3.0
021050005000,1600.0,,484,1.0,3.0
021050006000,800.0,,496,1.0,3.0
021050008000,,,636,1.0,3.0
021050009000,,,520,1.0,3.0
021050011000,700.0,,528,1.0,2.0
021050013000,424.0,,528,1.0,3.0
021050014000,1500.0,,428,1.0,3.0
021050015000,1000.0,,400,1.0,3.0
021050018000,563.0,,440,1.0,3.0
021050019000,192.0,,480,1.0,3.0
021050020000,1124.0,,440,1.0,3.0
021050021000,1000.0,,528,1.0,2.0
021050022000,0.0,,528,1.0,3.0
021050023000,1300.0,,380,1.0,4.0
021050024000,0.0,,480,1.0,3.0
021050025000,2500.0,,552,1.0,3.0
021050026000,1390.0,,528,1.0,4.0
021050027000,,,552,1.0,3.0
021050028000,0.0,,483,1.0,4.0
021050029000,886.0,,650,1.0,3.0
021050030000,,,0,1.0,3.0
021050031000,2600.0,,682,1.0,3.0
021050032000,1404.0,,528,1.0,3.0
021050033000,,,858,1.0,3.0
021050035000,2500.0,,622,1.0,2.0
021060002000,,,436,1.0,4.0
021060003000,,,396,1.0,3.0
021060004000,2000.0,,480,1.0,3.0
021060005000,,,0,1.0,2.0
021060006000,2500.0,,592,1.0,3.0
021060007000,,,676,1.0,2.0
021060008000,600.0,,480,1.0,3.0
021060009000,,,660,1.0,2.0
021060010000,800.0,,704,1.0,3.0
021060011000,600.0,,506,1.0,4.0
021060012000,,,480,1.0,2.0
021060013000,,,576,1.0,3.0
021060014000,1500.0,,595,1.0,3.0
021060015000,,,552,1.0,3.0
021060016000,,,484,1.0,3.0
021060020000,,,520,1.0,2.0
021060021000,0.0,,484,1.0,2.0
021060022000,0.0,,704,1.0,4.0
021060023000,2000.0,,400,1.0,4.0
021060024000,1500.0,,500,1.0,1.0
021060025000,800.0,,600,1.0,5.0
021060026000,,,660,1.0,3.0
021060027000,,,484,1.0,3.0
021060028000,,,528,1.0,3.0
021060029000,,,553,1.0,4.0
021060034000,2500.0,,560,1.0,4.0
021060035000,,,0,1.0,4.0
021060036000,0.0,,417,1.0,3.0
021070005000,4390.0,,748,1.0,3.0
021070006000,2500.0,,973,1.0,3.0
021070007000,1000.0,,672,1.0,4.0
021070008000,1500.0,,504,1.0,3.0
021070009000,900.0,,624,1.0,3.0
021070010000,900.0,,672,1.0,4.0
021070011000,,,0,1.0,3.0
021070012000,0.0,,420,1.0,3.0
021070013000,1500.0,,528,1.0,4.0
021070014000,,,434,1.0,2.0
021070015000,,,513,1.0,
021080002000,1500.0,,635,1.0,4.0
021080004000,,,852,1.0,3.0
021080005000,1600.0,,829,1.0,4.0
021080006000,2000.0,,441,1.0,3.0
021080007000,,,0,1.0,2.0
021080008000,,,770,1.0,4.0
021080011000,1800.0,,432,1.0,3.0
021080012000,390.0,,660,1.0,3.0
021080013000,,,600,1.0,2.0
021080014000,2000.0,,462,1.0,3.0
021080015000,1700.0,,940,1.0,3.0
021080016000,,,616,1.0,3.0
021080017000,1400.0,,988,1.0,3.0
021080018000,320.0,,1092,1.0,2.0
021080019000,1000.0,,528,1.0,3.0
021080020000,,,400,1.0,3.0
021080021000,,,528,1.0,3.0
021080022000,2000.0,,576,1.0,3.0
021080023000,200.0,,528,1.0,2.0
021080027000,682.0,,768,1.0,3.0
021090002000,,,554,1.0,3.0
021090004000,,,0,1.0,3.0
021090005000,600.0,,400,1.0,3.0
021090006000,1476.0,,440,1.0,3.0
021090007000,0.0,,388,1.0,3.0
021090008000,,,728,1.0,2.0
021090009000,600.0,,558,1.0,3.0
021090010000,1250.0,,517,1.0,4.0
021090011000,500.0,,216,1.0,2.0
021090012000,,,400,1.0,3.0
021090013000,,,572,1.0,3.0
021090014000,1000.0,,675,1.0,3.0
021090015000,1200.0,,504,1.0,4.0
021090016000,,,480,1.0,4.0
021090017000,1000.0,,525,1.0,3.0
021090018000,,,645,1.0,4.0
021090019000,100.0,,655,1.0,3.0
021090022000,0.0,,644,1.0,3.0
021090023000,800.0,,1080,1.0,2.0
021090024000,0.0,,568,1.0,3.0
021090025000,600.0,,528,1.0,4.0
021090026000,0.0,,600,1.0,2.0
021090027000,1440.0,,864,1.0,4.0
021090028000,1600.0,,0,1.0,4.0
021090030000,,,0,1.0,3.0
021090031000,452.0,,0,1.0,4.0
021090033000,1200.0,,440,1.0,3.0
021090034000,800.0,,484,1.0,4.0
021090035000,,,575,1.0,5.0
021090036000,2569.0,,400,1.0,3.0
021090037000,1500.0,,682,1.0,4.0
021090038000,,,794,1.0,
021090039000,0.0,,600,1.0,3.0
021090040000,1000.0,,748,1.0,3.0
021090041000,,,480,1.0,3.0
021090042000,0.0,,576,1.0,3.0
021090043000,1500.0,,474,1.0,3.0
021090044000,0.0,,515,1.0,3.0
021100002000,,,484,1.0,3.0
021100003000,,,418,1.0,3.0
021100006000,801.0,,576,1.0,2.0
021100007000,1296.0,,501,1.0,4.0
021100008000,1500.0,,728,1.0,4.0
021100009000,1560.0,,660,1.0,3.0
021100010000,0.0,,625,1.0,4.0
021100011000,2542.0,,672,1.0,3.0
021100012000,1000.0,,504,1.0,3.0
021100013000,,,840,1.0,3.0
021100014000,800.0,,462,1.0,3.0
021100015000,,,690,1.0,2.0
021110004000,1119.0,,636,1.0,3.0
021110005000,1000.0,,672,1.0,3.0
021110006000,,,480,1.0,2.0
021110007000,1000.0,,419,1.0,4.0
021110008000,1000.0,,440,1.0,4.0
021110009000,4000.0,,672,1.0,3.0
021110014000,0.0,,663,1.0,3.0
021110015000,0.0,,1136,1.0,2.0
021110016000,,,0,1.0,3.0
021110017000,,,0,1.0,3.0
021110018000,3146.0,,616,1.0,3.0
021110019000,1808.0,,768,1.0,3.0
021110020000,1500.0,,761,1.0,3.0
021110022000,1110.0,,744,1.0,3.0
021110023000,0.0,,547,1.0,3.0
021110024000,,,456,1.0,2.0
021110025000,500.0,,671,1.0,3.0
021120002000,1000.0,,551,1.0,3.0
021120003000,960.0,,616,1.0,3.0
021120004000,,,484,1.0,3.0
021120005000,1000.0,,420,1.0,3.0
021120006000,1800.0,,597,1.0,3.0
021120007000,,,538,1.0,2.0
021120008000,1500.0,,588,1.0,3.0
021120009000,0.0,,676,1.0,3.0
021120010000,180.0,,480,1.0,4.0
021120011000,,,0,1.0,
021120012000,850.0,,576,1.0,3.0
021120013000,,,660,1.0,3.0
021120014000,700.0,,936,1.0,2.0
021120015000,800.0,,528,1.0,3.0
021120017000,400.0,,525,1.0,4.0
021120018000,704.0,,744,1.0,3.0
021120019000,0.0,,528,1.0,3.0
021120020000,1000.0,,483,1.0,3.0
021120021000,0.0,,420,1.0,3.0
021120022000,1000.0,,300,1.0,
021120023000,1686.0,,768,1.0,3.0
021130002000,,,420,1.0,3.0
021130003000,1150.0,,528,1.0,3.0
021130004000,1000.0,,440,1.0,4.0
021130005000,,,0,1.0,3.0
021130006000,2000.0,,1040,1.0,3.0
021130007000,,,720,1.0,2.0
021130008000,1500.0,,752,1.0,3.0
021130009000,1800.0,,528,1.0,3.0
021130010000,600.0,,660,1.0,3.0
021130011000,1000.0,,480,1.0,3.0
021130012000,1000.0,,528,1.0,2.0
021130013000,2000.0,,528,1.0,3.0
021130014000,1312.0,,480,1.0,3.0
021130015000,900.0,,504,1.0,4.0
021130021000,2000.0,,813,1.0,4.0
021130023000,1208.0,,576,1.0,3.0
021130024000,0.0,,768,1.0,3.0
021130025000,,,554,1.0,
021130026000,375.0,,440,1.0,3.0
021130027000,,,400,1.0,3.0
021130028000,0.0,,786,1.0,3.0
021130029000,,,525,1.0,4.0
021130030000,,,440,1.0,2.0
021130031000,0.0,,308,1.0,2.0
021130032000,0.0,,551,1.0,4.0
021130033000,1296.0,,546,1.0,4.0
021130034000,1000.0,,534,1.0,3.0
021130035000,1500.0,,704,1.0,3.0
021130036000,1595.0,,726,1.0,4.0
021130037000,1000.0,,616,1.0,3.0
021130038000,1000.0,,649,1.0,3.0
021130039000,1200.0,,462,1.0,2.0
021130040000,1100.0,,484,1.0,3.0
021130041000,0.0,,540,1.0,2.0
021130043000,1000.0,,440,1.0,3.0
021130045000,1100.0,,400,1.0,3.0
021130046000,,,608,1.0,
021130047000,,,348,1.0,
021130048000,301.0,749.0,923,2.0,
021140002000,,,266,1.0,3.0
021140003000,600.0,,441,1.0,3.0
021140004000,0.0,,528,1.0,3.0
021140005000,600.0,,900,1.0,5.0
021140006000,2100.0,,736,1.0,3.0
021140007000,,,462,1.0,3.0
021140008000,1117.0,,506,1.0,3.0
021140010000,,,0,1.0,3.0
021140012000,,,529,1.0,2.0
021140013000,900.0,,544,1.0,4.0
021140014000,400.0,,440,1.0,5.0
021140015000,872.0,,504,1.0,3.0
021140016000,,,576,1.0,
021140017000,970.0,,440,1.0,2.0
021140018000,0.0,,576,1.0,3.0
021140019000,790.0,,480,1.0,4.0
021140020000,,,0,1.0,3.0
021140021000,1000.0,,494,1.0,4.0
021140022000,736.0,,528,1.0,3.0
021140023000,,,0,1.0,5.0
021140024000,876.0,,420,1.0,5.0
021140025000,737.0,,484,1.0,3.0
021140026000,,,0,1.0,3.0
021140027000,450.0,,416,1.0,3.0
021140028000,0.0,,484,1.0,3.0
021140029000,,,440,1.0,5.0
021140030000,1000.0,,602,1.0,3.0
021140031000,704.0,,528,1.0,3.0
021140034000,2000.0,,624,1.0,4.0
021140035000,880.0,,462,1.0,3.0
021140038000,800.0,,528,1.0,3.0
021140039000,,,1140,1.0,3.0
021150002000,850.0,,420,1.0,3.0
021150003000,78.0,,546,1.0,3.0
021150005000,600.0,,540,1.0,3.0
021150007000,600.0,,426,1.0,3.0
021150008000,1434.0,,400,1.0,2.0
021150009000,2000.0,,450,1.0,2.0
021150010000,,,728,1.0,3.0
021150011000,40.0,,528,1.0,3.0
021150012000,,,520,1.0,3.0
021150013000,1200.0,,672,1.0,3.0
021150014000,,,480,1.0,3.0
021150015000,0.0,,504,1.0,3.0
021150016000,1200.0,,528,1.0,3.0
021150017000,500.0,,616,1.0,3.0
021150018000,1200.0,,528,1.0,3.0
021150019000,135.0,,420,1.0,3.0
021150020000,0.0,,616,1.0,3.0
021150022000,0.0,,350,1.0,4.0
021150023000,1480.0,,789,1.0,3.0
021150024000,1200.0,,552,1.0,3.0
021150025000,700.0,,484,1.0,3.0
021150026000,2000.0,,572,1.0,3.0
021150027000,900.0,,440,1.0,2.0
021150028000,,,838,1.0,4.0
021150029000,1000.0,,572,1.0,3.0
021150031000,0.0,,594,1.0,3.0
021150034000,,528.0,576,2.0,3.0
021150035000,1000.0,,588,1.0,3.0
021150036000,,,400,1.0,2.0
021150037000,1120.0,,483,1.0,3.0
021150038000,,,480,1.0,2.0
021150039000,1500.0,,480,1.0,3.0
021150040000,,,480,1.0,3.0
021150041000,0.0,,530,1.0,4.0
021150042000,,,480,1.0,2.0
021150043000,,,488,1.0,4.0
021150045000,800.0,,638,1.0,3.0
021150046000,,,472,1.0,3.0
021150047000,883.0,,484,1.0,3.0
021150048000,,,0,1.0,3.0
021150049000,1200.0,,504,1.0,3.0
021150050000,1000.0,,480,1.0,3.0
021150051000,1900.0,,952,1.0,3.0
021150052000,860.0,,520,1.0,4.0
021150054000,900.0,,576,1.0,3.0
021150055000,,,524,1.0,
021160005000,21.0,,441,1.0,3.0
021160006000,1018.0,,552,1.0,3.0
021160007000,1000.0,,484,1.0,3.0
021160008000,600.0,,528,1.0,3.0
021160009000,1282.0,,480,1.0,3.0
021160010000,1200.0,,576,1.0,4.0
021160011000,600.0,,0,1.0,3.0
021160012000,,,0,1.0,3.0
021160013000,1000.0,,697,1.0,3.0
021160014000,,,589,1.0,3.0
021160015000,600.0,,528,1.0,3.0
021160016000,18.0,,450,1.0,3.0
021160017000,,,484,1.0,2.0
021160020000,800.0,,484,1.0,3.0
021160021000,1200.0,,528,1.0,3.0
021160022000,1000.0,,484,1.0,3.0
021160023000,,,525,1.0,3.0
021160024000,800.0,,520,1.0,3.0
021160025000,1000.0,,484,1.0,3.0
021160026000,1036.0,,440,1.0,3.0
021160027000,912.0,,483,1.0,3.0
021160028000,,,638,1.0,3.0
021160030000,600.0,,648,1.0,3.0
021160031000,,,0,1.0,3.0
021160032000,1000.0,,506,1.0,3.0
021160033000,1000.0,,462,1.0,3.0
021160034000,,,0,1.0,3.0
021160035000,2000.0,,810,1.0,4.0
021160036000,,,528,1.0,3.0
021160038000,1250.0,,880,1.0,3.0
021160039000,600.0,,400,1.0,3.0
021160040000,600.0,,528,1.0,3.0
021170002000,1200.0,,500,1.0,
021170003000,804.0,,480,1.0,3.0
021170005000,,,552,1.0,4.0
021170006000,2000.0,,864,1.0,4.0
021170008000,640.0,,529,1.0,3.0
021170009000,,,480,1.0,3.0
021170010000,,,440,1.0,3.0
021170011000,0.0,,504,1.0,3.0
021170013000,,,550,1.0,2.0
021170014000,256.0,,448,1.0,3.0
021170015000,,,0,1.0,3.0
021170016000,1500.0,,1140,1.0,3.0
021170021000,,,0,1.0,3.0
021170022000,1000.0,,240,1.0,3.0
021170023000,700.0,985.0,1365,2.0,2.0
021170029000,700.0,,660,1.0,3.0
021170030000,,,484,1.0,3.0
021170031000,1000.0,,462,1.0,3.0
021170032000,24.0,,400,1.0,3.0
021170033000,,,480,1.0,3.0
021170034000,,,515,1.0,3.0
021180003000,,,0,1.0,3.0
021180004000,600.0,,660,1.0,3.0
021180005000,1000.0,,600,1.0,4.0
021180006000,2493.0,,768,1.0,4.0
021180007000,1170.0,,594,1.0,4.0
021180008000,2000.0,,812,1.0,4.0
021180009000,976.0,,484,1.0,3.0
021180010000,1208.0,,772,1.0,4.0
021180011000,2000.0,,528,1.0,3.0
021180012000,900.0,,480,1.0,2.0
021180013000,,,546,1.0,3.0
021180014000,600.0,,576,1.0,3.0
021180015000,2500.0,,1164,1.0,6.0
021180016000,1450.0,,378,1.0,3.0
021180018000,617.0,,1182,1.0,4.0
021180019000,,,532,1.0,3.0
021180022000,,,528,1.0,3.0
021180023000,,,687,1.0,3.0
021180024000,1000.0,,600,1.0,3.0
021180025000,,,504,1.0,3.0
021180026000,1000.0,,400,1.0,3.0
021180027000,780.0,,576,1.0,3.0
021180028000,,,0,1.0,3.0
021180029000,,,0,1.0,3.0
021180030000,1000.0,,504,1.0,3.0
021180031000,1200.0,,484,1.0,3.0
021180032000,,,460,1.0,3.0
021180033000,,,528,1.0,4.0
021180034000,,,480,1.0,3.0
021180035000,1000.0,,630,1.0,3.0
021180036000,1000.0,,616,1.0,3.0
021180037000,1500.0,,550,1.0,3.0
021180038000,0.0,,522,1.0,2.0
021180039000,1412.0,,480,1.0,3.0
021180040000,800.0,,452,1.0,3.0
021180041000,1098.0,,504,1.0,3.0
021180042000,,,783,1.0,4.0
021180043000,0.0,,484,1.0,3.0
021180044000,108.0,,420,1.0,3.0
021180047000,800.0,,696,1.0,3.0
021180048000,200.0,,484,1.0,3.0
021180049000,0.0,,528,1.0,3.0
021180050000,1200.0,,576,1.0,3.0
021180051000,,,520,1.0,2.0
021180052000,,,1084,1.0,
021180053000,,,462,1.0,3.0
021180054000,0.0,,944,1.0,3.0
021180055000,1500.0,,1038,1.0,3.0
021180056000,1000.0,,625,1.0,2.0
021180057000,0.0,,727,1.0,3.0
021180058000,1200.0,,888,1.0,3.0
021180061000,0.0,,682,1.0,4.0
021180062000,1000.0,,528,1.0,3.0
021180063000,,,528,1.0,3.0
021180065000,,,0,1.0,3.0
021190003000,2500.0,,679,1.0,3.0
021190004000,800.0,,784,1.0,4.0
021190005000,,,620,1.0,3.0
021190006000,,,440,1.0,3.0
021190008000,,,778,1.0,3.0
021190009000,0.0,,776,1.0,4.0
021190010000,1800.0,,616,1.0,3.0
021190011000,,,1092,1.0,4.0
021190014000,0.0,,621,1.0,4.0
021190018000,0.0,,528,1.0,4.0
021190019000,750.0,,912,1.0,3.0
021190020000,1200.0,,1104,1.0,2.0
021190021000,1000.0,,690,1.0,3.0
021190022000,1000.0,,480,1.0,3.0
021190023000,600.0,,600,1.0,3.0
021190024000,1600.0,,672,1.0,3.0
021190025000,,,811,1.0,2.0
021190026000,696.0,,756,1.0,3.0
021190027000,,,576,1.0,3.0
021190028000,,,630,1.0,3.0
021190029000,696.0,,462,1.0,3.0
021190030000,1500.0,,569,1.0,2.0
021190031000,160.0,,722,1.0,2.0
021190032000,419.0,,500,1.0,2.0
021190033000,0.0,,480,1.0,3.0
021190034000,1142.0,,0,1.0,4.0
021190035000,1000.0,,840,1.0,4.0
021190036000,2080.0,,576,1.0,3.0
021190038000,,,618,1.0,3.0
021200002000,1000.0,,528,1.0,3.0
021200003000,1000.0,,683,1.0,4.0
021200004000,1830.0,,624,1.0,3.0
021200005000,800.0,,506,1.0,4.0
021200006000,1440.0,,672,1.0,3.0
021200007000,600.0,,580,1.0,2.0
021200008000,1000.0,,460,1.0,3.0
021200011000,1140.0,,400,1.0,3.0
021200012000,,,0,1.0,2.0
021200013000,,,400,1.0,3.0
021200014000,0.0,,744,1.0,3.0
021200015000,1200.0,,572,1.0,3.0
021200016000,1000.0,,576,1.0,2.0
021200017000,260.0,,672,1.0,2.0
021200018000,2000.0,,437,1.0,3.0
021200019000,0.0,,678,1.0,2.0
021200020000,336.0,,528,1.0,3.0
021200022000,676.0,,484,1.0,3.0
021200023000,0.0,,483,1.0,4.0
021200024000,2200.0,,484,1.0,2.0
021200025000,600.0,,448,1.0,3.0
021200026000,0.0,,528,1.0,3.0
021200027000,140.0,,832,1.0,3.0
021200028000,700.0,,462,1.0,3.0
021200029000,264.0,,576,1.0,3.0
021200030000,1548.0,,528,1.0,3.0
021200031000,1000.0,,639,1.0,4.0
021200032000,,,440,1.0,3.0
021200033000,1000.0,,440,1.0,3.0
021200036000,,,432,1.0,3.0
021200037000,,,480,1.0,3.0
021200038000,,,480,1.0,3.0
021200039000,800.0,,480,1.0,3.0
021200040000,1000.0,,644,1.0,4.0
021200041000,1200.0,,572,1.0,3.0
021200042000,,,528,1.0,3.0
021200043000,1500.0,,460,1.0,2.0
021200045000,1000.0,,456,1.0,3.0
021210004000,,,798,1.0,3.0
021210008000,,,474,1.0,4.0
021210009000,0.0,,528,1.0,3.0
021210011000,600.0,,504,1.0,3.0
021210012000,956.0,,462,1.0,3.0
021210013000,1000.0,,506,1.0,3.0
021210014000,1500.0,,504,1.0,4.0
021210022000,1200.0,,572,1.0,3.0
021210023000,,,572,1.0,3.0
021210024000,0.0,,1099,1.0,4.0
021210025000,1500.0,,484,1.0,3.0
021210026000,1850.0,,480,1.0,3.0
021210027000,1440.0,,528,1.0,3.0
021210028000,1300.0,,240,1.0,3.0
021210029000,1000.0,,396,1.0,3.0
021210030000,1000.0,,863,1.0,4.0
021210031000,,,0,1.0,3.0
021210032000,1000.0,,484,1.0,3.0
021210033000,1000.0,,756,1.0,3.0
021210034000,700.0,,890,1.0,5.0
021220002000,,,504,1.0,3.0
021220003000,,,576,1.0,3.0
021220004000,,,528,1.0,3.0
021220005000,,,528,1.0,3.0
021220006000,1240.0,,862,1.0,3.0
021220007000,1080.0,,648,1.0,4.0
021220008000,850.0,,462,1.0,3.0
021220009000,750.0,,936,1.0,3.0
021220010000,700.0,,648,1.0,3.0
021220011000,800.0,,480,1.0,2.0
021220015000,210.0,,1016,1.0,3.0
021220016000,,,516,1.0,3.0
021220017000,1200.0,,484,1.0,3.0
021220018000,,,520,1.0,3.0
021220019000,900.0,,552,1.0,3.0
021220020000,2000.0,,440,1.0,3.0
021220021000,,,572,1.0,2.0
021220022000,1200.0,,623,1.0,3.0
021220023000,1800.0,,688,1.0,3.0
021220024000,,,675,1.0,3.0
021220025000,1000.0,,520,1.0,3.0
021220026000,0.0,,480,1.0,2.0
021220027000,1000.0,,624,1.0,1.0
021220028000,500.0,,486,1.0,3.0
021220029000,1610.0,,480,1.0,3.0
021220030000,1200.0,,600,1.0,3.0
021220031000,462.0,,484,1.0,3.0
021220032000,,,0,1.0,3.0
021220033000,800.0,,522,1.0,3.0
021220034000,0.0,,441,1.0,3.0
021220038000,0.0,,528,1.0,3.0
021220039000,900.0,,441,1.0,4.0
021220040000,600.0,,516,1.0,4.0
021220042000,1920.0,,728,1.0,3.0
021220043000,,,0,1.0,2.0
021220044000,99.0,,420,1.0,3.0
021230003000,,,400,1.0,3.0
021230004000,1600.0,,624,1.0,2.0
021230005000,1576.0,,560,1.0,3.0
021230006000,0.0,,506,1.0,3.0
021230007000,0.0,,816,1.0,3.0
021230008000,600.0,,624,1.0,3.0
021230009000,1000.0,,528,1.0,2.0
021230010000,1000.0,,596,1.0,4.0
021230011000,,,0,1.0,2.0
021230012000,780.0,,1243,1.0,3.0
021230013000,,,588,1.0,3.0
021230014000,1455.0,,962,1.0,4.0
021230015000,,,594,1.0,3.0
021230016000,1000.0,,506,1.0,3.0
021230017000,1700.0,,462,1.0,3.0
021230018000,,,504,1.0,3.0
021230019000,,,480,1.0,3.0
021230020000,1500.0,,504,1.0,3.0
021230021000,1200.0,,648,1.0,3.0
021230022000,24.0,,572,1.0,3.0
021230023000,1500.0,,480,1.0,3.0
021230024000,,,504,1.0,3.0
021230025000,1400.0,,400,1.0,3.0
021230026000,0.0,,660,1.0,3.0
021230027000,376.0,,440,1.0,3.0
021230028000,2216.0,,576,1.0,3.0
021230029000,984.0,,792,1.0,4.0
021230030000,0.0,,528,1.0,3.0
021230031000,1600.0,,462,1.0,3.0
021230032000,331.0,,1068,1.0,3.0
021230033000,800.0,,472,1.0,2.0
021230034000,,,600,1.0,3.0
021230035000,,,0,1.0,3.0
021230036000,900.0,,480,1.0,3.0
021230037000,2000.0,,492,1.0,4.0
021230038000,1265.0,,440,1.0,3.0
021230039000,,,437,1.0,3.0
021230040000,1000.0,,576,1.0,3.0
021230041000,1000.0,,420,1.0,3.0
021230042000,0.0,,638,1.0,3.0
021230043000,,,440,1.0,3.0
021230045000,1200.0,,635,1.0,3.0
021230047000,600.0,,552,1.0,3.0
021230048000,1000.0,,672,1.0,4.0
021230049000,0.0,,440,1.0,4.0
021230050000,1908.0,,547,1.0,4.0
021230051000,2000.0,,480,1.0,5.0
021230052000,,,720,1.0,3.0
021240003000,700.0,,484,1.0,3.0
021240004000,1052.0,,572,1.0,3.0
021240005000,624.0,,616,1.0,2.0
021240006000,,,0,1.0,3.0
021240007000,600.0,,500,1.0,4.0
021240008000,0.0,440.0,616,1.0,3.0
021240009000,,,400,1.0,2.0
021240010000,800.0,,731,1.0,3.0
021240011000,2000.0,,540,1.0,3.0
021240012000,240.0,,748,1.0,3.0
021240013000,1400.0,,744,1.0,3.0
021240016000,0.0,,864,1.0,3.0
021240017000,,,462,1.0,3.0
021240018000,3122.0,,700,1.0,3.0
021240019000,0.0,,682,1.0,4.0
021240020000,1000.0,,638,1.0,4.0
021240021000,1200.0,,768,1.0,3.0
021240022000,2715.0,,1448,1.0,4.0
021240028000,2615.0,,744,1.0,3.0
021240029000,1800.0,,916,1.0,3.0
021240030000,105.0,,792,1.0,3.0
021240031000,1200.0,,1166,1.0,3.0
021240032000,1500.0,,660,1.0,3.0
021240033000,,,750,1.0,2.0
021240034000,300.0,,885,1.0,4.0
021240035000,2980.0,,1022,1.0,4.0
021240036000,1562.0,,600,1.0,3.0
021240037000,800.0,,480,1.0,4.0
021240041000,,,0,1.0,3.0
021240042000,,,500,1.0,3.0
021250002000,1000.0,,660,1.0,3.0
021250003000,130.0,,795,1.0,3.0
021250004000,2000.0,,550,1.0,4.0
021250005000,,,642,1.0,3.0
021250006000,1300.0,,667,1.0,3.0
021250007000,880.0,,528,1.0,3.0
021250008000,,,484,1.0,3.0
021250009000,1000.0,,690,1.0,3.0
021250010000,800.0,,462,1.0,3.0
021250011000,1025.0,,866,1.0,5.0
021250014000,,,912,1.0,3.0
021250015000,,,0,1.0,3.0
021250016000,1500.0,,924,1.0,3.0
021250017000,1800.0,,1268,1.0,4.0
021250018000,1260.0,,525,1.0,5.0
021250019000,,,606,1.0,
021250022000,1250.0,,852,1.0,3.0
021250023000,0.0,,792,1.0,5.0
021250024000,400.0,,400,1.0,3.0
021250025000,,,644,1.0,5.0
021250026000,1000.0,,462,1.0,4.0
021250027000,516.0,,660,1.0,4.0
021250028000,500.0,,462,1.0,2.0
021250031000,1326.0,,700,1.0,3.0
021250032000,,,690,1.0,5.0
021250034000,700.0,,400,1.0,5.0
021260002000,,,799,1.0,
021260003000,2610.0,,528,1.0,3.0
021260004000,2000.0,,462,1.0,3.0
021260005000,1600.0,,439,1.0,3.0
021260006000,500.0,,484,1.0,3.0
021260007000,1200.0,,616,1.0,3.0
021260008000,0.0,,624,1.0,3.0
021260010000,0.0,,864,1.0,4.0
021260011000,3000.0,,552,1.0,3.0
021260012000,2000.0,,884,1.0,3.0
021260013000,550.0,,528,1.0,4.0
021260014000,2000.0,,688,1.0,4.0
021260015000,2960.0,,528,1.0,4.0
021260016000,1000.0,,572,1.0,4.0
021260017000,0.0,,528,1.0,3.0
021260018000,0.0,,480,1.0,4.0
021260019000,1800.0,,480,1.0,4.0
021260020000,460.0,,552,1.0,3.0
021260021000,,,0,1.0,
021260022000,0.0,,528,1.0,4.0
021260023000,,,0,1.0,3.0
021260024000,1200.0,,648,1.0,2.0
021260025000,2411.0,,484,1.0,3.0
021260026000,1200.0,,520,1.0,3.0
021260027000,480.0,,540,1.0,3.0
021260028000,,,528,1.0,2.0
021260029000,800.0,,741,1.0,4.0
021260030000,1635.0,,754,1.0,3.0
021260031000,2500.0,,768,1.0,3.0
021260032000,1330.0,,580,1.0,3.0
021260033000,0.0,,231,1.0,3.0
021260034000,,,440,1.0,3.0
021260035000,1796.0,,484,1.0,4.0
021260036000,1300.0,,528,1.0,2.0
021260037000,2100.0,,480,1.0,3.0
021260038000,1600.0,,489,1.0,2.0
021260039000,1000.0,,440,1.0,3.0
021260040000,1000.0,,480,1.0,3.0
021260041000,800.0,,440,1.0,2.0
021260042000,856.0,,650,1.0,3.0
021260043000,,,0,1.0,3.0
021260047000,1880.0,,517,1.0,3.0
021260050000,3122.0,,460,1.0,3.0
021270003000,296.0,,682,1.0,3.0
021270004000,0.0,,572,1.0,3.0
021270005000,,,0,1.0,3.0
021270006000,600.0,,480,1.0,3.0
021270007000,,,884,1.0,3.0
021270008000,600.0,,616,1.0,3.0
021270011000,900.0,,506,1.0,3.0
021270012000,0.0,,480,1.0,2.0
021270013000,0.0,,495,1.0,3.0
021270014000,0.0,,612,1.0,3.0
021270015000,2031.0,,440,1.0,2.0
021270016000,,,0,1.0,
021270017000,,,0,1.0,3.0
021270018000,2000.0,,750,1.0,4.0
021270019000,1000.0,,532,1.0,3.0
021270020000,750.0,,640,1.0,4.0
021270021000,,,716,1.0,4.0
021270022000,1080.0,,638,1.0,3.0
021270024000,0.0,,528,1.0,3.0
021270025000,0.0,,684,1.0,4.0
021270026000,0.0,,550,1.0,4.0
021270027000,0.0,,484,1.0,3.0
021270028000,3000.0,,576,1.0,2.0
021270029000,,,600,1.0,3.0
021270030000,,,522,1.0,3.0
021270031000,,,672,1.0,4.0
021270032000,1500.0,,832,1.0,4.0
021280002000,0.0,,616,1.0,3.0
021280003000,,,440,1.0,2.0
021280004000,1200.0,,832,1.0,4.0
021280005000,400.0,,480,1.0,3.0
021280006000,,,889,1.0,
021280007000,463.0,,609,1.0,2.0
021280008000,1000.0,,600,1.0,2.0
021280009000,800.0,,528,1.0,2.0
021280010000,0.0,,400,1.0,2.0
021280011000,0.0,,598,1.0,4.0
021280012000,2339.0,,968,1.0,4.0
021280014000,900.0,,520,1.0,3.0
021280015000,1260.0,,560,1.0,3.0
021280016000,,,0,1.0,4.0
021280017000,1200.0,,672,1.0,3.0
021280018000,,,484,1.0,3.0
021280019000,174.0,,484,1.0,3.0
021280020000,390.0,,437,1.0,3.0
021280021000,360.0,,453,1.0,3.0
021280022000,1200.0,,840,1.0,3.0
021280023000,1725.0,,1368,1.0,3.0
021280024000,2000.0,,756,1.0,2.0
021280025000,,,0,1.0,3.0
021280026000,,,480,1.0,3.0
021280027000,1500.0,,528,1.0,3.0
021280028000,1800.0,,750,1.0,3.0
021280032000,,,0,1.0,3.0
021280033000,,,552,1.0,3.0
021280034000,1000.0,,414,1.0,3.0
021280035000,1700.0,,499,1.0,3.0
021280036000,0.0,,541,1.0,3.0
021290002000,,,0,1.0,3.0
021290003000,,,308,1.0,2.0
021290004000,,,506,1.0,3.0
021290005000,0.0,,528,1.0,3.0
021290006000,,,0,1.0,3.0
021290007000,0.0,,528,1.0,3.0
021290008000,1200.0,,480,1.0,2.0
021290009000,450.0,,462,1.0,3.0
021290010000,1000.0,,484,1.0,3.0
021290011000,188.0,,567,1.0,3.0
021290012000,1200.0,,440,1.0,3.0
021290013000,1000.0,,528,1.0,2.0
021290014000,1300.0,,520,1.0,3.0
021290015000,,,432,1.0,3.0
021290021000,0.0,,600,1.0,3.0
021290022000,900.0,,563,1.0,2.0
021290023000,,,500,1.0,3.0
021290024000,840.0,,484,1.0,3.0
021290025000,,,855,1.0,4.0
021290026000,1500.0,,480,1.0,3.0
021290027000,,,736,1.0,2.0
021290028000,1000.0,,528,1.0,3.0
021290029000,,,528,1.0,3.0
021290030000,1000.0,,624,1.0,3.0
021290031000,600.0,,510,1.0,3.0
021290032000,0.0,,462,1.0,3.0
021290033000,1279.0,,560,1.0,1.0
021290034000,800.0,,600,1.0,3.0
021290035000,800.0,,600,1.0,3.0
021290037000,0.0,,840,1.0,3.0
021300003000,,,0,1.0,
021300004000,2862.0,,576,1.0,3.0
021300005000,1200.0,,672,1.0,3.0
021300006000,900.0,,728,1.0,3.0
021300007000,0.0,,949,1.0,4.0
021300008000,900.0,,504,1.0,3.0
021300009000,1513.0,,528,1.0,2.0
021300010000,0.0,,288,1.0,2.0
021300011000,1000.0,,0,1.0,3.0
021300012000,600.0,,480,1.0,3.0
021300013000,1000.0,,528,1.0,2.0
021300014000,,,0,1.0,4.0
021300015000,,,484,1.0,2.0
021300016000,730.0,,506,1.0,3.0
021300017000,,,528,1.0,3.0
021300018000,1500.0,,400,1.0,3.0
021300019000,,,460,1.0,3.0
021300020000,900.0,,441,1.0,3.0
021300021000,1200.0,,1722,1.0,3.0
021300022000,878.0,,672,1.0,3.0
021300023000,0.0,,616,1.0,2.0
021300024000,750.0,,480,1.0,3.0
021300025000,528.0,,484,1.0,3.0
021300026000,1233.0,,512,1.0,3.0
021310002000,1500.0,,0,1.0,3.0
021310003000,,,528,1.0,3.0
021310004000,600.0,,675,1.0,3.0
021310005000,1200.0,,1152,1.0,3.0
021310006000,,,672,1.0,3.0
021310007000,0.0,,572,1.0,3.0
021310008000,800.0,,640,1.0,3.0
021310009000,1200.0,,441,1.0,3.0
021310010000,,,550,1.0,2.0
021310011000,1200.0,,420,1.0,4.0
021310012000,600.0,,624,1.0,3.0
021310013000,,,540,1.0,4.0
021310014000,1200.0,,420,1.0,3.0
021310015000,1000.0,,483,1.0,3.0
021310016000,,,0,1.0,3.0
021310017000,1360.0,,801,1.0,3.0
021310018000,,,462,1.0,3.0
021310021000,1000.0,,672,1.0,4.0
021310022000,,,550,1.0,3.0
021310023000,,,572,1.0,3.0
021310024000,,,440,1.0,3.0
021310025000,750.0,,528,1.0,3.0
021310026000,1642.0,,638,1.0,3.0
021310027000,1000.0,,422,1.0,3.0
021310028000,0.0,,576,1.0,4.0
021310029000,,,480,1.0,2.0
021310030000,1000.0,,528,1.0,2.0
021310031000,1600.0,,704,1.0,3.0
021310032000,,,0,1.0,3.0
021310033000,666.0,,468,1.0,4.0
021310034000,,,600,1.0,3.0
021310035000,1500.0,,0,1.0,3.0
021310036000,2000.0,,441,1.0,2.0
021310037000,1520.0,,528,1.0,3.0
021310038000,,,506,1.0,3.0
021310039000,1246.0,,342,1.0,3.0
021310041000,,,483,1.0,3.0
021320002000,,,632,1.0,3.0
021320003000,2460.0,,528,1.0,3.0
021320010000,600.0,,484,1.0,3.0
021320011000,1200.0,,504,1.0,3.0
021320012000,0.0,,652,1.0,3.0
021320013000,0.0,,528,1.0,3.0
021320014000,1200.0,,528,1.0,3.0
021320015000,750.0,,460,1.0,4.0
021320016000,,,624,1.0,3.0
021320017000,1200.0,,600,1.0,3.0
021320018000,0.0,,441,1.0,3.0
021320019000,1000.0,,768,1.0,3.0
021320021000,,,600,1.0,3.0
021320022000,1000.0,,440,1.0,3.0
021320023000,1200.0,,520,1.0,3.0
021320024000,900.0,,480,1.0,4.0
021320025000,760.0,,528,1.0,3.0
021320026000,0.0,,400,1.0,3.0
021320027000,740.0,,420,1.0,3.0
021320028000,650.0,,480,1.0,2.0
021320029000,,,483,1.0,3.0
021320030000,500.0,,440,1.0,3.0
021320031000,1000.0,,624,1.0,3.0
021320032000,864.0,,480,1.0,3.0
021320033000,1434.0,,516,1.0,4.0
021320034000,,,600,1.0,3.0
021320035000,900.0,,569,1.0,3.0
021320036000,0.0,,480,1.0,3.0
021320037000,,,462,1.0,3.0
021320043000,,,795,1.0,2.0
021330002000,,,0,1.0,
021330003000,48.0,,644,1.0,3.0
021330004000,,,500,1.0,3.0
021330005000,0.0,,420,1.0,3.0
021330006000,0.0,,264,1.0,3.0
021330007000,,,504,1.0,3.0
021330008000,600.0,,528,1.0,4.0
021330009000,80.0,,400,1.0,3.0
021330010000,1160.0,,528,1.0,4.0
021330011000,,,0,1.0,3.0
021330012000,200.0,,460,1.0,4.0
021330013000,1300.0,,420,1.0,3.0
021330014000,0.0,,462,1.0,2.0
021330015000,,,528,1.0,2.0
021330016000,2500.0,,960,1.0,3.0
021330017000,928.0,,453,1.0,3.0
021330018000,711.0,,400,1.0,3.0
021330019000,,,460,1.0,2.0
021330020000,900.0,,546,1.0,3.0
021330021000,,,576,1.0,4.0
021330022000,326.0,,528,1.0,3.0
021330023000,,,400,1.0,3.0
021330025000,1100.0,,552,1.0,3.0
021330026000,1200.0,,504,1.0,3.0
021330027000,1000.0,,627,1.0,3.0
021330028000,700.0,,480,1.0,3.0
021330029000,1600.0,,528,1.0,3.0
021330030000,584.0,,445,1.0,2.0
021330031000,700.0,,504,1.0,4.0
021330032000,1590.0,,720,1.0,3.0
021330033000,448.0,,400,1.0,3.0
021330034000,950.0,,500,1.0,3.0
021330035000,1580.0,,312,1.0,2.0
021330036000,1500.0,,616,1.0,3.0
021330037000,,,484,1.0,3.0
021330038000,1000.0,,400,1.0,2.0
021330039000,1000.0,,528,1.0,3.0
021330040000,1000.0,,420,1.0,2.0
021330041000,1160.0,,500,1.0,3.0
021330042000,1800.0,,480,1.0,3.0
021340002000,,,241,1.0,4.0
021340003000,187.0,,480,1.0,3.0
021340004000,274.0,,471,1.0,2.0
021340005000,396.0,,525,1.0,3.0
021340006000,0.0,,528,1.0,3.0
021340007000,,,484,1.0,3.0
021340008000,1365.0,,688,1.0,4.0
021340009000,,,640,1.0,3.0
021340010000,1000.0,,440,1.0,3.0
021340011000,1160.0,,440,1.0,3.0
021340024000,998.0,,500,1.0,3.0
021340025000,800.0,,528,1.0,2.0
021340026000,0.0,,500,1.0,3.0
021340027000,1728.0,,600,1.0,4.0
021340028000,960.0,,469,1.0,3.0
021340029000,1600.0,,440,1.0,3.0
021340030000,,,672,1.0,4.0
021340031000,1000.0,,470,1.0,3.0
021340032000,1000.0,,576,1.0,3.0
021340033000,1000.0,,708,1.0,3.0
021340034000,,,910,1.0,3.0
021340035000,1220.0,,576,1.0,3.0
021340036000,700.0,,474,1.0,3.0
021340037000,1327.0,,625,1.0,3.0
021340040000,930.0,,576,1.0,3.0
021340041000,500.0,,576,1.0,3.0
021340042000,0.0,,400,1.0,3.0
021340044000,1200.0,,504,1.0,3.0
021340045000,,,506,1.0,3.0
021340046000,2040.0,,654,1.0,3.0
021340047000,1100.0,,480,1.0,3.0
021340048000,,,0,1.0,3.0
021340049000,600.0,,540,1.0,3.0
021340050000,,,0,1.0,
021340051000,539.0,,480,1.0,3.0
021340052000,600.0,,420,1.0,3.0
021340053000,0.0,,465,1.0,3.0
021340054000,,,484,1.0,3.0
021340055000,,,576,1.0,3.0
021340056000,700.0,,525,1.0,3.0
021340057000,,,484,1.0,2.0
021340058000,1420.0,,528,1.0,3.0
021340059000,1000.0,,552,1.0,4.0
021350003000,,,484,1.0,4.0
021350004000,1800.0,,660,1.0,3.0
021350005000,1200.0,,400,1.0,3.0
021350006000,1000.0,,484,1.0,4.0
021350007000,,,484,1.0,3.0
021350008000,1600.0,,484,1.0,4.0
021350011000,,,440,1.0,3.0
021350012000,800.0,,506,1.0,4.0
021350013000,1200.0,,528,1.0,3.0
021350014000,800.0,,440,1.0,4.0
021350015000,,,0,1.0,3.0
021350016000,,,306,1.0,2.0
021350017000,,,468,1.0,3.0
021350019000,1500.0,,504,1.0,4.0
021350020000,1000.0,,624,1.0,3.0
021350021000,0.0,,462,1.0,3.0
021350022000,1400.0,,793,1.0,4.0
021350023000,1200.0,,528,1.0,3.0
021350024000,2000.0,,696,1.0,3.0
021350025000,0.0,,484,1.0,3.0
021350026000,930.0,,586,1.0,3.0
021350027000,,,481,1.0,3.0
021350028000,,,547,1.0,4.0
021350029000,3000.0,,462,1.0,3.0
021350030000,800.0,,480,1.0,4.0
021350031000,1500.0,,840,1.0,3.0
021350032000,1200.0,,672,1.0,3.0
021350049000,,,0,1.0,2.0
021350050000,,,555,1.0,3.0
021350051000,2500.0,,594,1.0,4.0
021360002000,1000.0,,420,1.0,3.0
021360003000,1000.0,,448,1.0,3.0
021360004000,,,624,1.0,3.0
021360005000,0.0,,528,1.0,4.0
021360006000,2475.0,,440,1.0,3.0
021360007000,450.0,,420,1.0,4.0
021360010000,,,0,1.0,3.0
021360012000,1100.0,,520,1.0,3.0
021360013000,2087.0,,400,1.0,3.0
021360014000,,,420,1.0,3.0
021360015000,1000.0,,616,1.0,3.0
021360016000,,,462,1.0,3.0
021360017000,1000.0,,672,1.0,3.0
021360018000,55.0,,580,1.0,3.0
021360019000,1000.0,,533,1.0,4.0
021360020000,,,667,1.0,4.0
021360021000,,,506,1.0,4.0
021360022000,1000.0,,768,1.0,3.0
021360023000,1200.0,,484,1.0,4.0
021360024000,600.0,,600,1.0,3.0
021360025000,2500.0,,480,1.0,3.0
021360026000,0.0,,484,1.0,4.0
021360027000,165.0,,560,1.0,3.0
021360033000,,,720,1.0,3.0
021370002000,144.0,,688,1.0,4.0
021370003000,1000.0,,453,1.0,3.0
021370004000,,,576,1.0,3.0
021370005000,780.0,,480,1.0,3.0
021370006000,1200.0,,500,1.0,3.0
021370007000,450.0,,500,1.0,3.0
021370008000,,,476,1.0,3.0
021370009000,1200.0,,500,1.0,3.0
021370010000,1500.0,,460,1.0,3.0
021370011000,600.0,,550,1.0,3.0
021370015000,,,836,1.0,3.0
021370016000,,,475,1.0,3.0
021370017000,2000.0,,576,1.0,3.0
021370018000,,,0,1.0,3.0
021370019000,729.0,,624,1.0,3.0
021380002000,1200.0,,529,1.0,3.0
021380003000,1000.0,,410,1.0,3.0
021380004000,3000.0,,784,1.0,3.0
021380005000,579.0,,528,1.0,3.0
021380006000,,,320,1.0,3.0
021380007000,,,432,1.0,2.0
021380008000,1500.0,,565,1.0,3.0
021380009000,1500.0,,504,1.0,3.0
021380010000,2000.0,,564,1.0,3.0
021380011000,984.0,,480,1.0,3.0
021380012000,799.0,,440,1.0,3.0
021380013000,,,480,1.0,3.0
021380020000,1000.0,,528,1.0,4.0
021380021000,,,576,1.0,2.0
021380022000,770.0,,484,1.0,3.0
021380023000,1000.0,,960,1.0,3.0
021380024000,256.0,,480,1.0,3.0
021380032000,500.0,,0,1.0,3.0
021380033000,950.0,,456,1.0,4.0
021380034000,900.0,,504,1.0,3.0
021380035000,1800.0,,480,1.0,3.0
021380036000,549.0,,480,1.0,3.0
021380037000,0.0,,480,1.0,3.0
021380038000,907.0,,576,1.0,3.0
021380039000,,,0,1.0,4.0
021380040000,,,484,1.0,4.0
021380041000,1100.0,,516,1.0,3.0
021380042000,,,0,1.0,3.0
021390002000,1000.0,,480,1.0,3.0
021390003000,600.0,,480,1.0,3.0
021390004000,1107.0,,456,1.0,3.0
021390005000,384.0,,504,1.0,3.0
021390006000,610.0,,400,1.0,3.0
021390007000,0.0,,504,1.0,3.0
021390008000,600.0,,504,1.0,3.0
021390009000,1340.0,,480,1.0,3.0
021390010000,,,0,1.0,4.0
021390022000,540.0,,400,1.0,2.0
021390023000,,,0,1.0,3.0
021390024000,750.0,,484,1.0,3.0
021390025000,0.0,,480,1.0,3.0
021390026000,500.0,,464,1.0,3.0
021390027000,800.0,,440,1.0,3.0
021390028000,600.0,,504,1.0,3.0
021390029000,1500.0,,500,1.0,3.0
021390030000,,,462,1.0,3.0
021390031000,892.0,,504,1.0,3.0
021390032000,0.0,,453,1.0,3.0
021390033000,,,0,1.0,3.0
021390034000,,,480,1.0,3.0
021390037000,2000.0,,598,1.0,3.0
021400001000,734.0,,525,1.0,3.0
021400002000,210.0,,770,1.0,4.0
021400003000,,,576,1.0,3.0
021400004000,0.0,,798,1.0,3.0
021400005000,938.0,,484,1.0,3.0
021400006000,,,506,1.0,3.0
021400007000,1000.0,,519,1.0,3.0
021400008000,360.0,,528,1.0,3.0
021400010000,44.0,,660,1.0,2.0
021400011000,0.0,,504,1.0,3.0
021400013000,0.0,,480,1.0,2.0
021400014000,1000.0,,420,1.0,2.0
021400015000,1152.0,,616,1.0,3.0
021400016000,0.0,,420,1.0,4.0
021400017000,1200.0,,528,1.0,2.0
021400018000,700.0,,496,1.0,3.0
021400019000,,,641,1.0,2.0
021400020000,1000.0,,480,1.0,3.0
021400021000,0.0,,440,1.0,3.0
021400022000,0.0,,513,1.0,3.0
021400023000,700.0,,824,1.0,3.0
021400024000,700.0,,550,1.0,3.0
021400027000,700.0,,484,1.0,3.0
021400028000,696.0,,816,1.0,3.0
021400029000,2000.0,,917,1.0,3.0
021400030000,600.0,,494,1.0,3.0
021400031000,700.0,,576,1.0,4.0
021400032000,,,0,1.0,3.0
021400033000,,,660,1.0,3.0
021400034000,,,528,1.0,2.0
021400035000,1238.0,,550,1.0,3.0
021400036000,1000.0,,484,1.0,3.0
021400037000,1690.0,,504,1.0,3.0
021400038000,,,0,1.0,
021400039000,,,672,1.0,3.0
021400040000,1000.0,,504,1.0,3.0
021400041000,,,504,1.0,4.0
021400042000,,,0,1.0,
021400043000,1315.0,,483,1.0,3.0
021400044000,,,0,1.0,3.0
021400045000,,,0,1.0,3.0
021400046000,1000.0,,484,1.0,2.0
021400048000,1000.0,,1064,1.0,4.0
021410001000,,,529,1.0,4.0
021410002000,0.0,,440,1.0,2.0
021410003000,,,0,1.0,3.0
021410004000,1000.0,,400,1.0,4.0
021410005000,1000.0,,480,1.0,4.0
021410006000,0.0,,462,1.0,3.0
021410007000,330.0,,440,1.0,3.0
021410008000,1000.0,,480,1.0,3.0
021410009000,336.0,,480,1.0,3.0
021410010000,,,0,1.0,
021410011000,0.0,,528,1.0,4.0
021410012000,,,504,1.0,3.0
021410016000,,,626,1.0,
021410017000,0.0,,480,1.0,3.0
021410018000,2100.0,,440,1.0,3.0
021410019000,,,387,1.0,3.0
021410020000,0.0,,864,1.0,3.0
021410022000,,,614,1.0,3.0
021410023000,2000.0,,552,1.0,3.0
021410024000,,,462,1.0,4.0
021410025000,0.0,,512,1.0,3.0
021410026000,0.0,,1100,1.0,4.0
021410027000,1000.0,,748,1.0,4.0
021420001000,176.0,,600,1.0,3.0
021420002000,1500.0,,340,1.0,3.0
021420003000,0.0,,920,1.0,5.0
021420005000,,,594,1.0,3.0
021420006000,,,301,1.0,3.0
021420007000,1500.0,,642,1.0,3.0
021420008000,,,702,1.0,3.0
021420009000,0.0,,528,1.0,3.0
021420010000,800.0,,396,1.0,3.0
021420011000,640.0,,440,1.0,3.0
021420012000,0.0,,714,1.0,3.0
021420013000,1820.0,,748,1.0,3.0
021420014000,1496.0,,814,1.0,3.0
021420015000,0.0,,504,1.0,3.0
021420016000,900.0,,660,1.0,3.0
021420017000,0.0,,550,1.0,3.0
021420018000,1000.0,,676,1.0,3.0
021420019000,900.0,,440,1.0,3.0
021420020000,500.0,,672,1.0,2.0
021420021000,,,648,1.0,4.0
021420022000,84.0,,621,1.0,3.0
021420023000,1621.0,,609,1.0,3.0
021420024000,496.0,,720,1.0,3.0
021420025000,180.0,,462,1.0,3.0
021420026000,,,480,1.0,3.0
021420027000,69.0,,480,1.0,3.0
021420028000,,,0,1.0,3.0
021420029000,,,572,1.0,2.0
021420030000,210.0,,672,1.0,3.0
021420031000,0.0,,400,1.0,3.0
021420032000,1500.0,,682,1.0,4.0
021420033000,2200.0,,440,1.0,2.0
021420034000,0.0,,440,1.0,3.0
021420035000,1514.0,,528,1.0,3.0
021420036000,1034.0,,630,1.0,2.0
021420037000,,,0,1.0,3.0
021420043000,1000.0,,511,1.0,3.0
021420044000,700.0,,571,1.0,3.0
021430002000,,,462,1.0,3.0
021430003000,600.0,,440,1.0,3.0
021430004000,,,506,1.0,3.0
021430005000,1000.0,,676,1.0,4.0
021430006000,1236.0,,506,1.0,3.0
021430007000,925.0,,462,1.0,3.0
021430008000,900.0,,861,1.0,4.0
021430009000,,,0,1.0,3.0
021430010000,1000.0,,456,1.0,3.0
021430011000,1200.0,,462,1.0,3.0
021430012000,800.0,,592,1.0,3.0
021430013000,,,0,1.0,3.0
021430014000,600.0,,480,1.0,3.0
021430015000,,,0,1.0,3.0
021430016000,,,0,1.0,3.0
021430017000,1000.0,,504,1.0,3.0
021430018000,0.0,,480,1.0,2.0
021430019000,1820.0,,702,1.0,3.0
021430020000,0.0,,480,1.0,3.0
021430021000,,,528,1.0,3.0
021430022000,1284.0,,400,1.0,3.0
021430023000,,,504,1.0,3.0
021430024000,900.0,,578,1.0,3.0
021430026000,,,528,1.0,3.0
021430027000,600.0,,400,1.0,3.0
021430028000,,,0,1.0,3.0
021430029000,861.0,,520,1.0,5.0
021430030000,0.0,,400,1.0,3.0
021430031000,1520.0,,528,1.0,3.0
021430032000,600.0,,456,1.0,3.0
021430033000,0.0,,780,1.0,3.0
021430034000,1200.0,,504,1.0,3.0
021430035000,1500.0,,572,1.0,3.0
021430036000,1200.0,,529,1.0,4.0
021430037000,2700.0,,598,1.0,3.0
021430038000,1000.0,,480,1.0,3.0
021430039000,,,546,1.0,3.0
021430040000,,,0,1.0,3.0
021430041000,650.0,,440,1.0,2.0
021430042000,710.0,,529,1.0,4.0
021430043000,800.0,,576,1.0,3.0
021430044000,1331.0,,528,1.0,3.0
021430046000,900.0,,472,1.0,3.0
021430047000,1184.0,,400,1.0,3.0
021430048000,,,400,1.0,3.0
021430049000,500.0,,546,1.0,3.0
021430050000,1536.0,,528,1.0,3.0
021430051000,,,676,1.0,3.0
021430052000,,,0,1.0,3.0
021430053000,1200.0,,440,1.0,3.0
021430054000,,,800,1.0,3.0
021430056000,600.0,,576,1.0,3.0
021440001000,1200.0,,442,1.0,3.0
021440002000,2040.0,,528,1.0,3.0
021440003000,,,448,1.0,3.0
021440004000,1336.0,,504,1.0,3.0
021440005000,500.0,,462,1.0,3.0
021440006000,1200.0,,484,1.0,3.0
021440008000,,,504,1.0,3.0
021440009000,1209.0,,529,1.0,3.0
021440010000,78.0,,540,1.0,3.0
021440012000,,,420,1.0,3.0
021440013000,1200.0,,685,1.0,3.0
021440014000,,,528,1.0,3.0
021440015000,1000.0,,572,1.0,3.0
021440016000,1000.0,,480,1.0,2.0
021440025000,,,504,1.0,3.0
021440026000,400.0,,496,1.0,3.0
021440027000,0.0,,400,1.0,3.0
021440028000,600.0,,486,1.0,3.0
021440029000,0.0,481.0,832,2.0,3.0
021440030000,1408.0,,440,1.0,3.0
021440031000,810.0,,504,1.0,3.0
021440032000,1172.0,,484,1.0,3.0
021440033000,,,0,1.0,2.0
021440034000,0.0,,400,1.0,2.0
021440035000,,,0,1.0,3.0
021440036000,1020.0,,480,1.0,3.0
021450002000,0.0,,400,1.0,3.0
021450003000,1026.0,,728,1.0,3.0
021450004000,700.0,,400,1.0,4.0
021450005000,1000.0,,504,1.0,2.0
021450006000,1536.0,,528,1.0,5.0
021450007000,1479.0,,802,1.0,3.0
021450008000,1000.0,,660,1.0,3.0
021450009000,1396.0,,572,1.0,3.0
021450010000,0.0,,732,1.0,4.0
021450011000,,,592,1.0,
021450012000,1800.0,,752,1.0,4.0
021450013000,0.0,,814,1.0,3.0
021450014000,2820.0,,528,1.0,3.0
021450016000,,,484,1.0,3.0
021450017000,0.0,,572,1.0,3.0
021450018000,300.0,,624,1.0,3.0
021450019000,700.0,,528,1.0,2.0
021450020000,800.0,,540,1.0,3.0
021450021000,,,528,1.0,3.0
021450022000,0.0,,620,1.0,2.0
021450023000,900.0,,480,1.0,3.0
021450024000,,,462,1.0,2.0
021450025000,800.0,,660,1.0,3.0
021450026000,880.0,,528,1.0,3.0
021450029000,,,528,1.0,2.0
021450030000,,,0,1.0,3.0
021450031000,1200.0,,576,1.0,3.0
021450032000,1519.0,,540,1.0,3.0
021450033000,1446.0,,624,1.0,3.0
021450034000,1843.0,,676,1.0,3.0
021450035000,1000.0,,480,1.0,3.0
021450038000,600.0,,494,1.0,3.0
021450039000,1088.0,,528,1.0,3.0
021450040000,,,992,1.0,3.0
021450041000,800.0,,500,1.0,3.0
021450042000,1000.0,,528,1.0,2.0
021450043000,300.0,,480,1.0,3.0
021450044000,1000.0,,572,1.0,3.0
021450045000,1000.0,,528,1.0,4.0
021450046000,2000.0,,660,1.0,3.0
021460001000,,,704,1.0,2.0
021460002000,1000.0,,441,1.0,3.0
021460003000,,,698,1.0,3.0
021460004000,1200.0,,484,1.0,3.0
021460005000,,,528,1.0,3.0
021460006000,0.0,,528,1.0,2.0
021460007000,2000.0,,748,1.0,3.0
021460008000,200.0,,552,1.0,3.0
021460009000,,,506,1.0,3.0
021460010000,,,440,1.0,2.0
021460011000,1308.0,,560,1.0,3.0
021460012000,336.0,,0,1.0,3.0
021460013000,960.0,,528,1.0,3.0
021460014000,400.0,,504,1.0,3.0
021460015000,0.0,,441,1.0,3.0
021460016000,1400.0,,480,1.0,3.0
021460017000,,,506,1.0,3.0
021460018000,800.0,,540,1.0,3.0
021460019000,2000.0,,480,1.0,3.0
021460020000,,,0,1.0,3.0
021460021000,1000.0,,748,1.0,2.0
021460022000,,,480,1.0,3.0
021460023000,1000.0,,520,1.0,3.0
021460024000,2500.0,,1008,1.0,4.0
021460025000,1000.0,,506,1.0,3.0
021460026000,944.0,,612,1.0,3.0
021460027000,,,480,1.0,2.0
021460028000,2000.0,,528,1.0,3.0
021460029000,,,572,1.0,3.0
021460030000,550.0,,498,1.0,3.0
021460031000,,,528,1.0,4.0
021460032000,900.0,,528,1.0,3.0
021460033000,500.0,,624,1.0,3.0
021460034000,,,460,1.0,3.0
021460035000,,,576,1.0,3.0
021460036000,,,0,1.0,3.0
021460037000,,,660,1.0,3.0
021460040000,,,1071,2.0,
021460041000,0.0,,576,1.0,3.0
021460042000,1000.0,,420,1.0,4.0
021470004000,,,400,1.0,4.0
021470005000,1200.0,,504,1.0,2.0
021470006000,0.0,,762,1.0,2.0
021470007000,,,616,1.0,3.0
021470008000,1500.0,,947,1.0,2.0
021470009000,,,840,1.0,3.0
021470014000,,,784,1.0,3.0
021470015000,1400.0,,768,1.0,3.0
021470016000,0.0,,655,1.0,3.0
021470017000,,,440,1.0,3.0
021470018000,944.0,,572,1.0,3.0
021470019000,0.0,,576,1.0,3.0
021470020000,1000.0,,480,1.0,3.0
021470021000,800.0,,400,1.0,3.0
021470022000,,,669,1.0,3.0
021470023000,1400.0,,576,1.0,3.0
021470024000,1000.0,,528,1.0,3.0
021470025000,,,715,1.0,4.0
021470026000,700.0,,480,1.0,3.0
021470027000,1200.0,,750,1.0,4.0
021470028000,,,0,1.0,3.0
021470029000,1500.0,,600,1.0,2.0
021470030000,1500.0,,761,1.0,3.0
021470031000,1500.0,,600,1.0,3.0
021470032000,800.0,,288,1.0,3.0
021470033000,,,624,1.0,3.0
021470034000,25.0,,468,1.0,3.0
021470035000,,,528,1.0,3.0
021470036000,,,500,1.0,2.0
021470037000,360.0,,576,1.0,3.0
021470039000,800.0,,130,1.0,3.0
021470040000,950.0,,480,1.0,3.0
021470041000,1200.0,,576,1.0,3.0
021470042000,2058.0,,540,1.0,3.0
021470043000,2000.0,,755,1.0,3.0
021470045000,,,546,1.0,4.0
021480001000,1500.0,,695,1.0,3.0
021480002000,1000.0,,644,1.0,3.0
021480006000,1000.0,,441,1.0,3.0
021480007000,764.0,,506,1.0,2.0
021480008000,,,504,1.0,3.0
021480009000,0.0,,1302,1.0,3.0
021480011000,1186.0,,544,1.0,4.0
021480012000,900.0,,768,1.0,5.0
021480013000,,,400,1.0,3.0
021480014000,,,0,1.0,
021480015000,1569.0,,597,1.0,4.0
021480016000,834.0,,480,1.0,3.0
021480017000,96.0,,350,1.0,2.0
021480018000,1330.0,,682,1.0,4.0
021480019000,1200.0,,536,1.0,4.0
021480020000,3100.0,,1196,1.0,3.0
021480024000,1700.0,,676,1.0,3.0
021480025000,960.0,,504,1.0,3.0
021480026000,,,0,1.0,3.0
021480029000,,,520,1.0,3.0
021480037000,,,816,1.0,3.0
021480038000,800.0,,439,1.0,3.0
021490002000,860.0,,528,1.0,2.0
021490003000,1500.0,,680,1.0,4.0
021490004000,,,919,1.0,
021490007000,1400.0,,633,1.0,5.0
021490008000,442.0,,600,1.0,4.0
021490009000,0.0,,1284,1.0,4.0
021490010000,2280.0,,784,1.0,4.0
021490014000,1300.0,,1010,1.0,3.0
021490015000,0.0,,776,1.0,4.0
021490016000,1020.0,,800,1.0,3.0
021490017000,1000.0,,484,1.0,3.0
021490019000,1000.0,,685,1.0,3.0
021490020000,1244.0,,480,1.0,3.0
021490021000,1200.0,,659,1.0,3.0
021490022000,,,0,1.0,2.0
021490024000,0.0,,480,1.0,3.0
021490025000,2000.0,,620,1.0,4.0
021490026000,2200.0,,750,1.0,3.0
021490027000,1000.0,,550,1.0,3.0
021490028000,900.0,,750,1.0,2.0
021490029000,1000.0,,770,1.0,4.0
021490030000,0.0,,539,1.0,3.0
021490031000,800.0,,858,1.0,2.0
021490032000,1600.0,,552,1.0,3.0
021490033000,900.0,,637,1.0,5.0
021490034000,1200.0,,696,1.0,3.0
021490037000,,,576,1.0,4.0
021490038000,1800.0,,520,1.0,3.0
021500005000,0.0,,472,1.0,3.0
021500006000,700.0,,596,1.0,3.0
021500007000,1000.0,,660,1.0,4.0
021500008000,,,0,1.0,3.0
021500009000,0.0,,440,1.0,3.0
021500010000,1000.0,,440,1.0,3.0
021500011000,,,440,1.0,3.0
021500012000,1000.0,,484,1.0,3.0
021500014000,100.0,,799,1.0,3.0
021500015000,0.0,,616,1.0,3.0
021500016000,2500.0,,576,1.0,3.0
021500017000,1194.0,,484,1.0,2.0
021500018000,,,690,1.0,3.0
021500020000,1684.0,,528,1.0,3.0
021500021000,1500.0,,400,1.0,3.0
021500022000,1025.0,,576,1.0,3.0
021500023000,600.0,,400,1.0,3.0
021500024000,1108.0,,800,1.0,3.0
021500025000,1000.0,,728,1.0,3.0
021500026000,2000.0,,550,1.0,2.0
021500027000,,,576,1.0,3.0
021500028000,2296.0,,456,1.0,3.0
021500029000,600.0,,672,1.0,2.0
021500030000,,,500,1.0,3.0
021500031000,1056.0,,506,1.0,3.0
021500032000,1500.0,,440,1.0,3.0
021500033000,,,480,1.0,3.0
021510002000,1200.0,,648,1.0,4.0
021510003000,1200.0,,576,1.0,2.0
021510004000,,,0,1.0,3.0
021510005000,,,831,1.0,3.0
021510006000,1000.0,,576,1.0,2.0
021510007000,1385.0,,418,1.0,2.0
021510008000,1131.0,,783,1.0,5.0
021510009000,1500.0,,518,1.0,3.0
021510010000,1200.0,,484,1.0,4.0
021510011000,,,0,1.0,4.0
021510012000,1473.0,,638,1.0,3.0
021510013000,,,0,1.0,
021510014000,,,517,1.0,4.0
021510015000,1000.0,,576,1.0,4.0
021510016000,800.0,,525,1.0,2.0
021510017000,600.0,,528,1.0,3.0
021510018000,2000.0,,684,1.0,4.0
021510019000,800.0,,576,1.0,5.0
021510020000,,,600,1.0,4.0
021510023000,0.0,,420,1.0,2.0
021510027000,3500.0,,748,1.0,4.0
021510028000,,,600,1.0,2.0
021510029000,,,484,1.0,3.0
021510030000,0.0,,726,1.0,4.0
021510031000,,,616,1.0,3.0
021510032000,1700.0,,649,1.0,3.0
021510033000,1200.0,,616,1.0,4.0
021510035000,480.0,,672,1.0,4.0
021510038000,1740.0,,529,1.0,3.0
021520004000,,,0,1.0,3.0
021520005000,2100.0,,480,1.0,3.0
021520006000,,,528,1.0,3.0
021520007000,2000.0,,480,1.0,2.0
021520008000,1200.0,,840,1.0,1.0
021520009000,,,976,1.0,3.0
021520011000,3000.0,,576,1.0,3.0
021520013000,0.0,,864,1.0,3.0
021520014000,1500.0,,682,1.0,3.0
021520015000,1247.0,,528,1.0,3.0
021520016000,1300.0,,483,1.0,3.0
021520017000,,,721,1.0,4.0
021520018000,,,506,1.0,4.0
021520019000,,,585,1.0,
021520020000,,,480,1.0,3.0
021520022000,2300.0,,576,1.0,3.0
021520023000,1368.0,,506,1.0,4.0
021520024000,432.0,,336,1.0,3.0
021520025000,1158.0,,616,1.0,3.0
021520026000,,,0,1.0,4.0
021520027000,750.0,,504,1.0,2.0
021520028000,,,0,1.0,3.0
021520029000,1634.0,,440,1.0,4.0
021520030000,0.0,,500,1.0,2.0
021520031000,600.0,,576,1.0,3.0
021520032000,0.0,,528,1.0,3.0
021520033000,0.0,,300,1.0,3.0
021520034000,0.0,,768,1.0,3.0
021520035000,,,735,1.0,2.0
021520036000,,,500,1.0,3.0
021520037000,1000.0,,879,1.0,2.0
021520038000,,,0,1.0,3.0
021520039000,1500.0,,528,1.0,3.0
021520040000,,,0,1.0,3.0
021520041000,0.0,,554,1.0,3.0
021530002000,,,550,1.0,3.0
021530005000,2543.0,,647,1.0,3.0
021530006000,,,552,1.0,3.0
021530007000,,,0,1.0,4.0
021530010000,2000.0,,576,1.0,4.0
021530011000,0.0,,256,1.0,4.0
021530012000,600.0,,0,1.0,3.0
021530013000,,,420,1.0,4.0
021530014000,2000.0,,600,1.0,4.0
021530015000,600.0,,536,1.0,4.0
021530016000,16.0,,630,1.0,5.0
021530017000,851.0,,572,1.0,4.0
021530018000,,,633,1.0,4.0
021530019000,1000.0,,462,1.0,3.0
021530020000,900.0,,616,1.0,3.0
021530025000,2000.0,,475,1.0,1.0
021530026000,2000.0,,742,1.0,3.0
021530027000,1000.0,,598,1.0,2.0
021530028000,1000.0,,378,1.0,3.0
021530029000,,,480,1.0,5.0
021530030000,2770.0,,704,1.0,3.0
021530031000,1000.0,,482,1.0,3.0
021530032000,2000.0,,926,1.0,5.0
021530033000,0.0,,552,1.0,4.0
021530037000,900.0,,400,1.0,3.0
021530039000,1200.0,,782,1.0,3.0
021540001000,0.0,,506,1.0,3.0
021540003000,900.0,,624,1.0,3.0
021540004000,0.0,,528,1.0,2.0
021540005000,2000.0,,560,1.0,4.0
021540006000,0.0,,528,1.0,2.0
021540007000,,,576,1.0,3.0
021540008000,,,420,1.0,3.0
021540009000,600.0,,440,1.0,3.0
021540010000,600.0,,440,1.0,2.0
021540012000,,,532,1.0,5.0
021540013000,,,624,1.0,3.0
021540016000,1500.0,,480,1.0,3.0
021540017000,800.0,,504,1.0,3.0
021540023000,,,0,1.0,3.0
021540024000,1578.0,,480,1.0,3.0
021540025000,600.0,,525,1.0,2.0
021540026000,,,480,1.0,3.0
021540027000,1200.0,,380,1.0,2.0
021540028000,800.0,,616,1.0,2.0
021540029000,700.0,,440,1.0,2.0
021550002000,,,496,1.0,3.0
021550003000,800.0,,504,1.0,3.0
021550004000,,,480,1.0,3.0
021550005000,0.0,,864,1.0,3.0
021550006000,1640.0,,480,1.0,3.0
021550007000,0.0,,483,1.0,3.0
021550008000,1100.0,,480,1.0,3.0
021550009000,0.0,,462,1.0,3.0
021550010000,978.0,,572,1.0,3.0
021550013000,2100.0,,488,1.0,3.0
021550014000,,,0,1.0,2.0
021550015000,,,0,1.0,3.0
021550016000,0.0,,480,1.0,3.0
021550017000,2200.0,,417,1.0,3.0
021550018000,2000.0,,973,1.0,4.0
021550019000,1000.0,,0,1.0,3.0
021550020000,1200.0,,624,1.0,3.0
021550021000,1200.0,,484,1.0,3.0
021550022000,,,0,1.0,3.0
021550023000,1200.0,,485,1.0,3.0
021740016000,1800.0,,880,1.0,6.0
021740017000,0.0,,864,2.0,6.0
021740018000,1760.0,,952,1.0,6.0
021740019000,760.0,,952,1.0,6.0
021740024000,1994.0,,420,1.0,3.0
021740025000,0.0,,440,1.0,3.0
021740026000,0.0,,572,1.0,3.0
021740027000,0.0,,572,1.0,3.0
021740028000,476.0,,484,1.0,2.0
021740029000,476.0,,484,1.0,2.0
021740030000,476.0,,484,1.0,2.0
021740031000,502.0,,484,1.0,2.0
021740032000,1000.0,,480,1.0,3.0
021740033000,0.0,,480,1.0,3.0
021740034000,800.0,,441,1.0,3.0
021740035000,704.0,,484,1.0,2.0
021740036000,,,480,1.0,3.0
021740037000,,,480,1.0,3.0
021740038000,0.0,,459,1.0,3.0
021740039000,1000.0,,459,1.0,3.0
021740040000,1014.0,,440,1.0,3.0
021740041000,1014.0,,440,1.0,2.0
021740042000,0.0,,440,1.0,3.0
021740043000,0.0,,440,1.0,3.0
021740044000,845.0,,462,1.0,3.0
021740045000,845.0,,422,1.0,3.0
021740046000,710.0,,464,1.0,3.0
021740047000,710.0,,464,1.0,3.0
021740048000,800.0,,576,1.0,3.0
021740049000,800.0,,576,1.0,3.0
021740050000,758.0,,437,1.0,3.0
021740051000,758.0,,437,1.0,3.0
021740052000,550.0,,504,1.0,3.0
021740053000,550.0,,504,1.0,3.0
021740054000,638.0,,441,1.0,3.0
021740055000,638.0,,441,1.0,3.0
021740056000,0.0,,472,1.0,3.0
021740057000,192.0,,462,1.0,3.0
021740058000,500.0,,480,1.0,4.0
021740059000,500.0,,480,1.0,4.0
021750001000,700.0,,528,1.0,3.0
021750002000,1270.0,,450,1.0,3.0
021750003000,1149.0,,660,1.0,3.0
021750004000,2000.0,,456,1.0,3.0
021750005000,1000.0,,528,1.0,3.0
021750008000,1500.0,,521,1.0,3.0
021750009000,1500.0,,775,1.0,4.0
021750010000,1120.0,,712,1.0,4.0
021750011000,2000.0,,528,1.0,3.0
021750012000,0.0,,564,1.0,3.0
021760001000,420.0,,488,1.0,3.0
021760003000,800.0,,440,1.0,3.0
021760005000,,,504,1.0,4.0
021770001000,,,576,1.0,4.0
021770002000,,,0,1.0,3.0
021770003000,,,676,1.0,4.0
021770004000,1000.0,,440,1.0,3.0
021770005000,500.0,,480,1.0,3.0
021770009000,1000.0,,480,1.0,3.0
021770010000,600.0,,495,1.0,4.0
021770011000,800.0,,484,1.0,4.0
021770012000,0.0,,484,1.0,3.0
021770013000,,,488,2.0,4.0
021780003000,,,0,1.0,
021780004000,,,0,1.0,
021780005000,,,0,1.0,
021780006000,,,0,1.0,
021780007000,,,0,1.0,
021780008000,,,0,1.0,
021780009000,,,0,1.0,
021780010000,,,0,1.0,
021780011000,,,0,1.0,
022090006000,2000.0,,462,1.0,3.0
022090010000,0.0,,1148,1.0,2.0
022090011000,,,600,1.0,2.0
022110022000,2000.0,,484,1.0,3.0
022110023000,1674.0,,484,1.0,3.0
022110025000,2400.0,,462,1.0,3.0
022110028000,1814.0,,508,1.0,3.0
022110029000,2716.0,,576,1.0,3.0
022110030000,1152.0,,572,1.0,3.0
022110031000,500.0,,564,1.0,3.0
022110036000,1100.0,,510,1.0,3.0
022110037000,1000.0,,506,1.0,3.0
022110039000,0.0,,576,1.0,3.0
022110042000,4000.0,,512,1.0,3.0
022130015000,,,0,1.0,1.0
022150010000,,,360,1.0,1.0
022150012000,1204.0,,324,1.0,4.0
022150016000,,,480,1.0,2.0
022150018000,,,432,1.0,2.0
022150026000,132.0,,218,1.0,3.0
022150028000,6855.0,,0,1.0,2.0
022150029000,3010.0,,150,1.0,2.0
022150032000,,,600,1.0,3.0
022170017000,,,806,1.0,3.0
022170018000,1493.0,,572,1.0,3.0
022170034000,0.0,,440,1.0,3.0
022190013000,0.0,,984,1.0,4.0
022190020000,324.0,,504,1.0,3.0
022190029000,,,528,1.0,3.0
022190030000,99.0,,0,1.0,2.0
022190031000,,,0,1.0,2.0
022190032000,1485.0,,0,1.0,3.0
022190033000,,,0,1.0,
022190034000,125.0,,0,1.0,2.0
022250002000,,,480,1.0,2.0
022250011000,,,400,1.0,2.0
022250020000,280.0,,400,1.0,3.0
022260004000,1950.0,,464,1.0,3.0
022260019000,,,420,1.0,
022260064000,,,0,1.0,2.0
022300014000,,,600,1.0,2.0
022310028000,2725.0,,807,1.0,3.0
022310029000,2652.0,,552,1.0,3.0
022310030000,700.0,,892,1.0,4.0
022320022000,194.0,,768,1.0,3.0
022320023000,2200.0,,528,1.0,3.0
022320024000,1862.0,,484,1.0,3.0
022320025000,1700.0,,528,1.0,3.0
022700001000,0.0,,772,1.0,3.0
022700002000,1363.0,,529,1.0,3.0
022700003000,1000.0,,696,1.0,3.0
022700010000,858.0,,600,1.0,4.0
022700011000,1000.0,,832,1.0,3.0
022700012000,1200.0,,756,1.0,3.0
022710001000,3000.0,,675,1.0,3.0
022710002000,1000.0,,890,1.0,3.0
022710003000,800.0,,756,1.0,4.0
022710004000,0.0,,720,1.0,3.0
022710005000,1760.0,,720,1.0,4.0
022710006000,1500.0,,816,1.0,3.0
022710007000,3000.0,,720,1.0,3.0
022710008000,2000.0,,722,1.0,3.0
022710009000,2000.0,,672,1.0,3.0
022710010000,2000.0,,672,1.0,3.0
022710011000,864.0,,627,1.0,3.0
022710012000,1000.0,1024.0,1111,1.0,4.0
022710013000,540.0,,620,1.0,3.0
022710014000,,,1712,1.0,3.0
022710015000,1400.0,,704,1.0,3.0
022710016000,2038.0,,628,1.0,3.0
022710017000,0.0,,712,1.0,3.0
022710018000,1000.0,,665,1.0,3.0
022710019000,,,616,1.0,3.0
022710020000,1000.0,,759,1.0,
022710021000,1200.0,,528,1.0,3.0
022710022000,0.0,,836,1.0,
022710024000,1640.0,,681,1.0,3.0
022710025000,1200.0,,768,1.0,3.0
022710029000,96.0,,444,1.0,2.0
022710030000,296.0,,437,1.0,2.0
022710031000,596.0,,444,1.0,2.0
022710032000,421.0,,530,1.0,3.0
022710033000,396.0,,437,1.0,2.0
022710034000,396.0,,444,1.0,2.0
022710035000,0.0,,530,1.0,3.0
022710036000,396.0,,437,1.0,2.0
022710037000,200.0,,437,1.0,2.0
022710038000,381.0,,530,1.0,3.0
022710039000,296.0,,437,1.0,2.0
022710040000,0.0,,436,1.0,2.0
022710043000,304.0,,442,1.0,2.0
022710044000,88.0,,530,1.0,3.0
022710045000,0.0,,437,1.0,2.0
022710046000,496.0,,437,1.0,2.0
022710047000,271.0,,435,1.0,2.0
022710048000,400.0,,442,1.0,2.0
022710049000,721.0,,523,1.0,3.0
022710050000,521.0,,530,1.0,3.0
022710051000,496.0,,444,1.0,2.0
022710052000,96.0,,444,1.0,2.0
022710053000,271.0,,435,1.0,2.0
022710056000,305.0,,462,1.0,2.0
022710057000,450.0,,441,1.0,2.0
022710058000,106.0,,459,1.0,2.0
022710059000,354.0,,435,1.0,2.0
022710060000,400.0,,442,1.0,2.0
022710061000,331.0,,435,1.0,2.0
022710062000,400.0,,435,1.0,2.0
022710063000,400.0,,442,1.0,2.0
022710064000,400.0,,435,1.0,2.0
022710065000,300.0,,435,1.0,2.0
022710066000,500.0,,442,1.0,2.0
022710067000,400.0,,435,1.0,2.0
022710068000,561.0,,462,1.0,3.0
022710069000,400.0,,462,1.0,3.0
022710071000,200.0,,462,1.0,3.0
022710072000,200.0,,462,1.0,2.0
022710073000,594.0,,462,1.0,2.0
022730001000,,,0,1.0,
022730002000,,,0,1.0,
022730003000,,,0,1.0,
022730004000,,,0,,
022730005000,,,0,,
022730006000,,,800,1.0,
022730007000,,,400,1.0,
022730008000,,,400,1.0,
022730009000,,,400,,
022730010000,,,0,,
022730011000,,,0,,
022730012000,,,457,1.0,
022730013000,,,0,,
022730014000,,,0,1.0,
022730015000,,,0,1.0,
022730016000,,,0,1.0,
022730017000,,,0,1.0,
022730018000,,,457,1.0,
022730019000,,,457,1.0,
022730020000,,,0,1.0,
022730021000,,,800,1.0,
022730022000,,,400,1.0,
022730025000,,,0,1.0,
022730026000,,,576,1.0,
022730027000,,,0,1.0,
022730028000,,,0,1.0,
022730029000,,,0,1.0,
022730030000,,,0,1.0,
023070007000,426.0,,0,1.0,3.0
023070015000,,,0,1.0,2.0
023070032000,100.0,,300,1.0,3.0
023070059000,,,480,1.0,3.0
023080005000,,,0,1.0,2.0
023080006000,400.0,,400,1.0,2.0
023080007000,150.0,,0,1.0,2.0
023080008000,,,324,1.0,2.0
023080009000,,,540,1.0,3.0
023080019000,,,324,1.0,2.0
023080020000,,,0,1.0,2.0
023080033000,,,0,1.0,3.0
023080043000,,,0,1.0,2.0
023090002000,1200.0,,660,1.0,3.0
023090003000,,,0,1.0,1.0
023090006000,,,0,1.0,1.0
023090007000,110.0,,0,1.0,2.0
023100002000,,,480,1.0,3.0
023100004000,,,397,1.0,2.0
023100005000,,,440,1.0,
023100007000,,,0,1.0,3.0
023100009000,,,0,1.0,4.0
023100010000,,,810,1.0,2.0
023100012000,300.0,,384,1.0,3.0
023100013000,,,504,1.0,
023100014000,,,524,1.0,4.0
023100015000,,,480,1.0,3.0
023110002000,,,216,1.0,3.0
023110012000,1000.0,,320,1.0,2.0
023110017000,,,0,1.0,
023110018000,1000.0,,480,1.0,3.0
023110023000,,,192,1.0,2.0
023200010000,612.0,,550,1.0,3.0
023200011000,1200.0,,528,1.0,3.0
023210002000,,,0,1.0,3.0
023240011000,,,460,1.0,3.0
023240015000,459.0,,480,1.0,4.0
023250043000,,,528,1.0,3.0
023250048000,582.0,,475,1.0,3.0
023250051000,690.0,,572,1.0,3.0
023250052000,800.0,,528,1.0,3.0
023250068000,,,552,1.0,3.0
023260001000,1300.0,,728,1.0,3.0
023260002000,2456.0,,568,1.0,3.0
023260003000,810.0,,676,1.0,3.0
023260004000,1000.0,,441,1.0,3.0
023260005000,1756.0,,506,1.0,3.0
023260007000,,,0,1.0,3.0
023260008000,2553.0,,616,1.0,2.0
023260010000,,,506,1.0,3.0
023260011000,806.0,,483,1.0,3.0
023260012000,600.0,,550,1.0,3.0
023260013000,0.0,,576,1.0,2.0
023260014000,1055.0,,550,1.0,3.0
023260015000,1244.0,,504,1.0,3.0
023260016000,,,0,1.0,3.0
023260017000,780.0,,504,1.0,3.0
023260018000,552.0,,400,1.0,2.0
023260019000,,,441,1.0,
023260022000,1076.0,,672,1.0,2.0
023260023000,0.0,,533,1.0,2.0
023260024000,1200.0,,750,1.0,2.0
023270003000,,,576,1.0,3.0
023270004000,500.0,,552,1.0,4.0
023270005000,800.0,,644,1.0,3.0
023270006000,500.0,,690,1.0,3.0
023270009000,600.0,,480,1.0,2.0
023270016000,900.0,,768,1.0,3.0
023270017000,,,576,1.0,3.0
023300023000,27.0,,252,1.0,2.0
023310019000,,,528,1.0,3.0
023330002000,1044.0,,600,1.0,2.0
023330008000,480.0,,420,1.0,3.0
023330009000,1124.0,,660,1.0,3.0
023330011000,0.0,,400,1.0,3.0
023330012000,575.0,,480,1.0,3.0
023330014000,600.0,,650,1.0,4.0
023330015000,787.0,,480,1.0,3.0
023340001000,1007.0,,440,1.0,3.0
023340003000,800.0,,484,1.0,3.0
023340006000,400.0,,672,1.0,3.0
023340007000,,,604,1.0,3.0
023340008000,,,483,1.0,3.0
023340009000,,,0,1.0,4.0
023340014000,600.0,,517,1.0,3.0
023340015000,1752.0,,300,1.0,3.0
023340016000,,,572,1.0,4.0
023340017000,400.0,,506,1.0,3.0
023340018000,,,0,1.0,2.0
023340019000,,,588,1.0,3.0
023340022000,1500.0,,660,1.0,3.0
023340023000,,,506,1.0,2.0
023340025000,898.0,,484,1.0,3.0
023340026000,2000.0,,1141,1.0,3.0
023340028000,1000.0,,552,1.0,3.0
023340029000,1000.0,,528,1.0,2.0
023350003000,400.0,,418,1.0,3.0
023350007000,,,640,1.0,3.0
023350008000,1753.0,,560,1.0,3.0
023350009000,1920.0,,624,1.0,3.0
023350011000,575.0,,400,1.0,3.0
023350012000,0.0,,484,1.0,3.0
023350013000,500.0,,744,1.0,3.0
023350014000,1500.0,,360,1.0,3.0
023350049000,1200.0,,400,1.0,3.0
023350050000,,,640,1.0,3.0
023350051000,1500.0,,610,1.0,3.0
023370014000,,,0,1.0,3.0
023400001000,,,0,1.0,3.0
023400002000,0.0,,600,1.0,3.0
023400003000,800.0,,560,1.0,2.0
023400004000,1350.0,,440,1.0,3.0
023400005000,774.0,,480,1.0,4.0
023410005000,1800.0,,440,1.0,3.0
023410006000,,,0,1.0,3.0
023410007000,800.0,,484,1.0,3.0
023420001000,2000.0,,802,1.0,2.0
023420002000,,,576,1.0,3.0
023420005000,741.0,,361,1.0,3.0
023420006000,0.0,,660,1.0,3.0
023430001000,0.0,,515,1.0,3.0
023430002000,,,0,1.0,
023430003000,666.0,,400,1.0,3.0
023430004000,1000.0,,956,1.0,3.0
023430005000,1200.0,,420,1.0,3.0
023430006000,1000.0,,520,1.0,3.0
023430007000,812.0,,576,1.0,3.0
023430008000,800.0,,420,1.0,3.0
023430010000,1880.0,,450,1.0,3.0
023430011000,72.0,,440,1.0,3.0
023430012000,410.0,,286,1.0,3.0
023430013000,1000.0,,0,1.0,3.0
023430014000,2000.0,,552,1.0,3.0
023430015000,,,482,1.0,2.0
023430017000,800.0,,216,1.0,3.0
023430018000,1000.0,,572,1.0,4.0
023430019000,1590.0,,543,1.0,3.0
023430020000,0.0,,480,1.0,3.0
023430022000,,,0,1.0,3.0
023430032000,,,0,1.0,3.0
023430033000,,,529,1.0,2.0
023430034000,1200.0,,400,1.0,3.0
023430035000,,,440,1.0,3.0
023430036000,,,315,1.0,3.0
023430039000,1500.0,,600,1.0,3.0
023430040000,1000.0,,484,1.0,2.0
023440002000,0.0,,576,1.0,3.0
023440003000,1000.0,,460,1.0,3.0
023440004000,1768.0,,528,1.0,3.0
023440005000,0.0,,392,1.0,3.0
023440006000,32.0,,693,1.0,2.0
023440007000,1730.0,,480,1.0,3.0
023440008000,1500.0,,580,1.0,4.0
023440009000,420.0,,450,1.0,3.0
023440010000,,,441,1.0,3.0
023440011000,,,420,1.0,3.0
023440012000,720.0,,540,1.0,3.0
023440013000,1000.0,,572,1.0,3.0
023440014000,609.0,,572,1.0,2.0
023440017000,1000.0,,400,1.0,3.0
023440018000,,,484,1.0,3.0
023440019000,,,456,1.0,3.0
023440020000,,,0,1.0,3.0
023440021000,,,528,1.0,3.0
023440022000,1000.0,,400,1.0,3.0
023440023000,1500.0,,484,1.0,3.0
023440024000,765.0,,444,1.0,2.0
023440025000,,,0,1.0,3.0
023440026000,700.0,,576,1.0,3.0
023440027000,0.0,,690,1.0,4.0
023440028000,1000.0,,936,1.0,3.0
023440029000,1164.0,,528,1.0,3.0
023440034000,1005.0,,594,1.0,3.0
023440037000,2000.0,,532,1.0,3.0
023440038000,1600.0,,484,1.0,3.0
023440039000,,,850,1.0,
023450012000,,,0,1.0,3.0
023450013000,640.0,,384,1.0,3.0
023450014000,750.0,,528,1.0,3.0
023450018000,,,400,1.0,3.0
023450019000,,,0,1.0,3.0
023450020000,,,0,1.0,3.0
023450021000,,,0,1.0,3.0
023450022000,1200.0,,440,1.0,3.0
023450023000,900.0,,400,1.0,3.0
023450025000,600.0,,484,1.0,3.0
023450027000,1168.0,,526,1.0,3.0
023450028000,0.0,,440,1.0,3.0
023450029000,1375.0,,414,1.0,3.0
023450030000,2000.0,,484,1.0,2.0
023450032000,,,458,1.0,3.0
023450033000,,,361,1.0,2.0
023450034000,300.0,,310,1.0,3.0
023450035000,400.0,,380,1.0,3.0
023450036000,800.0,,440,1.0,3.0
023460001000,720.0,,506,1.0,3.0
023460002000,,,465,1.0,
023460003000,800.0,,0,1.0,3.0
023460004000,1050.0,,480,1.0,3.0
023460005000,,,0,1.0,3.0
023460006000,,,300,1.0,3.0
023460007000,568.0,,484,1.0,3.0
023460008000,1396.0,,400,1.0,3.0
023460010000,800.0,,400,1.0,3.0
023460013000,1000.0,,520,1.0,3.0
023460014000,554.0,,440,1.0,3.0
023460015000,400.0,,450,1.0,3.0
023460016000,3600.0,,623,1.0,3.0
023460017000,1500.0,,484,1.0,3.0
023460018000,1050.0,,468,1.0,3.0
023460020000,1450.0,,440,1.0,3.0
023460021000,3600.0,,400,1.0,3.0
023460022000,,,396,1.0,3.0
023460023000,,,0,1.0,3.0
023460024000,670.0,,400,1.0,4.0
023460025000,500.0,,280,1.0,3.0
023470002000,,,624,1.0,3.0
023470003000,1500.0,,484,1.0,3.0
023470004000,,,0,1.0,3.0
023470005000,2500.0,,484,1.0,3.0
023470006000,1500.0,,484,1.0,3.0
023470007000,1840.0,,400,1.0,3.0
023470008000,1000.0,,440,1.0,3.0
023470009000,1398.0,,546,1.0,3.0
023470010000,1800.0,,450,1.0,4.0
023470012000,6179.0,,396,1.0,3.0
023470013000,1500.0,,573,1.0,3.0
023470014000,,,440,1.0,3.0
023470015000,1100.0,,660,1.0,4.0
023470017000,0.0,,400,1.0,3.0
023470018000,,,0,1.0,3.0
023470020000,1500.0,,0,1.0,3.0
023470021000,1360.0,,440,1.0,3.0
023470022000,,,552,1.0,3.0
023470023000,900.0,,572,1.0,3.0
023470026000,,,0,1.0,3.0
023470028000,660.0,,484,1.0,3.0
023470030000,400.0,,540,1.0,3.0
023470031000,886.0,,460,1.0,3.0
023470032000,,,0,1.0,3.0
023470033000,,,529,1.0,3.0
023470034000,,,0,1.0,3.0
023470035000,,,780,1.0,3.0
023470036000,750.0,,440,1.0,3.0
023470037000,,,528,1.0,3.0
023470038000,,,488,1.0,3.0
023470039000,1800.0,,529,1.0,3.0
023470040000,972.0,,600,1.0,3.0
023470041000,812.0,,560,1.0,2.0
023470042000,,,480,1.0,3.0
023470043000,1000.0,,340,1.0,3.0
023470044000,1000.0,,484,1.0,3.0
023470045000,1200.0,,400,1.0,2.0
023470046000,1000.0,,444,1.0,3.0
023470047000,1000.0,,400,1.0,3.0
023470049000,0.0,,400,1.0,2.0
023480001000,,,400,1.0,3.0
023480002000,800.0,,576,1.0,3.0
023480005000,1000.0,,336,1.0,2.0
023480006000,1000.0,,336,1.0,2.0
023480008000,1200.0,,400,1.0,3.0
023480013000,1000.0,,600,1.0,3.0
023480014000,0.0,,400,1.0,3.0
023480015000,0.0,,520,1.0,3.0
023480016000,,,320,1.0,3.0
023480019000,800.0,,480,1.0,3.0
023480024000,98.0,,576,1.0,3.0
023480025000,,,400,1.0,2.0
023480026000,1170.0,,576,1.0,3.0
023480027000,,,484,1.0,3.0
023480029000,1860.0,,584,1.0,2.0
023480030000,1185.0,,484,1.0,2.0
023480033000,,,440,1.0,3.0
023480036000,,,0,1.0,3.0
023490005000,,,0,1.0,4.0
023490006000,1000.0,,440,1.0,3.0
023490007000,0.0,,480,1.0,3.0
023490009000,,,840,1.0,5.0
023490010000,,,0,1.0,3.0
023490011000,2000.0,,528,1.0,2.0
023490013000,600.0,,528,1.0,3.0
023490014000,1200.0,,484,1.0,3.0
023490015000,,,518,1.0,3.0
023490016000,540.0,,552,1.0,3.0
023490017000,480.0,,576,1.0,3.0
023490018000,1000.0,,473,1.0,3.0
023490019000,475.0,,544,1.0,3.0
023490020000,2250.0,,478,1.0,3.0
023490021000,1824.0,,0,1.0,3.0
023490022000,1884.0,,528,1.0,3.0
023490023000,1246.0,,504,1.0,3.0
023490024000,2600.0,,624,1.0,3.0
023490025000,1600.0,,759,1.0,2.0
023490028000,450.0,,320,1.0,3.0
023490029000,800.0,,400,1.0,3.0
023490030000,514.0,,544,1.0,3.0
023490033000,,,400,1.0,3.0
023490034000,300.0,,320,1.0,3.0
023490037000,800.0,,440,1.0,2.0
023490039000,,,480,1.0,3.0
023500002000,,,756,1.0,3.0
023500003000,1800.0,,644,1.0,3.0
023500004000,,,768,1.0,3.0
023500005000,300.0,,745,1.0,
023500006000,526.0,,320,1.0,3.0
023500007000,1204.0,,528,1.0,3.0
023500008000,720.0,,588,1.0,3.0
023500009000,,,0,1.0,3.0
023500010000,,,528,1.0,3.0
023500011000,1137.0,,400,1.0,3.0
023500012000,1000.0,,484,1.0,3.0
023500013000,,,400,1.0,3.0
023500014000,720.0,,560,1.0,3.0
023500015000,1000.0,,506,1.0,3.0
023500016000,1000.0,,630,1.0,3.0
023500017000,,,446,1.0,
023500018000,2212.0,,480,1.0,3.0
023500019000,,,550,1.0,3.0
023500020000,1000.0,,624,1.0,2.0
023500021000,1779.0,,528,1.0,4.0
023500022000,750.0,,446,1.0,3.0
023500023000,1200.0,,632,1.0,3.0
023500025000,1000.0,,462,1.0,3.0
023500026000,0.0,,480,1.0,3.0
023500027000,,,440,1.0,3.0
023500028000,765.0,,444,1.0,2.0
023500029000,1000.0,,480,1.0,2.0
023510001000,1000.0,,528,1.0,3.0
023510002000,765.0,,444,1.0,2.0
023510003000,0.0,,630,1.0,3.0
023510004000,750.0,,400,1.0,3.0
023510005000,0.0,,495,1.0,2.0
023510006000,2000.0,,864,1.0,3.0
023510007000,1431.0,,528,1.0,2.0
023510008000,,,576,1.0,3.0
023510009000,800.0,,440,1.0,2.0
023510010000,0.0,,624,1.0,3.0
023510011000,1500.0,,182,1.0,3.0
023520001000,,,0,1.0,2.0
023520002000,1100.0,,558,1.0,3.0
023520003000,0.0,,512,1.0,2.0
023520007000,0.0,,588,1.0,3.0
023520008000,1200.0,,496,1.0,3.0
023520009000,800.0,,630,1.0,3.0
023520010000,1000.0,,660,1.0,3.0
023520011000,1500.0,,483,1.0,3.0
023520012000,,,504,1.0,3.0
023520013000,1194.0,,462,1.0,3.0
023520014000,1508.0,,460,1.0,3.0
023520016000,1000.0,,846,1.0,3.0
023520017000,1332.0,,484,1.0,3.0
023520018000,1048.0,,440,1.0,3.0
023520019000,900.0,,440,1.0,3.0
023520021000,,,420,1.0,3.0
023520022000,2000.0,,484,1.0,3.0
023520023000,1000.0,,528,1.0,3.0
023520025000,1000.0,,504,1.0,3.0
023520027000,1000.0,,660,1.0,3.0
023520028000,939.0,,480,1.0,3.0
023520029000,,,546,1.0,3.0
023520030000,1500.0,,525,1.0,3.0
023520031000,800.0,,624,1.0,4.0
023520032000,400.0,,0,1.0,3.0
023520034000,2050.0,,483,1.0,2.0
023520035000,1000.0,,480,1.0,3.0
023520036000,,,440,1.0,3.0
023520037000,600.0,,520,1.0,3.0
023530007000,,,400,2.0,
023530008000,750.0,,484,1.0,3.0
023530009000,1836.0,,480,1.0,3.0
023560007000,,,180,1.0,2.0
023560008000,135.0,,0,1.0,2.0
023560009000,150.0,,0,1.0,2.0
023560010000,,,150,1.0,2.0
023560011000,,,135,1.0,2.0
023560012000,,,180,1.0,2.0
023560013000,,,135,1.0,2.0
023560014000,198.0,,0,1.0,2.0
023560015000,,,150,1.0,2.0
023560016000,,,0,1.0,2.0
023560018000,,,135,1.0,2.0
023560019000,,,245,1.0,2.0
023560020000,,,0,1.0,2.0
023560021000,,,0,1.0,2.0
023560022000,,,0,1.0,2.0
023560023000,,,135,1.0,2.0
023560024000,,,0,1.0,2.0
023560025000,190.0,,0,1.0,2.0
023560026000,150.0,,0,1.0,2.0
023560027000,,,135,1.0,2.0
023560028000,150.0,,200,1.0,2.0
023560029000,,,150,1.0,2.0
023560030000,,,150,1.0,2.0
023560031000,,,150,1.0,2.0
023560032000,,,150,1.0,2.0
023560034000,,,200,1.0,2.0
023560035000,,,288,1.0,2.0
023560036000,,,288,1.0,2.0
023560037000,0.0,,288,1.0,2.0
023560038000,,,0,1.0,2.0
023560039000,,,0,1.0,2.0
023560040000,,,150,1.0,2.0
023560041000,,,150,1.0,2.0
023560042000,,,150,1.0,2.0
023560043000,,,288,1.0,2.0
023560044000,,,0,1.0,2.0
023560045000,150.0,,150,1.0,2.0
023560046000,,,150,1.0,2.0
023560047000,,,288,1.0,2.0
023560048000,,,0,1.0,2.0
023560049000,,,0,1.0,2.0
023560050000,,,150,1.0,2.0
023560051000,,,288,1.0,2.0
023560052000,,,0,1.0,2.0
023560053000,,,0,1.0,2.0
023570001000,,,0,1.0,3.0
023570002000,,,0,1.0,3.0
023570003000,,,0,1.0,3.0
023570004000,,,0,1.0,3.0
023570005000,,,0,1.0,3.0
023570006000,,,0,1.0,3.0
023570007000,,,0,1.0,2.0
023570008000,,,0,1.0,2.0
023570009000,,,0,1.0,2.0
023570010000,,,0,1.0,2.0
023570011000,,,0,1.0,3.0
023570012000,,,0,1.0,3.0
023570013000,,,0,1.0,3.0
023570014000,,,0,1.0,3.0
023570015000,,,0,1.0,3.0
023570016000,,,0,1.0,3.0
023570017000,,,0,1.0,2.0
023570018000,,,0,1.0,2.0
023570019000,,,0,1.0,2.0
023570020000,,,0,1.0,2.0
023570021000,,,411,1.0,2.0
023570022000,,,411,1.0,2.0
023570023000,,,411,1.0,2.0
023570024000,,,411,1.0,2.0
023570025000,,,0,1.0,2.0
023570026000,,,0,1.0,2.0
023570027000,,,0,1.0,2.0
023570028000,,,0,1.0,2.0
023570029000,,,411,1.0,2.0
023570030000,,,411,1.0,2.0
023570031000,,,411,1.0,2.0
023570032000,,,441,1.0,2.0
023570033000,,,416,1.0,2.0
023570034000,,,411,1.0,2.0
023570035000,,,411,1.0,2.0
023570036000,,,411,1.0,2.0
023570037000,,,0,1.0,3.0
023570038000,,,0,1.0,3.0
023570039000,,,0,1.0,2.0
023570040000,,,0,1.0,2.0
023570041000,,,0,1.0,2.0
023570042000,,,0,1.0,2.0
023570043000,,,0,1.0,3.0
023570044000,,,0,1.0,3.0
023580012000,,,240,1.0,2.0
023610002000,241.0,,420,1.0,3.0
023620012000,2500.0,,480,1.0,3.0
023630001000,1800.0,,534,1.0,3.0
023630002000,1880.0,,452,1.0,3.0
023630003000,2044.0,,534,1.0,3.0
023630004000,1016.0,,504,1.0,3.0
023630007000,1850.0,,576,1.0,3.0
023630010000,560.0,,320,1.0,2.0
023630012000,1500.0,,484,1.0,3.0
024010005000,1000.0,,528,1.0,3.0
024010006000,847.0,,520,1.0,3.0
024010008000,1000.0,,452,1.0,2.0
024010010000,1140.0,,768,1.0,4.0
024020001000,1400.0,,576,1.0,2.0
024020006000,1500.0,,567,1.0,3.0
024020011000,1600.0,,400,1.0,3.0
024040012000,0.0,,1104,1.0,3.0
024040013000,600.0,,576,1.0,3.0
024040019000,600.0,,410,1.0,3.0
024040022000,1000.0,,504,1.0,3.0
024050001000,0.0,,768,1.0,3.0
024050002000,0.0,,460,1.0,3.0
024050008000,0.0,,588,1.0,3.0
024050009000,900.0,,884,1.0,2.0
024050013000,952.0,,606,1.0,3.0
024050014000,700.0,,528,1.0,3.0
024060006000,,,0,1.0,6.0
024060008000,800.0,,528,1.0,3.0
024060009000,1200.0,,504,1.0,2.0
024060010000,2000.0,,512,1.0,3.0
024210003000,1000.0,,651,1.0,4.0
024210005000,1000.0,,528,1.0,3.0
024230012000,0.0,,552,1.0,3.0
024270002000,2500.0,,676,1.0,3.0
024300006000,470.0,,0,1.0,3.0
024300007000,1068.0,,440,1.0,2.0
024300008000,812.0,,320,1.0,3.0
024310010000,458.0,,480,1.0,3.0
024310011000,0.0,,576,1.0,3.0
024320006000,,,400,1.0,
024320007000,,,484,1.0,3.0
024320008000,0.0,,400,1.0,2.0
024320009000,1400.0,,616,1.0,3.0
024320010000,0.0,,400,1.0,3.0
024320013000,200.0,,280,1.0,3.0
024320014000,500.0,,576,1.0,3.0
024330007000,1296.0,,640,1.0,3.0
024330008000,1500.0,,576,1.0,3.0
024330009000,800.0,,400,1.0,3.0
024340010000,330.0,,400,1.0,3.0
024560005000,1000.0,,552,1.0,3.0
024560006000,300.0,,576,1.0,2.0
024560009000,1000.0,,620,1.0,3.0
024560010000,1000.0,,542,1.0,3.0
024560011000,1325.0,,420,1.0,3.0
024560012000,800.0,,360,1.0,3.0
024560013000,1220.0,,484,1.0,3.0
024560014000,808.0,,528,1.0,3.0
024560016000,1400.0,,441,1.0,3.0
024570007000,2000.0,,308,1.0,2.0
024570008000,1400.0,,320,1.0,5.0
024570010000,0.0,,450,1.0,3.0
024570011000,1200.0,,528,1.0,3.0
024570013000,1200.0,,625,1.0,
024570015000,600.0,,600,1.0,3.0
024580018000,1500.0,,480,1.0,2.0
024590003000,800.0,,400,1.0,2.0
024590005000,,,336,1.0,3.0
024590016000,1000.0,,400,1.0,3.0
024590018000,500.0,,1277,1.0,3.0
024600005000,1500.0,,440,1.0,3.0
024600006000,156.0,,484,1.0,2.0
024600007000,1000.0,,420,1.0,2.0
024600015000,800.0,,550,1.0,3.0
024600018000,0.0,,380,1.0,3.0
024610002000,209.0,,612,1.0,
024610005000,1000.0,,484,1.0,3.0
024610007000,570.0,,418,1.0,2.0
024610012000,1500.0,,440,1.0,3.0
024610013000,1000.0,,720,1.0,3.0
024610016000,,,0,1.0,3.0
024610017000,600.0,,480,1.0,2.0
024610020000,1240.0,,603,1.0,3.0
024610022000,500.0,,484,1.0,3.0
024610023000,1100.0,,380,1.0,3.0
024610025000,2000.0,,528,1.0,3.0
024610026000,1200.0,,440,1.0,3.0
024610028000,3160.0,,462,1.0,3.0
024610029000,,,320,1.0,3.0
024610030000,0.0,,528,1.0,3.0
024610031000,0.0,,380,1.0,3.0
024610032000,0.0,,361,1.0,3.0
024610033000,600.0,,280,1.0,6.0
024610034000,600.0,,540,1.0,2.0
024620004000,1150.0,,539,1.0,3.0
024620009000,1120.0,,400,1.0,3.0
024620018000,0.0,,400,1.0,3.0
024620019000,1000.0,,588,1.0,3.0
024640003000,1850.0,,458,1.0,2.0
024640004000,0.0,,465,1.0,2.0
024640005000,1000.0,,480,1.0,3.0
024640011000,1000.0,,400,1.0,2.0
024640012000,748.0,,504,1.0,3.0
024640013000,260.0,,734,1.0,2.0
024640017000,400.0,,496,1.0,3.0
024640022000,,,400,1.0,3.0
024640023000,672.0,,484,1.0,3.0
024640029000,1500.0,,440,1.0,3.0
024640030000,1000.0,,400,1.0,3.0
024640039000,,,360,1.0,2.0
024640040000,,,672,1.0,3.0
024650004000,1504.0,,380,1.0,3.0
024650009000,2000.0,,638,1.0,3.0
024650011000,1200.0,,440,1.0,4.0
024650013000,2000.0,,380,1.0,3.0
024650014000,0.0,,440,1.0,3.0
024650015000,400.0,,0,1.0,3.0
024650016000,400.0,,600,1.0,3.0
024650017000,0.0,,484,1.0,3.0
024650018000,1000.0,,400,1.0,3.0
024650019000,2000.0,,400,1.0,2.0
024650020000,,,462,1.0,3.0
024660002000,700.0,,498,1.0,2.0
024660003000,1800.0,,552,1.0,3.0
024660006000,792.0,,528,1.0,3.0
024660007000,864.0,,400,1.0,2.0
024660012000,2570.0,,528,1.0,3.0
024670008000,1300.0,,730,1.0,4.0
024670009000,500.0,,260,1.0,2.0
024700010000,2080.0,,506,1.0,3.0
024700017000,500.0,,440,1.0,2.0
024750006000,1400.0,,612,1.0,4.0
024750007000,1500.0,,484,1.0,3.0
024750011000,0.0,,520,1.0,3.0
024750012000,600.0,,235,1.0,4.0
024750015000,1270.0,,462,1.0,3.0
024750016000,1420.0,,576,1.0,3.0
024750017000,891.0,,462,1.0,3.0
024750018000,,,660,1.0,4.0
024750019000,0.0,,505,1.0,4.0
024760007000,2200.0,,496,1.0,3.0
024770010000,1000.0,,558,1.0,3.0
024770011000,1200.0,,500,1.0,3.0
024770012000,900.0,,400,1.0,3.0
024770021000,600.0,,550,1.0,2.0
024770022000,,,504,1.0,3.0
024780009000,800.0,,440,1.0,3.0
024780013000,2580.0,,528,1.0,3.0
024780014000,995.0,,572,1.0,3.0
024790008000,800.0,,595,1.0,3.0
024790024000,222.0,,600,1.0,2.0
024790028000,1000.0,,528,1.0,3.0
024800010000,2400.0,,210,1.0,2.0
024800011000,1000.0,,528,1.0,3.0
024810010000,1000.0,,716,1.0,3.0
024810013000,1347.0,,420,1.0,2.0
024810015000,770.0,,528,1.0,3.0
024820008000,800.0,,521,1.0,3.0
024820012000,800.0,,576,1.0,3.0
024830005000,1000.0,,528,1.0,2.0
024830012000,1000.0,,576,1.0,3.0
024830015000,792.0,,462,1.0,3.0
024830016000,600.0,,528,1.0,3.0
024830017000,600.0,,416,1.0,3.0
024830018000,1000.0,,660,1.0,2.0
024830022000,1500.0,,400,1.0,3.0
024840008000,1200.0,,660,1.0,3.0
024840009000,90.0,,1012,1.0,3.0
024840016000,953.0,,528,1.0,2.0
024840025000,0.0,,280,1.0,3.0
024840026000,747.0,,464,1.0,3.0
024850001000,,,513,1.0,3.0
024850002000,217.0,,320,1.0,3.0
024850019000,600.0,,528,1.0,3.0
024850022000,800.0,,320,1.0,2.0
024850023000,1320.0,,454,1.0,3.0
024850024000,2996.0,,576,1.0,3.0
024850025000,800.0,,704,1.0,2.0
024850026000,500.0,,440,1.0,3.0
024850027000,540.0,,480,1.0,3.0
024850028000,1000.0,,678,1.0,3.0
024850040000,3000.0,,528,1.0,4.0
024850041000,800.0,,420,1.0,3.0
024850053000,1000.0,,552,1.0,2.0
024850059000,800.0,,280,1.0,3.0
024850061000,1000.0,,320,1.0,3.0
024850062000,2000.0,,732,1.0,3.0
024860001000,600.0,,480,1.0,2.0
024860002000,1200.0,,440,1.0,3.0
024860006000,1300.0,,0,1.0,3.0
024860007000,1316.0,,400,1.0,3.0
024860016000,54.0,,520,1.0,3.0
024860017000,1700.0,,440,1.0,3.0
024880015000,1000.0,,664,1.0,3.0
024880016000,1000.0,,810,1.0,3.0
024880034000,910.0,,454,1.0,3.0
024880035000,720.0,,672,1.0,3.0
026010001000,,,324,1.0,2.0
026010011000,1000.0,,0,1.0,2.0
026010012000,,,0,1.0,2.0
026010013000,,,308,1.0,2.0
026010015000,8.0,,0,1.0,2.0
026020015000,,,759,1.0,3.0
026310002000,506.0,,528,1.0,3.0
026310006000,708.0,,572,1.0,3.0
026310007000,,,1292,1.0,3.0
026310008000,,,0,1.0,3.0
026310009000,600.0,,484,1.0,3.0
026310010000,1526.0,,462,1.0,3.0
026310011000,600.0,,400,1.0,2.0
026310014000,59.0,,0,1.0,3.0
026310015000,1800.0,,528,1.0,4.0
026310017000,800.0,,484,1.0,3.0
026310018000,500.0,,500,1.0,3.0
026320002000,,,528,1.0,2.0
026320006000,1224.0,,400,1.0,4.0
026320007000,975.0,,600,1.0,3.0
026320009000,500.0,,484,1.0,4.0
026320010000,,,400,1.0,2.0
026320013000,300.0,,528,1.0,3.0
026320014000,1500.0,,528,1.0,4.0
026320015000,900.0,,600,1.0,3.0
026320017000,,,456,1.0,3.0
026330006000,1481.0,,484,1.0,3.0
026340002000,900.0,,470,1.0,2.0
026340012000,780.0,,440,1.0,3.0
026350002000,0.0,,624,1.0,2.0
026350010000,1200.0,,504,1.0,3.0
026350018000,2000.0,,700,1.0,4.0
026370003000,,,484,1.0,3.0
026370019000,1500.0,,583,1.0,3.0
026370020000,,,0,1.0,3.0
026370021000,1134.0,,1064,1.0,1.0
026370022000,600.0,,454,1.0,3.0
026370023000,800.0,,840,1.0,3.0
026510005000,,,672,1.0,2.0
028050007000,,,0,1.0,2.0
028070014000,,,440,1.0,1.0
028100025000,,,0,1.0,3.0
028221022000,,,0,1.0,
028261026000,,,520,1.0,1.0
028261040000,,,440,1.0,2.0
029010001000,,,0,1.0,1.0
029010003000,3422.0,,1152,1.0,8.0
029010004000,3000.0,,2726,1.0,1.0
029010005000,1500.0,,348,1.0,2.0
029010006000,950.0,,475,1.0,2.0
029010007000,1000.0,729.0,729,2.0,4.0
029010008000,663.0,,260,1.0,2.0
029010010000,0.0,,384,1.0,3.0
029010011000,464.0,,384,1.0,3.0
029010013000,500.0,,400,1.0,3.0
029010014000,159.0,,462,1.0,3.0
029010015000,,,572,1.0,1.0
029020001000,500.0,,588,1.0,3.0
029020002000,200.0,,360,1.0,3.0
029020003000,0.0,,384,1.0,3.0
029020004000,486.0,,384,1.0,3.0
029020005000,444.0,,384,1.0,3.0
029020006000,441.0,,384,1.0,3.0
029020007000,444.0,,384,1.0,3.0
029020008000,558.0,,456,1.0,3.0
029020009000,558.0,,456,1.0,3.0
029020010000,444.0,,384,1.0,3.0
029020011000,400.0,,342,1.0,2.0
029020012000,600.0,,500,1.0,4.0
029020013000,793.0,,418,1.0,3.0
029020014000,868.0,,380,1.0,3.0
029020015000,500.0,,484,1.0,3.0
029020016000,1110.0,,440,1.0,2.0
029020017000,681.0,,716,1.0,2.0
029020018000,0.0,,400,1.0,3.0
029020019000,800.0,,456,1.0,3.0
029020020000,400.0,,440,1.0,3.0
029020021000,800.0,,400,1.0,3.0
029020022000,400.0,,456,1.0,2.0
029020023000,300.0,,418,1.0,3.0
029020024000,600.0,,440,1.0,3.0
029020025000,741.0,,384,1.0,3.0
029020026000,0.0,,252,1.0,2.0
029020027000,660.0,,374,1.0,2.0
029020028000,536.0,,437,1.0,3.0
029020029000,828.0,,437,1.0,3.0
029020030000,600.0,,456,1.0,2.0
029020031000,444.0,,384,1.0,3.0
029020032000,672.0,,384,1.0,3.0
029020033000,444.0,,384,1.0,3.0
029020034000,734.0,,456,1.0,3.0
029020035000,470.0,,418,1.0,3.0
029020036000,400.0,,475,1.0,3.0
029040002000,500.0,,288,1.0,2.0
029040005000,,,0,1.0,2.0
029040006000,,,1571,1.0,1.0
029040007000,7462.0,,0,1.0,
029040015000,,,0,1.0,2.0
029040016000,,,0,1.0,2.0
029040017000,,,0,1.0,2.0
029040019000,,,0,1.0,2.0
029040020000,,,0,1.0,2.0
029040021000,,,0,1.0,2.0
029040022000,,,0,1.0,2.0
029040023000,,,0,1.0,2.0
029040024000,,,0,1.0,2.0
029040025000,,,0,1.0,2.0
029040026000,,,0,1.0,2.0
029040027000,,,0,1.0,3.0
029040028000,,,0,1.0,3.0
029040029000,,,0,1.0,2.0
029040030000,,,0,1.0,2.0
029040031000,,,0,1.0,2.0
029040032000,,,0,1.0,2.0
029040033000,,,0,1.0,2.0
029040034000,,,0,1.0,2.0
029040035000,,,0,1.0,2.0
029040036000,,,0,1.0,2.0
029040037000,,,0,1.0,2.0
029040038000,,,0,1.0,1.0
029040039000,,,0,1.0,2.0
029040040000,,,0,1.0,2.0
029040041000,,,0,1.0,2.0
029050003000,180.0,,275,1.0,3.0
029050004000,2000.0,,352,1.0,
029050005000,1500.0,,0,1.0,4.0
029050008000,,,636,1.0,3.0
029050009000,200.0,,336,1.0,2.0
029050011000,800.0,,380,1.0,2.0
029050012000,600.0,,360,1.0,3.0
029050014000,1000.0,,720,1.0,3.0
029050015000,0.0,,0,1.0,2.0
029050016000,400.0,,480,1.0,4.0
029050017000,,,863,1.0,2.0
029050021000,200.0,,252,1.0,2.0
029050022000,1000.0,,460,1.0,2.0
029050023000,1800.0,,440,1.0,2.0
029050024000,760.0,,440,1.0,3.0
029050028000,300.0,,256,1.0,1.0
029050029000,110.0,,0,1.0,2.0
029050030000,600.0,,418,1.0,
029050032000,0.0,,506,1.0,3.0
029050033000,0.0,,440,1.0,3.0
029050035000,,,400,1.0,3.0
029050036000,500.0,,528,1.0,3.0
029050037000,450.0,,533,1.0,4.0
029050038000,400.0,,576,1.0,3.0
029050039000,773.0,,469,1.0,3.0
029050040000,800.0,,430,1.0,3.0
029050041000,60.0,,441,1.0,3.0
029050042000,600.0,,376,1.0,4.0
029050043000,,,576,1.0,3.0
029050044000,,,576,1.0,3.0
029050045000,500.0,,528,1.0,3.0
029060001000,1116.0,,480,1.0,4.0
029060002000,0.0,,480,1.0,3.0
029060003000,300.0,,480,1.0,3.0
029060004000,444.0,,480,1.0,3.0
029060005000,300.0,,480,1.0,3.0
029060006000,50.0,,480,1.0,3.0
029060007000,597.0,,480,1.0,4.0
029060008000,1300.0,,480,1.0,3.0
029060009000,400.0,,480,1.0,3.0
029060010000,610.0,,480,1.0,2.0
029060011000,0.0,,480,1.0,4.0
029060012000,480.0,,480,1.0,4.0
029060013000,600.0,,480,1.0,3.0
029060014000,968.0,,480,1.0,3.0
029060015000,400.0,,480,1.0,3.0
029060016000,500.0,,480,1.0,3.0
029060017000,486.0,,490,1.0,4.0
029060018000,526.0,,480,1.0,3.0
029060019000,402.0,,480,1.0,2.0
029060020000,600.0,,480,1.0,3.0
029060021000,500.0,,480,1.0,4.0
029060022000,0.0,,480,1.0,3.0
029060023000,400.0,,480,1.0,3.0
029060024000,520.0,,480,1.0,4.0
029060025000,472.0,,480,1.0,3.0
029060026000,482.0,,480,1.0,3.0
029060027000,572.0,,480,1.0,4.0
029060028000,560.0,,440,1.0,3.0
029060029000,600.0,,440,1.0,2.0
029060030000,600.0,,480,1.0,4.0
029060031000,462.0,,420,1.0,3.0
029060032000,473.0,,500,1.0,4.0
029060033000,500.0,,480,1.0,3.0
029060034000,300.0,,480,1.0,3.0
029060035000,421.0,,480,1.0,3.0
029060036000,600.0,,480,1.0,3.0
029060037000,50.0,,480,1.0,3.0
029060038000,0.0,,480,1.0,3.0
029060039000,615.0,,480,1.0,4.0
029060040000,244.0,,480,1.0,3.0
029060041000,563.0,,480,1.0,4.0
029060042000,1000.0,,400,1.0,2.0
029060043000,400.0,,480,1.0,3.0
029060044000,636.0,,480,1.0,2.0
029060045000,0.0,,500,1.0,4.0
029060046000,840.0,,480,1.0,4.0
029060047000,657.0,,480,1.0,3.0
029060048000,0.0,,480,1.0,3.0
029060049000,400.0,,480,1.0,3.0
029060050000,435.0,,480,1.0,3.0
029060051000,600.0,,480,1.0,4.0
029060052000,600.0,,480,1.0,3.0
029060053000,531.0,,480,1.0,4.0
029060054000,1000.0,,0,1.0,3.0
029060055000,466.0,,0,1.0,3.0
029060056000,600.0,,480,1.0,3.0
029060057000,669.0,,480,1.0,3.0
029060058000,500.0,,480,1.0,3.0
029060059000,446.0,,480,1.0,3.0
029060060000,1000.0,,480,1.0,3.0
029060061000,616.0,,483,1.0,3.0
029060062000,500.0,,440,1.0,2.0
029060063000,800.0,,400,1.0,3.0
029060064000,500.0,,480,1.0,4.0
029060066000,696.0,,480,1.0,3.0
029060068000,631.0,,480,1.0,4.0
029060070000,718.0,,480,1.0,2.0
029060071000,0.0,,440,1.0,3.0
029060072000,600.0,,528,1.0,3.0
029060073000,900.0,,420,1.0,2.0
029060074000,0.0,,480,1.0,3.0
029060075000,600.0,,480,1.0,2.0
029060078000,600.0,,480,1.0,4.0
029060080000,1175.0,,480,1.0,3.0
029060081000,600.0,,480,1.0,4.0
029070001000,,,600,1.0,3.0
029070002000,800.0,,0,1.0,2.0
029070003000,600.0,,260,1.0,3.0
029070004000,1400.0,,528,1.0,3.0
029070005000,1600.0,,396,1.0,2.0
029070006000,1000.0,,0,1.0,2.0
029070007000,2000.0,,512,1.0,2.0
029070008000,1200.0,,504,1.0,3.0
029070010000,200.0,,0,1.0,2.0
029070011000,,,336,1.0,3.0
029070012000,1200.0,,1020,1.0,4.0
029070013000,1100.0,,880,1.0,3.0
029070014000,,,0,1.0,3.0
029070015000,174.0,,820,1.0,1.0
029080005000,937.0,,440,1.0,
029080006000,1482.0,,716,1.0,3.0
029080007000,1896.0,,440,1.0,
029080008000,2450.0,,728,1.0,3.0
029080010000,,,475,1.0,3.0
029080011000,0.0,,480,1.0,3.0
029080012000,160.0,,200,1.0,2.0
029080013000,,,560,1.0,3.0
029080016000,,,288,1.0,2.0
029080017000,,,160,1.0,2.0
029080018000,,,224,1.0,3.0
029080019000,,,280,1.0,2.0
029080020000,,600.0,224,1.0,2.0
029080022000,594.0,,528,1.0,2.0
029080023000,,,180,1.0,2.0
029080024000,240.0,,160,1.0,2.0
029080025000,2095.0,,400,1.0,3.0
029080026000,1640.0,,576,1.0,3.0
029080027000,95.0,,0,1.0,2.0
029080028000,1600.0,,520,1.0,2.0
029080029000,,,224,1.0,2.0
029080030000,,,224,1.0,2.0
029080031000,1500.0,,460,1.0,3.0
029080032000,1300.0,,432,1.0,2.0
029080033000,0.0,,192,1.0,2.0
029080035000,1700.0,,398,1.0,2.0
029080038000,,,0,1.0,2.0
029080039000,,,336,1.0,2.0
029080040000,,,0,1.0,
029080041000,345.0,,264,1.0,1.0
029080042000,,,0,1.0,2.0
029080043000,,,468,1.0,3.0
029080044000,200.0,,0,1.0,2.0
029080048000,0.0,,720,1.0,3.0
029080049000,,,0,1.0,3.0
029080052000,,,0,1.0,3.0
029080053000,236.0,,492,1.0,2.0
029080054000,,,340,1.0,4.0
029080056000,,,627,1.0,3.0
029090002000,1648.0,,528,1.0,2.0
029090003000,2700.0,,484,1.0,2.0
029090004000,800.0,,520,1.0,3.0
029090005000,,,476,1.0,3.0
029090006000,1200.0,,468,1.0,3.0
029090007000,1600.0,,580,1.0,4.0
029090008000,352.0,,505,1.0,3.0
029090009000,1408.0,,886,1.0,5.0
029090010000,828.0,,0,1.0,3.0
029090011000,1000.0,,525,1.0,3.0
029090012000,800.0,,480,1.0,3.0
029090013000,200.0,,420,1.0,3.0
029090014000,1160.0,,420,1.0,3.0
029090015000,848.0,,816,1.0,4.0
029090016000,1200.0,,510,1.0,4.0
029090017000,900.0,,546,2.0,2.0
029090018000,1000.0,,612,1.0,4.0
029090019000,1500.0,,504,1.0,2.0
029090020000,854.0,,512,1.0,2.0
029090021000,,,576,1.0,3.0
029090022000,324.0,,484,1.0,3.0
029090023000,,,0,1.0,2.0
029090024000,1080.0,,576,1.0,2.0
029090025000,98.0,,288,1.0,2.0
029090026000,,,0,1.0,3.0
029090027000,580.0,,440,1.0,3.0
029090028000,811.0,,480,1.0,3.0
029090029000,400.0,,480,1.0,3.0
029090030000,1192.0,,640,1.0,4.0
029090032000,,,450,1.0,3.0
029090034000,800.0,,480,1.0,3.0
029090035000,0.0,,480,1.0,3.0
029090036000,500.0,,420,1.0,2.0
029090037000,800.0,,480,1.0,3.0
029090038000,200.0,,1108,1.0,3.0
029090039000,,,336,1.0,2.0
029090041000,,,400,1.0,2.0
029090042000,204.0,,252,1.0,2.0
029090043000,2000.0,,0,1.0,3.0
029090044000,1736.0,,308,1.0,2.0
029090045000,33.0,,288,1.0,2.0
029090046000,,,469,1.0,3.0
029100001000,400.0,,504,1.0,3.0
029100002000,744.0,,480,1.0,2.0
029100003000,,,528,1.0,4.0
029100004000,988.0,,625,1.0,4.0
029100005000,500.0,,576,1.0,3.0
029100006000,500.0,,576,1.0,3.0
029100007000,1200.0,,660,1.0,4.0
029110002000,,,384,1.0,2.0
029110003000,400.0,,1152,1.0,2.0
029110004000,578.0,,0,1.0,3.0
029110005000,180.0,,0,1.0,3.0
029120001000,,,360,1.0,2.0
029120007000,,,216,1.0,2.0
029120008000,,,222,1.0,2.0
029120009000,200.0,,0,1.0,2.0
029120010000,,,252,1.0,2.0
029120011000,,,0,1.0,2.0
029120014000,368.0,,0,1.0,2.0
029120015000,1363.0,,288,1.0,4.0
029120017000,1000.0,,934,1.0,3.0
029120018000,78.0,,294,1.0,2.0
029120019000,200.0,,352,1.0,3.0
029120022000,2500.0,,532,1.0,3.0
029120023000,893.0,,528,1.0,2.0
029120024000,0.0,,480,1.0,3.0
029120025000,1626.0,,400,1.0,4.0
029120026000,400.0,,400,1.0,2.0
029120027000,,,0,1.0,3.0
029120028000,,,0,1.0,1.0
029120030000,,,650,1.0,2.0
029120031000,1200.0,,396,1.0,3.0
029120032000,1250.0,,240,1.0,1.0
029120036000,200.0,,0,1.0,2.0
029120037000,400.0,,560,1.0,3.0
029120038000,0.0,,456,1.0,2.0
029120039000,400.0,,336,1.0,2.0
029120040000,1000.0,,726,1.0,3.0
029120041000,332.0,,0,1.0,3.0
029120042000,900.0,,468,1.0,3.0
029120043000,600.0,,504,1.0,
029120044000,789.0,,0,1.0,2.0
029130001000,917.0,,0,1.0,3.0
029130002000,662.0,,308,1.0,3.0
029130003000,639.0,,308,1.0,3.0
029130004000,903.0,,308,1.0,3.0
029130005000,860.0,,308,1.0,2.0
029130006000,748.0,,308,1.0,3.0
029130007000,1010.0,,308,1.0,3.0
029130008000,982.0,,308,1.0,3.0
029130009000,680.0,,308,1.0,3.0
029130010000,680.0,,308,1.0,3.0
029130011000,680.0,,308,1.0,3.0
029130012000,680.0,,308,1.0,3.0
029130013000,732.0,,308,1.0,3.0
029130014000,732.0,,308,1.0,3.0
029130015000,652.0,,0,1.0,3.0
029130016000,1161.0,,409,1.0,4.0
029130017000,652.0,,308,1.0,3.0
029130018000,0.0,,238,1.0,3.0
029130019000,666.0,,308,1.0,3.0
029130020000,1000.0,,308,1.0,3.0
029130021000,643.0,,308,1.0,3.0
029130022000,1480.0,,308,1.0,3.0
029130023000,680.0,,308,1.0,3.0
029130024000,680.0,,308,1.0,3.0
029130025000,680.0,,308,1.0,3.0
029130026000,680.0,,308,1.0,3.0
029130027000,605.0,,308,1.0,2.0
029130028000,0.0,,0,1.0,2.0
029130029000,1066.0,,308,1.0,2.0
029130030000,674.0,,308,1.0,2.0
029140001000,600.0,,713,1.0,3.0
029140002000,1000.0,,616,1.0,4.0
029140006000,60.0,,0,1.0,2.0
029140008000,,,720,1.0,2.0
029140009000,,,504,1.0,4.0
029140010000,350.0,,568,1.0,3.0
029140011000,1000.0,,576,1.0,3.0
029140012000,800.0,,576,1.0,3.0
029140013000,1700.0,,637,1.0,3.0
029140015000,1080.0,,528,1.0,3.0
029140016000,2000.0,,0,1.0,8.0
029140017000,,,0,1.0,8.0
029140021000,175.0,,0,1.0,2.0
029140022000,,,528,1.0,3.0
029140023000,,,728,1.0,2.0
029140024000,200.0,,0,1.0,2.0
029140025000,1000.0,,0,1.0,8.0
029140026000,156.0,,0,1.0,8.0
029140027000,,,480,1.0,3.0
029140028000,600.0,,540,1.0,2.0
029140029000,600.0,,456,1.0,3.0
029140030000,,,0,1.0,2.0
029140032000,,,360,1.0,2.0
029140033000,600.0,,400,1.0,2.0
029140034000,,,280,1.0,2.0
029140035000,,,480,1.0,2.0
029140037000,650.0,,1080,1.0,2.0
029140039000,200.0,,0,1.0,1.0
029140040000,587.0,,528,1.0,3.0
029150001000,,,0,1.0,1.0
029150002000,69.0,,500,1.0,2.0
029150003000,712.0,,936,1.0,3.0
029150004000,,,0,1.0,3.0
029150005000,,,306,1.0,7.0
029150006000,600.0,,432,1.0,2.0
029150007000,16.0,,264,1.0,4.0
029150009000,,,320,1.0,2.0
029150010000,,,960,1.0,3.0
029150012000,,,264,1.0,3.0
029150013000,,,399,1.0,3.0
029150014000,3000.0,,578,1.0,2.0
029150015000,10300.0,,0,1.0,
029150017000,,,0,1.0,2.0
029150020000,200.0,,858,1.0,1.0
029150021000,460.0,,0,1.0,2.0
029150022000,5472.0,,399,1.0,
029150023000,200.0,,440,1.0,3.0
029150024000,,,400,1.0,3.0
029150026000,730.0,,400,1.0,4.0
029150028000,1273.0,,0,1.0,3.0
029150029000,162.0,,504,1.0,3.0
029150031000,,,360,1.0,2.0
029150033000,,,180,1.0,2.0
029150034000,200.0,,340,1.0,3.0
029150035000,300.0,,0,1.0,1.0
029150036000,810.0,,240,1.0,3.0
029150037000,500.0,,396,1.0,2.0
029150038000,,,110,1.0,2.0
029150039000,282.0,,240,1.0,2.0
029150040000,,,216,1.0,2.0
029150041000,0.0,,484,1.0,2.0
029150042000,408.0,,630,1.0,4.0
029150043000,,,288,1.0,2.0
029150045000,800.0,,418,1.0,2.0
029150047000,600.0,,552,1.0,3.0
029160003000,7300.0,,0,1.0,
029160004000,,,312,1.0,2.0
029160005000,100.0,,0,2.0,4.0
029160006000,,,0,1.0,
029160007000,,,0,3.0,4.0
029160009000,3000.0,,0,1.0,4.0
029160010000,344.0,,809,1.0,2.0
029160011000,,,0,1.0,
029160012000,462.0,,0,1.0,2.0
029160013000,1500.0,,0,1.0,2.0
029160014000,1500.0,,0,1.0,2.0
029160016000,1100.0,,702,1.0,4.0
029160017000,,,0,1.0,3.0
029160019000,1000.0,,528,1.0,1.0
029160020000,,,0,1.0,1.0
029160021000,,,0,1.0,2.0
029161001000,500.0,,396,1.0,3.0
029161002000,59.0,,230,1.0,2.0
029161003000,,,216,1.0,2.0
029161004000,608.0,,0,1.0,4.0
029161005000,,,298,1.0,3.0
029161006000,300.0,,280,1.0,2.0
029161007000,200.0,,360,1.0,2.0
029161008000,1200.0,,391,1.0,3.0
029161009000,,,286,1.0,
029161011000,,,0,1.0,4.0
029161012000,,,192,1.0,2.0
029161013000,,,0,1.0,3.0
029161014000,,,640,1.0,3.0
029161015000,1500.0,,528,1.0,3.0
029161016000,200.0,,551,1.0,3.0
029161017000,1400.0,,696,1.0,3.0
029161019000,102.0,,560,1.0,5.0
029161021000,,,400,1.0,2.0
029161022000,1413.0,,484,1.0,3.0
029161023000,4000.0,,0,1.0,
029161024000,,,0,1.0,3.0
029161025000,,,440,1.0,2.0
029161026000,,,248,1.0,2.0
029161027000,200.0,,370,1.0,4.0
029161028000,972.0,,252,1.0,3.0
029161029000,800.0,,160,1.0,2.0
029161030000,530.0,,330,1.0,3.0
029161031000,,,256,1.0,2.0
029161032000,3500.0,,660,1.0,
029161033000,1500.0,,0,1.0,4.0
029170001000,540.0,,216,1.0,2.0
029170002000,800.0,,352,1.0,3.0
029170003000,160.0,,288,1.0,4.0
029170005000,1000.0,,400,1.0,3.0
029170006000,1000.0,,440,1.0,2.0
029170008000,580.0,,0,1.0,8.0
029170009000,448.0,,0,1.0,4.0
029170011000,1000.0,,301,1.0,2.0
029170014000,400.0,,180,1.0,2.0
029170015000,400.0,,483,1.0,3.0
029170017000,,,608,1.0,3.0
029170018000,0.0,,282,1.0,1.0
029170019000,400.0,,456,1.0,1.0
029170020000,2000.0,,528,1.0,3.0
029170021000,1328.0,,663,1.0,3.0
029170022000,3048.0,,480,1.0,3.0
029170023000,0.0,,0,1.0,2.0
029170024000,1000.0,,989,1.0,3.0
029170025000,1000.0,,288,1.0,2.0
029170026000,500.0,,560,1.0,2.0
029170027000,,,448,1.0,3.0
029170028000,500.0,,320,1.0,3.0
029170029000,,,0,1.0,2.0
029170030000,,,320,1.0,2.0
029170031000,200.0,,360,1.0,2.0
029170032000,1050.0,,475,1.0,3.0
029170034000,1115.0,,675,1.0,3.0
029170035000,200.0,,440,1.0,3.0
029170036000,100.0,,240,1.0,4.0
029170037000,,,864,1.0,2.0
029170038000,2234.0,,528,1.0,3.0
029170039000,400.0,,0,1.0,2.0
029170040000,500.0,,350,1.0,2.0
029170041000,400.0,,240,1.0,2.0
029170042000,,,240,1.0,3.0
029170043000,,,180,1.0,1.0
029170044000,180.0,,0,1.0,4.0
029170046000,400.0,,996,1.0,4.0
029170051000,1000.0,,192,1.0,1.0
029170053000,300.0,,784,1.0,1.0
029170056000,1000.0,,672,1.0,3.0
029170059000,,,0,1.0,3.0
029171001000,,,306,1.0,1.0
029171002000,142.0,,0,1.0,2.0
029171003000,,,0,1.0,2.0
029171004000,160.0,,0,1.0,2.0
029171005000,100.0,,192,1.0,1.0
029171006000,212.0,,240,1.0,3.0
029171007000,,,216,1.0,
029171008000,,,192,1.0,2.0
029171009000,800.0,,480,1.0,2.0
029171010000,400.0,,264,1.0,2.0
029171011000,200.0,,852,1.0,1.0
029171012000,350.0,,1078,1.0,2.0
029171013000,1000.0,,375,1.0,1.0
029171014000,,,462,1.0,3.0
029171015000,800.0,,440,1.0,4.0
029171016000,474.0,,506,1.0,4.0
029171017000,1000.0,,870,1.0,3.0
029171018000,1200.0,,528,1.0,3.0
029171019000,1000.0,,0,1.0,2.0
029171020000,0.0,,264,1.0,2.0
029171021000,1000.0,,0,1.0,2.0
029171024000,400.0,,528,1.0,2.0
029171025000,,,464,1.0,3.0
029171026000,,,550,1.0,4.0
029171027000,800.0,,480,1.0,4.0
029171028000,0.0,,1510,1.0,3.0
029171029000,800.0,,500,1.0,3.0
029171030000,1000.0,,400,1.0,3.0
029180003000,770.0,,364,1.0,3.0
029180005000,,,0,1.0,2.0
029180006000,,,0,1.0,3.0
029180007000,1000.0,,480,1.0,3.0
029180008000,0.0,,0,1.0,2.0
029180009000,540.0,,528,1.0,2.0
029180010000,,,0,1.0,3.0
029180011000,,,0,1.0,3.0
029180012000,,,0,1.0,1.0
029180013000,0.0,,0,1.0,2.0
029180014000,,,378,1.0,2.0
029180015000,0.0,,360,1.0,2.0
029180016000,,,0,1.0,3.0
029180017000,250.0,,480,1.0,2.0
029180019000,400.0,,436,1.0,2.0
029180020000,400.0,,234,1.0,2.0
029180021000,500.0,,0,1.0,2.0
029180023000,1078.0,,0,1.0,4.0
029180024000,604.0,,270,1.0,2.0
029180025000,418.0,,0,1.0,2.0
029180026000,,,234,1.0,2.0
029180027000,388.0,,400,1.0,3.0
029180028000,,,0,,
029180030000,140.0,,0,1.0,2.0
029180031000,200.0,,198,1.0,3.0
029180032000,400.0,,300,1.0,1.0
029180033000,160.0,,0,1.0,1.0
029180034000,,,216,1.0,2.0
029180035000,1000.0,,415,1.0,3.0
029180036000,400.0,,180,1.0,2.0
029180039000,,,240,1.0,2.0
029180040000,266.0,,230,1.0,1.0
029180041000,677.0,,336,1.0,2.0
029180042000,1224.0,,0,1.0,3.0
029180043000,,,0,1.0,2.0
029180044000,943.0,,140,1.0,2.0
029180045000,,,192,1.0,2.0
029180047000,300.0,,600,1.0,3.0
029180048000,1000.0,,484,1.0,3.0
029190002000,810.0,,180,1.0,2.0
029190003000,500.0,,528,1.0,3.0
029190004000,2000.0,,1152,1.0,4.0
029190006000,,,400,1.0,2.0
029190007000,,,560,1.0,3.0
029190008000,,,414,1.0,3.0
029190009000,432.0,,0,1.0,2.0
029190010000,2000.0,,480,1.0,3.0
029190011000,2500.0,,0,1.0,2.0
029190012000,,,0,1.0,
029190013000,100.0,,391,1.0,2.0
029190014000,,,0,1.0,2.0
029190015000,,,240,1.0,2.0
029190016000,1096.0,,484,1.0,2.0
029190017000,,,192,1.0,2.0
029190018000,800.0,,200,1.0,2.0
029190019000,100.0,,0,1.0,2.0
029190020000,,,160,1.0,2.0
029190021000,,,0,1.0,2.0
029190022000,66.0,,320,1.0,2.0
029190025000,1000.0,,576,1.0,4.0
029190026000,820.0,,0,1.0,2.0
029190028000,300.0,,200,1.0,1.0
029190029000,,,0,1.0,3.0
029190030000,180.0,,480,1.0,3.0
029190031000,202.0,,0,1.0,2.0
029190032000,200.0,,0,1.0,2.0
029190033000,480.0,,320,1.0,3.0
029190034000,,,0,1.0,2.0
029190035000,1000.0,,384,1.0,2.0
029190036000,,,288,1.0,5.0
029190038000,,,0,1.0,2.0
029190039000,,,160,1.0,2.0
029190040000,800.0,,0,1.0,3.0
029190041000,600.0,,408,1.0,2.0
029190042000,100.0,,140,1.0,4.0
029190043000,,,216,1.0,2.0
029190044000,,,416,1.0,2.0
029190045000,800.0,,390,1.0,2.0
029190046000,600.0,,440,1.0,3.0
029190047000,160.0,,0,1.0,2.0
029190050000,100.0,,320,1.0,4.0
029190051000,,,0,1.0,2.0
029190052000,273.0,,408,1.0,2.0
029190053000,,,600,1.0,2.0
029190054000,,,0,1.0,3.0
029190056000,,,200,1.0,2.0
029190057000,500.0,,224,1.0,2.0
029190059000,2000.0,,767,1.0,4.0
029190060000,910.0,,1200,1.0,8.0
029190061000,,,860,1.0,4.0
029190062000,,,860,1.0,4.0
029190064000,1000.0,,500,1.0,3.0
029190065000,1000.0,,500,1.0,3.0
029190066000,1000.0,,340,1.0,4.0
029200004000,456.0,,216,1.0,2.0
029200007000,1000.0,,624,1.0,3.0
029200008000,128.0,,160,1.0,2.0
029200009000,,,338,1.0,2.0
029200010000,400.0,,342,1.0,4.0
029200011000,800.0,,200,1.0,2.0
029200014000,800.0,,484,1.0,3.0
029200015000,,,528,1.0,3.0
029200016000,1000.0,,528,1.0,3.0
029200017000,586.0,,462,1.0,3.0
029200018000,1768.0,,600,1.0,4.0
029200020000,800.0,,480,1.0,3.0
029200021000,1000.0,,598,1.0,3.0
029200022000,0.0,,0,2.0,4.0
029200023000,3230.0,,0,1.0,8.0
029200024000,3000.0,,0,1.0,8.0
029200026000,1500.0,,486,1.0,2.0
029200027000,1000.0,,520,1.0,3.0
029200028000,1000.0,,462,1.0,3.0
029200029000,,,0,1.0,
029200030000,,,0,1.0,
029200031000,2230.0,,1200,1.0,8.0
029200032000,4000.0,,1056,1.0,8.0
029200033000,4000.0,,800,1.0,8.0
029200034000,903.0,,418,1.0,3.0
029200035000,0.0,,480,1.0,3.0
029200036000,624.0,,480,1.0,4.0
029200037000,576.0,,483,1.0,3.0
029200038000,1000.0,,576,1.0,3.0
029200039000,1000.0,,504,1.0,2.0
029200040000,1000.0,,570,1.0,1.0
029200041000,400.0,,816,1.0,3.0
029200042000,300.0,,480,1.0,2.0
029200043000,300.0,,240,1.0,2.0
029200044000,500.0,,720,1.0,2.0
029200045000,225.0,,408,1.0,2.0
029200049000,2200.0,,660,1.0,3.0
029200050000,2000.0,,1258,1.0,6.0
029200052000,0.0,543.0,0,2.0,2.0
029200053000,400.0,781.0,588,1.0,2.0
029200054000,164.0,,240,1.0,2.0
029210013000,,,0,1.0,
029220001000,576.0,,280,1.0,2.0
029220008000,,,0,1.0,2.0
029220010000,,,0,1.0,2.0
029220011000,,,224,1.0,2.0
029220012000,0.0,,0,1.0,2.0
029220013000,,,0,1.0,2.0
029220016000,,,216,1.0,1.0
029220017000,500.0,,320,1.0,2.0
029230001000,,,0,1.0,2.0
029230002000,,,192,1.0,2.0
029230003000,200.0,,252,1.0,2.0
029230004000,24.0,,364,1.0,3.0
029230005000,,,192,1.0,1.0
029230006000,,,900,1.0,2.0
029230007000,264.0,,396,1.0,3.0
029230008000,60.0,,0,1.0,3.0
029230009000,1000.0,,400,1.0,3.0
029230010000,,,0,1.0,3.0
029230011000,,,0,1.0,
029230012000,728.0,,385,1.0,2.0
029230013000,0.0,,0,1.0,3.0
029230016000,300.0,,528,1.0,2.0
029230017000,1000.0,,480,1.0,3.0
029230018000,1400.0,,448,1.0,4.0
029230020000,,,0,1.0,3.0
029230021000,3000.0,,0,1.0,
029230022000,5000.0,,0,1.0,
029240001000,1000.0,,0,1.0,3.0
029240002000,800.0,,216,1.0,2.0
029240003000,,,0,1.0,2.0
029240004000,0.0,,312,1.0,3.0
029240005000,0.0,,192,1.0,2.0
029240006000,200.0,,0,1.0,2.0
029240007000,500.0,,275,1.0,3.0
029240008000,,,280,1.0,2.0
029240010000,400.0,,0,1.0,3.0
029240011000,1212.0,,588,1.0,2.0
029240012000,1200.0,,360,1.0,3.0
029240014000,144.0,,0,1.0,1.0
029240015000,350.0,,520,1.0,3.0
029240016000,,,324,1.0,1.0
029240017000,800.0,,240,1.0,2.0
029241003000,4000.0,,648,1.0,
029241004000,,,0,1.0,
029241008000,0.0,,300,1.0,2.0
029241009000,500.0,,320,1.0,2.0
029241010000,800.0,,216,1.0,2.0
029241011000,0.0,,0,1.0,2.0
029241012000,,,0,1.0,1.0
029241013000,240.0,,180,1.0,2.0
029241014000,0.0,,0,1.0,2.0
029241015000,1093.0,,0,1.0,2.0
029241016000,100.0,,160,1.0,2.0
029241017000,200.0,,240,1.0,3.0
029241018000,700.0,,200,1.0,2.0
029241019000,825.0,,400,1.0,2.0
029241020000,600.0,,240,1.0,2.0
029241021000,743.0,,220,1.0,3.0
029241022000,0.0,,500,1.0,3.0
029241023000,668.0,,420,1.0,2.0
029241024000,124.0,,672,1.0,3.0
029242001000,,,240,1.0,2.0
029242002000,1012.0,,1160,1.0,5.0
029242003000,1000.0,,528,1.0,
029242004000,,,0,1.0,2.0
029242005000,0.0,,440,1.0,2.0
029242006000,,,0,1.0,2.0
029242010000,,,234,1.0,2.0
029242011000,,,432,1.0,2.0
029242012000,400.0,,256,1.0,3.0
029242013000,600.0,,372,1.0,2.0
029242017000,1687.0,,320,1.0,1.0
029242018000,0.0,,0,1.0,1.0
029242020000,0.0,,338,1.0,2.0
029250007000,0.0,,400,1.0,3.0
029250008000,250.0,,400,1.0,4.0
029250010000,1080.0,,680,1.0,2.0
029250011000,1000.0,,1048,1.0,2.0
029250013000,0.0,,0,1.0,3.0
029250014000,1020.0,,400,1.0,3.0
029250015000,0.0,,960,1.0,3.0
029270001000,,,0,1.0,2.0
029270002000,,,0,1.0,2.0
029270003000,,,320,1.0,1.0
029270009000,,,0,1.0,
029270012000,600.0,,192,1.0,1.0
029270013000,500.0,,0,1.0,2.0
029270014000,300.0,,288,1.0,3.0
029270015000,200.0,,0,1.0,2.0
029270016000,1500.0,,140,1.0,2.0
029270017000,,,0,1.0,
029270018000,,,0,1.0,2.0
029270019000,1200.0,,0,1.0,4.0
029270023000,6656.0,,0,1.0,
029270024000,,,360,1.0,2.0
029270025000,724.0,,216,1.0,2.0
029270026000,,,0,1.0,2.0
029270027000,660.0,,286,1.0,2.0
029270028000,675.0,,336,1.0,4.0
029270029000,516.0,,528,1.0,3.0
029270030000,0.0,,441,1.0,3.0
029270039000,,,216,1.0,1.0
029280004000,,,588,1.0,
029280007000,,,0,1.0,
029280015000,,,0,1.0,
029290017000,2000.0,,0,1.0,
029310006000,,,0,1.0,
029310009000,,,0,1.0,
029310010000,,,0,1.0,
029320006000,,,0,1.0,
029320007000,,,0,1.0,
029320008000,,,0,1.0,
029320009000,,,0,1.0,
029320010000,,,0,1.0,
029320012000,,,0,1.0,
029320019000,,,0,1.0,
029330001000,2931.0,,490,1.0,3.0
029330002000,0.0,,506,1.0,3.0
029330003000,1000.0,,482,1.0,3.0
029330005000,700.0,,482,1.0,3.0
029330006000,950.0,,471,1.0,4.0
029330007000,450.0,,475,1.0,3.0
029330008000,1200.0,,492,1.0,3.0
029330009000,1288.0,,430,1.0,2.0
029330010000,184.0,,482,1.0,3.0
029330011000,800.0,,482,1.0,3.0
029330012000,1500.0,,471,1.0,3.0
029330013000,1000.0,,482,1.0,3.0
029330014000,1000.0,,475,1.0,3.0
029330015000,1000.0,,588,1.0,3.0
029330016000,2000.0,,482,1.0,3.0
029330017000,800.0,,475,1.0,3.0
029330018000,1514.0,,589,1.0,3.0
029330019000,1000.0,,482,1.0,3.0
029330020000,1073.0,,704,1.0,3.0
029330021000,0.0,,471,1.0,4.0
029330022000,400.0,,471,1.0,4.0
029330023000,500.0,,482,1.0,3.0
029330024000,500.0,,482,1.0,3.0
029330026000,600.0,,475,1.0,3.0
029330027000,600.0,,482,1.0,3.0
029330030000,0.0,,482,1.0,3.0
029330031000,1000.0,,676,1.0,4.0
029330032000,1479.0,,627,1.0,3.0
029330033000,1012.0,,704,1.0,3.0
029330034000,800.0,,562,1.0,3.0
029330035000,1000.0,,475,1.0,3.0
029330036000,500.0,,471,1.0,3.0
029330037000,627.0,,569,1.0,3.0
029330038000,1000.0,,552,1.0,3.0
029330039000,600.0,,482,1.0,3.0
029330040000,0.0,,569,1.0,3.0
029330041000,932.0,,704,1.0,3.0
029330042000,500.0,,482,1.0,3.0
029330043000,600.0,,482,1.0,3.0
029330044000,300.0,,475,1.0,3.0
029330047000,400.0,,471,1.0,3.0
029330048000,600.0,,482,1.0,3.0
029330049000,500.0,,475,1.0,3.0
029330050000,500.0,,482,1.0,3.0
029330051000,500.0,,471,1.0,3.0
029330052000,400.0,,482,1.0,3.0
029330053000,500.0,,482,1.0,3.0
029330054000,800.0,,562,1.0,3.0
029330055000,544.0,,484,1.0,3.0
029330056000,500.0,,475,1.0,3.0
029330061000,600.0,,475,1.0,3.0
029330062000,500.0,,482,1.0,3.0
029330064000,1000.0,,471,1.0,3.0
029330065000,688.0,,430,1.0,3.0
029330066000,810.0,,430,1.0,2.0
029360002000,,,0,1.0,
029360003000,,,0,1.0,
029360005000,,,492,1.0,
029360006000,,,492,1.0,3.0
029360007000,,,567,1.0,2.0
029360008000,,,567,1.0,
029360009000,,,492,1.0,
029360010000,,,492,1.0,
029380001000,,,288,1.0,3.0
029380002000,,,288,1.0,3.0
029380003000,,,288,1.0,4.0
029380005000,,,288,1.0,
029380006000,,,288,1.0,
029380007000,,,288,1.0,2.0
029380008000,,,288,1.0,3.0
029380009000,,,288,1.0,4.0
029380010000,,,288,1.0,4.0
029380011000,,,298,1.0,3.0
029380012000,,,288,1.0,3.0
029380013000,,,312,1.0,4.0
029380014000,,,294,1.0,2.0
029380016000,,,288,1.0,4.0
029390001000,,,0,1.0,2.0
029390002000,,,0,1.0,2.0
029390003000,,,0,1.0,2.0
029390004000,,,0,1.0,1.0
029390005000,,,0,1.0,1.0
029390006000,,,0,1.0,2.0
029390007000,,,0,1.0,2.0
029390008000,,,0,1.0,2.0
029390009000,,,0,1.0,2.0
029390010000,,,0,1.0,2.0
029390011000,,,0,1.0,2.0
029390012000,,,0,1.0,1.0
029390013000,,,0,1.0,1.0
029390014000,,,0,1.0,1.0
029390015000,,,0,1.0,1.0
029390016000,,,0,1.0,1.0
029390017000,,,0,1.0,2.0
029390018000,,,0,1.0,2.0
029390019000,,,0,1.0,2.0
029390020000,,,0,1.0,2.0
029390021000,,,0,1.0,2.0
029390022000,,,0,1.0,2.0
029390023000,,,0,1.0,1.0
029390024000,,,0,1.0,1.0
029390025000,,,0,1.0,1.0
029390026000,,,0,1.0,1.0
029390027000,,,0,1.0,1.0
029390028000,,,0,1.0,2.0
029390029000,,,0,1.0,2.0
029390030000,,,0,1.0,2.0
030030015000,3000.0,,438,1.0,2.0
030120012000,352.0,,0,1.0,1.0
030120015000,,,0,1.0,1.0
030120017000,190.0,,0,1.0,2.0
030120021000,,,0,1.0,2.0
030130014000,,,680,1.0,1.0
030150014000,,,0,1.0,1.0
031010001000,1000.0,,480,1.0,3.0
031010002000,0.0,,396,1.0,3.0
031010003000,1156.0,,480,1.0,3.0
031010004000,1500.0,,476,1.0,3.0
031010005000,988.0,,506,1.0,3.0
031010006000,320.0,,462,1.0,3.0
031010007000,748.0,,320,1.0,3.0
031010011000,0.0,,604,1.0,3.0
031010012000,0.0,,480,1.0,4.0
031010013000,800.0,,484,1.0,3.0
031010014000,0.0,,400,1.0,3.0
031010015000,1000.0,,480,1.0,3.0
031010016000,1474.0,,528,1.0,3.0
031010017000,960.0,,420,1.0,3.0
031010018000,554.0,,520,1.0,3.0
031010019000,1998.0,,440,1.0,3.0
031010020000,1749.0,,504,1.0,3.0
031010022000,2108.0,,400,1.0,2.0
031010023000,1542.0,,378,1.0,4.0
031010024000,1072.0,,504,1.0,3.0
031010025000,1000.0,,480,1.0,3.0
031010026000,1406.0,,504,1.0,2.0
031010027000,1162.0,,480,1.0,4.0
031010028000,720.0,,528,1.0,3.0
031010029000,0.0,,420,1.0,3.0
031010030000,640.0,,484,1.0,3.0
031010031000,1368.0,,440,1.0,3.0
031010032000,0.0,,420,1.0,3.0
031010034000,,,0,1.0,2.0
031010035000,1500.0,,400,1.0,3.0
031010038000,,,861,1.0,
031010039000,0.0,,520,1.0,1.0
031010040000,1000.0,,384,1.0,3.0
031010041000,800.0,,504,1.0,3.0
031010042000,2387.0,,533,1.0,3.0
031010043000,1150.0,,644,1.0,2.0
031010044000,0.0,,624,1.0,3.0
031010046000,860.0,,480,1.0,3.0
031010048000,231.0,,912,1.0,3.0
031020001000,1180.0,,420,1.0,3.0
031020002000,2000.0,,528,1.0,3.0
031020003000,770.0,,400,1.0,2.0
031020004000,800.0,,576,1.0,4.0
031020005000,1254.0,,480,1.0,3.0
031020006000,220.0,,480,1.0,3.0
031020007000,800.0,,528,1.0,3.0
031020009000,1500.0,,576,1.0,3.0
031020010000,720.0,,452,1.0,3.0
031020011000,2000.0,,400,1.0,3.0
031020012000,2198.0,,528,1.0,3.0
031020014000,820.0,,400,1.0,3.0
031020015000,660.0,,400,1.0,3.0
031020016000,,,572,1.0,2.0
031020017000,1300.0,,480,1.0,3.0
031020018000,1036.0,,480,1.0,3.0
031020019000,1000.0,,440,1.0,3.0
031020020000,1018.0,,576,1.0,3.0
031020021000,1166.0,,440,1.0,3.0
031020022000,0.0,,0,1.0,2.0
031020023000,800.0,,484,1.0,2.0
031020024000,594.0,,440,1.0,3.0
031020025000,400.0,,480,1.0,3.0
031020027000,944.0,,420,1.0,2.0
031020028000,1532.0,,432,1.0,3.0
031020029000,1200.0,,588,1.0,3.0
031020030000,1050.0,,440,1.0,3.0
031020031000,1268.0,,528,1.0,3.0
031020032000,1280.0,,588,1.0,3.0
031020033000,0.0,,320,1.0,2.0
031020034000,1612.0,,488,1.0,4.0
031020035000,1485.0,,418,1.0,3.0
031020037000,300.0,,320,1.0,3.0
031020038000,800.0,,400,1.0,3.0
031020039000,854.0,,440,1.0,3.0
031020040000,1000.0,,616,1.0,3.0
031030002000,1500.0,,528,1.0,3.0
031030003000,0.0,,552,1.0,3.0
031030005000,864.0,,560,1.0,2.0
031030006000,1144.0,,600,1.0,4.0
031030007000,672.0,,528,1.0,3.0
031030008000,2033.0,,494,1.0,3.0
031030009000,1522.0,,415,1.0,3.0
031030010000,600.0,,506,1.0,3.0
031030011000,496.0,,140,1.0,2.0
031030012000,917.0,,440,1.0,3.0
031030013000,606.0,639.0,480,2.0,3.0
031030014000,882.0,,528,1.0,3.0
031030015000,684.0,,552,1.0,3.0
031030016000,504.0,,616,1.0,3.0
031030017000,640.0,,528,1.0,3.0
031030018000,580.0,,528,1.0,3.0
031030019000,926.0,,440,1.0,3.0
031030020000,1496.0,,484,1.0,3.0
031030021000,,,0,1.0,3.0
031030022000,1300.0,,528,1.0,3.0
031030023000,956.0,,480,1.0,3.0
031030024000,43.0,,441,1.0,3.0
031030025000,712.0,,400,1.0,3.0
031030026000,1256.0,,440,1.0,3.0
031030027000,0.0,,456,1.0,3.0
031030028000,600.0,,540,1.0,2.0
031030029000,1146.0,,0,1.0,3.0
031040008000,1200.0,,462,1.0,3.0
031040009000,542.0,,440,1.0,3.0
031040010000,1752.0,,528,1.0,3.0
031040011000,1400.0,,432,1.0,3.0
031040012000,1000.0,,549,1.0,3.0
031040013000,1000.0,,384,1.0,4.0
031040014000,1304.0,,484,1.0,3.0
031040015000,428.0,,576,1.0,4.0
031040016000,800.0,,440,1.0,3.0
031040017000,800.0,,440,1.0,3.0
031040018000,0.0,,576,1.0,4.0
031040019000,720.0,,380,1.0,2.0
031040020000,480.0,,483,1.0,3.0
031040021000,1360.0,,594,1.0,3.0
031040022000,1086.0,,400,1.0,2.0
031040023000,920.0,,600,1.0,3.0
031040024000,800.0,,480,1.0,3.0
031040025000,1128.0,,504,1.0,3.0
031040026000,832.0,,576,1.0,3.0
031040027000,,,400,1.0,2.0
031040028000,1800.0,,391,1.0,2.0
031040029000,2000.0,,845,1.0,3.0
031050003000,2160.0,,520,1.0,3.0
031050004000,1140.0,,576,1.0,3.0
031050005000,,,0,1.0,3.0
031050007000,1800.0,,616,1.0,3.0
031050009000,320.0,,504,1.0,3.0
031050011000,600.0,,484,1.0,3.0
031050012000,980.0,,480,1.0,2.0
031050013000,0.0,,440,1.0,2.0
031050014000,1085.0,,440,1.0,3.0
031050015000,700.0,,374,1.0,3.0
031050016000,2500.0,,484,1.0,3.0
031050017000,1512.0,,440,1.0,3.0
031050019000,648.0,,400,1.0,3.0
031050020000,0.0,,540,1.0,3.0
031050021000,0.0,,456,1.0,3.0
031050022000,800.0,,528,1.0,3.0
031050023000,1172.0,,576,1.0,2.0
031050024000,3834.0,,480,1.0,2.0
031050025000,695.0,,1008,1.0,3.0
031050026000,0.0,,440,1.0,3.0
031050029000,,,462,1.0,2.0
031050030000,540.0,,640,1.0,3.0
031050031000,846.0,,504,1.0,3.0
031050032000,1000.0,,506,1.0,3.0
031050033000,800.0,,400,1.0,3.0
031050034000,650.0,,560,1.0,3.0
031050035000,846.0,,480,1.0,3.0
031050036000,684.0,,528,1.0,3.0
031050037000,800.0,,528,1.0,3.0
031050038000,432.0,,552,1.0,3.0
031050040000,0.0,,440,1.0,2.0
031050041000,468.0,,432,1.0,2.0
031060003000,1500.0,,484,1.0,3.0
031060004000,1000.0,,638,1.0,2.0
031060005000,2000.0,,602,1.0,3.0
031060006000,446.0,,576,1.0,3.0
031060007000,1500.0,,414,1.0,3.0
031060008000,1584.0,,600,1.0,3.0
031060009000,4063.0,,462,1.0,3.0
031060010000,0.0,,506,1.0,3.0
031060011000,0.0,,484,1.0,3.0
031060013000,2476.0,,360,1.0,2.0
031060014000,1200.0,,320,1.0,3.0
031060015000,720.0,,594,1.0,2.0
031060016000,1000.0,,440,1.0,3.0
031060017000,2600.0,,480,1.0,3.0
031060018000,0.0,,630,1.0,4.0
031060019000,2749.0,,726,1.0,4.0
031060020000,1000.0,,480,1.0,2.0
031060023000,0.0,,441,1.0,3.0
031060024000,204.0,,616,1.0,3.0
031060026000,,,567,1.0,4.0
031060027000,0.0,,520,1.0,3.0
031060028000,,,816,1.0,2.0
031060029000,819.0,,528,1.0,3.0
031060030000,652.0,,400,1.0,3.0
031060031000,1175.0,,484,1.0,2.0
031060032000,686.0,,325,1.0,3.0
031060033000,0.0,,440,1.0,2.0
031060034000,882.0,,480,1.0,3.0
031060035000,1300.0,,504,1.0,3.0
031060036000,0.0,,460,1.0,3.0
031060037000,1515.0,,480,1.0,3.0
031060038000,816.0,,414,1.0,4.0
031060039000,520.0,,440,1.0,2.0
031060040000,480.0,,396,1.0,4.0
031060042000,1000.0,,528,1.0,3.0
031060043000,836.0,,480,1.0,3.0
031060044000,712.0,,400,1.0,3.0
031060045000,2500.0,,437,1.0,3.0
031060046000,1100.0,,462,1.0,3.0
031070001000,1232.0,,528,1.0,3.0
031070002000,1544.0,,400,1.0,2.0
031070003000,500.0,,464,1.0,3.0
031070004000,595.0,,480,1.0,3.0
031070005000,1266.0,,576,1.0,3.0
031070006000,1000.0,,528,1.0,3.0
031070007000,,,528,1.0,2.0
031070008000,,,280,1.0,3.0
031070009000,1122.0,,921,1.0,3.0
031070010000,1000.0,,440,1.0,3.0
031070011000,0.0,,484,1.0,2.0
031070014000,2003.0,,528,1.0,3.0
031070016000,907.0,,468,1.0,3.0
031070017000,1405.0,,396,1.0,3.0
031070018000,0.0,,440,1.0,3.0
031070019000,832.0,,440,1.0,3.0
031070020000,1472.0,,523,1.0,2.0
031070021000,756.0,,480,1.0,3.0
031070022000,1200.0,,528,1.0,3.0
031070023000,0.0,,480,1.0,3.0
031070024000,2500.0,,568,1.0,6.0
031070025000,3000.0,,553,1.0,3.0
031070026000,2500.0,,808,1.0,3.0
031070027000,3000.0,,484,1.0,4.0
031070028000,0.0,,320,1.0,3.0
031070029000,720.0,,480,1.0,2.0
031070030000,,,0,1.0,
031070031000,800.0,,440,1.0,3.0
031070032000,1884.0,,525,1.0,4.0
031070033000,1400.0,,462,1.0,3.0
031070034000,0.0,,440,1.0,3.0
031070035000,1420.0,,340,1.0,2.0
031070036000,0.0,,400,1.0,3.0
031070037000,688.0,,480,1.0,2.0
031070038000,1986.0,,484,1.0,2.0
031070039000,785.0,,728,1.0,3.0
031070040000,1500.0,,400,1.0,3.0
031070041000,3700.0,,672,1.0,3.0
031070042000,1500.0,,440,1.0,3.0
031070043000,0.0,,528,1.0,3.0
031070044000,800.0,,357,1.0,3.0
031070045000,0.0,,576,1.0,3.0
031070046000,895.0,,504,1.0,3.0
031070048000,0.0,,400,1.0,3.0
031070049000,1000.0,,300,1.0,5.0
031070050000,672.0,,420,1.0,3.0
031070051000,1200.0,,528,1.0,4.0
031070052000,1000.0,,550,1.0,3.0
031070053000,1700.0,,528,1.0,3.0
031070054000,2000.0,,528,1.0,3.0
031070055000,0.0,,744,1.0,4.0
031070057000,800.0,,484,1.0,3.0
031070058000,1500.0,,480,1.0,4.0
031070059000,,,0,1.0,3.0
031070060000,0.0,,480,1.0,2.0
031070061000,2500.0,,450,1.0,3.0
031070062000,1716.0,,512,1.0,2.0
031080001000,1784.0,,400,1.0,3.0
031080002000,1200.0,,440,1.0,3.0
031080003000,2000.0,,573,1.0,3.0
031080005000,968.0,,400,1.0,3.0
031080006000,500.0,,480,1.0,3.0
031080007000,1000.0,,400,1.0,3.0
031080008000,,,0,1.0,3.0
031080009000,676.0,,0,1.0,3.0
031080010000,1100.0,,474,1.0,3.0
031080011000,2500.0,,576,1.0,3.0
031080013000,1520.0,,440,1.0,3.0
031080014000,750.0,,396,1.0,4.0
031080015000,1000.0,,504,1.0,2.0
031080016000,1280.0,,312,1.0,3.0
031080017000,0.0,,462,1.0,2.0
031080018000,608.0,,504,1.0,3.0
031080020000,0.0,,480,1.0,3.0
031080021000,,,800,1.0,3.0
031080022000,0.0,,462,1.0,3.0
031080023000,,,560,1.0,2.0
031080024000,0.0,,506,1.0,3.0
031080025000,800.0,,440,1.0,4.0
031080026000,3081.0,,440,1.0,3.0
031080027000,600.0,,480,1.0,3.0
031080028000,987.0,,440,1.0,3.0
031080029000,0.0,,484,1.0,3.0
031080030000,1302.0,,480,1.0,4.0
031080031000,451.0,,528,1.0,3.0
031080032000,500.0,,400,1.0,3.0
031080033000,3134.0,,484,1.0,3.0
031080034000,1240.0,,520,1.0,3.0
031080035000,878.0,,324,1.0,3.0
031080036000,1050.0,,1002,1.0,2.0
031080037000,0.0,,432,1.0,2.0
031080038000,800.0,,494,1.0,4.0
031080040000,1400.0,,480,1.0,3.0
031080043000,1732.0,,598,1.0,3.0
031080045000,0.0,,420,1.0,3.0
031080046000,,,480,1.0,2.0
031080047000,0.0,,364,1.0,2.0
031080048000,1412.0,,440,1.0,2.0
031080049000,880.0,,528,1.0,3.0
031080050000,1630.0,560.0,560,2.0,3.0
031080051000,0.0,,528,1.0,2.0
031080053000,916.0,,480,1.0,3.0
031080057000,1760.0,,480,1.0,3.0
031090001000,,,528,1.0,
031090003000,0.0,,660,1.0,3.0
031090004000,1660.0,,560,1.0,4.0
031090005000,500.0,,462,1.0,2.0
031090006000,1060.0,,484,1.0,3.0
031090007000,960.0,,484,1.0,2.0
031090008000,2543.0,,484,1.0,3.0
031090009000,917.0,,588,1.0,3.0
031090010000,400.0,,440,1.0,3.0
031090011000,1432.0,,440,1.0,2.0
031090012000,2523.0,,484,1.0,3.0
031090013000,,,528,1.0,3.0
031090014000,0.0,,576,1.0,3.0
031090015000,4500.0,,460,1.0,2.0
031090016000,0.0,,504,1.0,3.0
031090017000,2500.0,,470,1.0,3.0
031090018000,0.0,,528,1.0,3.0
031090019000,5000.0,,616,1.0,5.0
031090020000,1200.0,,528,1.0,2.0
031090021000,699.0,,528,1.0,3.0
031090022000,590.0,,400,1.0,3.0
031090023000,500.0,,361,1.0,3.0
031090024000,600.0,,440,1.0,4.0
031090025000,1777.0,,360,1.0,3.0
031090026000,752.0,,506,1.0,3.0
031090027000,2440.0,,480,1.0,3.0
031090028000,0.0,,506,1.0,3.0
031090029000,1500.0,,420,1.0,3.0
031090030000,1189.0,,528,1.0,3.0
031090031000,1376.0,,480,1.0,3.0
031090032000,1270.0,,540,1.0,2.0
031090033000,1180.0,,528,1.0,3.0
031090034000,,,400,1.0,2.0
031090035000,586.0,,504,1.0,2.0
031090036000,400.0,,480,1.0,2.0
031090037000,,,480,1.0,3.0
031090038000,0.0,,440,1.0,3.0
031090039000,854.0,,528,1.0,3.0
031090041000,930.0,,552,1.0,4.0
031090043000,1000.0,,660,1.0,3.0
031090045000,0.0,,616,1.0,3.0
031090046000,1947.0,,811,1.0,2.0
031090047000,736.0,,420,1.0,3.0
031100001000,0.0,,400,1.0,2.0
031100002000,,,506,1.0,3.0
031100003000,0.0,,420,1.0,3.0
031100004000,,,0,1.0,3.0
031100005000,0.0,,420,1.0,3.0
031100006000,792.0,,529,1.0,3.0
031100007000,1700.0,,612,1.0,3.0
031100008000,26.0,,582,1.0,3.0
031100010000,1000.0,,525,1.0,3.0
031100011000,2630.0,,1212,1.0,4.0
031100012000,493.0,,603,1.0,3.0
031100013000,1600.0,,624,1.0,3.0
031100014000,,,0,1.0,
031100015000,762.0,,528,1.0,3.0
031100016000,2134.0,,942,1.0,4.0
031100017000,0.0,,528,1.0,3.0
031100018000,35.0,,752,1.0,3.0
031100019000,,,917,1.0,
031100020000,1000.0,,624,1.0,2.0
031100021000,764.0,,480,1.0,3.0
031100022000,,,0,1.0,2.0
031100023000,1000.0,,480,1.0,3.0
031100024000,837.0,,483,1.0,3.0
031100025000,899.0,,572,1.0,3.0
031100026000,1000.0,,672,1.0,3.0
031100027000,2300.0,,1308,1.0,3.0
031100028000,2000.0,,420,1.0,3.0
031100029000,2500.0,,572,1.0,3.0
031100030000,0.0,,400,1.0,3.0
031100031000,3000.0,,484,1.0,3.0
031100032000,2500.0,,528,1.0,4.0
031100035000,1235.0,,560,1.0,3.0
031110001000,2288.0,,539,1.0,5.0
031110002000,0.0,,480,1.0,2.0
031110003000,0.0,,456,1.0,3.0
031110004000,987.0,,462,1.0,4.0
031110008000,700.0,,825,1.0,3.0
031110009000,630.0,,550,1.0,3.0
031110010000,,,420,1.0,4.0
031110011000,1000.0,,400,1.0,3.0
031110012000,3500.0,,686,1.0,4.0
031110013000,3000.0,,720,1.0,2.0
031110014000,1336.0,,483,1.0,2.0
031110015000,1000.0,,640,1.0,3.0
031110018000,2500.0,,576,1.0,4.0
031110019000,1100.0,,506,1.0,3.0
031110020000,930.0,,483,1.0,3.0
031110021000,816.0,,400,1.0,3.0
031110022000,1630.0,,660,1.0,5.0
031110023000,800.0,,864,1.0,3.0
031110024000,1176.0,,464,1.0,2.0
031110025000,0.0,,440,1.0,3.0
031110026000,1200.0,,476,1.0,3.0
031110027000,1828.0,,528,1.0,4.0
031110028000,2090.0,,624,1.0,3.0
031110029000,1260.0,,480,1.0,4.0
031110030000,528.0,,480,1.0,3.0
031110031000,320.0,,400,1.0,3.0
031110032000,760.0,,380,1.0,3.0
031110033000,0.0,,506,1.0,2.0
031110034000,,,616,1.0,3.0
031110035000,2500.0,,864,1.0,4.0
031110036000,0.0,,616,1.0,3.0
031110037000,0.0,,576,1.0,3.0
031110038000,1092.0,,448,1.0,3.0
031110039000,1535.0,,572,1.0,3.0
031110041000,0.0,,396,1.0,3.0
031110042000,1844.0,,528,1.0,3.0
031110043000,,,0,1.0,3.0
031110044000,,,256,1.0,2.0
031110046000,38.0,,471,1.0,3.0
031110048000,,,483,1.0,3.0
031110049000,0.0,,816,1.0,3.0
031110050000,,,484,1.0,
031110051000,1316.0,,720,1.0,3.0
031110052000,2000.0,,484,1.0,4.0
031110053000,710.0,,506,1.0,3.0
031110059000,2105.0,,500,1.0,2.0
031110060000,,,504,1.0,3.0
031120002000,2000.0,,349,1.0,2.0
031120004000,0.0,,528,1.0,3.0
031120005000,633.0,,440,1.0,3.0
031120006000,1060.0,,640,1.0,3.0
031120007000,2040.0,,430,1.0,3.0
031120008000,4860.0,,588,1.0,3.0
031120009000,,,1188,1.0,
031120010000,,,528,1.0,
031120011000,2205.0,,594,1.0,3.0
031120012000,2790.0,,624,1.0,3.0
031120013000,0.0,,784,1.0,3.0
031120014000,2032.0,,0,1.0,3.0
031120015000,3044.0,,504,1.0,3.0
031120016000,1760.0,,714,1.0,3.0
031120017000,0.0,,465,1.0,3.0
031120018000,652.0,,528,1.0,3.0
031120019000,2000.0,,792,1.0,4.0
031120020000,684.0,,400,1.0,3.0
031120021000,140.0,,528,1.0,3.0
031120022000,1425.0,,420,1.0,3.0
031120023000,2000.0,,845,1.0,3.0
031120024000,0.0,,440,1.0,3.0
031120025000,2255.0,,556,1.0,3.0
031120026000,1440.0,,810,1.0,5.0
031120027000,0.0,,672,1.0,4.0
031120028000,1900.0,,460,1.0,3.0
031120029000,2250.0,,560,1.0,3.0
031120030000,3500.0,,528,1.0,3.0
031130001000,,,400,1.0,3.0
031130002000,800.0,,492,1.0,3.0
031130003000,1500.0,,440,1.0,3.0
031130004000,1500.0,,440,1.0,3.0
031130005000,1539.0,,462,1.0,3.0
031130006000,0.0,,0,1.0,3.0
031130007000,0.0,,516,1.0,3.0
031130008000,1696.0,,528,1.0,3.0
031130009000,2000.0,,648,1.0,3.0
031130010000,1200.0,,504,1.0,3.0
031130011000,660.0,,420,1.0,3.0
031130012000,800.0,,504,1.0,2.0
031130013000,800.0,,440,1.0,3.0
031130014000,1800.0,,462,1.0,4.0
031130015000,1400.0,,420,1.0,4.0
031130016000,1693.0,,392,1.0,3.0
031130017000,294.0,,670,1.0,3.0
031130018000,1200.0,,420,1.0,3.0
031130020000,800.0,,480,1.0,3.0
031130021000,1200.0,,520,1.0,2.0
031130022000,956.0,,520,1.0,4.0
031130023000,1200.0,,462,1.0,3.0
031130024000,780.0,,624,1.0,3.0
031130025000,1026.0,,506,1.0,2.0
031130026000,980.0,,440,1.0,2.0
031140006000,1340.0,,480,1.0,5.0
031140007000,2944.0,,572,1.0,3.0
031140015000,0.0,,440,1.0,3.0
031140016000,1000.0,,528,1.0,3.0
031140017000,1500.0,,240,1.0,2.0
031140018000,0.0,,560,1.0,3.0
031140019000,2855.0,,480,1.0,3.0
031140020000,2000.0,,585,1.0,3.0
031140021000,0.0,,484,1.0,2.0
031140023000,2500.0,,523,1.0,3.0
031150001000,1000.0,,816,1.0,3.0
031150002000,0.0,,624,1.0,4.0
031150003000,1240.0,,480,1.0,3.0
031150005000,2253.0,,608,1.0,3.0
031150007000,624.0,,528,1.0,3.0
031150008000,0.0,,480,1.0,3.0
031150009000,1500.0,,696,1.0,4.0
031150011000,778.0,,720,1.0,3.0
031150013000,1000.0,,1008,1.0,3.0
031160001000,2500.0,,608,1.0,5.0
031160002000,1620.0,,572,1.0,3.0
031160003000,2230.0,,576,1.0,4.0
031160004000,1069.0,,1042,1.0,3.0
031160005000,1500.0,,748,1.0,3.0
031160006000,2128.0,,800,1.0,3.0
031160007000,1240.0,,674,1.0,4.0
031160008000,133.0,,810,1.0,3.0
031160009000,3634.0,,561,1.0,3.0
031160010000,1020.0,,600,1.0,3.0
031160011000,988.0,,480,1.0,3.0
031160012000,0.0,,484,1.0,3.0
031160013000,240.0,,608,1.0,3.0
031160014000,0.0,,484,1.0,3.0
031160015000,1880.0,,610,1.0,3.0
031160016000,1248.0,,460,1.0,3.0
031160017000,4628.0,,1020,1.0,2.0
031160018000,2000.0,,576,1.0,3.0
031160019000,1200.0,,528,1.0,4.0
031160020000,540.0,,480,1.0,3.0
031160021000,0.0,,528,1.0,3.0
031160022000,3650.0,,572,1.0,3.0
031160024000,1500.0,,528,1.0,3.0
031160027000,1015.0,,744,1.0,3.0
031160028000,0.0,,576,1.0,3.0
031160029000,800.0,,0,1.0,2.0
031160030000,1210.0,,496,1.0,3.0
031160031000,1148.0,,484,1.0,3.0
031160032000,1900.0,,1040,1.0,2.0
031160033000,1600.0,,576,1.0,3.0
031160036000,2416.0,,616,1.0,3.0
031160041000,1000.0,,576,1.0,4.0
031160042000,1000.0,,572,1.0,3.0
031160043000,704.0,,360,1.0,4.0
031160044000,3000.0,,695,1.0,3.0
031160045000,2000.0,,728,1.0,4.0
031160047000,,,0,1.0,3.0
031160048000,1726.0,,552,1.0,3.0
031160049000,1369.0,,572,1.0,3.0
031160050000,500.0,,772,1.0,3.0
031170001000,1500.0,,544,1.0,3.0
031170002000,2500.0,,506,1.0,3.0
031170003000,3500.0,,528,1.0,3.0
031170004000,3000.0,,780,1.0,3.0
031170005000,3000.0,,528,1.0,3.0
031170006000,2500.0,,506,1.0,3.0
031170007000,1672.0,,440,1.0,3.0
031170008000,3000.0,,462,1.0,3.0
031170009000,840.0,,566,1.0,4.0
031170010000,830.0,,408,1.0,3.0
031170011000,0.0,,400,1.0,2.0
031170012000,900.0,,724,1.0,3.0
031170013000,0.0,,760,1.0,3.0
031170023000,700.0,,704,1.0,4.0
031170024000,2000.0,,924,1.0,3.0
031170025000,42.0,,528,1.0,2.0
031170026000,2146.0,,640,1.0,4.0
031170027000,0.0,,1260,1.0,3.0
031170028000,1000.0,,440,1.0,3.0
031180001000,2000.0,,770,1.0,4.0
031180002000,0.0,,576,1.0,3.0
031180003000,2235.0,,640,1.0,5.0
031180004000,2500.0,,864,1.0,4.0
031180005000,2441.0,,880,1.0,4.0
031180006000,2531.0,,744,1.0,3.0
031180007000,,,477,1.0,7.0
031180009000,2207.0,,1672,1.0,4.0
031180010000,2050.0,,576,1.0,3.0
031180011000,,,942,1.0,3.0
031180012000,540.0,,484,1.0,3.0
031180013000,2330.0,,648,1.0,3.0
031180014000,2235.0,,680,1.0,4.0
031180015000,3472.0,,1008,1.0,3.0
031190001000,2090.0,,506,1.0,3.0
031190002000,1800.0,,1075,1.0,4.0
031190008000,2570.0,,1056,1.0,3.0
031190009000,1048.0,,704,1.0,3.0
031190010000,1776.0,,396,1.0,3.0
031190012000,885.0,,704,1.0,3.0
031190016000,3510.0,,1040,1.0,4.0
031190017000,0.0,,384,1.0,4.0
031190020000,3745.0,,648,1.0,3.0
031200003000,0.0,,726,1.0,3.0
031200004000,1780.0,,768,1.0,3.0
031200005000,750.0,,829,1.0,4.0
031200006000,1125.0,,450,1.0,4.0
031200007000,2315.0,,807,1.0,2.0
031200010000,2563.0,,825,1.0,6.0
031200014000,2680.0,,660,1.0,4.0
031200015000,,,528,1.0,2.0
031200016000,1688.0,,560,1.0,3.0
031200017000,962.0,,720,1.0,3.0
031200018000,1200.0,,576,1.0,3.0
031200019000,274.0,,690,1.0,3.0
031200020000,500.0,,550,1.0,3.0
031200023000,,,845,1.0,3.0
031210001000,1112.0,,480,1.0,3.0
031210002000,0.0,,632,1.0,4.0
031210003000,1880.0,,1279,1.0,4.0
031210004000,1200.0,,864,1.0,3.0
031210005000,2094.0,,668,1.0,4.0
031210006000,3558.0,,816,1.0,3.0
031210007000,0.0,,844,1.0,3.0
031210008000,2500.0,,763,1.0,4.0
031210009000,145.0,,1338,1.0,3.0
031210010000,4660.0,,1041,1.0,5.0
031210013000,2255.0,,528,1.0,4.0
031210014000,1000.0,,661,1.0,3.0
031210015000,1240.0,,1123,1.0,3.0
031210016000,0.0,,576,1.0,3.0
031210017000,1360.0,,837,1.0,3.0
031210018000,1635.0,,1008,1.0,3.0
031210019000,1800.0,,660,1.0,3.0
031210020000,0.0,,440,1.0,3.0
031210021000,0.0,,624,1.0,3.0
031210022000,52.0,,600,1.0,3.0
031210026000,1225.0,,577,1.0,3.0
031210027000,2000.0,,588,1.0,2.0
031210028000,2130.0,,462,1.0,3.0
031210029000,2000.0,,648,1.0,3.0
031210030000,861.0,,440,1.0,3.0
031210031000,1368.0,,562,1.0,3.0
031210034000,2418.0,,616,1.0,4.0
031210035000,1200.0,,573,1.0,3.0
031210036000,1590.0,,506,1.0,3.0
031210037000,,,0,1.0,3.0
031210038000,0.0,,1320,1.0,3.0
031210039000,1200.0,,880,1.0,5.0
031210040000,2000.0,,500,1.0,3.0
031210041000,2000.0,,651,1.0,2.0
031210042000,2000.0,,1172,1.0,4.0
031210043000,3200.0,,720,1.0,4.0
031210044000,3000.0,,1046,1.0,3.0
031210045000,1200.0,,845,1.0,3.0
031210052000,0.0,,840,1.0,4.0
031210054000,0.0,,528,1.0,2.0
031210059000,2236.0,,821,1.0,3.0
031220020000,0.0,,600,1.0,3.0
031220021000,0.0,,588,1.0,3.0
031220022000,0.0,,672,1.0,3.0
031220023000,0.0,,572,1.0,3.0
031220024000,1236.0,,484,1.0,3.0
031220025000,0.0,,484,1.0,4.0
031220032000,,,528,1.0,3.0
031220033000,1000.0,,528,1.0,3.0
031220036000,816.0,,540,1.0,3.0
031220037000,1281.0,,616,1.0,3.0
031220039000,1460.0,,484,1.0,3.0
031220040000,1456.0,,484,1.0,3.0
031220041000,1223.0,,528,1.0,3.0
031220042000,640.0,,560,1.0,2.0
031220043000,0.0,,621,1.0,3.0
031230028000,1684.0,,612,1.0,3.0
031230029000,1702.0,,572,1.0,3.0
031230030000,,,440,1.0,3.0
031230031000,2500.0,,484,1.0,3.0
031230032000,1330.0,,528,1.0,3.0
031230033000,2000.0,,845,1.0,3.0
031240028000,2200.0,,744,1.0,3.0
031240029000,1200.0,,576,1.0,3.0
031240030000,824.0,,576,1.0,2.0
031240031000,0.0,,520,1.0,3.0
031240032000,1500.0,,400,1.0,3.0
031240035000,0.0,,440,1.0,3.0
031240037000,800.0,,480,1.0,3.0
031240038000,1096.0,,480,1.0,3.0
031250035000,,,396,1.0,2.0
031250036000,796.0,,528,1.0,3.0
031250042000,0.0,,625,1.0,3.0
031250043000,1000.0,,520,1.0,3.0
031250045000,835.0,,824,1.0,4.0
031250046000,1500.0,,810,1.0,3.0
031260009000,140.0,,440,1.0,3.0
031260010000,1308.0,,484,1.0,3.0
031260011000,1294.0,,646,1.0,4.0
031260014000,1500.0,,576,1.0,3.0
031260015000,1000.0,,598,1.0,3.0
031260016000,648.0,,440,1.0,2.0
031260017000,908.0,,440,1.0,3.0
031260018000,0.0,,480,1.0,2.0
031260019000,924.0,,400,1.0,3.0
031260020000,420.0,,480,1.0,2.0
031260021000,890.0,,400,1.0,3.0
031260022000,1322.0,,480,1.0,2.0
031260023000,1144.0,,480,1.0,3.0
031260024000,608.0,,480,1.0,2.0
031260025000,540.0,,480,1.0,3.0
031260026000,64.0,,440,1.0,3.0
031260027000,1332.0,,462,1.0,3.0
031260028000,1587.0,,480,1.0,3.0
031260029000,826.0,,484,1.0,3.0
031260031000,336.0,,440,1.0,3.0
031260033000,1000.0,,460,1.0,3.0
031260034000,880.0,,484,1.0,3.0
031260041000,1000.0,,420,1.0,3.0
031260042000,0.0,,332,1.0,3.0
031260043000,1200.0,,620,1.0,3.0
031260044000,800.0,,576,1.0,3.0
031260045000,916.0,,400,1.0,3.0
031260046000,792.0,,480,1.0,3.0
031260047000,412.0,,420,1.0,3.0
031260048000,1000.0,,480,1.0,3.0
031260049000,973.0,,488,1.0,3.0
031260050000,1264.0,,576,1.0,3.0
031260051000,1200.0,,560,1.0,3.0
031260052000,1485.0,,484,1.0,3.0
031270004000,800.0,,450,1.0,3.0
031270005000,1200.0,,528,1.0,3.0
031270006000,1772.0,,520,1.0,3.0
031270010000,812.0,,240,1.0,5.0
031270011000,,,572,1.0,3.0
031270013000,2000.0,,529,1.0,1.0
031270014000,1114.0,,528,1.0,3.0
031270015000,820.0,,352,1.0,3.0
031270018000,1500.0,,492,1.0,3.0
031270019000,1896.0,,480,1.0,3.0
031320006000,800.0,,625,1.0,2.0
031320007000,0.0,,560,1.0,2.0
031320008000,1000.0,,676,1.0,3.0
031320009000,2500.0,,732,1.0,2.0
031320010000,2351.0,,616,1.0,3.0
031320011000,15.0,,560,1.0,3.0
031320012000,0.0,,660,1.0,3.0
031320013000,3000.0,,612,1.0,2.0
031320014000,1812.0,,528,1.0,3.0
031320015000,1164.0,,576,1.0,2.0
031320016000,872.0,,528,1.0,3.0
031320017000,2500.0,,837,1.0,2.0
031320018000,,,995,1.0,5.0
031320019000,2076.0,,480,1.0,3.0
031320020000,0.0,,462,1.0,3.0
031320021000,3500.0,,818,1.0,3.0
031320022000,440.0,,833,1.0,3.0
031320023000,2750.0,,749,1.0,3.0
031320024000,3410.0,,390,1.0,3.0
031320025000,1466.0,,568,1.0,3.0
031320026000,1616.0,,1027,1.0,4.0
031320027000,1852.0,,700,1.0,3.0
031320029000,,,624,1.0,
031320030000,2263.0,,1090,1.0,3.0
031320031000,1220.0,,572,1.0,4.0
031320032000,0.0,,528,1.0,3.0
031320033000,,,552,1.0,3.0
031320034000,1600.0,,768,1.0,4.0
031320041000,1125.0,,556,1.0,3.0
031320043000,1060.0,,651,1.0,3.0
031320044000,1015.0,,632,1.0,3.0
031320045000,1136.0,,484,1.0,2.0
031320046000,1468.0,,528,1.0,3.0
031320047000,880.0,,484,1.0,3.0
031320048000,1000.0,,744,1.0,3.0
031330002000,1878.0,,440,1.0,4.0
031330003000,1166.0,,766,1.0,3.0
031330004000,1502.0,,440,1.0,3.0
031330005000,1599.0,,504,1.0,3.0
031330006000,1512.0,,450,1.0,3.0
031330007000,1529.0,,484,1.0,3.0
031330008000,960.0,,792,1.0,4.0
031330009000,1454.0,,480,1.0,2.0
031330010000,2194.0,,746,1.0,3.0
031330011000,1515.0,,484,1.0,4.0
031330012000,2220.0,,720,1.0,4.0
031330013000,4423.0,,704,1.0,3.0
031330014000,1000.0,,985,1.0,2.0
031330015000,2572.0,,832,1.0,4.0
031330016000,2138.0,,600,1.0,3.0
031330017000,2410.0,,882,1.0,3.0
031330018000,4395.0,,1224,1.0,3.0
031330019000,876.0,,638,1.0,3.0
031330020000,0.0,,752,1.0,4.0
031330023000,3770.0,,1137,1.0,4.0
031330024000,,,0,1.0,3.0
031330025000,0.0,,588,1.0,3.0
031330026000,2880.0,,784,1.0,3.0
031330027000,2363.0,,480,1.0,3.0
031330028000,0.0,,1165,1.0,3.0
031330029000,,,1335,2.0,
031330032000,3420.0,,483,1.0,5.0
031330033000,1000.0,,576,1.0,3.0
031330036000,840.0,1023.0,690,2.0,2.0
031330038000,108.0,,484,1.0,3.0
031330039000,0.0,,534,1.0,3.0
031370008000,11.0,,484,1.0,3.0
031370009000,773.0,,320,1.0,2.0
031420001000,3000.0,,917,1.0,4.0
031420003000,1560.0,,528,1.0,3.0
031420004000,3000.0,,992,1.0,2.0
031420005000,2635.0,,574,1.0,4.0
031420006000,0.0,,528,1.0,3.0
031420008000,0.0,,520,1.0,3.0
031420009000,1888.0,,886,1.0,3.0
031420010000,1500.0,,528,1.0,3.0
031420011000,1043.0,,641,1.0,3.0
031420015000,1556.0,,484,1.0,3.0
031420016000,1440.0,,616,1.0,3.0
031420017000,1993.0,,624,1.0,3.0
031430010000,2200.0,,528,1.0,3.0
031430011000,1839.0,,546,1.0,3.0
031430012000,795.0,,528,1.0,4.0
031430013000,1552.0,,484,1.0,3.0
031430014000,1800.0,,504,1.0,3.0
031430015000,3235.0,,480,1.0,3.0
031430016000,964.0,,562,1.0,3.0
031430017000,1500.0,,676,1.0,3.0
031430019000,4859.0,,851,1.0,3.0
031430020000,3000.0,,825,1.0,3.0
031440001000,696.0,,420,1.0,3.0
031440002000,0.0,,598,1.0,3.0
031440003000,1959.0,,520,1.0,3.0
031440004000,1500.0,,660,1.0,3.0
031440006000,1500.0,,441,1.0,3.0
031440007000,2000.0,,1148,1.0,3.0
031440008000,1974.0,,680,1.0,4.0
031440009000,1080.0,,500,1.0,3.0
031440010000,980.0,,400,1.0,3.0
031440011000,70.0,,571,1.0,3.0
031440012000,1255.0,,480,1.0,3.0
031440013000,1100.0,,484,1.0,3.0
031440014000,,,480,1.0,3.0
031440015000,1020.0,,484,1.0,3.0
031440016000,0.0,,504,1.0,3.0
031440017000,1050.0,,484,1.0,3.0
031440018000,736.0,,400,1.0,3.0
031440020000,700.0,,968,1.0,4.0
031440021000,2475.0,,484,1.0,3.0
031440022000,1200.0,,441,1.0,3.0
031440023000,3297.0,,792,1.0,4.0
031440024000,2100.0,,528,1.0,2.0
031440025000,0.0,,583,1.0,3.0
031440027000,4875.0,,676,1.0,2.0
031440028000,1184.0,,484,1.0,2.0
031440029000,3000.0,,570,1.0,3.0
031450002000,3862.0,,540,1.0,3.0
031450003000,1204.0,,528,1.0,2.0
031450004000,0.0,,672,1.0,4.0
031450005000,,,0,1.0,
031450006000,864.0,,532,1.0,4.0
031450007000,0.0,,480,1.0,3.0
031450008000,1156.0,,484,1.0,3.0
031450009000,1300.0,,528,1.0,3.0
031450010000,1350.0,,672,1.0,3.0
031450011000,1340.0,,518,1.0,3.0
031450012000,0.0,,744,1.0,3.0
031450013000,2014.0,,575,1.0,3.0
031450014000,2687.0,,576,1.0,3.0
031450015000,1000.0,,612,1.0,3.0
031450016000,780.0,,660,1.0,2.0
031450017000,,,550,1.0,3.0
031450018000,1000.0,,528,1.0,4.0
031450019000,864.0,,588,1.0,3.0
031450021000,1782.0,,484,1.0,2.0
031450022000,900.0,,576,1.0,3.0
031460002000,3490.0,,1098,1.0,3.0
031460003000,3002.0,,768,1.0,2.0
031460004000,1910.0,,720,1.0,3.0
031460008000,,,710,1.0,
031460009000,,,786,1.0,3.0
032460028000,0.0,,312,1.0,2.0
032480009000,417.0,,440,1.0,3.0
033010001000,0.0,,1192,1.0,3.0
033010004000,0.0,,827,1.0,5.0
033010005000,2061.0,,420,1.0,3.0
033010006000,3602.0,,751,1.0,3.0
033010007000,1050.0,,680,1.0,3.0
033010008000,,,528,1.0,4.0
033010009000,,,660,1.0,3.0
033010010000,,,0,1.0,3.0
033010011000,3000.0,,648,1.0,3.0
033010012000,1200.0,,952,1.0,4.0
033010015000,1025.0,,891,1.0,3.0
033010017000,1500.0,,736,1.0,3.0
033010019000,3310.0,,780,1.0,2.0
033010020000,,,0,1.0,3.0
033010021000,,,624,1.0,3.0
033010022000,0.0,,586,1.0,3.0
033010023000,1200.0,,1730,1.0,3.0
033010024000,1700.0,,572,1.0,4.0
033010025000,880.0,400.0,492,1.0,3.0
033010026000,1500.0,,692,1.0,3.0
033010027000,2000.0,,1141,1.0,3.0
033020001000,0.0,,520,1.0,4.0
033020002000,2500.0,,1018,1.0,4.0
033020003000,600.0,,768,1.0,3.0
033020004000,,,660,1.0,2.0
033020005000,310.0,,768,1.0,3.0
033020009000,,,0,1.0,3.0
033020010000,720.0,,516,1.0,4.0
033020011000,1200.0,,560,1.0,3.0
033020013000,3544.0,,591,1.0,3.0
033020014000,1248.0,,528,1.0,3.0
033020015000,3000.0,,826,1.0,4.0
033020016000,0.0,,556,1.0,3.0
033020022000,2500.0,,676,1.0,3.0
033020023000,2000.0,,660,1.0,3.0
033020024000,1000.0,,420,1.0,3.0
033020025000,2000.0,,864,1.0,2.0
033020026000,2500.0,,894,1.0,3.0
033020027000,1440.0,,588,1.0,3.0
033020028000,,,0,1.0,5.0
033030008000,0.0,,576,1.0,3.0
033030009000,2578.0,,756,1.0,3.0
033030010000,0.0,,440,1.0,4.0
033030011000,530.0,,441,1.0,3.0
033030012000,,,480,1.0,2.0
033030013000,2500.0,,596,1.0,3.0
033030016000,,,528,1.0,3.0
033030017000,600.0,,0,1.0,2.0
033030018000,,,440,1.0,3.0
033030019000,2000.0,,400,1.0,3.0
033030020000,1696.0,,480,1.0,3.0
033030021000,0.0,,408,1.0,3.0
033030023000,0.0,,480,1.0,3.0
033030024000,2000.0,,663,1.0,3.0
033040005000,984.0,,576,1.0,4.0
033040008000,1592.0,,644,1.0,3.0
033040012000,1376.0,,462,1.0,3.0
033040013000,792.0,,480,1.0,3.0
033040015000,0.0,,460,1.0,3.0
033040016000,1200.0,,484,1.0,3.0
033040017000,1046.0,,552,1.0,2.0
033040018000,0.0,,492,1.0,2.0
033040019000,,,460,1.0,3.0
033040020000,800.0,,546,1.0,2.0
033040022000,1520.0,,528,1.0,3.0
033040023000,1800.0,,528,1.0,3.0
033040025000,,,0,1.0,3.0
033040026000,1136.0,,400,1.0,2.0
033040027000,,,0,1.0,3.0
033040028000,800.0,,780,1.0,3.0
033040029000,,,588,1.0,2.0
033050009000,0.0,,480,1.0,3.0
033050010000,2000.0,,440,1.0,3.0
033050011000,1105.0,,660,1.0,3.0
033050012000,,,400,1.0,3.0
033050013000,1990.0,,648,1.0,3.0
033050016000,,,528,1.0,3.0
033050017000,900.0,,604,1.0,4.0
033050018000,500.0,,720,1.0,3.0
033050019000,312.0,,400,1.0,3.0
033050020000,630.0,,468,1.0,2.0
033050021000,0.0,,972,1.0,2.0
033050022000,2945.0,,528,1.0,3.0
033050023000,,,0,1.0,
033050024000,1138.0,,440,1.0,3.0
033050025000,1434.0,,528,1.0,3.0
033050026000,1000.0,,720,1.0,3.0
033060005000,3000.0,,504,1.0,3.0
033060007000,1200.0,,609,1.0,4.0
033060009000,3500.0,,752,1.0,3.0
033060010000,,,0,1.0,
033060011000,0.0,,660,1.0,3.0
033060012000,1266.0,,400,1.0,3.0
033060014000,3000.0,,764,1.0,2.0
033060015000,3302.0,,715,1.0,3.0
033060016000,1276.0,,608,1.0,3.0
033060017000,1200.0,,600,1.0,3.0
033060018000,0.0,,500,1.0,3.0
033060019000,900.0,,460,1.0,3.0
033060020000,1080.0,,504,1.0,2.0
033060021000,,,526,1.0,2.0
033060022000,1805.0,,528,1.0,3.0
033060023000,1000.0,,528,1.0,3.0
033060024000,1200.0,,567,1.0,3.0
033060025000,1200.0,,504,1.0,3.0
033060026000,1392.0,,440,1.0,3.0
033060027000,2520.0,,572,1.0,3.0
033060028000,,,0,1.0,3.0
033060029000,800.0,,480,1.0,2.0
033060030000,480.0,,504,1.0,3.0
033060031000,1287.0,,768,1.0,5.0
033060033000,2750.0,,1344,1.0,3.0
033060034000,1000.0,,462,1.0,3.0
033060035000,1200.0,,550,1.0,3.0
033070001000,2000.0,,484,1.0,4.0
033070004000,2000.0,,462,1.0,3.0
033070005000,920.0,,528,1.0,2.0
033070006000,0.0,,432,1.0,3.0
033070007000,0.0,,528,1.0,4.0
033070011000,1500.0,,616,1.0,3.0
033070012000,2500.0,,528,1.0,3.0
033070014000,1380.0,,440,1.0,3.0
033070017000,1250.0,,675,1.0,3.0
033070018000,,,360,1.0,3.0
033070020000,,,484,1.0,2.0
033070021000,,,598,1.0,3.0
033070022000,2104.0,,500,1.0,2.0
033070023000,1144.0,,528,1.0,3.0
033070024000,0.0,,440,1.0,3.0
033070025000,0.0,,616,1.0,3.0
033070026000,600.0,,871,1.0,3.0
033070027000,2280.0,,550,1.0,3.0
033070028000,1500.0,,440,1.0,3.0
033080001000,2528.0,,768,1.0,3.0
033080002000,1200.0,,448,1.0,3.0
033080003000,,,715,1.0,3.0
033080004000,800.0,,576,1.0,2.0
033080005000,1000.0,,504,1.0,3.0
033080006000,,,440,1.0,2.0
033080007000,1000.0,,598,1.0,3.0
033080008000,1000.0,,391,1.0,3.0
033080009000,1310.0,,756,1.0,2.0
033080010000,,,704,1.0,3.0
033080011000,,,0,1.0,2.0
033080012000,1300.0,,758,1.0,3.0
033080013000,600.0,,480,1.0,2.0
033080014000,1760.0,,588,1.0,3.0
033080015000,0.0,,506,1.0,2.0
033080016000,,,580,1.0,2.0
033080017000,1640.0,,825,1.0,3.0
033080018000,2000.0,,495,1.0,3.0
033080019000,2500.0,,606,1.0,2.0
033080020000,1500.0,,504,1.0,3.0
033080022000,2500.0,,480,1.0,4.0
033080023000,2000.0,,520,1.0,3.0
033080024000,412.0,,619,1.0,4.0
033080025000,1200.0,,528,1.0,3.0
033080026000,2500.0,,479,1.0,3.0
033080027000,2902.0,,462,1.0,3.0
033080028000,3000.0,,528,1.0,3.0
033080029000,1280.0,,474,1.0,3.0
033080030000,200.0,,400,1.0,3.0
033090001000,0.0,,672,1.0,2.0
033090002000,0.0,,572,1.0,2.0
033090003000,,,690,1.0,3.0
033090004000,1800.0,,853,1.0,3.0
033090005000,680.0,,440,1.0,3.0
033090006000,1118.0,,536,1.0,3.0
033090007000,15.0,,572,1.0,3.0
033090008000,1523.0,,594,1.0,3.0
033090010000,1500.0,,589,1.0,2.0
033090011000,1200.0,,506,1.0,2.0
033090012000,,,484,1.0,3.0
033090015000,1152.0,,672,1.0,3.0
033090017000,,,463,1.0,3.0
033090018000,28.0,,652,1.0,3.0
033090019000,600.0,,550,1.0,3.0
033090023000,,,550,1.0,
033090024000,2500.0,,541,1.0,3.0
033090026000,1440.0,,483,1.0,4.0
033090027000,1111.0,,716,1.0,3.0
033090028000,0.0,,900,1.0,3.0
033090029000,886.0,,462,1.0,2.0
033090030000,812.0,,400,1.0,3.0
033090034000,2200.0,,936,1.0,2.0
033090035000,1576.0,,462,1.0,3.0
033090036000,1000.0,,576,1.0,3.0
033090038000,584.0,,506,1.0,3.0
033100001000,3570.0,,484,1.0,3.0
033100002000,0.0,,480,1.0,3.0
033100003000,0.0,,440,1.0,3.0
033100004000,1200.0,,720,1.0,3.0
033100005000,1500.0,,687,1.0,3.0
033100006000,,,528,1.0,3.0
033100007000,1488.0,,576,1.0,3.0
033100008000,0.0,,616,1.0,3.0
033100009000,,,920,1.0,3.0
033100013000,700.0,,576,1.0,3.0
033100014000,0.0,,616,1.0,3.0
033100016000,2000.0,,920,1.0,3.0
033100017000,2000.0,,361,1.0,3.0
033100018000,2000.0,,632,1.0,3.0
033100019000,1500.0,,897,1.0,3.0
033100023000,0.0,,440,1.0,3.0
033110001000,1080.0,,484,1.0,2.0
033110002000,0.0,,680,1.0,3.0
033110005000,3128.0,,458,1.0,3.0
033110007000,2000.0,,667,1.0,2.0
033110008000,2000.0,,566,1.0,3.0
033110009000,2000.0,,560,1.0,3.0
033110010000,1080.0,,440,1.0,3.0
033110011000,894.0,,624,1.0,3.0
033110012000,,,624,1.0,2.0
033110013000,450.0,,704,1.0,3.0
033110014000,1220.0,,504,1.0,3.0
033110016000,1508.0,,800,1.0,3.0
033110017000,1470.0,,528,1.0,3.0
033110018000,520.0,,528,1.0,2.0
033110019000,1600.0,,644,1.0,3.0
033110020000,1200.0,,630,1.0,3.0
033110021000,0.0,,0,1.0,3.0
033110024000,,,580,1.0,3.0
033110030000,500.0,,1376,1.0,4.0
033120001000,1000.0,,632,1.0,3.0
033120002000,1600.0,,320,1.0,3.0
033120003000,,,528,1.0,2.0
033120004000,,,480,1.0,2.0
033120005000,,,0,1.0,3.0
033120006000,1000.0,,676,1.0,2.0
033120007000,0.0,,462,1.0,2.0
033120008000,400.0,,0,1.0,3.0
033120009000,800.0,,361,1.0,4.0
033120010000,,,0,1.0,3.0
033120013000,32.0,,520,1.0,4.0
033120014000,,,0,1.0,3.0
033120015000,,,0,1.0,
033120017000,,,0,1.0,3.0
033120018000,1200.0,,483,1.0,2.0
033120019000,,,720,1.0,3.0
033130002000,430.0,,842,1.0,3.0
033130003000,,,0,1.0,2.0
033130007000,1200.0,,440,1.0,3.0
033130008000,1189.0,,450,1.0,3.0
033130009000,,,528,1.0,2.0
033130010000,1500.0,,529,1.0,3.0
033130011000,0.0,,550,1.0,3.0
033130012000,600.0,,644,1.0,3.0
033130013000,2210.0,,898,1.0,2.0
033130014000,1000.0,,648,1.0,3.0
033130015000,,,0,1.0,2.0
033130016000,560.0,,400,1.0,3.0
033130017000,0.0,,506,1.0,2.0
033130018000,900.0,,546,1.0,3.0
033130019000,700.0,,484,1.0,2.0
033130020000,1000.0,,100,1.0,3.0
033130021000,440.0,,484,1.0,2.0
033130022000,1200.0,,696,1.0,3.0
033140001000,2500.0,,672,1.0,3.0
033140002000,4000.0,,770,1.0,3.0
033140004000,1820.0,,600,1.0,3.0
033140005000,2625.0,,644,1.0,3.0
033140007000,5000.0,,928,1.0,3.0
033140008000,2242.0,,598,1.0,3.0
033140009000,,,625,1.0,
033140010000,1780.0,,682,1.0,4.0
033140011000,2529.0,,960,1.0,3.0
033140012000,,,462,1.0,3.0
033140013000,,,620,1.0,3.0
033140014000,1200.0,,780,1.0,3.0
033140015000,192.0,,752,1.0,3.0
033140016000,2602.0,,624,1.0,3.0
033150001000,,,484,1.0,4.0
033150002000,1300.0,,669,1.0,3.0
033150003000,1000.0,,586,1.0,2.0
033150004000,810.0,,520,1.0,2.0
033150005000,2662.0,,667,1.0,3.0
033150006000,1600.0,,613,1.0,3.0
033150007000,2097.0,,560,1.0,3.0
033150008000,0.0,,765,1.0,3.0
033150012000,0.0,,240,1.0,2.0
033150013000,1850.0,,824,1.0,3.0
033150015000,0.0,,460,1.0,3.0
033150017000,672.0,,484,1.0,3.0
033150019000,520.0,,680,1.0,3.0
033160001000,1200.0,,484,1.0,3.0
033160002000,2500.0,,616,1.0,4.0
033160003000,1200.0,,630,1.0,3.0
033160004000,1875.0,,572,1.0,3.0
033160005000,1200.0,,400,1.0,4.0
033160006000,0.0,,616,1.0,3.0
033160007000,1000.0,,440,1.0,3.0
033160008000,0.0,,690,1.0,3.0
033160009000,440.0,,490,1.0,3.0
033160010000,0.0,,432,1.0,3.0
033160011000,632.0,,564,1.0,3.0
033160012000,1000.0,,792,1.0,3.0
033160013000,664.0,,480,1.0,3.0
033160014000,420.0,,364,1.0,2.0
033160015000,0.0,,400,1.0,2.0
033160016000,0.0,,580,1.0,3.0
033160017000,492.0,,480,1.0,3.0
033160018000,117.0,,588,1.0,2.0
033160019000,0.0,,0,1.0,3.0
033160020000,944.0,,600,1.0,2.0
033160021000,870.0,,528,1.0,3.0
033160022000,772.0,,576,1.0,4.0
033160023000,1800.0,,484,1.0,3.0
033160026000,1008.0,,484,1.0,3.0
033160027000,724.0,,420,1.0,3.0
033160028000,800.0,,680,1.0,2.0
033160029000,600.0,,528,1.0,3.0
033160030000,440.0,,440,1.0,3.0
033160032000,2133.0,,692,1.0,3.0
033160033000,1640.0,,422,1.0,3.0
033160034000,126.0,,780,1.0,3.0
033160035000,,,642,1.0,3.0
033160036000,1256.0,,494,1.0,3.0
033160037000,1100.0,,528,1.0,3.0
033180004000,,,384,1.0,3.0
033180005000,2470.0,,528,1.0,3.0
033180006000,,,484,1.0,4.0
033180008000,1656.0,,864,1.0,3.0
033180009000,1000.0,,528,1.0,2.0
033180010000,540.0,,528,1.0,3.0
033180011000,1000.0,,440,1.0,3.0
033180012000,,,462,1.0,3.0
033180013000,,,520,1.0,3.0
033180014000,,,480,1.0,3.0
033180017000,,,504,1.0,3.0
033180018000,500.0,,506,1.0,3.0
033180019000,600.0,,420,1.0,3.0
033180020000,,,560,1.0,2.0
033180021000,900.0,,992,1.0,3.0
033190001000,0.0,,704,1.0,4.0
033190005000,2000.0,,484,1.0,3.0
033190007000,1200.0,,814,1.0,3.0
033190008000,2500.0,,240,1.0,2.0
033190009000,3227.0,,804,1.0,4.0
033190010000,1600.0,,1045,1.0,4.0
033190011000,3384.0,,634,1.0,3.0
033190012000,3000.0,,768,1.0,4.0
033190015000,1000.0,,660,1.0,4.0
033190023000,2028.0,,800,1.0,4.0
033190024000,1479.0,,576,1.0,3.0
033190025000,2500.0,,596,1.0,3.0
033190026000,2200.0,,0,1.0,1.0
033190027000,0.0,,500,1.0,4.0
033200008000,2500.0,,660,1.0,3.0
033200020000,870.0,,483,1.0,3.0
033210001000,0.0,,484,1.0,2.0
033210009000,4380.0,,496,1.0,3.0
033210010000,1500.0,,576,1.0,3.0
033210012000,0.0,,609,1.0,3.0
033210013000,,,280,1.0,4.0
033210014000,3013.0,,528,1.0,3.0
033220001000,0.0,,440,1.0,3.0
033220002000,16.0,,480,1.0,2.0
033220003000,,,500,1.0,3.0
033220004000,2500.0,,1042,1.0,3.0
033220005000,2000.0,,736,1.0,3.0
033220006000,2500.0,,704,1.0,3.0
033220008000,0.0,,528,1.0,3.0
033220009000,1000.0,,480,1.0,3.0
033220010000,1133.0,,552,1.0,3.0
033220011000,885.0,,440,1.0,2.0
033220013000,1060.0,,496,1.0,3.0
033220014000,,,528,1.0,3.0
033220015000,1200.0,,462,1.0,3.0
033220016000,2989.0,,1152,1.0,3.0
033220017000,1000.0,,528,1.0,3.0
033220018000,1215.0,,484,1.0,3.0
033220019000,1426.0,,264,1.0,3.0
033220020000,1220.0,,528,1.0,3.0
033220021000,0.0,,620,1.0,3.0
033220022000,1000.0,,560,1.0,3.0
033220023000,3000.0,,744,1.0,2.0
033220024000,1000.0,,483,1.0,3.0
033220025000,846.0,,400,1.0,3.0
033230001000,1616.0,,400,1.0,3.0
033230002000,,,720,1.0,4.0
033230003000,1221.0,,640,1.0,3.0
033230004000,1200.0,,440,1.0,3.0
033230005000,1200.0,,440,1.0,3.0
033230006000,1500.0,,1086,1.0,2.0
033230007000,0.0,,528,1.0,3.0
033230008000,1128.0,,570,1.0,3.0
033230009000,1112.0,,504,1.0,2.0
033230010000,0.0,,480,1.0,2.0
033230011000,2108.0,,576,1.0,4.0
033230012000,1596.0,,451,1.0,3.0
033230014000,,,504,1.0,3.0
033230015000,800.0,,450,1.0,3.0
033230017000,,,504,1.0,3.0
033230018000,0.0,,715,1.0,3.0
033230019000,1000.0,,400,1.0,3.0
033230020000,2135.0,,728,1.0,3.0
033230021000,1500.0,,715,1.0,3.0
033230022000,1320.0,,336,1.0,2.0
033230023000,0.0,,440,1.0,3.0
033230024000,3200.0,,679,1.0,2.0
033230025000,3000.0,,480,1.0,3.0
033230026000,1500.0,,400,1.0,2.0
033230029000,0.0,,484,1.0,2.0
033230030000,960.0,,510,1.0,2.0
033230031000,0.0,,416,1.0,3.0
033230033000,0.0,,484,1.0,3.0
033230034000,623.0,,400,1.0,2.0
033240001000,1076.0,,520,1.0,2.0
033240002000,1000.0,,704,1.0,2.0
033240003000,2500.0,,553,1.0,3.0
033240004000,2472.0,,460,1.0,3.0
033240005000,400.0,,528,1.0,4.0
033240022000,576.0,,480,1.0,3.0
033240023000,800.0,,521,1.0,3.0
033240024000,1200.0,,510,1.0,3.0
033240025000,1500.0,,480,1.0,3.0
033240026000,2500.0,,595,1.0,3.0
033240027000,400.0,,440,1.0,3.0
033240028000,,,0,1.0,2.0
033240029000,2000.0,,559,1.0,4.0
033250003000,,,613,1.0,3.0
033250004000,2000.0,,891,1.0,3.0
033250005000,836.0,,576,1.0,3.0
033250006000,1200.0,,484,1.0,3.0
033250008000,,,0,1.0,3.0
033250009000,,,528,1.0,3.0
033250010000,0.0,,420,1.0,3.0
033250011000,1000.0,,572,1.0,3.0
033250012000,682.0,,484,1.0,3.0
033250013000,0.0,,400,1.0,5.0
033250014000,0.0,,616,1.0,3.0
033250015000,450.0,,1053,1.0,4.0
033250020000,1158.0,,480,1.0,2.0
033250021000,3500.0,,836,1.0,3.0
033250022000,1052.0,,480,1.0,3.0
033250023000,3000.0,,480,1.0,3.0
033250024000,2000.0,,880,1.0,3.0
033250025000,1101.0,,576,1.0,3.0
033250026000,,,428,1.0,3.0
033250027000,1000.0,,572,1.0,3.0
033250028000,1612.0,,1430,1.0,3.0
033250029000,0.0,,400,1.0,3.0
033250030000,1000.0,,572,1.0,3.0
033250031000,1500.0,,748,1.0,3.0
033250032000,972.0,,678,1.0,2.0
033250033000,1616.0,,572,1.0,3.0
033250034000,2512.0,,484,1.0,3.0
033250035000,2000.0,,462,1.0,3.0
033250036000,2000.0,,768,1.0,3.0
033250037000,2322.0,,884,1.0,2.0
033250039000,800.0,,504,1.0,4.0
033250040000,1000.0,,536,1.0,3.0
033250041000,1080.0,,480,1.0,3.0
033250042000,0.0,,576,1.0,3.0
033250043000,,,480,1.0,3.0
033250044000,,,0,1.0,3.0
033250045000,2450.0,,600,1.0,3.0
033250046000,1200.0,,858,1.0,4.0
033250047000,,,0,1.0,3.0
033260001000,1264.0,,550,1.0,3.0
033260002000,614.0,,529,1.0,3.0
033260003000,0.0,,528,1.0,3.0
033260004000,1500.0,,682,1.0,2.0
033260008000,0.0,,480,1.0,3.0
033260009000,1100.0,,528,1.0,3.0
033260010000,1100.0,,472,1.0,3.0
033260011000,952.0,,420,1.0,3.0
033260012000,1200.0,,484,1.0,4.0
033260013000,784.0,,528,1.0,4.0
033260014000,1671.0,,462,1.0,3.0
033260015000,800.0,,708,1.0,3.0
033260016000,816.0,,430,1.0,3.0
033260017000,2000.0,,572,1.0,3.0
033260018000,0.0,,560,1.0,3.0
033260019000,0.0,,620,1.0,3.0
033260020000,375.0,,576,1.0,2.0
033260021000,,,584,1.0,3.0
033260022000,742.0,,532,1.0,2.0
033260023000,,,522,1.0,3.0
033260024000,1830.0,,576,1.0,3.0
033260025000,1331.0,,520,1.0,3.0
033260027000,528.0,,560,1.0,3.0
033260028000,0.0,,493,1.0,3.0
033260029000,1038.0,,704,1.0,3.0
033260030000,36.0,,550,1.0,3.0
033260031000,1000.0,,546,1.0,3.0
033260032000,0.0,,422,1.0,3.0
033260033000,600.0,,640,1.0,3.0
033260034000,156.0,,462,1.0,3.0
033260036000,1100.0,,504,1.0,3.0
033260037000,1200.0,,525,1.0,3.0
033260038000,620.0,,420,1.0,3.0
033260039000,480.0,,480,1.0,3.0
033260040000,1024.0,,644,1.0,3.0
033270003000,1155.0,,420,1.0,3.0
033270004000,693.0,,399,1.0,2.0
033270010000,0.0,,680,1.0,3.0
033270011000,,,0,1.0,3.0
033270013000,2730.0,,572,1.0,3.0
033270014000,800.0,,703,1.0,3.0
033270015000,,,456,1.0,
033270016000,1000.0,,672,1.0,3.0
033270017000,640.0,,1020,1.0,3.0
033270018000,1200.0,,576,1.0,3.0
033270019000,0.0,,506,1.0,3.0
033270020000,999.0,,1010,1.0,3.0
033270021000,,,0,1.0,2.0
033270022000,,,400,1.0,6.0
033280001000,0.0,,504,1.0,3.0
033280012000,1000.0,,704,1.0,5.0
033280015000,800.0,,336,1.0,2.0
033280016000,2300.0,,756,1.0,3.0
033280017000,0.0,,634,1.0,3.0
033280018000,2000.0,,572,1.0,4.0
033280019000,2500.0,,520,1.0,4.0
033280020000,0.0,,572,1.0,2.0
033280021000,1408.0,,672,1.0,3.0
033280022000,,,660,1.0,3.0
033280023000,1000.0,,432,1.0,4.0
033280024000,800.0,,600,1.0,3.0
033290004000,2500.0,,455,1.0,4.0
033290007000,1200.0,,594,1.0,3.0
033290008000,,,0,1.0,3.0
033290013000,800.0,,338,1.0,2.0
033290015000,815.0,,560,1.0,3.0
033290016000,1200.0,,800,1.0,4.0
033290018000,1500.0,,498,1.0,3.0
033290022000,0.0,,480,1.0,3.0
033290023000,1640.0,,484,1.0,3.0
033290024000,642.0,,440,1.0,3.0
033290026000,392.0,,528,1.0,3.0
033290027000,800.0,,400,1.0,3.0
033290028000,0.0,,441,1.0,3.0
033290029000,1088.0,,528,1.0,3.0
033290031000,1102.0,,528,1.0,3.0
033290032000,600.0,,556,1.0,2.0
033290033000,1110.0,,400,1.0,3.0
033290034000,0.0,,420,1.0,3.0
033300003000,600.0,,528,1.0,3.0
033300006000,0.0,,400,1.0,3.0
033300007000,0.0,,440,1.0,3.0
033300008000,3069.0,,484,1.0,3.0
033300009000,2500.0,,484,1.0,4.0
033300010000,,,0,1.0,3.0
033300011000,4500.0,,484,1.0,3.0
033300012000,0.0,,400,1.0,3.0
033300013000,911.0,,400,1.0,3.0
033300014000,,,440,1.0,3.0
033300015000,1200.0,,528,1.0,3.0
033300016000,800.0,,440,1.0,3.0
033300017000,1500.0,,518,1.0,3.0
033300020000,0.0,,920,1.0,3.0
033300021000,0.0,,400,1.0,3.0
033300022000,750.0,,456,1.0,2.0
033300025000,2000.0,,616,1.0,3.0
033300026000,1264.0,,440,1.0,3.0
033300027000,912.0,,516,1.0,3.0
033300028000,0.0,,384,1.0,2.0
033300029000,,,528,1.0,4.0
033300031000,,,528,1.0,3.0
033300032000,1788.0,,484,1.0,3.0
033300034000,,,0,1.0,3.0
033300036000,1400.0,,462,1.0,4.0
033300037000,609.0,,525,1.0,3.0
033300038000,1340.0,,546,1.0,3.0
033300039000,0.0,,400,1.0,2.0
033300040000,0.0,,440,1.0,2.0
033300041000,1500.0,,588,1.0,3.0
033300042000,,,312,1.0,3.0
033300043000,500.0,,440,1.0,4.0
033300044000,,,0,1.0,3.0
033300046000,2300.0,,576,1.0,3.0
033300047000,744.0,,528,1.0,4.0
033300049000,1008.0,,504,1.0,3.0
033300050000,800.0,,600,1.0,3.0
033310001000,1000.0,,528,1.0,3.0
033310003000,2398.0,,512,1.0,3.0
033310005000,764.0,,528,1.0,3.0
033310007000,2000.0,,0,1.0,4.0
033310009000,1500.0,,200,1.0,2.0
033310010000,1000.0,,576,1.0,3.0
033310011000,0.0,,400,1.0,3.0
033310012000,0.0,,712,1.0,2.0
033310013000,1000.0,,484,1.0,3.0
033310015000,1052.0,,460,1.0,3.0
033310016000,1200.0,,520,1.0,3.0
033310017000,800.0,,0,1.0,3.0
033310018000,1316.0,,441,1.0,3.0
033310020000,,,804,1.0,3.0
033310021000,700.0,,480,1.0,3.0
033310023000,1000.0,,528,1.0,3.0
033310024000,1200.0,,440,1.0,2.0
033310025000,0.0,,586,1.0,3.0
033310026000,63.0,,547,1.0,3.0
033310027000,1000.0,,506,1.0,3.0
033310028000,0.0,,606,1.0,3.0
033310029000,3000.0,,504,1.0,4.0
033310030000,1000.0,,520,1.0,2.0
033310031000,3000.0,,517,1.0,3.0
033320002000,,,616,1.0,3.0
033320004000,624.0,,252,1.0,2.0
033320005000,1050.0,,440,1.0,3.0
033320006000,,,440,1.0,3.0
033320007000,1020.0,,528,1.0,3.0
033320008000,1360.0,,551,1.0,3.0
033320009000,1162.0,,660,1.0,3.0
033320012000,1200.0,,400,1.0,3.0
033320013000,1260.0,,484,1.0,4.0
033320014000,480.0,,572,1.0,3.0
033320015000,,,441,1.0,2.0
033320016000,1000.0,,758,1.0,3.0
033320017000,937.0,,480,1.0,3.0
033320018000,1251.0,,528,1.0,3.0
033320019000,1120.0,,529,1.0,3.0
033330001000,1660.0,,480,1.0,3.0
033330002000,0.0,,603,1.0,3.0
033330004000,,,0,1.0,
033330005000,1200.0,,576,1.0,3.0
033330006000,400.0,,528,1.0,3.0
033330017000,4000.0,,488,1.0,3.0
033340001000,1000.0,,484,1.0,3.0
033340002000,2815.0,,546,1.0,3.0
033340003000,,,532,1.0,3.0
033340004000,720.0,,576,1.0,3.0
033340006000,0.0,,550,1.0,3.0
033340007000,0.0,,528,1.0,3.0
033340008000,0.0,,400,1.0,2.0
033340009000,,,528,1.0,3.0
033340010000,480.0,,640,1.0,4.0
033340011000,2000.0,,780,1.0,3.0
033340012000,0.0,,688,1.0,3.0
033340020000,1500.0,,580,1.0,3.0
033340021000,3149.0,,766,1.0,4.0
033340022000,2000.0,,776,1.0,3.0
033340023000,2000.0,,630,1.0,3.0
033350003000,400.0,,700,1.0,3.0
033350005000,1065.0,,740,1.0,3.0
033350006000,1256.0,,576,1.0,3.0
033350007000,1200.0,,653,1.0,3.0
033350008000,600.0,,594,1.0,3.0
033350009000,1000.0,,484,1.0,3.0
033350012000,400.0,,886,1.0,
033350018000,,,474,1.0,4.0
033350019000,500.0,,440,1.0,3.0
033350020000,,,308,1.0,3.0
033350021000,0.0,,400,1.0,2.0
033350022000,984.0,,490,1.0,4.0
033350023000,785.0,,576,1.0,3.0
033360003000,3000.0,,736,1.0,4.0
033360004000,784.0,,384,1.0,3.0
033360005000,680.0,,528,1.0,3.0
033360007000,3200.0,,711,1.0,3.0
033360008000,0.0,,484,1.0,3.0
033360011000,3000.0,,504,1.0,3.0
033360012000,0.0,,534,1.0,3.0
033360013000,1200.0,,660,1.0,4.0
033360014000,912.0,,400,1.0,3.0
033360016000,1100.0,,528,1.0,5.0
033360017000,860.0,,528,1.0,3.0
033360019000,0.0,,483,1.0,3.0
033360020000,,,0,1.0,4.0
033360021000,2650.0,,504,1.0,3.0
033360023000,1684.0,,550,1.0,4.0
033370001000,1000.0,,798,1.0,2.0
033370002000,2000.0,,400,1.0,3.0
033370003000,,,486,1.0,3.0
033370004000,1000.0,,576,1.0,4.0
033370005000,,,0,1.0,3.0
033370006000,674.0,,440,1.0,3.0
033370007000,788.0,,480,1.0,3.0
033370008000,1500.0,,480,1.0,3.0
033370009000,2000.0,,520,1.0,2.0
033370010000,0.0,,480,1.0,3.0
033370011000,500.0,,456,1.0,4.0
033370012000,2234.0,,731,1.0,4.0
033370013000,1828.0,,714,1.0,3.0
033370014000,1080.0,,462,1.0,3.0
033370020000,1000.0,,528,1.0,3.0
033370022000,3263.0,,528,1.0,3.0
033370023000,500.0,,400,1.0,2.0
033370025000,2230.0,,880,1.0,3.0
033370026000,1390.0,,484,1.0,3.0
033370027000,1852.0,,576,1.0,3.0
033370028000,1200.0,,440,1.0,3.0
033370030000,944.0,,576,1.0,3.0
033370031000,1324.0,,576,1.0,3.0
033370032000,1200.0,,440,1.0,3.0
033370033000,500.0,,560,1.0,3.0
033370034000,135.0,,484,1.0,3.0
033370035000,900.0,,546,1.0,3.0
033370036000,400.0,,288,1.0,3.0
033370037000,,,768,1.0,3.0
033370038000,1000.0,,320,1.0,3.0
033370041000,1675.0,,400,1.0,3.0
033370042000,0.0,,408,1.0,2.0
033370043000,0.0,,480,1.0,3.0
033370044000,,,484,1.0,3.0
033370047000,1212.0,,528,1.0,3.0
033370048000,1124.0,,400,1.0,3.0
033370050000,,,640,1.0,3.0
033380001000,0.0,,440,1.0,3.0
033380003000,2000.0,,609,1.0,3.0
033380004000,800.0,,480,1.0,3.0
033380005000,1500.0,,510,1.0,3.0
033380006000,1200.0,,480,1.0,3.0
033380007000,1232.0,,396,1.0,3.0
033380008000,,,380,1.0,3.0
033380009000,0.0,,560,1.0,3.0
033380010000,2500.0,,513,1.0,3.0
033380011000,,,519,1.0,3.0
033380012000,1188.0,,501,1.0,3.0
033380014000,520.0,,575,1.0,3.0
033380015000,800.0,,440,1.0,2.0
033380016000,1200.0,,862,1.0,3.0
033380017000,48.0,,520,1.0,3.0
033380021000,1000.0,,352,1.0,2.0
033380022000,0.0,,480,1.0,3.0
033380023000,1382.0,,506,1.0,3.0
033380024000,300.0,,420,1.0,3.0
033380025000,800.0,,484,1.0,2.0
033380026000,1926.0,,600,1.0,4.0
033380028000,275.0,,600,1.0,3.0
033380029000,800.0,,500,1.0,2.0
033380034000,1000.0,,656,1.0,3.0
033380035000,,,484,1.0,2.0
033390001000,,,440,1.0,3.0
033390003000,1800.0,,436,1.0,3.0
033390004000,1544.0,,576,1.0,3.0
033390006000,1158.0,,450,1.0,3.0
033390007000,1072.0,,548,1.0,3.0
033390008000,1000.0,,440,1.0,4.0
033390009000,685.0,,540,1.0,4.0
033390010000,854.0,,480,1.0,2.0
033390011000,800.0,,400,1.0,3.0
033390012000,1220.0,,462,1.0,3.0
033390013000,800.0,,580,1.0,2.0
033390014000,0.0,,608,1.0,3.0
033390015000,0.0,,672,1.0,3.0
033390016000,400.0,,576,1.0,3.0
033390017000,992.0,,684,1.0,3.0
033390018000,2000.0,,720,1.0,3.0
033390019000,0.0,,480,1.0,3.0
033390020000,900.0,,480,1.0,3.0
033390021000,500.0,,484,1.0,3.0
033390022000,1000.0,,441,1.0,3.0
033390024000,1000.0,,624,1.0,3.0
033390026000,1200.0,,528,1.0,3.0
033390027000,3000.0,,1472,1.0,
033390028000,1200.0,,557,1.0,3.0
033390029000,,,484,1.0,3.0
033390030000,3500.0,,516,1.0,3.0
033390031000,2000.0,,609,1.0,3.0
033390032000,1200.0,,1496,1.0,2.0
033390034000,0.0,,554,1.0,3.0
033390035000,0.0,,588,1.0,3.0
033400001000,1000.0,,440,1.0,3.0
033400002000,1408.0,,618,1.0,3.0
033400004000,2000.0,,660,1.0,4.0
033400006000,1600.0,,600,1.0,3.0
033400007000,600.0,,0,1.0,3.0
033400008000,600.0,,540,1.0,3.0
033400010000,800.0,,400,1.0,3.0
033400011000,1200.0,,662,1.0,3.0
033400013000,0.0,,484,1.0,3.0
033400014000,0.0,,441,1.0,3.0
033400015000,1040.0,,522,1.0,3.0
033400018000,1200.0,,676,1.0,3.0
033400019000,1000.0,,516,1.0,3.0
033400020000,0.0,,538,1.0,3.0
033400021000,2266.0,,576,1.0,3.0
033400022000,0.0,,484,1.0,3.0
033400023000,240.0,,520,1.0,3.0
033400024000,,,0,1.0,3.0
033400025000,886.0,,520,1.0,3.0
033400026000,1287.0,,528,1.0,3.0
033400027000,902.0,,528,1.0,2.0
033400028000,1020.0,,480,1.0,3.0
033400029000,1000.0,,504,1.0,3.0
033400030000,2000.0,,528,1.0,3.0
033400031000,553.0,,504,1.0,3.0
033400032000,0.0,,624,1.0,3.0
033400033000,0.0,,478,1.0,3.0
033400034000,,,452,1.0,3.0
033400035000,,,576,1.0,2.0
033400036000,640.0,,480,1.0,3.0
033400037000,0.0,,440,1.0,3.0
033400038000,1560.0,,528,1.0,4.0
033400039000,1000.0,,484,1.0,3.0
033410003000,450.0,,420,1.0,3.0
033410005000,,,528,1.0,3.0
033410006000,0.0,,528,1.0,2.0
033410007000,1440.0,,460,1.0,3.0
033410008000,0.0,,600,1.0,3.0
033410009000,1480.0,,560,1.0,3.0
033410010000,0.0,,717,1.0,3.0
033410011000,640.0,,441,1.0,3.0
033410012000,0.0,,750,1.0,3.0
033410013000,0.0,,664,1.0,3.0
033410014000,1200.0,,528,1.0,3.0
033410015000,640.0,,540,1.0,3.0
033410016000,1000.0,,672,1.0,3.0
033410017000,936.0,,528,1.0,3.0
033410018000,800.0,,528,1.0,3.0
033410019000,1000.0,,0,1.0,3.0
033410023000,,,0,1.0,3.0
033410024000,1500.0,,660,1.0,3.0
033410025000,1160.0,,768,1.0,3.0
033410026000,800.0,,528,1.0,3.0
033410027000,,,0,1.0,3.0
033410028000,400.0,,576,1.0,3.0
033410029000,990.0,,638,1.0,3.0
033410030000,0.0,,616,1.0,3.0
033410031000,0.0,,670,1.0,3.0
033410032000,1000.0,,616,1.0,3.0
033410033000,1200.0,,546,1.0,3.0
033410034000,0.0,,456,1.0,3.0
033410035000,480.0,,573,1.0,3.0
033410036000,,,678,1.0,3.0
033410037000,1420.0,,576,1.0,3.0
033410038000,1000.0,,528,1.0,3.0
033410040000,36.0,,480,1.0,3.0
033410041000,0.0,,522,1.0,3.0
033410042000,,,0,1.0,3.0
033420002000,1000.0,,616,1.0,3.0
033420003000,800.0,,395,1.0,3.0
033420004000,,,440,1.0,3.0
033420005000,0.0,,600,1.0,3.0
033420006000,0.0,,441,1.0,3.0
033420007000,2000.0,,484,1.0,3.0
033420008000,548.0,,462,1.0,4.0
033420009000,0.0,,624,1.0,4.0
033420012000,1500.0,,616,1.0,3.0
033420013000,0.0,,636,1.0,2.0
033420014000,1200.0,,720,1.0,2.0
033420015000,1000.0,,672,1.0,4.0
033420016000,500.0,,500,1.0,3.0
033420017000,2000.0,,484,1.0,3.0
033420018000,1000.0,,470,1.0,3.0
033420020000,710.0,,484,1.0,3.0
033420022000,2152.0,,528,1.0,3.0
033420023000,1000.0,,736,1.0,3.0
033420025000,312.0,,602,1.0,3.0
033420026000,1500.0,,1056,1.0,3.0
033430001000,,,440,1.0,3.0
033430002000,0.0,,660,1.0,3.0
033430003000,0.0,,400,1.0,3.0
033430004000,0.0,,630,1.0,3.0
033430005000,596.0,,576,1.0,3.0
033430006000,,,458,1.0,3.0
033430008000,1152.0,,600,1.0,3.0
033430009000,2000.0,,644,1.0,2.0
033430010000,0.0,,518,1.0,3.0
033430011000,2500.0,,824,1.0,3.0
033430016000,760.0,,774,1.0,3.0
033430017000,1000.0,,462,1.0,3.0
033430019000,972.0,,528,1.0,3.0
033430020000,1982.0,,748,1.0,3.0
033430021000,1000.0,,528,1.0,3.0
033430024000,,,0,1.0,3.0
033430025000,768.0,,528,1.0,3.0
033430026000,1500.0,,440,1.0,3.0
033430027000,1000.0,,528,1.0,2.0
033430028000,0.0,,714,1.0,3.0
033430029000,1512.0,,576,1.0,3.0
033440002000,1200.0,,836,1.0,3.0
033440003000,920.0,,592,1.0,3.0
033440004000,,,0,1.0,3.0
033440005000,0.0,,528,1.0,3.0
033440006000,,,0,1.0,3.0
033440007000,1424.0,,690,1.0,3.0
033440008000,1560.0,,792,1.0,2.0
033440009000,,,0,1.0,3.0
033440010000,864.0,,880,1.0,3.0
033440011000,1800.0,,600,1.0,3.0
033440012000,1298.0,,464,1.0,3.0
033440013000,500.0,,400,1.0,3.0
033440014000,2000.0,,665,1.0,3.0
033440015000,500.0,,462,1.0,3.0
033440016000,1330.0,,484,1.0,3.0
033440017000,536.0,,616,1.0,3.0
033440018000,1336.0,,520,1.0,2.0
033440019000,800.0,,484,1.0,3.0
033440020000,684.0,,484,1.0,3.0
033440021000,2520.0,,437,1.0,3.0
033440022000,1018.0,,504,1.0,3.0
033440023000,1200.0,,480,1.0,3.0
033440024000,1500.0,,444,1.0,3.0
033440025000,,,420,1.0,3.0
033440026000,0.0,,440,1.0,3.0
033440027000,772.0,,400,1.0,3.0
033440028000,752.0,,656,1.0,3.0
033440029000,2350.0,,475,1.0,3.0
033440030000,,,400,1.0,2.0
033440031000,,,576,1.0,3.0
033440032000,816.0,,420,1.0,3.0
033440033000,,,288,1.0,3.0
033440034000,1420.0,,462,1.0,3.0
033440035000,1282.0,,440,1.0,3.0
033440036000,,,400,1.0,2.0
033440037000,1037.0,,480,1.0,3.0
033440038000,1079.0,,484,1.0,3.0
033440039000,,,0,1.0,3.0
033440040000,960.0,,484,1.0,3.0
033440041000,1261.0,,572,1.0,3.0
033440042000,1174.0,,528,1.0,2.0
033440043000,1156.0,,902,1.0,3.0
033440044000,1156.0,,624,1.0,3.0
033440045000,1328.0,,384,1.0,3.0
033440046000,1000.0,,418,1.0,3.0
033440049000,800.0,,792,1.0,3.0
033450006000,0.0,,1024,1.0,2.0
033450007000,1500.0,,600,1.0,3.0
033450008000,1200.0,,484,1.0,3.0
033450009000,,,616,1.0,4.0
033450010000,2218.0,,624,1.0,5.0
033450011000,,,506,1.0,3.0
033450012000,1000.0,,400,1.0,3.0
033450013000,,,0,1.0,2.0
033450014000,700.0,,400,1.0,3.0
033450015000,800.0,,528,1.0,2.0
033450016000,,,624,1.0,3.0
033450017000,,,657,1.0,3.0
033450018000,,,528,1.0,3.0
033450019000,,,420,1.0,3.0
033450021000,0.0,,528,1.0,3.0
033450022000,,,528,1.0,3.0
033450023000,1300.0,,360,1.0,3.0
033450028000,660.0,,768,1.0,3.0
033450029000,1168.0,,616,1.0,3.0
033450030000,,,484,1.0,1.0
033450031000,1800.0,,552,1.0,3.0
033450032000,1500.0,,504,1.0,3.0
033450033000,1000.0,,616,1.0,3.0
033450034000,1000.0,,532,1.0,3.0
033450035000,1225.0,,720,1.0,3.0
033450036000,800.0,,484,1.0,3.0
033450038000,1000.0,,782,1.0,3.0
033450039000,1000.0,,576,1.0,4.0
033450040000,1277.0,,720,1.0,3.0
033450041000,0.0,,506,1.0,3.0
033450042000,2776.0,,704,1.0,3.0
033450043000,2000.0,,506,1.0,3.0
033450044000,0.0,,528,1.0,3.0
033450045000,,,400,1.0,3.0
033460001000,880.0,,480,1.0,3.0
033460002000,1660.0,,528,1.0,3.0
033460003000,400.0,,484,1.0,3.0
033460004000,24.0,,476,1.0,3.0
033460005000,720.0,,576,1.0,3.0
033460006000,,,568,1.0,2.0
033460007000,0.0,,472,1.0,3.0
033460008000,1200.0,,440,1.0,3.0
033460009000,700.0,,0,1.0,4.0
033460011000,792.0,,672,1.0,3.0
033460012000,1000.0,,680,1.0,3.0
033460013000,880.0,,504,1.0,2.0
033460014000,1000.0,,480,1.0,3.0
033460015000,2500.0,,792,1.0,3.0
033460016000,0.0,,576,1.0,3.0
033460017000,0.0,,564,1.0,3.0
033460018000,0.0,,594,1.0,3.0
033460019000,1200.0,,520,1.0,2.0
033460020000,1200.0,,420,1.0,3.0
033460021000,1500.0,,708,1.0,3.0
033460023000,0.0,,474,1.0,2.0
033460024000,1000.0,,504,1.0,3.0
033460025000,,,0,1.0,3.0
033460026000,2440.0,,836,1.0,3.0
033460027000,600.0,,1215,1.0,3.0
033460028000,2500.0,,817,1.0,3.0
033460029000,2964.0,,1058,1.0,2.0
033460030000,1420.0,,616,1.0,3.0
033460031000,1545.0,,552,1.0,3.0
033460032000,0.0,,512,1.0,3.0
033460033000,2766.0,,747,1.0,3.0
033460034000,1000.0,,566,1.0,3.0
033460035000,0.0,,506,1.0,2.0
033460036000,1000.0,,506,1.0,3.0
033460037000,,,840,1.0,3.0
033460038000,,,0,1.0,
033460039000,1440.0,,528,1.0,2.0
033460040000,0.0,,506,1.0,3.0
033460042000,,,0,1.0,2.0
033460043000,1000.0,,572,1.0,3.0
033460044000,1500.0,,462,1.0,3.0
033460045000,0.0,,792,1.0,3.0
033460046000,1000.0,,588,1.0,4.0
033460050000,1000.0,,483,1.0,3.0
033470001000,1000.0,,764,1.0,3.0
033470002000,1256.0,,660,1.0,3.0
033470003000,0.0,,590,1.0,3.0
033470004000,,,732,1.0,2.0
033470005000,,,876,1.0,
033470006000,1540.0,,960,1.0,3.0
033470007000,2295.0,,512,1.0,2.0
033470008000,2500.0,,628,1.0,3.0
033470009000,0.0,,881,1.0,3.0
033470010000,2500.0,,817,1.0,3.0
033470011000,2500.0,,845,1.0,3.0
033470012000,1000.0,,528,1.0,3.0
033470013000,112.0,,700,1.0,3.0
033470015000,1320.0,,564,1.0,3.0
033470016000,960.0,,460,1.0,2.0
033470017000,1992.0,,540,1.0,3.0
033470018000,1650.0,,567,1.0,2.0
033470019000,1000.0,,564,1.0,3.0
033470020000,1910.0,,572,1.0,3.0
033470021000,,,400,1.0,3.0
033470022000,1044.0,,484,1.0,3.0
033470023000,1466.0,,574,1.0,3.0
033470024000,2304.0,,630,1.0,3.0
033480001000,393.0,,528,1.0,3.0
033480002000,1315.0,,528,1.0,4.0
033480003000,1764.0,,616,1.0,3.0
033480004000,2160.0,,576,1.0,4.0
033480005000,2000.0,,720,1.0,3.0
033480006000,924.0,,814,1.0,2.0
033480007000,1112.0,,576,1.0,2.0
033480008000,,,0,1.0,2.0
033480009000,2500.0,,576,1.0,4.0
033480010000,1176.0,,528,1.0,3.0
033480011000,1880.0,,1200,1.0,2.0
033480012000,2724.0,,480,1.0,3.0
033480013000,1600.0,,776,1.0,3.0
033480014000,3920.0,,620,1.0,3.0
033480015000,1282.0,,525,1.0,3.0
033480016000,600.0,,480,1.0,2.0
033480017000,0.0,,504,1.0,3.0
033480018000,1272.0,,480,1.0,2.0
033480019000,2833.0,,704,1.0,3.0
033480020000,900.0,,480,1.0,3.0
033480021000,1500.0,,683,1.0,3.0
033490001000,1000.0,,480,1.0,3.0
033490003000,1000.0,,624,1.0,3.0
033490004000,1000.0,,204,1.0,3.0
033490005000,1000.0,,504,1.0,3.0
033490006000,0.0,,454,1.0,2.0
033490007000,1622.0,,844,1.0,4.0
033490008000,1000.0,,854,1.0,3.0
033490009000,,,616,1.0,2.0
033490010000,600.0,,420,1.0,2.0
033490011000,1400.0,,720,1.0,3.0
033490014000,1309.0,,598,1.0,3.0
033490015000,0.0,,396,1.0,2.0
033490016000,2500.0,,673,1.0,3.0
033490017000,1292.0,,437,1.0,3.0
033490018000,,,639,1.0,2.0
033490019000,1440.0,,576,1.0,2.0
033490020000,1600.0,,652,1.0,3.0
033490021000,2000.0,,1008,1.0,3.0
033490022000,,,676,1.0,2.0
033490023000,1840.0,,884,1.0,4.0
033500002000,0.0,,704,1.0,3.0
033500005000,,,0,1.0,3.0
033500006000,2000.0,,664,1.0,3.0
033500007000,1200.0,,765,1.0,3.0
033500008000,1910.0,,945,1.0,3.0
033500009000,768.0,,704,1.0,3.0
033500010000,1000.0,,720,1.0,3.0
033500011000,,,0,1.0,3.0
033500012000,,,0,1.0,3.0
033500013000,800.0,,512,1.0,3.0
033500014000,1000.0,,552,1.0,3.0
033500015000,1400.0,,680,1.0,3.0
033500016000,1240.0,,651,1.0,3.0
033500017000,1000.0,,484,1.0,3.0
033500018000,,,504,1.0,3.0
033500019000,,,440,1.0,3.0
033500020000,0.0,,432,1.0,2.0
033500021000,1531.0,,528,1.0,3.0
033500026000,0.0,,462,1.0,3.0
033500027000,1800.0,,519,1.0,3.0
033500028000,891.0,,480,1.0,3.0
033500029000,1410.0,,576,1.0,3.0
033500030000,0.0,,400,1.0,3.0
033500031000,0.0,,432,1.0,3.0
033500032000,0.0,,684,1.0,2.0
033500033000,500.0,,460,1.0,3.0
033500034000,2000.0,,440,1.0,3.0
033500035000,1310.0,,528,1.0,3.0
033500038000,1500.0,,576,1.0,4.0
033500039000,648.0,,576,1.0,3.0
033500040000,1331.0,,448,1.0,3.0
033500041000,1200.0,,400,1.0,3.0
033500043000,0.0,,480,1.0,2.0
033500044000,760.0,,504,1.0,4.0
033500045000,800.0,,484,1.0,2.0
033510001000,1750.0,,484,1.0,3.0
033510002000,400.0,,598,1.0,3.0
033510003000,1200.0,,690,1.0,3.0
033510004000,0.0,,542,1.0,3.0
033510005000,1032.0,,544,1.0,3.0
033510006000,1000.0,,528,1.0,4.0
033510007000,415.0,,528,1.0,3.0
033510008000,,,0,1.0,3.0
033510009000,2618.0,,682,1.0,3.0
033510011000,1307.0,,572,1.0,3.0
033510012000,1152.0,,572,1.0,3.0
033510013000,600.0,,528,1.0,2.0
033510014000,1250.0,,754,1.0,5.0
033510015000,398.0,,528,1.0,2.0
033510016000,1000.0,,440,1.0,2.0
033510017000,1156.0,,484,1.0,2.0
033510018000,0.0,,480,1.0,3.0
033510019000,1031.0,,484,1.0,3.0
033510020000,1415.0,,400,1.0,3.0
033510021000,1400.0,,528,1.0,3.0
033510022000,,,900,1.0,2.0
033510023000,0.0,,550,1.0,3.0
033510024000,1000.0,,504,1.0,3.0
033510025000,1668.0,,484,1.0,3.0
033510026000,1684.0,,572,1.0,3.0
033510027000,625.0,,420,1.0,3.0
033510028000,,,484,1.0,2.0
033510029000,1500.0,,441,1.0,3.0
033510030000,1469.0,,552,1.0,3.0
033510031000,1000.0,,456,1.0,3.0
033510032000,0.0,,480,1.0,2.0
033510033000,0.0,,616,1.0,3.0
033510034000,1274.0,,480,1.0,3.0
033510035000,400.0,,400,1.0,3.0
033510036000,400.0,,354,1.0,3.0
033520001000,700.0,,452,1.0,3.0
033520002000,1200.0,,576,1.0,3.0
033520003000,2752.0,,480,1.0,3.0
033520004000,0.0,,962,1.0,3.0
033520005000,1200.0,,792,1.0,3.0
033520006000,1154.0,,576,1.0,3.0
033520007000,979.0,,462,1.0,3.0
033520008000,0.0,,380,1.0,3.0
033520009000,600.0,,660,1.0,3.0
033520010000,,,0,1.0,3.0
033520011000,683.0,,400,1.0,3.0
033520012000,0.0,,399,1.0,3.0
033520013000,1250.0,,400,1.0,3.0
033520015000,2000.0,,990,1.0,3.0
033520016000,2000.0,,800,1.0,2.0
033520017000,1000.0,,672,1.0,3.0
033520018000,1234.0,,572,1.0,3.0
033520019000,1222.0,,672,1.0,3.0
033520020000,1600.0,,712,1.0,3.0
033520022000,640.0,,400,1.0,2.0
033520023000,0.0,,616,1.0,3.0
033520024000,980.0,,980,1.0,3.0
033520025000,617.0,,672,1.0,3.0
033520026000,1950.0,,644,1.0,3.0
033520027000,1100.0,,528,1.0,3.0
033520028000,600.0,,420,1.0,3.0
033520029000,2500.0,,765,1.0,3.0
033520030000,0.0,,380,1.0,2.0
033520031000,2100.0,,816,1.0,3.0
033520032000,1260.0,,603,1.0,3.0
033520033000,1000.0,,725,1.0,3.0
033520034000,1620.0,,588,1.0,3.0
033520035000,952.0,,288,1.0,2.0
033520036000,800.0,,432,1.0,3.0
033520037000,1508.0,,440,1.0,3.0
033520038000,1500.0,,462,1.0,3.0
033520039000,1328.0,,616,1.0,3.0
033520040000,510.0,,576,1.0,3.0
033520041000,808.0,,520,1.0,3.0
033520042000,800.0,,440,1.0,3.0
033520043000,1000.0,,432,1.0,3.0
033520044000,690.0,,441,1.0,3.0
033530001000,1250.0,,693,1.0,3.0
033530002000,,,0,1.0,3.0
033530003000,1000.0,,624,1.0,2.0
033530004000,1000.0,,599,1.0,3.0
033530005000,,,784,1.0,2.0
033530006000,1704.0,,900,1.0,3.0
033530007000,1753.0,,552,1.0,3.0
033530009000,0.0,,716,1.0,3.0
033530010000,1776.0,,753,1.0,2.0
033530011000,1692.0,,690,1.0,3.0
033530012000,600.0,,528,1.0,3.0
033530013000,944.0,,528,1.0,3.0
033530014000,800.0,,400,1.0,3.0
033530015000,836.0,,462,1.0,3.0
033530016000,1000.0,,528,1.0,3.0
033530017000,,,441,1.0,2.0
033530019000,0.0,,504,1.0,2.0
033530020000,,,0,1.0,3.0
033530021000,2279.0,,602,1.0,3.0
033530022000,1584.0,,552,1.0,3.0
033530023000,0.0,,300,1.0,2.0
033530024000,1075.0,,504,1.0,3.0
033530025000,700.0,,440,1.0,3.0
033530026000,1789.0,,816,1.0,3.0
033530027000,1000.0,,502,1.0,3.0
033530028000,735.0,,384,1.0,3.0
033530029000,1904.0,,520,1.0,3.0
033530030000,0.0,,440,1.0,3.0
033540003000,1620.0,,742,1.0,2.0
033540007000,0.0,,528,1.0,3.0
033540008000,2000.0,,648,1.0,3.0
033540009000,1490.0,,460,1.0,3.0
033540010000,1200.0,,506,1.0,3.0
033540011000,0.0,,440,1.0,3.0
033540012000,1000.0,,480,1.0,2.0
033550001000,1300.0,,462,1.0,2.0
033550002000,600.0,,0,1.0,3.0
033550003000,1740.0,,528,1.0,4.0
033550004000,894.0,,374,1.0,3.0
033550005000,,,722,1.0,
033550006000,400.0,,462,1.0,2.0
033550010000,2378.0,,680,1.0,2.0
033550011000,840.0,,736,1.0,3.0
033550012000,1000.0,,529,1.0,4.0
033550015000,2500.0,,1164,1.0,4.0
033550016000,2000.0,,801,1.0,3.0
033550017000,1200.0,,504,1.0,3.0
033550018000,0.0,,682,1.0,3.0
033550020000,,,0,1.0,3.0
033550021000,600.0,,0,1.0,3.0
033550024000,1744.0,,520,1.0,3.0
033550026000,1200.0,,0,1.0,3.0
033550027000,1000.0,,360,1.0,3.0
033550028000,0.0,,768,1.0,3.0
033560008000,0.0,,480,1.0,3.0
033560009000,1026.0,,480,1.0,3.0
033560017000,1800.0,,616,1.0,4.0
033560018000,600.0,,352,1.0,2.0
033560021000,1020.0,,528,1.0,3.0
033560022000,1000.0,,400,1.0,2.0
033560024000,0.0,,576,1.0,
033560025000,,,0,1.0,3.0
033560026000,,,0,1.0,3.0
033560029000,2356.0,,552,1.0,3.0
033560030000,528.0,,480,1.0,3.0
033560031000,800.0,,528,1.0,2.0
033560034000,1500.0,,660,1.0,3.0
033570001000,900.0,,706,1.0,5.0
033570002000,1882.0,,528,1.0,3.0
033570003000,500.0,,504,1.0,2.0
033570005000,1500.0,,759,1.0,3.0
033570006000,1200.0,,462,1.0,3.0
033570007000,1368.0,,704,1.0,3.0
033570008000,1230.0,,576,1.0,3.0
033570009000,800.0,,817,1.0,4.0
033570010000,1000.0,,576,1.0,3.0
033570011000,1080.0,,556,1.0,3.0
033570012000,1076.0,,484,1.0,3.0
033570013000,880.0,,462,1.0,2.0
033570015000,,,528,1.0,3.0
033570016000,0.0,,504,1.0,3.0
033570017000,1620.0,,484,1.0,3.0
033570018000,1260.0,,441,1.0,3.0
033570019000,12000.0,,792,1.0,3.0
033570020000,,,396,1.0,3.0
033570021000,0.0,,610,1.0,3.0
033570022000,1000.0,,440,1.0,3.0
033570023000,670.0,,704,1.0,2.0
033570024000,0.0,,560,1.0,3.0
033570025000,1664.0,,480,1.0,3.0
033570026000,1200.0,,0,1.0,4.0
033570027000,860.0,,512,1.0,3.0
033570028000,1640.0,,572,1.0,3.0
033570029000,800.0,,506,1.0,4.0
033570030000,,,0,1.0,2.0
033570031000,1500.0,,624,1.0,2.0
033570032000,2134.0,,441,1.0,2.0
033570033000,0.0,,480,1.0,3.0
033570034000,1357.0,,488,1.0,2.0
033570035000,,,440,1.0,3.0
033570036000,1177.0,,704,1.0,3.0
033570037000,1000.0,,480,1.0,2.0
033570039000,2500.0,,754,1.0,3.0
033570040000,1576.0,,768,1.0,5.0
033570041000,2500.0,,808,1.0,5.0
033570042000,,,682,1.0,2.0
033580010000,0.0,,400,1.0,2.0
033580011000,1000.0,,450,1.0,3.0
033580012000,0.0,,320,1.0,2.0
033580014000,958.0,,566,1.0,2.0
033580015000,0.0,,552,1.0,3.0
033580016000,880.0,,484,1.0,3.0
033580017000,1335.0,,528,1.0,3.0
033580019000,3500.0,,493,1.0,3.0
033580024000,2000.0,,564,1.0,4.0
033580025000,2024.0,,484,1.0,3.0
033590001000,1000.0,,480,1.0,3.0
033590002000,1541.0,,600,1.0,4.0
033590003000,2000.0,,730,1.0,3.0
033590011000,1427.0,,506,1.0,3.0
033590012000,1000.0,,648,1.0,3.0
033590013000,,,440,1.0,3.0
033590014000,,,0,1.0,4.0
033590015000,2500.0,,660,1.0,3.0
033590016000,1136.0,,594,1.0,3.0
033590017000,0.0,,506,1.0,3.0
033590018000,2000.0,,568,1.0,3.0
033590019000,,,484,1.0,2.0
033590020000,700.0,,605,1.0,3.0
033590021000,760.0,,440,1.0,3.0
033590022000,1000.0,,402,1.0,3.0
033590023000,1360.0,,484,1.0,4.0
033590025000,,,0,1.0,2.0
033590027000,0.0,,832,1.0,3.0
033590028000,,,504,1.0,4.0
033590030000,0.0,,600,1.0,3.0
033590031000,1200.0,,1120,1.0,3.0
033590032000,1305.0,,400,1.0,3.0
033590033000,2000.0,,600,1.0,3.0
033590034000,800.0,,615,1.0,5.0
033590036000,2061.0,,624,1.0,3.0
033590037000,4152.0,,768,1.0,4.0
033590038000,,,598,1.0,3.0
033590039000,,,480,1.0,3.0
033590040000,1500.0,,0,1.0,3.0
033600001000,0.0,,440,1.0,2.0
033600002000,2500.0,,802,1.0,3.0
033600003000,710.0,,484,1.0,2.0
033600005000,1300.0,,1082,1.0,3.0
033600006000,630.0,,440,1.0,3.0
033600007000,1080.0,,400,1.0,3.0
033600008000,28.0,,480,1.0,1.0
033600009000,,,0,1.0,3.0
033600010000,0.0,,672,1.0,3.0
033600011000,966.0,,816,1.0,3.0
033600012000,108.0,,440,1.0,3.0
033600013000,1706.0,,630,1.0,4.0
033600014000,1752.0,,624,1.0,3.0
033600015000,,,440,1.0,3.0
033600016000,845.0,,462,1.0,3.0
033600017000,0.0,,664,1.0,3.0
033600018000,1000.0,,462,1.0,3.0
033600019000,920.0,,462,1.0,3.0
033600020000,1338.0,,676,1.0,3.0
033600021000,952.0,,804,1.0,3.0
033600022000,1000.0,,528,1.0,3.0
033600023000,0.0,,768,1.0,3.0
033600024000,1676.0,,572,1.0,3.0
033600025000,0.0,,528,1.0,3.0
033600026000,,,0,1.0,3.0
033600027000,,,484,1.0,3.0
033600029000,884.0,,704,1.0,4.0
033600030000,,,480,1.0,3.0
033600032000,2000.0,,543,1.0,4.0
033600033000,3072.0,,704,1.0,4.0
033600034000,1908.0,,960,1.0,2.0
033610001000,2000.0,,528,1.0,3.0
033610002000,4025.0,,440,1.0,4.0
033610003000,0.0,,0,1.0,3.0
033610004000,3700.0,,1353,1.0,4.0
033610006000,1260.0,,572,1.0,3.0
033610007000,1200.0,,572,1.0,3.0
033610008000,1500.0,,575,1.0,3.0
033610009000,1000.0,,400,1.0,3.0
033610010000,2000.0,,792,1.0,3.0
033610011000,,,528,1.0,3.0
033610012000,,,484,1.0,3.0
033610013000,2500.0,,600,1.0,3.0
033610014000,1632.0,,484,1.0,3.0
033610015000,0.0,,720,1.0,3.0
033610016000,1160.0,,480,1.0,4.0
033610017000,600.0,,520,1.0,3.0
033610019000,2000.0,,693,1.0,2.0
033610020000,,,682,1.0,4.0
033610022000,0.0,,1163,1.0,4.0
033610023000,,,483,1.0,3.0
033610024000,1000.0,,624,1.0,3.0
033610025000,1481.0,,528,1.0,3.0
033610031000,1200.0,440.0,589,1.0,4.0
033610032000,1000.0,,516,1.0,4.0
033610034000,1000.0,,473,1.0,3.0
033620001000,0.0,,442,1.0,4.0
033620003000,870.0,,483,1.0,4.0
033620005000,0.0,,528,1.0,3.0
033620006000,1000.0,,572,1.0,3.0
033620012000,,,440,1.0,3.0
033620013000,500.0,,480,1.0,2.0
033620015000,1178.0,,480,1.0,3.0
033620016000,848.0,,484,1.0,3.0
033620017000,1436.0,,576,1.0,3.0
033620019000,1248.0,,462,1.0,3.0
033620020000,2000.0,,616,1.0,3.0
033620021000,3020.0,,528,1.0,3.0
033620022000,1641.0,,505,1.0,3.0
033620024000,560.0,,480,1.0,3.0
033620025000,1000.0,,506,1.0,3.0
033620026000,0.0,,704,1.0,3.0
033620027000,1000.0,,528,1.0,3.0
033620028000,42.0,,470,1.0,2.0
033620029000,1000.0,,840,1.0,4.0
033620032000,0.0,,770,1.0,5.0
033620033000,1200.0,,1149,1.0,3.0
033620034000,1547.0,,420,1.0,3.0
033620035000,2000.0,,660,1.0,3.0
033620036000,2500.0,,1088,1.0,4.0
033630002000,1500.0,,500,1.0,3.0
033630003000,500.0,,560,1.0,3.0
033630004000,1800.0,,420,1.0,2.0
033630005000,1200.0,,520,1.0,3.0
033630006000,1000.0,,400,1.0,2.0
033630007000,1500.0,,576,1.0,3.0
033630008000,1500.0,,576,1.0,3.0
033630009000,1208.0,,520,1.0,3.0
033630010000,1200.0,,400,1.0,3.0
033630011000,2500.0,,546,1.0,2.0
033630012000,1140.0,,480,1.0,3.0
033630014000,600.0,,440,1.0,3.0
033630015000,,,462,1.0,4.0
033630016000,,,540,1.0,2.0
033630017000,1000.0,,484,1.0,3.0
033630018000,1200.0,,588,1.0,2.0
033630019000,1500.0,,504,1.0,4.0
033630020000,1200.0,,528,1.0,2.0
033630021000,1132.0,,440,1.0,3.0
033630022000,2154.0,,600,1.0,4.0
033630023000,1200.0,,748,1.0,2.0
033630025000,,,0,1.0,2.0
033630028000,1500.0,,520,1.0,4.0
033630029000,42.0,,556,1.0,4.0
033630030000,1512.0,,552,1.0,3.0
033640002000,623.0,,720,1.0,5.0
033640003000,,,595,1.0,4.0
033640004000,3000.0,,722,1.0,3.0
033640008000,2000.0,,1040,1.0,3.0
033640009000,1552.0,,616,1.0,4.0
033640010000,2500.0,,680,1.0,3.0
033640011000,,,891,1.0,5.0
033640012000,,,884,1.0,4.0
033640013000,154.0,,562,1.0,3.0
033640014000,2500.0,,690,1.0,4.0
033640015000,573.0,,480,1.0,3.0
033640016000,2360.0,,825,1.0,3.0
033640017000,1258.0,,720,1.0,3.0
033640018000,2236.0,,864,1.0,4.0
033640021000,2000.0,,748,1.0,5.0
033650002000,816.0,,440,1.0,3.0
033650003000,1000.0,,400,1.0,3.0
033650004000,1000.0,,615,1.0,5.0
033650005000,1120.0,,480,1.0,3.0
033650006000,660.0,,400,1.0,3.0
033650007000,1200.0,,484,1.0,3.0
033650008000,800.0,,634,1.0,4.0
033650009000,3500.0,,896,1.0,3.0
033650011000,1500.0,,960,1.0,3.0
033650012000,2000.0,,768,1.0,3.0
033650013000,0.0,,680,1.0,4.0
033650014000,1429.0,,688,1.0,3.0
033650016000,,,0,1.0,3.0
033650018000,,,616,1.0,4.0
033650019000,2000.0,,614,1.0,3.0
033650022000,600.0,,484,1.0,3.0
033650023000,1355.0,,525,1.0,3.0
033650024000,0.0,,384,1.0,3.0
033650025000,1000.0,,600,1.0,2.0
033650026000,3600.0,,506,1.0,2.0
033650027000,2000.0,,528,1.0,4.0
034060006000,,,0,1.0,1.0
034260024000,,,668,1.0,2.0
034350011000,654.0,,576,1.0,2.0
035010027000,600.0,,598,1.0,3.0
035030001000,600.0,,0,1.0,2.0
035030002000,600.0,,528,1.0,3.0
035030006000,,,576,1.0,3.0
035030007000,1000.0,,511,1.0,3.0
035030008000,1000.0,,528,1.0,3.0
035030012000,600.0,,539,1.0,3.0
035040001000,,,420,1.0,4.0
035040002000,1280.0,,750,1.0,3.0
035040005000,800.0,,504,1.0,3.0
035040011000,1566.0,,573,1.0,3.0
035040012000,1400.0,,744,1.0,3.0
035040014000,414.0,,568,1.0,4.0
035040015000,1000.0,,528,1.0,2.0
035040017000,2000.0,,550,1.0,4.0
035040020000,500.0,,0,1.0,2.0
035050002000,1400.0,,448,1.0,3.0
035050003000,1000.0,,576,1.0,3.0
035050006000,1000.0,,672,1.0,2.0
035060004000,2000.0,,630,1.0,3.0
035060010000,600.0,,528,1.0,5.0
035060011000,3500.0,,528,1.0,3.0
035060018000,,,0,1.0,3.0
035060019000,1200.0,,788,1.0,1.0
035060030000,600.0,,484,1.0,3.0
035080003000,1500.0,,440,1.0,3.0
035080004000,400.0,,575,1.0,3.0
035080008000,1000.0,,480,1.0,3.0
035080009000,,,476,1.0,2.0
035080012000,1000.0,,440,1.0,
035080013000,1000.0,,420,1.0,3.0
035080014000,566.0,,550,1.0,3.0
035080015000,800.0,,400,1.0,3.0
035080017000,1000.0,,480,1.0,3.0
035080022000,1500.0,,980,1.0,4.0
035080024000,800.0,,440,1.0,3.0
035080025000,108.0,687.0,513,2.0,
035080026000,2992.0,,552,1.0,3.0
035080029000,1500.0,,672,1.0,3.0
035080034000,,,460,1.0,3.0
035080037000,1500.0,,384,1.0,2.0
035080046000,1656.0,,0,1.0,3.0
035080050000,1400.0,,754,1.0,4.0
035080052000,0.0,,840,1.0,3.0
035090001000,700.0,,416,1.0,4.0
035090004000,72.0,,416,1.0,3.0
035090005000,1800.0,,598,1.0,3.0
035090008000,1000.0,,441,1.0,2.0
035090009000,1207.0,,506,1.0,4.0
035090010000,500.0,,640,1.0,3.0
035090011000,1000.0,,0,1.0,3.0
035090012000,1000.0,,440,1.0,4.0
035090013000,,,552,1.0,3.0
035090014000,2466.0,,671,1.0,3.0
035090015000,5000.0,,578,1.0,3.0
035090016000,1500.0,,504,1.0,3.0
035090023000,1000.0,,480,1.0,3.0
035090027000,1248.0,,576,1.0,2.0
035090028000,2040.0,,720,1.0,4.0
035100001000,1822.0,,552,1.0,3.0
035100004000,1400.0,,441,1.0,4.0
035100005000,400.0,,462,1.0,3.0
035100006000,,,0,1.0,3.0
035100007000,1200.0,,0,1.0,2.0
035100008000,1200.0,,480,1.0,3.0
035100009000,500.0,,480,1.0,3.0
035100010000,1000.0,,462,1.0,3.0
035100011000,456.0,,552,1.0,3.0
035100014000,,,504,1.0,2.0
035100015000,100.0,,528,1.0,3.0
035100016000,1000.0,,528,1.0,3.0
035100017000,0.0,,420,1.0,3.0
035100018000,1000.0,,450,1.0,3.0
035100019000,1874.0,,624,1.0,2.0
035110007000,1400.0,,660,1.0,3.0
035110010000,328.0,,420,1.0,4.0
035110011000,760.0,,420,1.0,3.0
035110013000,800.0,,420,1.0,3.0
035110015000,1307.0,,625,1.0,3.0
035110016000,1322.0,,528,1.0,3.0
035110022000,1065.0,,625,1.0,3.0
035110023000,1782.0,,484,1.0,2.0
035110024000,800.0,,631,1.0,3.0
035120003000,894.0,,484,1.0,4.0
035120004000,1500.0,,480,1.0,4.0
035120006000,1200.0,,660,1.0,4.0
035120009000,600.0,,576,1.0,3.0
035120011000,1000.0,,1,1.0,3.0
035120012000,0.0,,528,1.0,4.0
035120013000,1155.0,,0,1.0,3.0
035120014000,,,644,1.0,4.0
035130002000,2000.0,,616,1.0,3.0
035130003000,500.0,,576,1.0,3.0
035130004000,1400.0,,544,1.0,3.0
035130005000,1218.0,,504,1.0,3.0
035130006000,800.0,,704,1.0,3.0
035130007000,1000.0,,462,1.0,3.0
035130008000,1400.0,,500,1.0,3.0
035130009000,1060.0,,500,1.0,3.0
035130010000,2002.0,,576,1.0,3.0
035130011000,1000.0,,368,1.0,3.0
035130022000,1332.0,,935,1.0,2.0
035130023000,2200.0,,480,1.0,3.0
035130025000,1000.0,,758,1.0,3.0
035130026000,1756.0,,704,1.0,3.0
035130027000,1576.0,,500,1.0,2.0
035130028000,2500.0,,576,1.0,3.0
035130029000,300.0,503.0,264,1.0,1.0
035130035000,800.0,,480,1.0,2.0
035130043000,1410.0,,0,1.0,3.0
035130045000,1000.0,,528,1.0,3.0
035130047000,1214.0,,861,1.0,3.0
035140020000,1000.0,,649,1.0,4.0
035140021000,,,506,1.0,3.0
035140027000,,,384,1.0,
035150003000,1000.0,,704,1.0,4.0
035150005000,776.0,,508,1.0,3.0
035150006000,700.0,,468,1.0,3.0
035150007000,812.0,,784,1.0,3.0
035150008000,700.0,,806,1.0,3.0
035150009000,1000.0,,528,1.0,3.0
035150010000,432.0,,576,1.0,3.0
035150011000,1393.0,,672,1.0,3.0
035150012000,1000.0,,624,1.0,3.0
035150013000,400.0,,616,1.0,3.0
035150014000,1184.0,,528,1.0,2.0
035150015000,1000.0,,396,1.0,3.0
035150017000,255.0,,380,1.0,2.0
035150018000,720.0,,788,1.0,2.0
035150019000,3000.0,,736,1.0,3.0
035150021000,,,480,1.0,2.0
035150022000,,,828,1.0,3.0
035150023000,2000.0,,760,1.0,2.0
035150024000,300.0,,528,1.0,3.0
035150025000,1500.0,,528,1.0,3.0
035150026000,1200.0,,576,1.0,3.0
035150031000,3000.0,,528,1.0,3.0
035150032000,800.0,,1040,1.0,2.0
035170004000,1600.0,,378,1.0,3.0
035180007000,2000.0,,441,1.0,3.0
035180011000,800.0,,506,1.0,5.0
035180012000,1100.0,,514,1.0,2.0
035180013000,,,506,1.0,4.0
035192007000,72.0,,576,1.0,2.0
035192008000,1584.0,,476,1.0,3.0
035192009000,,,614,1.0,3.0
035192010000,1200.0,,768,1.0,4.0
035192013000,,,528,1.0,3.0
035192014000,720.0,,546,1.0,3.0
035192018000,60.0,,546,1.0,3.0
035192023000,1871.0,,528,1.0,2.0
035192024000,2500.0,,1224,1.0,4.0
035192025000,,,672,1.0,3.0
035192028000,,,0,1.0,
035192029000,3000.0,,700,1.0,3.0
035192038000,2000.0,,704,1.0,3.0
035193001000,,,572,1.0,3.0
035193002000,,,420,1.0,3.0
035193021000,1000.0,,480,1.0,3.0
035193023000,1500.0,,418,1.0,3.0
035193024000,,,480,1.0,3.0
035193025000,30.0,,480,1.0,3.0
035193026000,1000.0,,625,1.0,3.0
035193027000,,,528,1.0,3.0
035193028000,,,0,1.0,3.0
035200004000,1000.0,,462,1.0,2.0
035200009000,,,620,1.0,3.0
035200011000,2664.0,,576,1.0,3.0
035200012000,2724.0,,513,1.0,2.0
035200017000,0.0,,444,1.0,2.0
035200018000,2580.0,,336,1.0,2.0
035200024000,800.0,,480,1.0,2.0
035200048000,,,285,1.0,2.0
035200049000,30.0,,0,1.0,2.0
035200051000,1000.0,,615,1.0,3.0
035200058000,,,0,1.0,4.0
035200059000,,,0,1.0,2.0
035210021000,,,0,1.0,2.0
035210022000,400.0,,468,1.0,3.0
035210027000,,,600,1.0,2.0
035210031000,,,0,1.0,2.0
035210071000,,,0,1.0,
035210072000,,,0,1.0,2.0
035221015000,1500.0,,0,1.0,
035221017000,,,0,1.0,3.0
035221019000,,,750,1.0,
035221023000,,,312,1.0,2.0
035221028000,500.0,,0,1.0,
035221031000,1426.0,,528,1.0,4.0
035221035000,,,0,1.0,2.0
035221036000,411.0,,440,1.0,3.0
035221037000,768.0,,690,1.0,3.0
035221050000,,,0,1.0,
035221054000,,,494,1.0,3.0
035221058000,688.0,,480,1.0,3.0
035221063000,,,0,1.0,2.0
035221064000,1000.0,,484,1.0,2.0
035221065000,,,520,1.0,3.0
035221069000,,,0,1.0,
035221083000,,,0,1.0,1.0
035221085000,,,0,1.0,3.0
035230003000,5700.0,,0,1.0,
035230010000,,,0,1.0,4.0
035240013000,,,782,1.0,3.0
035240017000,,,0,1.0,3.0
035240019000,,,0,1.0,2.0
035270008000,1400.0,,1306,1.0,4.0
035270021000,,780.0,1200,2.0,2.0
035270023000,,,0,1.0,4.0
035270026000,,,0,1.0,2.0
035270027000,,,288,1.0,2.0
035270034000,,,0,1.0,3.0
035270035000,400.0,,0,1.0,
035270036000,,,120,1.0,3.0
035270037000,,,690,1.0,2.0
035270038000,156.0,,0,1.0,3.0
035270047000,500.0,,460,1.0,3.0
035270048000,800.0,,288,1.0,3.0
035270049000,224.0,,304,1.0,1.0
035270051000,281.0,,0,1.0,5.0
035270052000,,,360,1.0,2.0
035270082000,,,0,1.0,2.0
035270085000,463.0,,0,,
035280005000,306.0,,0,1.0,3.0
035280009000,580.0,,0,1.0,3.0
035280019000,,,0,1.0,
035280024000,1000.0,,448,1.0,3.0
035290003000,600.0,,441,1.0,2.0
035290004000,,,160,1.0,1.0
035290005000,,,0,1.0,2.0
035290006000,150.0,,0,1.0,2.0
035290007000,1080.0,,576,1.0,2.0
035290009000,1500.0,,240,1.0,2.0
035290010000,,,384,1.0,2.0
035290014000,,,0,1.0,2.0
035290015000,,,0,1.0,1.0
035300009000,1200.0,,0,1.0,2.0
035300010000,1000.0,,216,1.0,2.0
035300011000,,,528,1.0,1.0
035300012000,400.0,,216,1.0,2.0
035300013000,200.0,,408,1.0,2.0
035300014000,,,420,1.0,2.0
035300015000,,,494,1.0,2.0
035300016000,300.0,,400,1.0,2.0
035300017000,450.0,,240,1.0,2.0
035300018000,,,0,1.0,2.0
035300019000,810.0,,528,1.0,3.0
035300023000,1200.0,,440,1.0,2.0
035300024000,,,294,1.0,3.0
035300025000,,,240,1.0,3.0
035300026000,800.0,,462,1.0,3.0
035300028000,1500.0,,504,1.0,2.0
035300029000,,,216,1.0,2.0
035300030000,,,0,1.0,2.0
035300032000,,,224,1.0,2.0
035300037000,,,320,1.0,3.0
035300040000,24.0,,204,1.0,2.0
035300041000,,,280,1.0,2.0
035300042000,,,477,1.0,2.0
035300043000,540.0,,0,1.0,2.0
035300044000,,,522,1.0,3.0
035300045000,,,864,1.0,2.0
035300046000,500.0,,581,1.0,4.0
035300047000,,,360,1.0,1.0
035300048000,,,363,1.0,3.0
035300049000,,,448,1.0,2.0
035300051000,,,480,1.0,4.0
035300052000,,508.0,0,2.0,2.0
035300053000,,,0,1.0,2.0
035300054000,,,360,1.0,3.0
035300055000,195.0,,217,1.0,3.0
035300057000,,,0,1.0,1.0
035310006000,3500.0,,0,1.0,
035310007000,3500.0,,0,1.0,
035310011000,3850.0,,0,1.0,
035310012000,5000.0,,0,1.0,
035310014000,9000.0,,0,1.0,
035310018000,5500.0,,0,1.0,
035310021000,240.0,,312,1.0,2.0
035310022000,,,0,1.0,3.0
035310023000,,,324,1.0,3.0
035310024000,,,132,1.0,1.0
035310025000,96.0,,480,1.0,3.0
035310027000,,,0,1.0,8.0
035310028000,,,0,1.0,3.0
035310031000,2000.0,,0,1.0,3.0
035310032000,,,324,1.0,2.0
035310033000,582.0,,576,1.0,2.0
035310034000,1500.0,,180,1.0,3.0
035310035000,,,0,1.0,3.0
035310036000,,,342,1.0,2.0
035310045000,16000.0,,0,1.0,
035310049000,,,0,1.0,
035310054000,,,0,1.0,
035310055000,,,0,1.0,
035310056000,,,0,1.0,
035310057000,,,0,1.0,
035320012000,,,0,1.0,
035320013000,,,0,1.0,1.0
035320015000,,,760,1.0,1.0
035320016000,1000.0,,240,1.0,1.0
035320017000,,,0,1.0,
035320030000,5600.0,,0,1.0,
035320031000,,,0,1.0,
035320036000,,,0,1.0,
035320037000,8500.0,,0,1.0,
035320041000,,,0,1.0,
035320066000,,,0,1.0,
035340004000,25.0,,702,1.0,2.0
035340005000,,,0,1.0,3.0
035340008000,297.0,,462,1.0,3.0
035340013000,,,0,1.0,
035340014000,3200.0,,0,1.0,
035340015000,9360.0,,0,1.0,
035340018000,,,621,1.0,
035340019000,1922.0,,539,1.0,4.0
035340020000,500.0,,600,1.0,3.0
035340021000,400.0,,506,1.0,3.0
035340022000,,,0,1.0,3.0
035340024000,706.0,,483,1.0,3.0
035340026000,504.0,,522,1.0,3.0
035340027000,,,528,1.0,3.0
035340028000,,,528,1.0,4.0
035340035000,,,0,1.0,
035340036000,,,0,1.0,
035340037000,,,0,1.0,
035340038000,489.0,,440,1.0,4.0
035350004000,,,0,1.0,
035350006000,,,0,1.0,
035350010000,6000.0,,0,1.0,
035350011000,5000.0,,0,1.0,
035350021000,,,0,1.0,
035350025000,1517.0,,0,1.0,
035350026000,,,526,1.0,3.0
035350027000,7500.0,,0,1.0,
035350028000,7500.0,,0,1.0,
035350029000,3500.0,,0,1.0,
035350031000,1521.0,,0,1.0,
035350039000,,,0,1.0,
035350042000,,,0,1.0,
035350044000,,,0,1.0,
035350049000,2635.0,,1140,1.0,8.0
035350050000,2635.0,,1140,1.0,8.0
035350051000,,,0,1.0,2.0
035350052000,2360.0,,522,1.0,3.0
035360002000,,,0,1.0,
035360020000,2500.0,,0,1.0,2.0
035360027000,,,0,1.0,
035360035000,396.0,,0,1.0,3.0
035360036000,,,0,1.0,3.0
035370005000,1500.0,,440,1.0,3.0
035370006000,342.0,,504,1.0,3.0
035370007000,,,0,1.0,3.0
035370009000,,,544,1.0,
035370010000,1000.0,,567,1.0,2.0
035370011000,767.0,,566,1.0,2.0
035370012000,,,440,1.0,4.0
035370016000,,,0,1.0,
035370017000,772.0,,546,1.0,2.0
035370020000,640.0,,440,1.0,3.0
035370022000,600.0,,696,1.0,3.0
035370023000,,,751,1.0,
035370024000,,,494,1.0,3.0
035370025000,,,0,1.0,2.0
035370026000,,,480,1.0,2.0
035370027000,732.0,,504,1.0,3.0
035370028000,,,0,1.0,7.0
035370029000,,,552,1.0,2.0
035370031000,,,315,1.0,2.0
035370032000,,,0,1.0,2.0
035370033000,,,315,1.0,2.0
035370034000,,,315,1.0,2.0
035370035000,,,315,1.0,2.0
035370036000,,,315,1.0,2.0
035380010000,2000.0,,0,1.0,
035396003000,,,0,1.0,2.0
035396007000,,,0,1.0,
035396009000,,,0,1.0,
035400014000,,,0,1.0,
035400023000,,,0,1.0,
035400037000,,,0,1.0,
035400051000,,,0,1.0,
035400091000,,,0,1.0,
035430003000,,,0,1.0,3.0
035430004000,1000.0,,544,1.0,2.0
035430023000,,,0,1.0,
035440003000,,,456,1.0,3.0
035440004000,76.0,,340,1.0,3.0
035440006000,1500.0,,800,1.0,3.0
035440010000,1102.0,,848,1.0,3.0
035440011000,1200.0,,400,1.0,3.0
035440013000,,,0,1.0,3.0
035440015000,3700.0,,453,1.0,3.0
035440016000,,,795,1.0,3.0
035440018000,750.0,,754,1.0,3.0
035440019000,1000.0,,483,1.0,4.0
035440020000,,,535,1.0,3.0
035440021000,656.0,,568,1.0,3.0
035450015000,2000.0,,0,1.0,2.0
035450018000,640.0,,483,1.0,3.0
035450023000,503.0,,576,1.0,3.0
035450024000,550.0,,360,1.0,2.0
035450025000,1000.0,,504,1.0,3.0
035450027000,,,995,1.0,3.0
035450028000,,,441,1.0,
035450029000,2282.0,,441,1.0,3.0
035450031000,1000.0,,462,1.0,3.0
035450032000,949.0,,440,1.0,3.0
035460009000,,,0,1.0,4.0
035460010000,,,0,1.0,3.0
035460011000,,,624,1.0,3.0
035460012000,,,0,1.0,3.0
035460013000,1400.0,,420,1.0,4.0
035460014000,1000.0,,728,1.0,3.0
035460015000,1200.0,,600,1.0,3.0
035460016000,,,588,1.0,3.0
035460018000,,,0,1.0,3.0
035470002000,,,0,1.0,
035470003000,,,0,1.0,
035470004000,,,0,1.0,
035470005000,,,0,1.0,
035470006000,,,0,1.0,
035470007000,,,0,1.0,
035470008000,,,0,1.0,
035470009000,,,0,1.0,
035480019000,13000.0,,0,1.0,
035490004000,,,0,1.0,
035490005000,,,0,1.0,
035500006000,,,0,1.0,
035500007000,,,0,1.0,
035500009000,,,0,1.0,
035500011000,,,0,1.0,
035500012000,,,0,1.0,
035500015000,,,0,1.0,
035500030000,,,0,1.0,
035500032000,,,0,1.0,
035510004000,,,0,1.0,
035510037000,,,0,1.0,
035510038000,,,0,1.0,
035510039000,,,0,1.0,
035520002000,722.0,,460,1.0,3.0
035520003000,488.0,,485,1.0,3.0
035520004000,250.0,,714,1.0,3.0
035520005000,600.0,,462,1.0,3.0
035520006000,,,440,1.0,3.0
035520007000,400.0,,506,1.0,2.0
035520008000,500.0,,472,1.0,3.0
035520009000,600.0,,466,1.0,3.0
035520010000,600.0,,485,1.0,3.0
035520011000,800.0,,485,1.0,3.0
035520012000,1109.0,,472,1.0,3.0
035530017000,,,0,1.0,
035530019000,,,0,1.0,
035540015000,,,0,1.0,
035540016000,,,0,1.0,
035540017000,,,0,1.0,
035540018000,,,0,1.0,
035540019000,,,0,1.0,
035540020000,6428.0,,0,1.0,
035540021000,6428.0,,0,1.0,
035540022000,6428.0,,0,1.0,
035540023000,6428.0,,0,1.0,
035540024000,6428.0,,0,1.0,
035540025000,6428.0,,0,1.0,
035540026000,6428.0,,0,1.0,
035540027000,6428.0,,0,1.0,
035540028000,6428.0,,0,1.0,
035550005000,,,0,1.0,2.0
035560006000,244.0,,410,1.0,2.0
035560007000,384.0,,420,1.0,2.0
035560008000,494.0,,473,1.0,2.0
035560009000,478.0,,486,1.0,2.0
035560010000,448.0,,420,1.0,2.0
035560011000,600.0,,486,1.0,2.0
035560012000,200.0,,473,1.0,2.0
035560013000,402.0,,401,1.0,
035560014000,402.0,,401,1.0,3.0
035560015000,604.0,,410,1.0,2.0
035560016000,604.0,,410,1.0,2.0
035560017000,433.0,,420,1.0,2.0
035560018000,433.0,,420,1.0,2.0
035560019000,604.0,,410,1.0,2.0
035560020000,433.0,,420,1.0,2.0
035560021000,433.0,,420,1.0,2.0
035560022000,604.0,,420,1.0,2.0
035560023000,,,420,1.0,2.0
035560024000,532.0,,473,1.0,2.0
035560025000,490.0,,473,1.0,2.0
035560026000,622.0,,410,1.0,2.0
035560027000,324.0,,410,1.0,2.0
035560028000,400.0,,486,1.0,2.0
035560029000,,,473,1.0,2.0
035560030000,70.0,,420,1.0,2.0
035560031000,460.0,,401,1.0,3.0
035560032000,460.0,,401,1.0,3.0
035560033000,320.0,,400,1.0,2.0
035560034000,500.0,,401,1.0,
035560035000,0.0,,401,1.0,
035560036000,400.0,,401,1.0,
035560037000,400.0,,400,1.0,3.0
035560038000,470.0,,420,1.0,2.0
035560039000,470.0,,357,1.0,2.0
035560040000,360.0,,410,1.0,2.0
035560041000,604.0,,410,1.0,2.0
035560042000,433.0,,420,1.0,2.0
035560043000,393.0,,420,1.0,2.0
035560044000,944.0,,410,1.0,2.0
035560045000,496.0,,486,1.0,2.0
035560046000,445.0,,473,1.0,2.0
035560047000,640.0,,410,1.0,2.0
035560048000,450.0,,420,1.0,2.0
035570006000,,,486,1.0,2.0
035570007000,450.0,,473,1.0,2.0
035570008000,450.0,,473,1.0,2.0
035570009000,400.0,,473,1.0,2.0
035570010000,300.0,,420,1.0,2.0
035570011000,300.0,,420,1.0,2.0
035570012000,300.0,,410,1.0,2.0
035570013000,300.0,,420,1.0,2.0
035570014000,200.0,,420,1.0,2.0
035570015000,300.0,,410,1.0,2.0
035570016000,400.0,,486,1.0,2.0
035570017000,496.0,,486,1.0,2.0
035570018000,52.0,,473,1.0,2.0
035570019000,270.0,,401,1.0,3.0
035570020000,360.0,,400,1.0,3.0
035570021000,410.0,,401,1.0,3.0
035570022000,300.0,,420,1.0,2.0
035570023000,40.0,,420,1.0,2.0
035570024000,360.0,,486,1.0,2.0
035570025000,200.0,,410,1.0,2.0
035570026000,400.0,,420,1.0,2.0
035570027000,300.0,,420,1.0,2.0
035570028000,300.0,,410,1.0,2.0
035570029000,300.0,,473,1.0,2.0
035570030000,400.0,,486,1.0,2.0
035570031000,300.0,,420,1.0,2.0
035570032000,400.0,,410,1.0,2.0
035570033000,400.0,,420,1.0,2.0
035580006000,300.0,,410,1.0,2.0
035580007000,350.0,,420,1.0,2.0
035580008000,350.0,,420,1.0,2.0
035580009000,350.0,,410,1.0,2.0
035580010000,374.0,,486,1.0,2.0
035580011000,312.0,,473,1.0,2.0
035580012000,346.0,,420,1.0,2.0
035580013000,416.0,,420,1.0,2.0
035580014000,369.0,,473,1.0,2.0
035580015000,377.0,,473,1.0,2.0
035580016000,352.0,,473,1.0,2.0
035580017000,295.0,,420,1.0,2.0
035580018000,335.0,,420,1.0,2.0
035580019000,524.0,,410,1.0,2.0
035580020000,484.0,,410,1.0,2.0
035580021000,335.0,,420,1.0,2.0
035580022000,200.0,,473,1.0,2.0
035580023000,318.0,,486,1.0,2.0
035580024000,200.0,,473,1.0,2.0
035580025000,444.0,,410,1.0,2.0
035580026000,420.0,,473,1.0,2.0
035580027000,360.0,,420,1.0,2.0
035580028000,200.0,,420,1.0,2.0
035580029000,390.0,,420,1.0,2.0
035580030000,680.0,,410,1.0,2.0
035580031000,450.0,,420,1.0,2.0
035580032000,220.0,,441,1.0,2.0
035580033000,304.0,,420,1.0,2.0
035580034000,549.0,,473,1.0,2.0
035580035000,40.0,,420,1.0,2.0
035580036000,551.0,,486,1.0,2.0
035580037000,488.0,,473,1.0,2.0
035580038000,436.0,,410,1.0,2.0
035580039000,360.0,,420,1.0,2.0
035580040000,0.0,,410,1.0,2.0
035580041000,392.0,,420,1.0,2.0
035580042000,464.0,,420,1.0,2.0
035580043000,604.0,,410,1.0,2.0
035580044000,400.0,,420,1.0,2.0
035580045000,669.0,,410,1.0,2.0
035580046000,258.0,,420,1.0,2.0
035580047000,244.0,,410,1.0,2.0
035580048000,,,420,1.0,2.0
035580049000,312.0,,420,1.0,2.0
035580050000,240.0,,410,1.0,2.0
035580051000,240.0,,410,1.0,2.0
035580052000,280.0,,420,1.0,2.0
035580053000,392.0,,410,1.0,2.0
035580054000,,,473,1.0,2.0
035580055000,400.0,,473,1.0,2.0
035580056000,350.0,,486,1.0,2.0
035580057000,300.0,,410,1.0,2.0
035580058000,350.0,,486,1.0,2.0
035580059000,350.0,,473,1.0,2.0
035580060000,350.0,,410,1.0,2.0
035580061000,350.0,,420,1.0,2.0
035580062000,350.0,,420,1.0,2.0
035580063000,350.0,,410,1.0,2.0
035580064000,,,420,1.0,2.0
035590003000,,,0,1.0,
035590005000,,,0,1.0,
035590006000,,,0,1.0,
035590007000,,,0,1.0,
035590008000,,,0,1.0,
035590009000,,,0,1.0,
035590010000,,,0,1.0,
035590011000,,,0,1.0,
035590012000,,,0,1.0,
035590014000,,,0,1.0,
035590015000,,,0,1.0,
035590016000,,,0,1.0,
035590017000,,,0,1.0,
035590020000,,,0,1.0,
035590023000,,,0,1.0,
035600006000,,,0,1.0,
035600009000,,,0,1.0,
035610002000,,,750,1.0,
035610009000,,,0,1.0,3.0
035620002000,,,171,1.0,2.0
035620005000,192.0,,0,1.0,3.0
035620006000,,,0,1.0,3.0
035620007000,,,171,1.0,2.0
035620008000,,,171,1.0,2.0
035620009000,,,171,1.0,2.0
035620010000,,,171,1.0,2.0
035620011000,,,171,1.0,3.0
035620012000,,,171,1.0,2.0
035620013000,,,171,1.0,2.0
035620014000,,,171,1.0,3.0
035620015000,,,0,1.0,2.0
035620016000,,,171,1.0,2.0
035620017000,126.0,,185,1.0,3.0
035620018000,192.0,,0,1.0,2.0
035620020000,,,171,1.0,2.0
035620021000,97.0,,0,1.0,1.0
035620022000,,,171,1.0,2.0
035620023000,,,171,1.0,3.0
035620024000,,,171,1.0,3.0
035620025000,1000.0,,171,1.0,1.0
035620026000,,,171,1.0,2.0
035620027000,,,171,1.0,2.0
035620028000,,,171,1.0,3.0
035620029000,,,0,1.0,2.0
035620030000,,,171,1.0,2.0
035620031000,,,171,1.0,2.0
035620032000,,,171,1.0,2.0
035620033000,,,171,1.0,3.0
035620034000,,,171,1.0,2.0
035620035000,1000.0,,171,1.0,1.0
035620036000,1000.0,,171,1.0,2.0
035620037000,,,171,1.0,2.0
035620038000,,,171,1.0,3.0
035620039000,1000.0,,171,1.0,1.0
035620040000,1000.0,,171,1.0,2.0
035620041000,,,171,1.0,2.0
035620045000,121.0,,0,1.0,3.0
035620047000,,,171,1.0,3.0
035630001000,,,0,1.0,
035630002000,,,0,1.0,
035630003000,,,0,1.0,
035640010000,28.0,,448,1.0,
035640013000,30.0,,449,1.0,
035640015000,,,0,1.0,
035640016000,28.0,,448,1.0,
035640017000,30.0,,448,1.0,
035640018000,,,478,1.0,
035640019000,,,448,1.0,
035640020000,,,483,,
035640021000,,,448,1.0,
035640022000,,,483,1.0,
035640023000,,,483,1.0,
035640024000,69.0,,483,1.0,
035640025000,30.0,,462,,
035640026000,84.0,,473,1.0,
035640027000,,,473,1.0,
035640031000,,,570,1.0,
035640032000,,,483,1.0,
035640033000,,,452,1.0,
035640034000,,,0,,
035640035000,,,450,,
035640036000,,,478,1.0,
035640037000,,,448,1.0,
035640038000,,,448,1.0,
035640039000,,,0,1.0,
035640040000,,,448,1.0,
035640041000,,,448,,
035640042000,,,400,,
035640043000,,,480,1.0,
035640044000,,,450,1.0,
035640045000,,,448,1.0,
035640052000,30.0,,449,1.0,
035650039000,1602.0,,660,1.0,
035660030000,,,480,1.0,
035660036000,200.0,,475,1.0,
035660038000,220.0,,463,1.0,
035660039000,206.0,,475,1.0,
035660040000,149.0,,452,1.0,
035660045000,199.0,,480,1.0,
035670028000,181.0,,471,1.0,
035670029000,187.0,,466,1.0,
035680010000,226.0,,452,1.0,
035680011000,,,475,1.0,
035680012000,,,471,1.0,
035680013000,,,0,1.0,
035680014000,210.0,,452,1.0,
035680017000,,,480,1.0,
036011034000,,,484,1.0,2.0
036020010000,,,0,1.0,2.0
036020055000,,,0,1.0,
036030005000,,,0,1.0,2.0
036030006000,,,0,1.0,3.0
036030008000,200.0,,378,1.0,2.0
036030012000,,,480,1.0,3.0
036030013000,400.0,,480,1.0,2.0
036030027000,,,520,1.0,2.0
036040004000,84.0,,0,1.0,2.0
036040011000,475.0,,504,1.0,2.0
036040015000,,,361,1.0,3.0
036040016000,1000.0,,572,1.0,3.0
036040027000,,,0,1.0,3.0
036070012000,,,0,1.0,3.0
036170007000,1000.0,,447,1.0,2.0
036190011000,,,480,1.0,
036210017000,0.0,,812,1.0,2.0
036230013000,100.0,,336,1.0,2.0
036240002000,,,216,1.0,2.0
036240003000,220.0,,400,1.0,2.0
036240004000,,,336,1.0,2.0
036250014000,,,432,1.0,4.0
036260008000,,,724,1.0,1.0
036280004000,32.0,,0,1.0,2.0
036290006000,,,484,1.0,3.0
036290013000,500.0,,0,1.0,2.0
036290017000,,,530,1.0,2.0
036290019000,,,400,1.0,2.0
036290023000,,,100,1.0,2.0
036290032000,,,0,1.0,2.0
036290053000,131.0,,0,1.0,
036301001000,0.0,,264,1.0,3.0
036301003000,,,0,1.0,2.0
036301004000,,,252,1.0,1.0
036301005000,100.0,,0,1.0,2.0
036301009000,,,285,1.0,2.0
036301027000,,,240,1.0,1.0
036301029000,1023.0,,0,1.0,3.0
036301031000,0.0,,0,1.0,2.0
036301034000,100.0,,0,1.0,2.0
036301035000,300.0,,0,1.0,3.0
036301036000,50.0,,483,1.0,3.0
036301038000,3000.0,,550,1.0,3.0
036301041000,600.0,,180,1.0,2.0
036301042000,0.0,,240,1.0,2.0
036301043000,0.0,,231,1.0,3.0
036301048000,,,664,1.0,2.0
036301050000,100.0,,352,1.0,2.0
036301053000,200.0,,352,1.0,3.0
036301062000,170.0,,448,1.0,2.0
036301063000,0.0,,504,1.0,2.0
036310008000,,,280,1.0,1.0
036310010000,,,0,1.0,2.0
036310020000,36.0,,0,1.0,2.0
036310031000,,,480,1.0,2.0
036310071000,600.0,,676,1.0,3.0
036310072000,,,441,1.0,3.0
036320007000,500.0,,0,1.0,2.0
036330004000,,,600,1.0,2.0
036330005000,213.0,,0,1.0,2.0
036330006000,658.0,,560,1.0,2.0
036330010000,478.0,,357,1.0,2.0
036330011000,469.0,,448,1.0,3.0
036330014000,1000.0,,0,1.0,2.0
036340009000,1000.0,,475,1.0,3.0
036340013000,,,228,1.0,2.0
036340014000,50.0,,0,1.0,2.0
036340015000,,,336,1.0,1.0
036340024000,1400.0,,288,1.0,4.0
036340026000,0.0,,0,1.0,3.0
036350008000,100.0,,600,1.0,2.0
036350009000,1400.0,,352,1.0,2.0
036350010000,32.0,,280,1.0,2.0
036350013000,0.0,,0,1.0,2.0
036350014000,,,216,1.0,1.0
036350015000,,,0,1.0,2.0
036350016000,60.0,,0,1.0,2.0
036350017000,0.0,,320,1.0,3.0
036350018000,,,448,1.0,
036350019000,600.0,,0,1.0,2.0
036350020000,100.0,,0,1.0,2.0
036350021000,120.0,,240,1.0,2.0
036360004000,200.0,,0,1.0,3.0
036360005000,0.0,,360,1.0,2.0
036360006000,1000.0,,621,1.0,2.0
036360007000,404.0,,364,1.0,2.0
036360011000,,,696,1.0,2.0
036360015000,300.0,,200,1.0,2.0
036360024000,70.0,,0,1.0,3.0
036360031000,,,0,1.0,2.0
036370001000,500.0,,580,1.0,3.0
036370002000,,,560,1.0,4.0
036370009000,,,180,1.0,2.0
036370022000,,,0,1.0,3.0
036370023000,,,360,1.0,2.0
036370025000,288.0,,384,1.0,3.0
036660008000,1000.0,,552,1.0,3.0
036660013000,1000.0,,988,1.0,4.0
036670009000,1500.0,,546,1.0,2.0
036670010000,2000.0,,456,1.0,3.0
036670011000,1200.0,,528,1.0,2.0
036670016000,1000.0,,440,1.0,3.0
036670022000,1000.0,,360,1.0,3.0
036670026000,1695.0,,546,1.0,2.0
036670027000,,,420,1.0,3.0
036680001000,,,480,1.0,3.0
036680003000,1000.0,,440,1.0,4.0
036680004000,1000.0,,420,1.0,3.0
036680005000,720.0,,0,1.0,3.0
036680006000,1200.0,,440,1.0,3.0
036680007000,,,0,1.0,3.0
036680008000,1000.0,,484,1.0,
036680009000,2500.0,,240,1.0,3.0
036680010000,,,480,1.0,3.0
036680011000,344.0,,680,1.0,3.0
036680012000,600.0,,768,1.0,3.0
036680013000,2000.0,,672,1.0,3.0
036680014000,,,528,1.0,2.0
036680029000,,,690,1.0,3.0
036690001000,1000.0,,462,1.0,2.0
036690002000,1000.0,,484,1.0,3.0
036690003000,1500.0,,801,1.0,3.0
036690007000,80.0,,440,1.0,3.0
036690008000,,,1008,1.0,3.0
036700007000,0.0,,504,1.0,3.0
036700008000,1500.0,,768,1.0,3.0
036730009000,,,480,1.0,3.0
036740009000,2500.0,,570,1.0,3.0
036740010000,0.0,,528,1.0,3.0
036740011000,,,588,1.0,3.0
036740019000,1600.0,,483,1.0,4.0
036750001000,1800.0,,352,1.0,2.0
036750002000,1000.0,,560,1.0,3.0
036750003000,0.0,,480,1.0,3.0
036750004000,0.0,,1008,1.0,3.0
036750011000,2000.0,,660,1.0,4.0
036760001000,2000.0,,486,1.0,3.0
036760002000,112.0,,576,1.0,3.0
036760003000,1295.0,,576,1.0,3.0
036760004000,1500.0,,512,1.0,3.0
036770005000,0.0,,0,1.0,4.0
036770007000,1800.0,,508,1.0,3.0
037040010000,,,0,1.0,1.0
037040021000,,,0,1.0,3.0
037050016000,,,216,1.0,1.0
037050018000,0.0,,528,1.0,3.0
037050026000,,,360,1.0,
037050044000,,,324,1.0,3.0
037050045000,,,576,1.0,3.0
037050046000,,,480,1.0,3.0
037050047000,,,0,1.0,4.0
037050048000,,,294,1.0,2.0
037050049000,1000.0,,506,1.0,3.0
037050053000,,,0,1.0,2.0
037050062000,,,0,1.0,
037050064000,,,0,1.0,2.0
037060004000,771.0,,275,1.0,3.0
037060005000,,,368,1.0,3.0
037060018000,93.0,,484,1.0,3.0
037060019000,,,0,1.0,2.0
037060058000,,,0,1.0,
037060067000,,,0,1.0,
037060078000,,,320,1.0,1.0
037070024000,,,0,1.0,3.0
037090001000,,,0,1.0,1.0
037120002000,1200.0,,506,1.0,3.0
037120007000,,,536,1.0,3.0
037120013000,,,504,1.0,3.0
037120014000,,,625,1.0,3.0
037120015000,,,654,1.0,3.0
037120019000,,,864,1.0,3.0
037120024000,1291.0,,440,1.0,3.0
037120025000,,,420,1.0,2.0
037120026000,0.0,,667,1.0,3.0
037120028000,,,525,1.0,4.0
037120030000,,,0,1.0,3.0
037120032000,,,0,1.0,
037120033000,,,0,1.0,3.0
037120034000,1700.0,,624,1.0,3.0
037120035000,,,0,1.0,2.0
037120045000,0.0,,480,1.0,3.0
037130013000,,,462,1.0,3.0
037130019000,,,528,1.0,3.0
037130020000,1200.0,,616,1.0,3.0
037130021000,0.0,,816,1.0,3.0
037130022000,2220.0,,462,1.0,3.0
037130023000,1144.0,,570,1.0,3.0
037130027000,0.0,,600,1.0,3.0
037130028000,0.0,,0,1.0,3.0
037140005000,2700.0,,688,1.0,2.0
037140007000,,,462,1.0,3.0
037140012000,1500.0,,616,1.0,4.0
037140014000,,,528,1.0,3.0
037140015000,600.0,,484,1.0,3.0
037140024000,,,644,1.0,2.0
037140025000,,,500,1.0,3.0
037140026000,,,506,1.0,4.0
037140027000,,,0,1.0,3.0
037140030000,,,0,1.0,3.0
037140031000,0.0,,529,1.0,3.0
037140033000,,,575,1.0,3.0
037140034000,0.0,,600,1.0,
037140035000,1672.0,,660,1.0,4.0
037140037000,1400.0,,517,1.0,3.0
037140038000,,,976,1.0,3.0
037140039000,0.0,,440,1.0,2.0
037140040000,0.0,,513,1.0,2.0
037150001000,,,0,1.0,3.0
037150008000,,,0,1.0,3.0
037150011000,0.0,,546,1.0,3.0
037150013000,3000.0,,528,1.0,3.0
037150015000,,,560,1.0,4.0
037150016000,,,676,1.0,4.0
037150017000,1000.0,,528,1.0,3.0
037150023000,,,870,1.0,4.0
037150024000,800.0,,576,1.0,3.0
037150025000,1800.0,,660,1.0,3.0
037150026000,780.0,,572,1.0,3.0
037160001000,,,480,1.0,3.0
037160004000,2040.0,,526,1.0,3.0
037160009000,,,528,1.0,3.0
037160011000,856.0,,352,1.0,3.0
037160014000,,,576,1.0,4.0
037160015000,2000.0,,672,1.0,3.0
037160016000,1000.0,,700,1.0,
037160019000,,,400,1.0,3.0
037160020000,,,440,1.0,3.0
037160021000,1500.0,,483,1.0,3.0
037160023000,640.0,,552,1.0,3.0
037160025000,,,616,1.0,3.0
037180003000,208.0,,288,1.0,2.0
037180015000,,,240,1.0,3.0
037180020000,500.0,,572,1.0,3.0
037180021000,,,0,1.0,2.0
037210003000,,,528,1.0,3.0
037260027000,,,572,1.0,3.0
037270002000,,,168,1.0,1.0
037270005000,,,484,1.0,
037270010000,,,364,1.0,2.0
037270011000,,,864,1.0,2.0
037270012000,,,276,1.0,3.0
037270019000,52.0,,360,1.0,1.0
037270020000,800.0,,1012,1.0,3.0
037270022000,,,0,1.0,
037270023000,,,0,1.0,3.0
037270026000,200.0,,440,1.0,3.0
037270027000,80.0,,310,1.0,2.0
037270030000,,,396,1.0,2.0
037270031000,1278.0,,575,1.0,3.0
037270032000,1000.0,,0,1.0,3.0
037270034000,,,480,1.0,3.0
037270036000,,,420,1.0,1.0
037270037000,,,440,1.0,2.0
037270039000,,,312,2.0,3.0
037270040000,,,0,1.0,
037270041000,,,0,1.0,3.0
037270042000,,,0,1.0,
037270046000,,,0,1.0,2.0
037270049000,400.0,,480,1.0,2.0
037270050000,,,0,1.0,2.0
037270057000,,,0,1.0,
037270064000,,,400,1.0,3.0
037270065000,0.0,,406,1.0,3.0
037270067000,,,0,1.0,2.0
037270070000,,,0,1.0,
037270071000,,,377,1.0,2.0
037270073000,0.0,,264,1.0,2.0
037270076000,,,0,1.0,
037270077000,240.0,,220,1.0,1.0
037270079000,,,0,1.0,2.0
037270080000,0.0,,480,1.0,3.0
037270083000,,,750,1.0,3.0
037280014000,,,480,1.0,3.0
037291013000,7000.0,,0,1.0,3.0
037292004000,,,396,1.0,3.0
037292005000,0.0,,600,1.0,3.0
037301011000,,,440,1.0,2.0
037301012000,462.0,,0,1.0,4.0
037301014000,401.0,,440,1.0,3.0
037301015000,640.0,,528,1.0,2.0
037301016000,88.0,,528,1.0,3.0
037301017000,,,640,1.0,3.0
037301018000,,,480,1.0,3.0
037301019000,,,528,1.0,4.0
037301020000,,,0,1.0,2.0
037302009000,572.0,,462,1.0,3.0
037302010000,,,528,1.0,
037302018000,,,0,1.0,3.0
037302020000,270.0,,480,1.0,3.0
037302023000,358.0,,546,1.0,2.0
037302024000,,,630,1.0,3.0
037302025000,,,440,1.0,3.0
037302030000,1154.0,,600,1.0,3.0
037311012000,1500.0,,440,1.0,3.0
037311013000,1250.0,,0,1.0,3.0
037311016000,,,462,1.0,2.0
037311017000,600.0,,528,1.0,2.0
037311019000,,,480,1.0,3.0
037311020000,,,460,1.0,
037311021000,,,504,1.0,3.0
037311026000,1000.0,,720,1.0,2.0
037311027000,600.0,,256,1.0,3.0
037311028000,,,528,1.0,3.0
037311029000,1137.0,,504,1.0,3.0
037320008000,546.0,,528,1.0,2.0
037320009000,685.0,,504,1.0,2.0
037320018000,500.0,,508,1.0,3.0
037320019000,,,572,1.0,3.0
037320024000,72.0,,462,1.0,3.0
037320025000,0.0,,506,1.0,3.0
037320031000,,,504,1.0,
037320032000,0.0,,0,1.0,4.0
037320033000,849.0,,528,1.0,3.0
037320034000,,,480,1.0,3.0
037320035000,,,484,1.0,2.0
037320037000,507.0,,528,1.0,3.0
037320038000,351.0,,462,1.0,3.0
037320039000,500.0,,528,1.0,3.0
037320040000,,,418,1.0,3.0
037320041000,,,440,1.0,3.0
037320044000,0.0,,441,1.0,3.0
037320045000,0.0,,480,1.0,3.0
037330093000,500.0,,420,1.0,3.0
037420002000,490.0,,600,1.0,3.0
037420004000,400.0,,400,1.0,2.0
037420006000,400.0,,504,1.0,3.0
037420007000,400.0,,617,1.0,4.0
037420010000,,,506,1.0,3.0
037420013000,564.0,,605,1.0,4.0
037420014000,600.0,,400,1.0,3.0
037420015000,,,440,1.0,3.0
037420016000,1200.0,,598,1.0,3.0
037420020000,935.0,,480,1.0,2.0
037420021000,750.0,,600,1.0,4.0
037430039000,966.0,,588,1.0,3.0
038010005000,,,440,1.0,3.0
038060007000,,,630,1.0,
038060009000,,,0,1.0,
038060012000,300.0,,520,1.0,4.0
038060013000,2000.0,,676,1.0,2.0
038060014000,,,400,1.0,3.0
038060015000,,,576,1.0,3.0
038060016000,,,612,1.0,4.0
038060017000,,,0,1.0,3.0
038060018000,,,300,1.0,3.0
038060019000,,,1338,1.0,2.0
038060020000,,,0,1.0,2.0
038060021000,,,962,1.0,3.0
038060023000,1000.0,,1345,1.0,4.0
038060024000,,,460,1.0,
038060026000,900.0,,528,1.0,2.0
038060027000,1000.0,,451,1.0,3.0
038060028000,0.0,,594,1.0,3.0
038060031000,,,0,1.0,2.0
038060032000,0.0,,528,1.0,2.0
038060036000,0.0,,728,1.0,4.0
038070004000,600.0,,440,1.0,2.0
038070005000,0.0,,651,1.0,3.0
038070006000,,,616,1.0,2.0
038070009000,,,616,1.0,3.0
038070011000,,,616,1.0,3.0
038070012000,150.0,,216,1.0,1.0
038070013000,,,480,1.0,3.0
038070014000,,,0,1.0,2.0
038070018000,,,572,1.0,3.0
038070019000,,,480,1.0,2.0
038070020000,,,0,1.0,2.0
038070028000,,,711,1.0,3.0
038070029000,,,400,1.0,3.0
038080001000,516.0,,702,1.0,2.0
038080002000,,,504,1.0,2.0
038080003000,500.0,,492,1.0,2.0
038080004000,,,480,1.0,2.0
038080005000,,,0,1.0,
038080007000,,,320,1.0,3.0
038080009000,0.0,,544,1.0,
038080010000,0.0,,190,1.0,2.0
038080011000,0.0,,480,1.0,3.0
038080012000,,,672,1.0,3.0
038080013000,300.0,,396,1.0,3.0
038080014000,,,336,1.0,2.0
038080015000,200.0,,308,1.0,2.0
038080016000,,,528,1.0,2.0
038080017000,,,764,1.0,2.0
038080018000,,,729,1.0,4.0
038080019000,,,0,1.0,
038080020000,,,462,1.0,3.0
038080021000,160.0,,187,1.0,2.0
038080022000,,,1008,1.0,2.0
038080023000,,,600,1.0,3.0
038080025000,500.0,,400,1.0,3.0
038080026000,,,288,1.0,2.0
038080027000,0.0,,576,1.0,2.0
038080028000,,,0,1.0,4.0
038080029000,,,560,1.0,2.0
038080030000,,,528,1.0,2.0
038080031000,1590.0,,440,1.0,3.0
038080032000,,,0,1.0,2.0
038080033000,,,384,1.0,2.0
038080034000,,,660,1.0,2.0
038090001000,200.0,,360,1.0,3.0
038090002000,1000.0,,587,1.0,3.0
038090003000,486.0,,429,1.0,3.0
038090004000,,,0,1.0,3.0
038090005000,,,576,1.0,3.0
038090007000,0.0,,504,1.0,2.0
038090008000,,,0,1.0,
038090011000,,,480,1.0,2.0
038090014000,,,0,1.0,3.0
038090016000,0.0,,792,1.0,3.0
038090017000,1800.0,,728,1.0,
038090018000,,,0,1.0,2.0
038090022000,,,1040,1.0,
038090023000,,,0,1.0,1.0
038090024000,,,564,1.0,3.0
038090025000,,,616,1.0,3.0
038090026000,,,400,1.0,2.0
038090032000,,,0,1.0,
038090033000,0.0,,600,1.0,3.0
038100002000,,,480,1.0,2.0
038100003000,,,336,1.0,3.0
038100004000,,,440,1.0,2.0
038100005000,,,0,1.0,
038100006000,,,843,1.0,2.0
038100007000,800.0,,528,1.0,2.0
038100009000,,,576,1.0,2.0
038100015000,4000.0,,0,1.0,
038100025000,0.0,,0,1.0,1.0
038110001000,,,783,1.0,
038110003000,,,784,1.0,3.0
038110005000,256.0,,576,1.0,3.0
038110006000,,,266,1.0,2.0
038110007000,,,560,1.0,2.0
038110008000,0.0,636.0,0,1.0,2.0
038110010000,0.0,,572,1.0,2.0
038110012000,0.0,,528,1.0,3.0
038110019000,180.0,,0,1.0,2.0
038110020000,,,0,1.0,3.0
038110021000,,,0,1.0,1.0
038120001000,,,762,1.0,3.0
038120003000,,,480,1.0,3.0
038120004000,0.0,,594,1.0,3.0
038120008000,,,0,1.0,2.0
038120011000,,,0,1.0,2.0
038130001000,,,0,1.0,3.0
038130003000,,,0,1.0,2.0
038130004000,,,0,1.0,2.0
038130005000,,,598,1.0,2.0
038130006000,,,462,1.0,3.0
038130007000,,,576,1.0,2.0
038130014000,1500.0,,484,1.0,3.0
038140001000,96.0,,200,1.0,2.0
038140002000,,,0,1.0,3.0
038140003000,,,0,1.0,2.0
038140005000,,,528,1.0,3.0
038140007000,,,0,1.0,2.0
038140008000,,,0,1.0,
038140009000,,,528,1.0,2.0
038140010000,,,0,1.0,3.0
038140011000,30.0,,528,1.0,3.0
038140012000,50.0,,0,1.0,2.0
038140016000,750.0,,0,1.0,2.0
038140017000,400.0,,664,1.0,2.0
038140019000,360.0,,0,1.0,2.0
038150001000,,,480,1.0,3.0
038150006000,600.0,,480,1.0,2.0
038150009000,,,0,1.0,2.0
038150011000,,,560,1.0,2.0
038160001000,,,0,1.0,2.0
038160002000,500.0,,0,1.0,2.0
038160003000,0.0,,480,1.0,3.0
038160004000,321.0,,774,1.0,3.0
038160005000,500.0,,0,1.0,3.0
038160006000,,,440,1.0,3.0
038160007000,,,420,1.0,2.0
038160010000,,,516,1.0,2.0
038160012000,0.0,,688,1.0,3.0
038160013000,483.0,,0,1.0,2.0
038160014000,,,484,1.0,3.0
038170002000,400.0,,440,1.0,4.0
038170003000,0.0,,369,1.0,3.0
038170004000,800.0,,476,1.0,3.0
038170007000,200.0,,420,1.0,3.0
038170008000,600.0,,320,1.0,2.0
038170009000,0.0,,508,1.0,1.0
038170015000,500.0,,600,1.0,3.0
038170016000,,,672,1.0,4.0
038170017000,800.0,,572,1.0,2.0
038170018000,400.0,,0,1.0,3.0
038170019000,,,506,1.0,4.0
038170021000,,,532,1.0,2.0
038170022000,,,480,1.0,2.0
038170023000,60.0,,320,1.0,1.0
038170024000,600.0,,594,1.0,3.0
038180008000,,,480,1.0,3.0
038180013000,,,552,1.0,3.0
038190006000,,,0,1.0,3.0
038190015000,0.0,,0,1.0,2.0
038220002000,,,700,1.0,3.0
038220003000,0.0,,330,1.0,3.0
038220004000,,,0,1.0,2.0
038220005000,,,338,1.0,3.0
038220007000,,,0,1.0,2.0
038220011000,,,0,1.0,2.0
038220012000,,,480,1.0,4.0
038220016000,,,0,1.0,2.0
038220026000,,,240,1.0,2.0
038230006000,,,572,1.0,2.0
038230007000,,,400,1.0,2.0
038230009000,900.0,,570,1.0,2.0
038230016000,,,0,1.0,2.0
038230017000,,,384,1.0,4.0
038230018000,,,780,1.0,2.0
038230019000,,,768,1.0,2.0
038230020000,,,480,1.0,4.0
038230021000,,,1632,1.0,3.0
038240009000,,,484,1.0,3.0
038240010000,,,0,1.0,2.0
038240011000,,,320,1.0,3.0
038240012000,,,0,1.0,2.0
038240014000,0.0,,596,1.0,2.0
038240015000,,,504,1.0,3.0
038240016000,600.0,,800,1.0,2.0
038240017000,,,0,1.0,3.0
038250007000,,,532,1.0,3.0
038250013000,,,0,1.0,2.0
038250014000,,,0,1.0,2.0
038250025000,,,720,1.0,3.0
038260012000,0.0,,814,1.0,
038260015000,,,0,1.0,3.0
038260016000,0.0,,576,1.0,3.0
038260017000,1000.0,,484,1.0,2.0
038260020000,,,816,1.0,4.0
038260021000,,,0,1.0,
038260027000,300.0,,484,1.0,2.0
038260028000,,,528,1.0,2.0
038260029000,0.0,,596,1.0,3.0
038260030000,,,0,1.0,3.0
038260031000,,,960,1.0,3.0
038260032000,1608.0,,560,1.0,3.0
038260033000,,,0,1.0,1.0
038270007000,1500.0,,416,1.0,2.0
038270008000,,,280,1.0,1.0
038270028000,,,0,1.0,3.0
038270032000,,,572,1.0,3.0
040050002000,800.0,,528,1.0,3.0
040050003000,,,528,1.0,3.0
040050004000,,,586,1.0,3.0
040050005000,1000.0,,400,1.0,3.0
040050006000,,,877,1.0,3.0
040050008000,0.0,,440,1.0,4.0
040050009000,,,368,1.0,3.0
040050010000,0.0,,624,1.0,3.0
040050011000,,,624,1.0,3.0
040050012000,,,1034,1.0,
040050013000,,,572,1.0,3.0
040050014000,,,480,1.0,3.0
040050015000,1400.0,,480,1.0,3.0
040050016000,500.0,,528,1.0,2.0
040050017000,400.0,,440,1.0,3.0
040050018000,450.0,,0,1.0,3.0
040050019000,500.0,,252,1.0,4.0
040050020000,,,436,1.0,2.0
040050021000,1000.0,,528,1.0,3.0
040050022000,700.0,,484,1.0,3.0
040050023000,600.0,,506,1.0,3.0
040050024000,0.0,,906,1.0,3.0
040050025000,,,0,1.0,3.0
040050026000,,,992,1.0,3.0
040050027000,,,462,1.0,3.0
040050028000,,,400,1.0,3.0
040050029000,900.0,,558,1.0,3.0
040050030000,800.0,,506,1.0,3.0
040050031000,0.0,,576,1.0,3.0
040050032000,1350.0,,600,1.0,4.0
040050033000,,,0,1.0,2.0
040050034000,,,668,1.0,
040050035000,0.0,,576,1.0,3.0
040050036000,900.0,,440,1.0,3.0
040050038000,850.0,,484,1.0,3.0
040050039000,500.0,,0,1.0,3.0
040050040000,750.0,,500,1.0,3.0
040050041000,450.0,,576,1.0,3.0
040050042000,600.0,,552,1.0,3.0
040060001000,450.0,,510,1.0,3.0
040060002000,1000.0,,528,1.0,3.0
040060003000,860.0,,528,1.0,3.0
040060004000,1100.0,,588,1.0,3.0
040060005000,,,0,1.0,2.0
040060006000,1000.0,,400,1.0,3.0
040060008000,1100.0,,440,1.0,3.0
040060009000,,,672,1.0,3.0
040060010000,0.0,,864,1.0,2.0
040060012000,650.0,,965,1.0,3.0
040060013000,,,904,1.0,4.0
040060014000,1650.0,,502,1.0,3.0
040060015000,1250.0,,1020,1.0,3.0
040060016000,21.0,496.0,528,2.0,3.0
040060017000,1500.0,,616,1.0,3.0
040060018000,600.0,,400,1.0,4.0
040060019000,,,0,1.0,3.0
040060020000,,,0,1.0,3.0
040060021000,600.0,,682,1.0,3.0
040060022000,32.0,,0,,2.0
040060023000,,,652,1.0,4.0
040060024000,0.0,,504,1.0,3.0
040060025000,2000.0,,581,1.0,3.0
040060026000,0.0,,440,1.0,4.0
040060027000,,,0,1.0,3.0
040060028000,0.0,,559,1.0,3.0
040060029000,264.0,,684,1.0,
040070001000,900.0,,0,1.0,3.0
040070002000,1250.0,,484,1.0,2.0
040070003000,1500.0,,400,1.0,3.0
040070004000,,,518,1.0,3.0
040070005000,,,690,1.0,3.0
040070006000,1150.0,,599,1.0,3.0
040070007000,,,829,1.0,
040070008000,240.0,,414,1.0,3.0
040070009000,1001.0,,500,1.0,4.0
040070010000,,,837,1.0,4.0
040070011000,900.0,,528,1.0,3.0
040070012000,1600.0,,1480,1.0,3.0
040070013000,0.0,,475,1.0,3.0
040070014000,0.0,,312,1.0,4.0
040070015000,,,720,1.0,3.0
040070016000,,,0,1.0,3.0
040070017000,1300.0,,440,1.0,3.0
040070018000,400.0,,576,1.0,3.0
040070019000,750.0,,440,1.0,3.0
040070020000,,,0,1.0,2.0
040070021000,0.0,,480,1.0,3.0
040070022000,700.0,,467,1.0,4.0
040070023000,1200.0,,840,1.0,3.0
040070024000,1000.0,,495,1.0,3.0
040070025000,1650.0,,480,1.0,3.0
040070026000,2359.0,,949,1.0,3.0
040070027000,950.0,,480,1.0,3.0
040070028000,800.0,,616,1.0,3.0
040070029000,2000.0,,880,1.0,3.0
040070030000,600.0,,730,1.0,3.0
040070031000,,,672,1.0,4.0
040070032000,600.0,,0,1.0,3.0
040070033000,550.0,,440,1.0,3.0
040070034000,,,380,1.0,3.0
040080001000,1000.0,,640,1.0,3.0
040080002000,750.0,,624,1.0,4.0
040080003000,1450.0,,616,1.0,3.0
040080004000,0.0,,660,1.0,4.0
040080005000,900.0,,560,1.0,3.0
040080006000,650.0,,462,1.0,3.0
040080007000,800.0,,440,1.0,3.0
040080008000,1500.0,,616,1.0,5.0
040080009000,1645.0,,1050,1.0,3.0
040080010000,1200.0,,835,1.0,3.0
040080011000,700.0,,400,1.0,3.0
040080012000,2000.0,420.0,440,2.0,3.0
040080013000,1000.0,,336,1.0,3.0
040080014000,0.0,,420,1.0,3.0
040080015000,0.0,,0,1.0,3.0
040080016000,0.0,,651,1.0,3.0
040080017000,0.0,,616,1.0,3.0
040080018000,,,460,1.0,3.0
040080020000,900.0,,624,1.0,3.0
040080022000,1400.0,,792,1.0,3.0
040080024000,2500.0,,672,1.0,4.0
040080025000,1500.0,,432,1.0,2.0
040090001000,,,0,1.0,3.0
040090002000,0.0,,672,1.0,3.0
040090004000,0.0,,528,1.0,3.0
040090006000,1000.0,,770,1.0,3.0
040090007000,950.0,,540,1.0,3.0
040090010000,500.0,,342,1.0,3.0
040090011000,700.0,,480,1.0,4.0
040090012000,530.0,,561,1.0,3.0
040090013000,0.0,,299,1.0,3.0
040090014000,500.0,,576,1.0,5.0
040090015000,800.0,,650,1.0,4.0
040090016000,,,480,1.0,3.0
040090017000,600.0,,476,1.0,3.0
040090018000,600.0,,360,1.0,3.0
040090019000,,,0,1.0,3.0
040090020000,750.0,,512,1.0,3.0
040090021000,400.0,,484,1.0,3.0
040090022000,1100.0,,396,1.0,3.0
040090023000,0.0,,400,1.0,3.0
040100003000,0.0,,624,1.0,3.0
040100004000,0.0,,576,1.0,4.0
040100005000,600.0,,816,1.0,3.0
040100006000,900.0,,0,1.0,2.0
040100008000,1700.0,,504,1.0,3.0
040100009000,1450.0,,576,1.0,4.0
040100010000,1000.0,,576,1.0,3.0
040100011000,0.0,,526,1.0,3.0
040100012000,,,1734,1.0,3.0
040100013000,1000.0,,473,1.0,3.0
040100015000,400.0,,0,1.0,3.0
040100016000,1008.0,,532,1.0,3.0
040100017000,1100.0,,576,1.0,3.0
040100018000,950.0,,528,1.0,3.0
040100020000,0.0,,546,1.0,4.0
040100021000,600.0,,1059,1.0,4.0
040100022000,0.0,,750,1.0,3.0
040100023000,500.0,,528,1.0,3.0
040100024000,1600.0,,432,1.0,3.0
040120004000,910.0,,506,1.0,5.0
040120005000,1400.0,,495,1.0,4.0
040120006000,1900.0,,849,1.0,4.0
040120007000,1000.0,,400,1.0,3.0
040120008000,1150.0,,336,1.0,3.0
040120012000,1400.0,,746,1.0,4.0
040120013000,616.0,,0,1.0,3.0
040120014000,0.0,,539,1.0,3.0
040120015000,1000.0,,616,1.0,4.0
040120017000,550.0,,0,1.0,2.0
040120018000,,,1152,1.0,3.0
040120019000,1825.0,,528,1.0,3.0
040120020000,0.0,,730,1.0,4.0
040120021000,,,972,1.0,3.0
040120022000,,,672,1.0,3.0
040120023000,3180.0,,708,1.0,3.0
040120026000,1000.0,,400,1.0,3.0
040120029000,2000.0,,576,1.0,
040120030000,0.0,,523,1.0,3.0
040120031000,550.0,,0,1.0,4.0
040120032000,,,675,1.0,3.0
040120033000,700.0,,330,1.0,3.0
040120034000,0.0,,420,1.0,3.0
040120035000,1100.0,,470,1.0,3.0
040120036000,,,0,1.0,2.0
040120037000,700.0,,624,1.0,3.0
040120038000,1000.0,,589,1.0,4.0
040120039000,0.0,,576,1.0,3.0
040120040000,1250.0,,0,1.0,4.0
040120041000,0.0,,560,1.0,3.0
040120042000,3900.0,,441,1.0,4.0
040120043000,500.0,,462,1.0,3.0
040130001000,912.0,,560,1.0,3.0
040130002000,600.0,,484,1.0,3.0
040130003000,,,0,1.0,2.0
040130004000,750.0,,528,1.0,3.0
040130005000,524.0,,0,1.0,3.0
040130006000,,,0,1.0,3.0
040130007000,500.0,,0,1.0,3.0
040130008000,900.0,,546,1.0,3.0
040130009000,1000.0,,500,1.0,4.0
040130010000,900.0,,462,1.0,3.0
040130011000,,,672,1.0,3.0
040130012000,,,668,1.0,3.0
040130013000,600.0,,420,1.0,3.0
040130014000,550.0,,492,1.0,3.0
040130015000,600.0,,525,1.0,4.0
040130016000,,,576,1.0,4.0
040130018000,1300.0,,562,1.0,3.0
040130020000,550.0,,0,1.0,3.0
040130021000,,,0,1.0,2.0
040130023000,0.0,,576,1.0,3.0
040130024000,600.0,,993,1.0,4.0
040130025000,1000.0,,770,1.0,3.0
040130026000,1000.0,,694,1.0,3.0
040130027000,1500.0,,528,1.0,3.0
040130028000,840.0,,576,1.0,3.0
040130029000,1971.0,,484,1.0,3.0
040130030000,1200.0,,616,1.0,2.0
040130031000,,,496,1.0,4.0
040130032000,,,0,1.0,3.0
040130033000,650.0,,450,1.0,3.0
040130034000,800.0,,440,1.0,3.0
040130035000,1100.0,,484,1.0,3.0
040130036000,,,484,1.0,3.0
040130037000,800.0,,484,1.0,3.0
040130038000,,,578,1.0,3.0
040130039000,,,700,1.0,3.0
040130040000,500.0,,792,1.0,3.0
040130041000,850.0,,616,1.0,3.0
040130042000,1000.0,,264,1.0,3.0
040130043000,1700.0,,539,1.0,3.0
040130044000,1250.0,,560,1.0,3.0
040140003000,0.0,,220,1.0,2.0
040140004000,0.0,,400,1.0,3.0
040140005000,850.0,,540,1.0,3.0
040140006000,950.0,,568,1.0,3.0
040140007000,0.0,,624,1.0,3.0
040140008000,800.0,,440,1.0,3.0
040140009000,1600.0,,580,1.0,3.0
040140011000,600.0,,484,1.0,3.0
040140012000,,,0,1.0,3.0
040140013000,600.0,,288,1.0,3.0
040140014000,600.0,,560,1.0,4.0
040140015000,900.0,,528,1.0,3.0
040140016000,0.0,,616,1.0,3.0
040140017000,650.0,,440,1.0,2.0
040140018000,900.0,,440,1.0,2.0
040140019000,500.0,,640,1.0,3.0
040140020000,720.0,,484,1.0,4.0
040140021000,1000.0,,400,1.0,3.0
040140022000,1100.0,,674,1.0,3.0
040140023000,700.0,,484,1.0,3.0
040140024000,1300.0,,0,1.0,2.0
040140025000,1000.0,,744,1.0,4.0
040140026000,500.0,,480,1.0,2.0
040140027000,0.0,,420,1.0,3.0
040140028000,659.0,,440,1.0,3.0
040140029000,0.0,,484,1.0,3.0
040140030000,0.0,,430,1.0,3.0
040140031000,500.0,,0,1.0,3.0
040140032000,500.0,,572,1.0,3.0
040140033000,,,578,1.0,3.0
040140034000,0.0,,501,1.0,3.0
040140036000,,,636,1.0,3.0
040140038000,1150.0,,562,1.0,3.0
040140039000,,,795,1.0,5.0
040140040000,600.0,,616,1.0,3.0
040140041000,700.0,,457,1.0,3.0
040140042000,1200.0,,0,1.0,2.0
040140043000,,,540,1.0,4.0
040140044000,1500.0,,576,1.0,3.0
040140045000,,,0,1.0,2.0
040140046000,500.0,,400,1.0,3.0
040140047000,600.0,,624,1.0,2.0
040140048000,500.0,,440,1.0,3.0
040140049000,,,582,1.0,3.0
040150002000,950.0,,929,1.0,2.0
040150004000,600.0,,0,1.0,2.0
040150005000,700.0,,750,1.0,3.0
040150006000,650.0,,484,1.0,3.0
040150007000,0.0,,0,1.0,2.0
040150008000,850.0,,576,1.0,3.0
040150009000,1000.0,,689,1.0,3.0
040150010000,,,700,1.0,3.0
040150011000,500.0,,1000,1.0,3.0
040150013000,1300.0,,420,1.0,3.0
040150015000,0.0,,670,1.0,3.0
040150016000,850.0,,528,1.0,3.0
040150017000,,,516,1.0,3.0
040150018000,650.0,,484,1.0,3.0
040150019000,800.0,,0,1.0,2.0
040150020000,,,555,1.0,3.0
040150021000,450.0,,576,1.0,3.0
040150024000,300.0,,0,1.0,3.0
040150025000,750.0,,878,1.0,4.0
040150026000,800.0,,945,1.0,2.0
040150027000,500.0,,286,1.0,3.0
040150029000,1400.0,,484,1.0,3.0
040150030000,1000.0,,336,1.0,3.0
040150031000,1000.0,,0,1.0,
040150032000,60.0,,520,1.0,3.0
040150033000,1000.0,,440,1.0,3.0
040150034000,1000.0,,0,1.0,3.0
040150035000,3250.0,,0,1.0,1.0
040150036000,1250.0,,528,1.0,3.0
040150037000,0.0,,500,1.0,3.0
040150038000,0.0,,630,1.0,3.0
040160001000,0.0,,0,1.0,3.0
040160002000,700.0,,532,1.0,3.0
040160003000,1800.0,,624,1.0,3.0
040160004000,,,576,1.0,
040160005000,,,624,1.0,3.0
040160006000,0.0,,755,1.0,3.0
040160007000,,,577,1.0,4.0
040160008000,600.0,,519,1.0,3.0
040160011000,500.0,,484,1.0,4.0
040170001000,,,616,1.0,
040170002000,0.0,,604,1.0,3.0
040170003000,,,504,1.0,
040170004000,0.0,,491,1.0,3.0
040170005000,,,511,1.0,3.0
040170006000,650.0,,440,1.0,2.0
040170010000,1000.0,,672,1.0,3.0
040170011000,1000.0,,336,1.0,3.0
040170012000,300.0,,600,1.0,3.0
040170013000,0.0,,528,1.0,3.0
040170014000,1150.0,,471,1.0,3.0
040170015000,2700.0,,520,1.0,3.0
040170019000,1500.0,,832,1.0,3.0
040170020000,0.0,,1668,1.0,3.0
040170024000,,,611,1.0,3.0
040170026000,1500.0,,624,1.0,3.0
040180001000,300.0,,400,1.0,3.0
040180002000,800.0,,0,1.0,3.0
040180003000,0.0,,528,1.0,3.0
040180005000,,,360,1.0,2.0
040180006000,600.0,,521,1.0,3.0
040180007000,0.0,,720,1.0,3.0
040180008000,800.0,,440,1.0,3.0
040180020000,0.0,,480,1.0,3.0
040180021000,1000.0,,1000,1.0,4.0
040180022000,800.0,,560,1.0,3.0
040190001000,1206.0,,440,1.0,4.0
040190004000,0.0,,576,1.0,3.0
040190005000,0.0,,475,1.0,4.0
040190006000,,,693,1.0,3.0
040190007000,1000.0,,504,1.0,2.0
040190008000,1000.0,,572,1.0,2.0
040190009000,550.0,,560,1.0,2.0
040190010000,300.0,,459,1.0,3.0
040190011000,,,674,1.0,3.0
040190012000,0.0,,483,1.0,4.0
040190013000,,,0,1.0,2.0
040190014000,850.0,,528,1.0,3.0
040190015000,0.0,,528,1.0,2.0
040190016000,600.0,,0,1.0,3.0
040190017000,0.0,,552,1.0,3.0
040190018000,1000.0,,0,1.0,3.0
040190019000,660.0,,495,1.0,4.0
040190020000,100.0,,0,1.0,2.0
040190021000,500.0,,576,1.0,3.0
040190022000,800.0,,408,1.0,3.0
040190023000,1000.0,,484,1.0,3.0
040190024000,900.0,,484,1.0,3.0
040190025000,2000.0,,768,1.0,3.0
040190026000,0.0,,672,1.0,3.0
040190027000,0.0,,576,1.0,3.0
040190028000,1000.0,,708,1.0,3.0
040190029000,1000.0,,400,1.0,3.0
040190030000,800.0,,440,1.0,3.0
040190031000,0.0,,575,1.0,2.0
040190032000,1027.0,,580,1.0,3.0
040190033000,1100.0,,520,1.0,3.0
040190034000,500.0,,644,1.0,3.0
040190035000,800.0,,520,1.0,3.0
040190036000,0.0,,462,1.0,3.0
040190037000,1282.0,,440,1.0,3.0
040190038000,,,405,1.0,3.0
040190039000,600.0,,576,1.0,3.0
040190040000,0.0,,492,1.0,2.0
040190041000,100.0,,480,1.0,3.0
040190042000,,,576,1.0,3.0
040190043000,300.0,,484,1.0,3.0
040200001000,1020.0,,642,1.0,4.0
040200004000,1150.0,,624,1.0,3.0
040200005000,,,650,1.0,
040200006000,,,494,1.0,3.0
040200010000,1250.0,,616,1.0,3.0
040200011000,,,616,1.0,3.0
040200012000,0.0,,480,1.0,3.0
040200013000,0.0,,484,1.0,3.0
040200014000,1050.0,,544,1.0,4.0
040200015000,950.0,,602,1.0,4.0
040200016000,,,540,1.0,3.0
040200017000,500.0,,572,1.0,3.0
040200018000,,,896,1.0,3.0
040200019000,,,938,1.0,3.0
040200020000,500.0,,0,1.0,3.0
040200021000,972.0,,735,1.0,4.0
040200022000,0.0,,220,1.0,3.0
040200023000,0.0,,588,1.0,3.0
040200024000,1100.0,,484,1.0,2.0
040200025000,750.0,,735,1.0,4.0
040200026000,0.0,,484,1.0,3.0
040210001000,,,679,1.0,3.0
040210002000,0.0,,672,1.0,3.0
040210003000,0.0,,528,1.0,3.0
040210004000,1716.0,,504,1.0,3.0
040210006000,1000.0,,528,1.0,3.0
040210007000,950.0,,624,1.0,3.0
040210008000,,,420,1.0,3.0
040210009000,600.0,,484,1.0,3.0
040210010000,0.0,,0,1.0,2.0
040210011000,550.0,,528,1.0,3.0
040210012000,,,528,1.0,3.0
040210013000,600.0,,484,1.0,3.0
040210014000,1000.0,,704,1.0,3.0
040210015000,800.0,,560,1.0,3.0
040210016000,600.0,,484,1.0,3.0
040210017000,1200.0,,220,1.0,3.0
040210019000,1500.0,,495,1.0,3.0
040210020000,800.0,,440,1.0,3.0
040210021000,600.0,,624,1.0,3.0
040210022000,450.0,,550,1.0,3.0
040210023000,0.0,,610,1.0,3.0
040210024000,,,0,1.0,2.0
040210025000,1500.0,,832,1.0,4.0
040210026000,,,506,1.0,3.0
040210028000,,,576,1.0,4.0
040210029000,,,528,1.0,3.0
040210030000,872.0,,918,1.0,3.0
040210031000,900.0,,576,1.0,4.0
040210032000,1170.0,,644,1.0,3.0
040210034000,,,440,1.0,4.0
040210035000,0.0,,548,1.0,3.0
040210036000,820.0,,0,1.0,3.0
040210037000,1300.0,,672,1.0,3.0
040210038000,600.0,,1026,1.0,3.0
040210039000,1250.0,,462,1.0,3.0
040210040000,800.0,,638,1.0,3.0
040210041000,1100.0,,623,1.0,4.0
040210042000,500.0,,0,1.0,3.0
040210043000,1000.0,,412,1.0,3.0
040210044000,750.0,,440,1.0,3.0
040210045000,1150.0,,616,1.0,3.0
040210046000,1250.0,,528,1.0,4.0
040210047000,0.0,,515,1.0,3.0
040210048000,0.0,,384,1.0,5.0
040220001000,0.0,,589,1.0,3.0
040220002000,800.0,,410,1.0,3.0
040220003000,400.0,,520,1.0,3.0
040220004000,500.0,,0,1.0,2.0
040220005000,1000.0,,672,1.0,3.0
040220007000,860.0,,585,1.0,4.0
040220008000,0.0,,636,1.0,3.0
040220009000,900.0,,440,1.0,3.0
040220010000,1000.0,,462,1.0,3.0
040220011000,600.0,,484,1.0,3.0
040220012000,650.0,,506,1.0,4.0
040220013000,574.0,,616,1.0,3.0
040220014000,12.0,,528,1.0,3.0
040220015000,720.0,,480,1.0,4.0
040220016000,1000.0,,440,1.0,3.0
040220017000,0.0,,576,1.0,2.0
040220018000,560.0,,440,1.0,3.0
040220019000,900.0,,528,1.0,3.0
040220020000,440.0,,484,1.0,3.0
040220021000,650.0,,440,1.0,3.0
040220022000,800.0,,440,1.0,4.0
040220023000,1000.0,,520,1.0,4.0
040220024000,0.0,,336,1.0,2.0
040220025000,0.0,,288,1.0,3.0
040220026000,1000.0,,720,1.0,3.0
040220027000,160.0,,576,1.0,
040220028000,,,778,1.0,3.0
040220029000,500.0,,0,1.0,2.0
040220030000,650.0,440.0,440,2.0,3.0
040220031000,800.0,,484,1.0,3.0
040220032000,550.0,,400,1.0,3.0
040220033000,1600.0,,552,1.0,3.0
040220034000,250.0,,0,1.0,2.0
040220035000,1100.0,,440,1.0,3.0
040220036000,900.0,,418,1.0,3.0
040220037000,500.0,,0,1.0,2.0
040220038000,500.0,,576,1.0,3.0
040230001000,450.0,,528,1.0,3.0
040230002000,1600.0,,440,1.0,3.0
040230003000,0.0,,240,1.0,3.0
040230004000,800.0,,440,1.0,3.0
040230006000,500.0,,336,1.0,3.0
040230007000,700.0,,291,1.0,3.0
040230008000,0.0,,504,1.0,3.0
040230009000,900.0,,440,1.0,3.0
040230010000,500.0,,560,1.0,2.0
040230011000,500.0,,529,1.0,3.0
040230012000,800.0,,624,1.0,3.0
040230013000,250.0,,440,1.0,1.0
040230014000,1320.0,,590,1.0,4.0
040230015000,600.0,,532,1.0,3.0
040230016000,1034.0,,716,1.0,5.0
040230017000,0.0,,484,1.0,3.0
040230018000,36.0,,528,1.0,3.0
040230020000,1150.0,,705,1.0,3.0
040230021000,900.0,,484,1.0,2.0
040230022000,400.0,,0,1.0,3.0
040230023000,0.0,,520,1.0,3.0
040230024000,1200.0,,520,1.0,4.0
040230025000,700.0,,440,1.0,3.0
040230026000,1200.0,,576,1.0,3.0
040230027000,200.0,,522,1.0,3.0
040230028000,800.0,,780,1.0,3.0
040230029000,600.0,,400,1.0,4.0
040230030000,700.0,,912,1.0,3.0
040230031000,1000.0,,528,1.0,4.0
040230032000,,,0,1.0,2.0
040230033000,800.0,,720,1.0,3.0
040230034000,600.0,,360,1.0,4.0
040230035000,1000.0,,576,1.0,3.0
040230037000,0.0,,484,1.0,3.0
040240003000,850.0,,400,1.0,3.0
040240004000,,,624,1.0,3.0
040240005000,950.0,,480,1.0,3.0
040240006000,0.0,,528,1.0,3.0
040240007000,0.0,,504,1.0,3.0
040240008000,900.0,,440,1.0,3.0
040240009000,550.0,,484,1.0,3.0
040240010000,0.0,,0,1.0,3.0
040240011000,600.0,,530,1.0,3.0
040240012000,0.0,,304,1.0,3.0
040240013000,450.0,,0,1.0,2.0
040240014000,1500.0,,672,1.0,4.0
040240015000,0.0,,560,1.0,3.0
040240016000,900.0,,800,1.0,3.0
040240017000,450.0,,400,1.0,3.0
040250003000,400.0,,576,1.0,3.0
040250004000,500.0,,400,1.0,3.0
040250005000,900.0,,480,1.0,3.0
040250006000,660.0,,616,1.0,3.0
040250007000,800.0,,400,1.0,3.0
040250008000,750.0,,531,1.0,3.0
040250009000,900.0,,504,1.0,3.0
040250010000,,448.0,642,2.0,3.0
040250011000,400.0,,576,1.0,3.0
040250012000,400.0,,624,1.0,3.0
040250013000,1400.0,,576,1.0,3.0
040250014000,1000.0,,672,1.0,2.0
040250015000,400.0,,484,1.0,3.0
040250016000,400.0,,528,1.0,3.0
040250017000,,,675,1.0,4.0
040250018000,1800.0,,792,1.0,3.0
040250019000,0.0,,483,1.0,3.0
040250020000,500.0,,464,1.0,3.0
040250021000,1000.0,,414,1.0,
040250022000,900.0,,528,1.0,4.0
040250023000,400.0,,0,1.0,3.0
040250024000,1000.0,,480,1.0,3.0
040260001000,700.0,,624,1.0,4.0
040260003000,1000.0,,660,1.0,3.0
040260005000,500.0,,496,1.0,3.0
040260006000,700.0,,480,1.0,1.0
040260008000,400.0,,480,1.0,3.0
040260009000,1000.0,,672,1.0,3.0
040260010000,,,0,1.0,3.0
040260012000,250.0,,440,1.0,3.0
040260014000,,,816,1.0,3.0
040260015000,0.0,,852,1.0,5.0
040260016000,0.0,,504,1.0,3.0
040260017000,600.0,,484,1.0,4.0
040260018000,,,862,1.0,3.0
040260020000,1200.0,,641,1.0,4.0
040270001000,1000.0,,528,1.0,3.0
040270002000,1100.0,,616,1.0,3.0
040270003000,480.0,,528,1.0,3.0
040270004000,0.0,,480,1.0,3.0
040270005000,1200.0,,400,1.0,3.0
040270006000,783.0,,926,1.0,3.0
040270007000,980.0,,792,1.0,3.0
040270008000,1900.0,,792,1.0,4.0
040270009000,0.0,,528,1.0,3.0
040270011000,800.0,,410,1.0,3.0
040270014000,1000.0,,588,1.0,4.0
040270015000,1100.0,,550,1.0,3.0
040270016000,0.0,,403,1.0,3.0
040270017000,0.0,,504,1.0,3.0
040270018000,0.0,,440,1.0,3.0
040270019000,575.0,,400,1.0,3.0
040270020000,500.0,,400,1.0,3.0
040270021000,0.0,,576,1.0,3.0
040270022000,430.0,,720,1.0,4.0
040270023000,1150.0,,457,1.0,3.0
040270024000,728.0,,400,1.0,3.0
040270025000,947.0,,672,1.0,3.0
040270026000,850.0,,436,1.0,3.0
040270027000,0.0,,440,1.0,3.0
040270028000,1500.0,,528,1.0,3.0
040270029000,960.0,,440,1.0,3.0
040280001000,0.0,,273,1.0,3.0
040280002000,800.0,,454,1.0,3.0
040280003000,1600.0,,360,1.0,2.0
040280004000,1000.0,,576,1.0,4.0
040280006000,0.0,,415,1.0,3.0
040280007000,900.0,,561,1.0,3.0
040280008000,625.0,,440,1.0,3.0
040280009000,1250.0,,680,1.0,3.0
040280010000,800.0,,0,1.0,3.0
040280011000,396.0,,176,1.0,3.0
040280012000,640.0,,500,1.0,3.0
040280013000,825.0,,528,1.0,4.0
040280014000,,,484,1.0,2.0
040280015000,819.0,,528,1.0,4.0
040280016000,,,682,1.0,3.0
040280017000,500.0,,400,1.0,2.0
040280018000,0.0,,520,1.0,3.0
040280019000,0.0,,644,1.0,4.0
040280020000,600.0,,660,1.0,3.0
040280021000,0.0,,0,1.0,3.0
040280022000,750.0,,420,1.0,3.0
040280023000,600.0,,400,1.0,3.0
040280024000,1638.0,,504,1.0,3.0
040280025000,1600.0,,504,1.0,3.0
040280026000,500.0,,504,1.0,3.0
040280027000,0.0,,480,1.0,3.0
040280028000,800.0,,0,1.0,3.0
040280030000,0.0,,528,1.0,3.0
040280031000,624.0,,480,1.0,3.0
040280032000,,,644,1.0,3.0
040280033000,0.0,,744,1.0,3.0
040280034000,1250.0,,352,1.0,3.0
040280035000,944.0,,480,1.0,3.0
040280037000,942.0,,0,1.0,2.0
040280040000,,,400,1.0,3.0
040280041000,0.0,,940,1.0,3.0
040280042000,0.0,,375,1.0,3.0
040280043000,980.0,,440,1.0,3.0
040280044000,0.0,,470,1.0,6.0
040290001000,800.0,,640,1.0,3.0
040290002000,800.0,,725,1.0,3.0
040290003000,1250.0,,936,1.0,3.0
040290006000,1000.0,,616,1.0,3.0
040290007000,1850.0,,572,1.0,3.0
040290008000,,,0,1.0,2.0
040290009000,1000.0,,460,1.0,3.0
040290010000,1840.0,,576,1.0,2.0
040290011000,550.0,,430,1.0,3.0
040290012000,800.0,,576,1.0,3.0
040290013000,675.0,,400,1.0,3.0
040290014000,0.0,,624,1.0,3.0
040290015000,1100.0,,412,1.0,4.0
040290016000,0.0,,400,1.0,3.0
040290017000,400.0,,816,1.0,3.0
040290018000,480.0,,624,1.0,3.0
040290019000,750.0,,528,1.0,3.0
040290020000,0.0,,440,1.0,3.0
040290021000,800.0,,400,1.0,3.0
040290022000,0.0,,461,1.0,3.0
040290023000,0.0,,440,1.0,4.0
040290024000,,,480,1.0,3.0
040290025000,900.0,,440,1.0,3.0
040290026000,0.0,,240,1.0,3.0
040290027000,520.0,,440,1.0,3.0
040290028000,400.0,,528,1.0,2.0
040290029000,400.0,,0,1.0,2.0
040290030000,1000.0,,480,1.0,3.0
040300001000,,,400,1.0,3.0
040300002000,934.0,,326,1.0,3.0
040300003000,1300.0,,576,1.0,3.0
040300004000,900.0,,704,1.0,3.0
040300005000,560.0,,400,1.0,3.0
040300006000,880.0,,440,1.0,3.0
040300007000,1300.0,,440,1.0,3.0
040300008000,1200.0,,528,1.0,4.0
040300009000,1000.0,,576,1.0,3.0
040300010000,320.0,,480,1.0,3.0
040300011000,800.0,,520,1.0,3.0
040300012000,1336.0,,576,1.0,3.0
040300013000,0.0,,510,1.0,3.0
040300014000,1200.0,,477,1.0,3.0
040300015000,700.0,,444,1.0,3.0
040300016000,756.0,,576,1.0,2.0
040300017000,500.0,,480,1.0,3.0
040300018000,,,540,1.0,3.0
040300019000,1000.0,,576,1.0,3.0
040300020000,500.0,,0,1.0,3.0
040300021000,1200.0,,480,1.0,2.0
040300022000,900.0,,487,1.0,2.0
040300023000,1100.0,,770,1.0,3.0
040300024000,700.0,,441,1.0,3.0
040300025000,728.0,,520,1.0,3.0
040300026000,1040.0,,455,1.0,3.0
040300027000,0.0,,600,1.0,3.0
040300028000,700.0,,320,1.0,3.0
040300029000,400.0,,576,1.0,3.0
040300030000,800.0,,660,1.0,3.0
040300031000,0.0,,420,1.0,4.0
040300032000,400.0,,0,1.0,2.0
040300033000,1000.0,,450,1.0,3.0
040310001000,1200.0,,528,1.0,2.0
040310002000,700.0,,560,1.0,3.0
040310003000,540.0,,528,1.0,3.0
040310004000,1000.0,,756,1.0,2.0
040310005000,935.0,,520,1.0,4.0
040310006000,550.0,,0,1.0,3.0
040310007000,800.0,,484,1.0,3.0
040310009000,800.0,,456,1.0,3.0
040310010000,800.0,,400,1.0,3.0
040310011000,1200.0,,714,1.0,2.0
040310012000,1600.0,,384,1.0,2.0
040310013000,,,714,1.0,3.0
040310014000,486.0,,624,1.0,3.0
040310015000,2100.0,,598,1.0,3.0
040310016000,1000.0,,576,1.0,3.0
040310017000,1400.0,,672,1.0,3.0
040310018000,0.0,,636,1.0,3.0
040310019000,650.0,,660,1.0,4.0
040310020000,900.0,,400,1.0,3.0
040310021000,700.0,,504,1.0,3.0
040310022000,500.0,,484,1.0,3.0
040310023000,800.0,,528,1.0,3.0
040310024000,,,616,1.0,3.0
040310025000,900.0,,480,1.0,3.0
040310026000,850.0,,576,1.0,3.0
040310027000,1000.0,,400,1.0,3.0
040310028000,300.0,,672,1.0,2.0
040320003000,680.0,,676,1.0,3.0
040320004000,0.0,,484,1.0,3.0
040320005000,800.0,,504,1.0,3.0
040320006000,600.0,,558,1.0,4.0
040320007000,1100.0,,440,1.0,3.0
040320008000,800.0,,420,1.0,4.0
040320009000,,,780,1.0,3.0
040320010000,860.0,,484,1.0,3.0
040320011000,820.0,622.0,616,1.0,3.0
040320012000,1000.0,,528,1.0,3.0
040320013000,600.0,,477,1.0,3.0
040320014000,850.0,,420,1.0,3.0
040320015000,400.0,,0,1.0,2.0
040320016000,900.0,,484,1.0,3.0
040320017000,800.0,,440,1.0,3.0
040320018000,800.0,,288,1.0,3.0
040320019000,1450.0,,480,1.0,3.0
040320020000,,,742,1.0,4.0
040320021000,2100.0,,480,1.0,3.0
040320022000,0.0,,720,1.0,3.0
040320023000,800.0,,560,1.0,3.0
040320026000,0.0,,585,1.0,3.0
040330002000,1450.0,,528,1.0,4.0
040330003000,800.0,,420,1.0,3.0
040330004000,0.0,,576,1.0,3.0
040330005000,1200.0,,624,1.0,3.0
040330006000,800.0,,472,1.0,3.0
040330007000,700.0,,460,1.0,3.0
040330008000,,,528,1.0,3.0
040330009000,800.0,,440,1.0,3.0
040330010000,1000.0,,480,1.0,3.0
040330011000,900.0,,0,1.0,3.0
040330013000,700.0,,672,1.0,3.0
040330014000,,,564,1.0,3.0
040330015000,800.0,,500,1.0,3.0
040330016000,500.0,,400,1.0,2.0
040330017000,800.0,,440,1.0,3.0
040330018000,500.0,,874,1.0,3.0
040330019000,900.0,,692,1.0,3.0
040330020000,750.0,,480,1.0,2.0
040330021000,440.0,,528,1.0,2.0
040330022000,700.0,,336,1.0,3.0
040330023000,,,726,1.0,3.0
040330024000,400.0,,440,1.0,3.0
040330025000,0.0,,672,1.0,3.0
040330026000,650.0,,214,1.0,4.0
040330027000,675.0,,0,1.0,3.0
040330028000,1020.0,,609,1.0,3.0
040330030000,0.0,,497,1.0,3.0
040330031000,1000.0,,650,1.0,3.0
040330033000,700.0,,440,1.0,2.0
040330034000,700.0,,472,1.0,3.0
040330035000,0.0,,440,1.0,2.0
040330036000,400.0,,0,1.0,3.0
040330037000,650.0,,600,1.0,5.0
040330038000,600.0,,676,1.0,4.0
040330039000,600.0,,600,1.0,1.0
040330040000,300.0,,280,1.0,2.0
040330041000,600.0,,484,1.0,3.0
040330042000,800.0,,484,1.0,3.0
040340001000,320.0,,460,1.0,3.0
040340002000,400.0,,468,1.0,3.0
040340003000,900.0,,528,1.0,3.0
040340004000,0.0,,462,1.0,4.0
040340005000,660.0,,528,1.0,3.0
040340006000,600.0,,440,1.0,3.0
040340008000,0.0,,765,1.0,4.0
040340009000,,,520,1.0,4.0
040340010000,320.0,,0,1.0,2.0
040340011000,0.0,,720,1.0,3.0
040340012000,500.0,,0,1.0,2.0
040340013000,1200.0,,480,1.0,3.0
040340014000,850.0,,264,1.0,2.0
040340015000,650.0,,528,1.0,3.0
040340016000,800.0,,528,1.0,4.0
040340017000,400.0,,440,1.0,3.0
040340018000,0.0,,264,1.0,3.0
040340019000,0.0,,0,1.0,3.0
040340020000,650.0,,492,1.0,3.0
040340021000,800.0,,440,1.0,4.0
040340022000,0.0,,506,1.0,3.0
040340023000,0.0,,440,1.0,3.0
040340024000,650.0,,0,1.0,2.0
040340025000,0.0,,528,1.0,3.0
040340026000,1400.0,,441,1.0,3.0
040340027000,,,714,1.0,4.0
040340028000,600.0,,576,1.0,3.0
040340029000,,,492,1.0,3.0
040340030000,300.0,,796,1.0,4.0
040340031000,500.0,,286,1.0,3.0
040340032000,800.0,,572,1.0,3.0
040340033000,900.0,,528,1.0,3.0
040340034000,800.0,,288,1.0,3.0
040340035000,0.0,,528,1.0,3.0
040340036000,635.0,,308,1.0,3.0
040340037000,0.0,,528,1.0,3.0
040340038000,,,0,1.0,3.0
040340039000,300.0,,0,1.0,4.0
040340040000,500.0,,0,1.0,4.0
040340041000,800.0,,484,1.0,3.0
040340042000,0.0,,420,1.0,2.0
040340043000,,,528,1.0,3.0
040340044000,350.0,,360,1.0,3.0
040340045000,1150.0,,576,1.0,2.0
040340046000,1000.0,,484,1.0,3.0
040340047000,600.0,,286,1.0,3.0
040340048000,0.0,,240,1.0,2.0
040350001000,1770.0,,400,1.0,3.0
040350002000,,,570,1.0,3.0
040350003000,1020.0,,400,1.0,3.0
040350004000,0.0,,720,1.0,3.0
040350005000,1550.0,,600,1.0,3.0
040350006000,1258.0,,672,1.0,3.0
040350007000,0.0,,0,1.0,2.0
040350008000,740.0,,400,1.0,3.0
040350009000,1100.0,,400,1.0,3.0
040350010000,800.0,,400,1.0,3.0
040350011000,900.0,,528,1.0,3.0
040350012000,1154.0,,400,1.0,3.0
040350013000,,,696,1.0,3.0
040350014000,900.0,,576,1.0,3.0
040350015000,750.0,,437,1.0,4.0
040350016000,600.0,,462,1.0,3.0
040350017000,400.0,,266,1.0,2.0
040350018000,0.0,,480,1.0,2.0
040350019000,0.0,,252,1.0,2.0
040350020000,600.0,,528,1.0,3.0
040350021000,,,560,1.0,3.0
040350022000,500.0,,480,1.0,3.0
040350023000,0.0,,480,1.0,3.0
040350024000,,,992,1.0,3.0
040350025000,800.0,,572,1.0,3.0
040350026000,0.0,,338,1.0,3.0
040350027000,,,182,1.0,2.0
040350028000,1000.0,,640,1.0,3.0
040350030000,1000.0,,528,1.0,3.0
040350031000,2025.0,,466,1.0,3.0
040350032000,800.0,,484,1.0,3.0
040350033000,1250.0,,846,1.0,3.0
040350034000,1000.0,,495,1.0,3.0
040350035000,400.0,,422,1.0,3.0
040350036000,650.0,,308,1.0,3.0
040350037000,,,286,1.0,2.0
040360001000,600.0,,440,1.0,3.0
040360002000,,,672,1.0,4.0
040360003000,700.0,,445,1.0,3.0
040360004000,400.0,,400,1.0,4.0
040360005000,,,440,1.0,4.0
040360006000,1250.0,,688,1.0,3.0
040360007000,0.0,,335,1.0,2.0
040360008000,620.0,,280,1.0,3.0
040360009000,0.0,,480,1.0,3.0
040360010000,0.0,,576,1.0,3.0
040360011000,0.0,,552,1.0,3.0
040360012000,0.0,,400,1.0,3.0
040360013000,600.0,,420,1.0,3.0
040360014000,750.0,,624,1.0,4.0
040360015000,800.0,,560,1.0,3.0
040360016000,,,602,1.0,
040360017000,1000.0,,748,1.0,3.0
040360018000,,,502,1.0,3.0
040360019000,0.0,,462,1.0,3.0
040360020000,1000.0,,594,1.0,3.0
040360021000,,,572,1.0,3.0
040360022000,500.0,,514,1.0,3.0
040360023000,,,465,1.0,3.0
040360024000,,,576,1.0,4.0
040360025000,1200.0,,528,1.0,3.0
040360026000,,,528,1.0,3.0
040360027000,800.0,,0,1.0,3.0
040360028000,0.0,,308,1.0,3.0
040360029000,700.0,,440,1.0,3.0
040360030000,0.0,,480,1.0,3.0
040360031000,600.0,,440,1.0,3.0
040360032000,600.0,,602,1.0,3.0
040360034000,,,572,1.0,6.0
040360035000,,,630,1.0,3.0
040360036000,3355.0,,881,1.0,3.0
040360037000,700.0,,840,1.0,3.0
040360038000,600.0,,308,1.0,3.0
040360039000,0.0,,502,1.0,4.0
040360040000,1050.0,,528,1.0,3.0
040360041000,800.0,,438,1.0,3.0
040360042000,0.0,,313,1.0,3.0
040360043000,,,892,1.0,3.0
040360044000,,,400,1.0,3.0
040360045000,800.0,,320,1.0,3.0
040360046000,800.0,,440,1.0,3.0
040360047000,,,600,1.0,3.0
040360050000,900.0,,572,1.0,3.0
040370001000,700.0,,520,1.0,3.0
040370002000,400.0,,264,1.0,2.0
040370003000,0.0,,440,1.0,2.0
040370004000,,,664,1.0,3.0
040370005000,360.0,,500,1.0,3.0
040370007000,,,598,1.0,3.0
040370008000,,,512,1.0,
040370009000,,,473,1.0,
040370010000,900.0,,400,1.0,4.0
040370011000,700.0,,420,1.0,3.0
040370012000,850.0,,1344,1.0,3.0
040370013000,600.0,,441,1.0,3.0
040370014000,,,0,1.0,3.0
040370015000,1080.0,,480,1.0,2.0
040370016000,800.0,,416,1.0,3.0
040370017000,1300.0,,679,1.0,4.0
040370018000,550.0,,440,1.0,3.0
040370019000,700.0,,440,1.0,3.0
040370020000,600.0,,616,1.0,3.0
040370021000,0.0,748.0,0,2.0,2.0
040370022000,500.0,,384,1.0,3.0
040370023000,960.0,,896,1.0,3.0
040370025000,800.0,,440,1.0,3.0
040370026000,1000.0,,484,1.0,3.0
040370027000,650.0,,440,1.0,3.0
040370028000,800.0,,484,1.0,3.0
040370029000,900.0,,1492,1.0,3.0
040370030000,900.0,,456,1.0,3.0
040370031000,1000.0,,728,1.0,3.0
040370032000,800.0,,572,1.0,3.0
040370033000,900.0,,465,1.0,3.0
040370034000,1250.0,,400,1.0,3.0
040370035000,800.0,,672,1.0,3.0
040370036000,700.0,,1420,1.0,3.0
040370037000,1000.0,,484,1.0,3.0
040370038000,850.0,,416,1.0,3.0
040370039000,2350.0,,637,1.0,2.0
040370040000,1000.0,,384,1.0,3.0
040370041000,,,528,1.0,3.0
040370042000,1000.0,,529,1.0,3.0
040370043000,0.0,,326,1.0,3.0
040370044000,,,528,1.0,3.0
040370045000,,,624,1.0,3.0
040370046000,,,480,1.0,3.0
040370047000,1200.0,,462,1.0,3.0
040370048000,,,576,1.0,
040370049000,,,0,1.0,
040370050000,1600.0,,576,1.0,3.0
040370051000,,,572,1.0,3.0
040370052000,0.0,,426,1.0,3.0
040370053000,,,528,1.0,2.0
040370054000,1100.0,,506,1.0,3.0
040370055000,1200.0,,528,1.0,3.0
040370056000,,,576,1.0,3.0
040370057000,600.0,,440,1.0,3.0
040370058000,200.0,,576,1.0,3.0
040370059000,800.0,,0,1.0,2.0
040370060000,,,0,1.0,3.0
040380001000,1250.0,,505,1.0,3.0
040380002000,1100.0,,494,1.0,3.0
040380003000,900.0,,552,1.0,3.0
040380004000,700.0,,576,1.0,4.0
040380006000,2500.0,,1636,1.0,4.0
040380007000,,,528,1.0,3.0
040380008000,800.0,,484,1.0,3.0
040380009000,800.0,,484,1.0,3.0
040380010000,800.0,,0,1.0,3.0
040380011000,550.0,,308,1.0,4.0
040380012000,700.0,,506,1.0,3.0
040380013000,400.0,,528,1.0,4.0
040380014000,1050.0,,479,1.0,3.0
040380015000,900.0,,484,1.0,3.0
040380016000,1400.0,,462,1.0,3.0
040380017000,1250.0,,616,1.0,3.0
040380018000,1238.0,,572,1.0,3.0
040380019000,,,484,1.0,4.0
040380020000,,,0,1.0,3.0
040380021000,700.0,,528,1.0,3.0
040380022000,600.0,,441,1.0,4.0
040380023000,1400.0,,677,1.0,2.0
040380024000,,,0,1.0,3.0
040380025000,0.0,,730,1.0,4.0
040380026000,500.0,,440,1.0,3.0
040390001000,1100.0,,528,1.0,3.0
040390002000,,,480,1.0,
040390003000,600.0,,480,1.0,
040390004000,720.0,,286,1.0,3.0
040390005000,725.0,,266,1.0,2.0
040390006000,1000.0,,572,1.0,2.0
040390007000,1000.0,,768,1.0,2.0
040390008000,850.0,,0,1.0,2.0
040390009000,450.0,,0,1.0,2.0
040390010000,975.0,,484,1.0,3.0
040390011000,2000.0,,676,1.0,4.0
040390012000,600.0,,462,1.0,3.0
040390013000,,,484,1.0,3.0
040390014000,0.0,,700,1.0,3.0
040390015000,1250.0,,402,1.0,3.0
040390016000,336.0,,330,1.0,3.0
040390017000,1200.0,,528,1.0,3.0
040390018000,1200.0,,528,1.0,3.0
040390020000,1316.0,,506,1.0,3.0
040390021000,900.0,,572,1.0,3.0
040390022000,600.0,,918,1.0,3.0
040390023000,1050.0,,484,1.0,3.0
040390024000,400.0,,671,1.0,3.0
040390025000,800.0,,528,1.0,4.0
040390026000,0.0,,720,1.0,2.0
040390027000,1100.0,,440,1.0,3.0
040390028000,750.0,,352,1.0,2.0
040390029000,1450.0,,484,1.0,3.0
040390030000,1050.0,,408,1.0,3.0
040400001000,1200.0,,484,1.0,3.0
040400002000,1500.0,,440,1.0,2.0
040400003000,,,528,1.0,3.0
040400004000,1350.0,,480,1.0,3.0
040400005000,550.0,,528,1.0,3.0
040400006000,,,480,1.0,3.0
040400007000,1000.0,,597,1.0,3.0
040400008000,0.0,,400,1.0,2.0
040400009000,,,572,1.0,3.0
040400010000,675.0,,480,1.0,2.0
040400012000,186.0,,0,1.0,3.0
040400013000,1000.0,,484,1.0,3.0
040400015000,1350.0,,644,1.0,3.0
040400016000,1100.0,,528,1.0,4.0
040400017000,0.0,,420,1.0,3.0
040400018000,850.0,,496,1.0,3.0
040400019000,800.0,,528,1.0,3.0
040410001000,0.0,,0,1.0,3.0
040410002000,,,480,1.0,2.0
040410003000,,,612,1.0,4.0
040410004000,1300.0,,462,1.0,3.0
040410005000,850.0,,484,1.0,3.0
040410006000,1550.0,,720,1.0,3.0
040410007000,750.0,,431,1.0,3.0
040410008000,750.0,,440,1.0,3.0
040410009000,,,520,1.0,3.0
040410010000,1650.0,,484,1.0,4.0
040410011000,2400.0,,774,1.0,2.0
040410013000,,,480,1.0,2.0
040410014000,0.0,,440,1.0,3.0
040410015000,600.0,,442,1.0,3.0
040410016000,1200.0,,540,1.0,3.0
040410017000,600.0,,564,1.0,3.0
040410018000,,,528,1.0,4.0
040410019000,1400.0,,624,1.0,4.0
040420001000,1700.0,,614,1.0,3.0
040420002000,0.0,,1137,1.0,3.0
040420005000,,,0,1.0,3.0
040420006000,1500.0,,458,1.0,4.0
040420007000,1000.0,,576,1.0,3.0
040420009000,1000.0,,483,1.0,3.0
040420010000,1100.0,,506,1.0,3.0
040420011000,900.0,,480,1.0,3.0
040420012000,0.0,,576,1.0,4.0
040420013000,1950.0,,1260,1.0,4.0
040420014000,2500.0,,960,1.0,4.0
040420015000,,,1275,1.0,3.0
040420017000,,,484,1.0,3.0
040420018000,1100.0,,560,1.0,3.0
040420019000,0.0,,538,1.0,3.0
040420020000,1116.0,998.0,572,2.0,3.0
040420021000,1000.0,,0,1.0,3.0
040420022000,500.0,,576,1.0,3.0
040420024000,750.0,,400,1.0,2.0
040420025000,725.0,,416,1.0,3.0
040420026000,700.0,,468,1.0,3.0
040420027000,,,308,1.0,3.0
040420028000,,,528,1.0,4.0
040420029000,800.0,,440,1.0,
040420030000,,,672,1.0,4.0
040430002000,,,494,1.0,2.0
040430003000,725.0,,440,1.0,3.0
040430004000,,,623,1.0,4.0
040430005000,0.0,,528,1.0,5.0
040430006000,750.0,,821,1.0,3.0
040440003000,,,528,1.0,3.0
040440004000,,,576,1.0,3.0
040440005000,1350.0,,480,1.0,3.0
040440006000,0.0,,394,1.0,3.0
040440007000,720.0,,520,1.0,3.0
040440008000,,,624,1.0,3.0
040440009000,,,420,1.0,2.0
040440010000,2500.0,,704,1.0,3.0
040440011000,,,420,1.0,3.0
040450001000,800.0,,564,1.0,3.0
040450002000,800.0,,420,1.0,3.0
040450003000,,,330,1.0,3.0
040450004000,,,576,1.0,3.0
040450006000,700.0,,624,1.0,3.0
040450008000,1100.0,,565,1.0,4.0
040450009000,500.0,,484,1.0,3.0
040450010000,800.0,,506,1.0,3.0
040450011000,1000.0,,480,1.0,3.0
040450012000,0.0,,478,1.0,3.0
040450013000,,,0,1.0,2.0
040450014000,0.0,,528,1.0,3.0
040450015000,,,220,1.0,2.0
040450016000,1400.0,,0,1.0,3.0
040450017000,,,575,1.0,3.0
040450018000,1500.0,,616,1.0,3.0
040450020000,1000.0,,728,1.0,3.0
040450021000,0.0,,640,1.0,4.0
040450022000,0.0,,600,1.0,3.0
040450023000,1800.0,,884,1.0,5.0
040450025000,1200.0,,484,1.0,4.0
040450026000,,,528,1.0,3.0
040450027000,500.0,,648,1.0,2.0
040450029000,,,879,1.0,4.0
040450030000,700.0,,444,1.0,3.0
040450031000,1000.0,,581,1.0,4.0
040450032000,,,551,1.0,3.0
040450033000,,,0,1.0,3.0
040450034000,900.0,,552,1.0,3.0
040450035000,,,400,1.0,3.0
040460001000,800.0,,400,1.0,3.0
040460002000,,,480,1.0,4.0
040460003000,,,480,1.0,3.0
040460004000,1100.0,,480,1.0,3.0
040460005000,800.0,,624,1.0,3.0
040460006000,,,818,1.0,4.0
043020003000,,,1284,1.0,
043020006000,758.0,,848,2.0,
043020007000,,,1216,1.0,
043020008000,,,0,1.0,
043020009000,,,1324,1.0,
043020010000,,,978,1.0,
043020011000,,,1140,1.0,
043020014000,,,992,1.0,4.0
043020022000,,,1060,1.0,
043020025000,1400.0,,909,1.0,4.0
043020026000,,,800,1.0,
043020028000,1892.0,,864,1.0,3.0
043020029000,,,1060,1.0,
043020030000,,,1390,1.0,
043030001000,,,901,1.0,
043030004000,,,938,1.0,
043030008000,,,932,1.0,4.0
043030009000,,,732,1.0,4.0
043030010000,,,592,1.0,4.0
043030023000,,,846,1.0,
043040001000,,,598,1.0,2.0
043040003000,,,797,1.0,
043040004000,,,830,1.0,
043040006000,,,855,1.0,4.0
043040007000,,,635,1.0,4.0
043040018000,,,1007,1.0,3.0
043040020000,972.0,,1010,1.0,
043040021000,,,1147,1.0,4.0
043040022000,,,1213,1.0,
043040023000,,,0,1.0,
043040027000,,,602,1.0,
043040028000,,,1261,1.0,
043040029000,,,967,1.0,4.0
043040033000,,,875,1.0,
043040034000,,,896,1.0,
043050002000,,,563,1.0,
043050003000,,,301,1.0,3.0
043050004000,,,564,1.0,
043050005000,,,564,1.0,
043050006000,,,301,1.0,3.0
043050007000,,,563,1.0,
043050009000,,,563,1.0,
043050011000,,,574,1.0,3.0
043050012000,,,300,1.0,3.0
043050013000,,,574,1.0,3.0
043050014000,,,574,1.0,3.0
043050015000,,,574,1.0,3.0
043050017000,,,563,1.0,
043050019000,,,0,1.0,
043050020000,,,563,1.0,
043060014000,524.0,,473,1.0,
043060015000,524.0,,473,1.0,
043060016000,665.0,,479,1.0,
043060017000,665.0,,479,1.0,
043060018000,665.0,,479,1.0,
043060019000,665.0,,479,1.0,
043060020000,712.0,,474,1.0,
043060021000,0.0,,479,1.0,
043060022000,665.0,,479,1.0,
043060023000,665.0,,479,1.0,
043070008000,,,0,6.0,
043070012000,524.0,,473,1.0,
043070013000,524.0,,473,1.0,
044010002000,1100.0,,947,1.0,3.0
044010003000,0.0,,528,1.0,3.0
044010004000,,,440,1.0,2.0
044010005000,720.0,,624,1.0,4.0
044010006000,,,384,1.0,2.0
044010007000,1380.0,,672,1.0,3.0
044010009000,,,529,1.0,3.0
044010010000,540.0,,494,1.0,3.0
044010011000,1250.0,,528,1.0,3.0
044010012000,0.0,,400,1.0,3.0
044010013000,1500.0,,576,1.0,3.0
044010014000,570.0,,480,1.0,3.0
044010015000,765.0,,616,1.0,3.0
044010016000,1290.0,,672,1.0,3.0
044010017000,1200.0,,528,1.0,3.0
044010018000,,,400,1.0,3.0
044010019000,700.0,,352,1.0,3.0
044010020000,300.0,,480,1.0,3.0
044010021000,0.0,,576,1.0,3.0
044010023000,500.0,,528,1.0,2.0
044010024000,600.0,,529,1.0,4.0
044010025000,,,484,1.0,3.0
044010027000,900.0,,930,1.0,4.0
044010028000,1080.0,,484,1.0,3.0
044010029000,,,0,1.0,3.0
044010030000,,,0,1.0,3.0
044010031000,945.0,,658,1.0,3.0
044010033000,,,352,1.0,3.0
044010034000,0.0,,776,1.0,5.0
044010035000,0.0,,642,1.0,3.0
044010036000,,,656,1.0,3.0
044010037000,,,484,1.0,2.0
044010038000,500.0,,480,1.0,3.0
044010039000,2000.0,,0,1.0,3.0
044010040000,,,528,1.0,3.0
044010041000,0.0,,484,1.0,3.0
044010042000,,,440,1.0,3.0
044010043000,,,750,1.0,6.0
044010044000,360.0,,440,1.0,3.0
044010045000,,,0,1.0,2.0
044010046000,1000.0,,557,1.0,3.0
044020001000,1725.0,,576,1.0,3.0
044020002000,400.0,,520,1.0,4.0
044020003000,,,400,1.0,3.0
044020004000,,,0,1.0,2.0
044020005000,720.0,,420,1.0,2.0
044020007000,360.0,,400,1.0,2.0
044020008000,,,0,1.0,3.0
044020009000,,,484,1.0,3.0
044020010000,600.0,,484,1.0,3.0
044020011000,650.0,,888,1.0,2.0
044020012000,,,480,1.0,2.0
044020013000,600.0,,504,1.0,3.0
044020014000,,,0,1.0,3.0
044020015000,,,462,1.0,3.0
044020016000,0.0,,576,1.0,2.0
044020017000,,,539,1.0,3.0
044020019000,,,528,1.0,3.0
044020020000,600.0,,480,1.0,3.0
044020021000,,,840,1.0,3.0
044020023000,0.0,,484,1.0,4.0
044020024000,,,624,1.0,
044020025000,,,748,1.0,2.0
044020027000,,,0,1.0,3.0
044020028000,0.0,,440,1.0,3.0
044020029000,0.0,,504,1.0,3.0
044020030000,800.0,,462,1.0,3.0
044020031000,0.0,,0,1.0,2.0
044020032000,1500.0,,528,1.0,4.0
044020033000,,,597,1.0,3.0
044020034000,,,0,1.0,2.0
044020035000,940.0,,550,1.0,2.0
044020036000,900.0,,0,1.0,3.0
044020037000,900.0,,502,1.0,2.0
044020038000,,,0,1.0,2.0
044020039000,,,585,1.0,3.0
044020041000,1380.0,,400,1.0,3.0
044020042000,800.0,,550,1.0,4.0
044020043000,,,672,1.0,3.0
044020044000,1380.0,,576,1.0,3.0
044020045000,875.0,,462,1.0,3.0
044020046000,,,484,1.0,3.0
044020047000,,,576,1.0,4.0
044020048000,,,601,1.0,3.0
044020049000,,,0,1.0,2.0
044030001000,,,0,1.0,3.0
044030002000,500.0,,483,1.0,3.0
044030003000,0.0,,400,1.0,
044030004000,1050.0,,1365,1.0,3.0
044030005000,,,616,1.0,4.0
044030008000,300.0,,576,1.0,3.0
044030009000,,,576,1.0,3.0
044030011000,0.0,,0,1.0,2.0
044030012000,1100.0,,572,1.0,3.0
044030013000,0.0,,274,1.0,3.0
044030014000,,,0,1.0,3.0
044030015000,0.0,,532,1.0,3.0
044030016000,,,0,1.0,3.0
044030020000,1200.0,,0,1.0,3.0
044030021000,650.0,,0,1.0,3.0
044030022000,,,0,1.0,2.0
044030023000,,,384,1.0,3.0
044030024000,,,440,1.0,3.0
044030025000,,,624,1.0,3.0
044030026000,,,528,1.0,2.0
044030027000,570.0,,600,1.0,2.0
044030028000,,,0,1.0,2.0
044030029000,,,400,1.0,2.0
044030030000,750.0,,480,1.0,3.0
044040001000,,,582,1.0,3.0
044040002000,,,0,1.0,3.0
044040003000,,,0,1.0,3.0
044040004000,,,540,1.0,3.0
044040005000,,,0,1.0,3.0
044040006000,0.0,,572,1.0,2.0
044040007000,,,0,1.0,
044040008000,0.0,,0,1.0,3.0
044040009000,1275.0,,539,1.0,3.0
044040010000,720.0,,504,1.0,3.0
044040011000,1100.0,,0,1.0,3.0
044040012000,,,336,1.0,3.0
044040013000,,,650,1.0,3.0
044040015000,,,1083,1.0,3.0
044040016000,,,611,1.0,3.0
044040017000,1680.0,,630,1.0,3.0
044040018000,830.0,,484,1.0,3.0
044040019000,0.0,,400,1.0,3.0
044040020000,,,0,1.0,
044040021000,0.0,,600,1.0,3.0
044040022000,900.0,,588,1.0,3.0
044040024000,237.0,,770,1.0,5.0
044040025000,,,949,1.0,4.0
044040026000,,,672,1.0,3.0
044040027000,1000.0,,400,1.0,3.0
044040028000,,,0,1.0,3.0
044050002000,0.0,,630,1.0,3.0
044050003000,1300.0,,636,1.0,3.0
044050004000,,528.0,528,2.0,3.0
044050005000,900.0,,616,1.0,3.0
044050006000,860.0,,504,1.0,3.0
044050007000,,,360,1.0,6.0
044050008000,,,832,1.0,
044050010000,,,784,1.0,4.0
044050011000,810.0,,0,1.0,3.0
044050012000,885.0,,878,1.0,3.0
044050013000,,,834,1.0,3.0
044050014000,,,440,1.0,4.0
044050015000,1780.0,,564,1.0,3.0
044050017000,,,480,1.0,3.0
044050018000,,,672,1.0,3.0
044050019000,1000.0,,768,1.0,4.0
044050020000,300.0,,390,1.0,3.0
044050021000,,,672,1.0,2.0
044050022000,,,0,1.0,2.0
044050023000,1800.0,,561,1.0,3.0
044050025000,1020.0,,500,1.0,3.0
044050027000,,,489,1.0,3.0
044050028000,,,352,1.0,3.0
044050029000,750.0,,528,1.0,3.0
044050030000,1035.0,,0,1.0,2.0
044050031000,,,680,1.0,3.0
044050032000,159.0,,897,1.0,
044050035000,0.0,,480,1.0,3.0
044050036000,700.0,,528,1.0,2.0
044050037000,,591.0,1352,2.0,3.0
044050038000,,,0,1.0,3.0
044050039000,,,504,1.0,2.0
044050040000,1580.0,,576,1.0,3.0
044050041000,0.0,,624,1.0,2.0
044050042000,0.0,,572,1.0,3.0
044060001000,0.0,,384,1.0,4.0
044060002000,,,0,1.0,3.0
044060003000,0.0,,484,1.0,3.0
044060006000,0.0,,616,1.0,3.0
044060007000,720.0,,607,1.0,3.0
044060008000,,,546,1.0,4.0
044060009000,960.0,,624,1.0,3.0
044060010000,1000.0,,400,1.0,3.0
044060011000,1480.0,,564,1.0,3.0
044060012000,,,600,1.0,4.0
044060013000,1180.0,,480,1.0,3.0
044060014000,154.0,,632,1.0,3.0
044060015000,,,542,1.0,3.0
044060016000,,,480,1.0,4.0
044060017000,500.0,,600,1.0,3.0
044060018000,500.0,,616,1.0,4.0
044060019000,,,0,1.0,4.0
044060020000,1680.0,,480,1.0,2.0
044060022000,430.0,,0,1.0,3.0
044060023000,,,520,1.0,2.0
044060024000,,,528,1.0,3.0
044060025000,,,0,1.0,3.0
044060026000,1384.0,,528,1.0,3.0
044060027000,2000.0,,1114,1.0,3.0
044060028000,320.0,,504,1.0,3.0
044060029000,,,0,1.0,
044060030000,,,616,1.0,3.0
044060031000,,,462,1.0,4.0
044060032000,,,0,1.0,4.0
044060033000,650.0,,441,1.0,4.0
044060036000,1310.0,,533,1.0,3.0
044060037000,,,336,1.0,3.0
044060038000,,,0,1.0,4.0
044060039000,950.0,,535,1.0,2.0
044070002000,900.0,,528,1.0,4.0
044070003000,360.0,,0,1.0,3.0
044070004000,,,0,1.0,3.0
044070005000,450.0,,300,1.0,3.0
044070006000,820.0,,440,1.0,3.0
044070007000,840.0,,480,1.0,4.0
044070008000,850.0,544.0,816,2.0,3.0
044070010000,500.0,,400,1.0,3.0
044070011000,100.0,,0,1.0,2.0
044070012000,720.0,,565,1.0,3.0
044070013000,,,495,1.0,3.0
044070014000,,,400,1.0,4.0
044070017000,0.0,,484,1.0,3.0
044070018000,680.0,,484,1.0,4.0
044070019000,,,0,1.0,2.0
044070021000,1125.0,,576,1.0,3.0
044070022000,1000.0,,360,1.0,3.0
044070024000,700.0,,0,1.0,3.0
044070025000,500.0,,484,1.0,4.0
044070026000,1000.0,,408,1.0,3.0
044070027000,540.0,,400,1.0,6.0
044070028000,500.0,,576,1.0,3.0
044070029000,,,0,1.0,3.0
044070032000,600.0,,0,1.0,2.0
044070033000,,,0,1.0,3.0
044070034000,0.0,,0,1.0,2.0
044070035000,,,0,1.0,3.0
044070036000,,,576,1.0,3.0
044070037000,500.0,,288,1.0,3.0
044070039000,2283.0,,480,1.0,2.0
044070040000,,,616,1.0,3.0
044070041000,720.0,,635,1.0,4.0
044070042000,0.0,,420,1.0,3.0
044080001000,700.0,,440,1.0,3.0
044080002000,540.0,,300,1.0,3.0
044080003000,210.0,,476,1.0,3.0
044080004000,500.0,,460,1.0,3.0
044080005000,,,478,1.0,3.0
044080007000,990.0,,470,1.0,4.0
044080008000,,,672,1.0,3.0
044080009000,,,506,1.0,3.0
044080010000,1000.0,,0,1.0,2.0
044080011000,,,0,1.0,3.0
044080012000,2160.0,,602,1.0,3.0
044080013000,,,694,1.0,4.0
044080014000,,,0,1.0,2.0
044080015000,,,420,1.0,4.0
044080016000,600.0,,485,1.0,3.0
044080017000,870.0,,528,1.0,4.0
044080018000,,,0,1.0,2.0
044080019000,600.0,,332,1.0,3.0
044080020000,,,0,1.0,3.0
044080021000,450.0,,440,1.0,3.0
044080022000,900.0,,400,1.0,3.0
044080023000,808.0,,484,1.0,3.0
044080024000,0.0,,528,1.0,3.0
044080025000,,,720,1.0,4.0
044080026000,600.0,,672,1.0,3.0
044080027000,,,0,1.0,2.0
044080028000,500.0,,484,1.0,2.0
044080029000,1260.0,,480,1.0,3.0
044080030000,500.0,,260,1.0,3.0
044080031000,500.0,,528,1.0,5.0
044080032000,1000.0,,484,1.0,3.0
044080033000,0.0,,536,1.0,3.0
044080035000,0.0,,484,1.0,2.0
044080036000,610.0,,476,1.0,4.0
044080038000,,,1043,1.0,4.0
044080039000,800.0,,576,1.0,3.0
044080040000,1900.0,,484,1.0,3.0
044080041000,3000.0,,559,1.0,3.0
044080043000,2091.0,,640,1.0,2.0
044080044000,,,1288,1.0,3.0
044090002000,,,0,1.0,3.0
044090003000,,,672,1.0,4.0
044090004000,,,0,1.0,3.0
044090005000,0.0,,0,1.0,3.0
044090006000,,,660,1.0,3.0
044090007000,,,448,1.0,3.0
044090008000,400.0,,495,1.0,3.0
044090010000,,,552,1.0,3.0
044090011000,,,572,1.0,3.0
044090012000,700.0,,400,1.0,4.0
044090016000,0.0,,0,1.0,2.0
044090017000,1040.0,,504,1.0,3.0
044090018000,700.0,,432,1.0,3.0
044090019000,300.0,,462,1.0,3.0
044090020000,840.0,,672,1.0,3.0
044090022000,500.0,,528,1.0,3.0
044090023000,,,614,1.0,3.0
044090026000,,,0,1.0,2.0
044090027000,,,528,1.0,3.0
044090028000,380.0,,368,1.0,3.0
044090029000,,,460,1.0,3.0
044090030000,,,649,1.0,4.0
044090031000,0.0,,440,1.0,6.0
044090032000,1200.0,,408,1.0,6.0
044090033000,650.0,,440,1.0,3.0
044090037000,0.0,,480,1.0,3.0
044090038000,1150.0,,672,1.0,3.0
044090039000,,,240,1.0,4.0
044090040000,1200.0,,627,1.0,3.0
044090041000,0.0,,384,1.0,3.0
044090043000,780.0,,624,1.0,3.0
044090044000,,,0,1.0,3.0
044090046000,,,0,,
044100001000,,,612,1.0,3.0
044100002000,500.0,,616,1.0,4.0
044100004000,0.0,,520,1.0,3.0
044100005000,,,498,1.0,3.0
044100007000,600.0,,528,1.0,3.0
044100008000,800.0,,480,1.0,3.0
044100009000,812.0,,0,1.0,3.0
044100010000,0.0,,639,1.0,4.0
044100013000,,,0,1.0,3.0
044100014000,2000.0,,162,1.0,2.0
044100015000,,,852,1.0,3.0
044100016000,,,480,1.0,2.0
044100017000,,,480,1.0,3.0
044100018000,,,0,1.0,4.0
044100019000,1000.0,,483,1.0,3.0
044100020000,600.0,,440,1.0,3.0
044100022000,1000.0,,521,1.0,3.0
044100023000,,,0,1.0,3.0
044100024000,350.0,,572,1.0,3.0
044100025000,835.0,,400,1.0,3.0
044100026000,400.0,,570,1.0,3.0
044100027000,111.0,,576,1.0,3.0
044100028000,,,780,1.0,3.0
044100029000,1160.0,,490,1.0,3.0
044100030000,,,616,1.0,3.0
044100031000,,,0,1.0,2.0
044100032000,,,440,1.0,3.0
044100034000,900.0,,624,1.0,3.0
044100035000,417.0,,0,1.0,3.0
044100036000,0.0,,0,1.0,3.0
044100037000,930.0,,0,1.0,3.0
044110001000,,,665,2.0,
044110002000,,,408,1.0,3.0
044110003000,,,612,1.0,
044110004000,,,0,1.0,3.0
044110005000,,,540,1.0,2.0
044110007000,,,480,1.0,4.0
044110008000,,,0,1.0,3.0
044110009000,,,0,1.0,2.0
044110010000,720.0,,308,1.0,3.0
044110011000,,,0,1.0,2.0
044110012000,300.0,,0,1.0,3.0
044110013000,,,576,1.0,2.0
044110014000,450.0,,380,1.0,4.0
044110015000,,,440,1.0,3.0
044110016000,1175.0,,652,1.0,3.0
044110017000,425.0,,160,1.0,3.0
044110018000,1080.0,,576,1.0,4.0
044110019000,,,521,1.0,3.0
044110020000,,,500,1.0,3.0
044110021000,660.0,,488,1.0,3.0
044110022000,490.0,,280,1.0,2.0
044110023000,,,528,1.0,3.0
044110024000,700.0,,528,1.0,3.0
044110025000,700.0,,494,1.0,3.0
044110026000,800.0,,484,1.0,3.0
044110027000,,,0,1.0,3.0
044110028000,1006.0,,468,1.0,3.0
044110029000,960.0,,462,1.0,5.0
044110030000,,,0,1.0,3.0
044110031000,,,0,2.0,
044110032000,1325.0,,440,1.0,3.0
044110033000,900.0,,0,1.0,3.0
044110035000,500.0,,539,1.0,3.0
044110036000,500.0,,528,1.0,3.0
044110037000,350.0,,441,1.0,2.0
044110038000,500.0,,0,1.0,2.0
044110039000,,,0,1.0,3.0
044110040000,,,528,1.0,3.0
044110041000,500.0,,624,1.0,3.0
044110042000,,,0,1.0,2.0
044110043000,550.0,,528,1.0,3.0
044120001000,720.0,,484,1.0,3.0
044120002000,1080.0,,551,1.0,3.0
044120003000,,,0,1.0,3.0
044120004000,,,440,1.0,2.0
044120005000,600.0,,480,1.0,3.0
044120006000,1616.0,,576,1.0,3.0
044120010000,0.0,,480,1.0,3.0
044120011000,0.0,,644,1.0,4.0
044120012000,990.0,,613,1.0,4.0
044120013000,,,288,1.0,4.0
044120014000,,,534,1.0,3.0
044120015000,,,480,1.0,3.0
044120016000,,,576,1.0,3.0
044120019000,750.0,,636,1.0,2.0
044120020000,,,720,1.0,2.0
044120021000,,,0,1.0,4.0
044120022000,,,0,1.0,3.0
044120023000,0.0,,480,1.0,3.0
044120029000,680.0,,540,1.0,3.0
044120030000,,,588,1.0,3.0
044130001000,750.0,,728,1.0,3.0
044130002000,1110.0,,528,1.0,3.0
044130003000,50.0,,0,1.0,3.0
044130004000,1720.0,,528,1.0,3.0
044130005000,920.0,,528,1.0,3.0
044130006000,,,0,1.0,3.0
044130007000,1050.0,,480,1.0,3.0
044130008000,,,0,1.0,3.0
044130009000,,,0,1.0,
044130010000,1008.0,,648,1.0,3.0
044130011000,450.0,,336,1.0,4.0
044130012000,,,0,1.0,3.0
044130013000,800.0,,400,1.0,3.0
044130014000,,,0,1.0,
044130015000,,,528,1.0,3.0
044130016000,500.0,,440,1.0,3.0
044130017000,,,630,1.0,3.0
044130019000,,,0,1.0,3.0
044130020000,,,0,1.0,3.0
044130021000,,,0,1.0,3.0
044130022000,,,0,1.0,3.0
044130025000,,,280,1.0,3.0
044130026000,,,672,1.0,4.0
044130027000,,,772,1.0,3.0
044130028000,0.0,,400,1.0,4.0
044130029000,540.0,,400,1.0,3.0
044130030000,0.0,,784,1.0,4.0
044130031000,890.0,,440,1.0,3.0
044130032000,0.0,,616,1.0,3.0
044130033000,500.0,,280,1.0,3.0
044140004000,,,510,1.0,2.0
044140005000,0.0,,552,1.0,3.0
044140006000,,,859,1.0,2.0
044140007000,1100.0,,1154,1.0,3.0
044140009000,800.0,,804,1.0,3.0
044140010000,300.0,,672,1.0,3.0
044140011000,,,0,1.0,2.0
044140012000,,,0,1.0,4.0
044140013000,1075.0,,652,1.0,4.0
044140014000,,,280,1.0,2.0
044140015000,,,540,1.0,3.0
044140016000,,,0,1.0,3.0
044160001000,,,440,1.0,2.0
044160002000,,,0,1.0,3.0
044160003000,1590.0,,757,1.0,3.0
044160004000,500.0,,576,1.0,3.0
044160005000,,,478,1.0,
044160006000,1250.0,,835,1.0,4.0
044160007000,345.0,,528,1.0,3.0
044160008000,600.0,,490,1.0,3.0
044160009000,,,480,1.0,3.0
044160010000,620.0,,399,1.0,4.0
044160012000,0.0,,510,1.0,2.0
044160013000,790.0,,384,1.0,3.0
044160014000,,,528,1.0,3.0
044160015000,600.0,,400,1.0,3.0
044160016000,,,528,1.0,3.0
044160017000,1350.0,,898,1.0,4.0
044160018000,800.0,,524,1.0,3.0
044160019000,800.0,,0,1.0,2.0
044160020000,,,0,1.0,4.0
044160021000,,,0,1.0,2.0
044160022000,,,400,1.0,3.0
044160023000,1200.0,,640,1.0,3.0
044160024000,0.0,,758,1.0,3.0
044160025000,1080.0,,506,1.0,3.0
044160026000,,,380,1.0,3.0
044160027000,1320.0,,664,1.0,4.0
044160028000,,,704,1.0,3.0
044160029000,500.0,,572,1.0,3.0
044160030000,,,572,1.0,3.0
044160031000,,,960,2.0,
044160032000,1960.0,,672,1.0,3.0
044160033000,,,528,1.0,3.0
044160034000,865.0,,972,1.0,4.0
044160035000,540.0,,624,1.0,4.0
044160036000,900.0,,768,1.0,4.0
044160037000,0.0,,572,1.0,2.0
044160038000,,,640,1.0,
044160039000,,,0,1.0,3.0
044160040000,300.0,,480,1.0,3.0
044160041000,1800.0,,330,1.0,5.0
044160042000,,,0,1.0,3.0
044160043000,,,528,1.0,3.0
044160044000,,,0,1.0,3.0
044160045000,,,440,1.0,3.0
044160046000,444.0,,768,1.0,3.0
044160047000,,,636,1.0,4.0
044160048000,,,676,1.0,
044170001000,,,440,1.0,3.0
044170002000,,,706,1.0,2.0
044170003000,1425.0,,669,1.0,5.0
044170004000,,,400,1.0,3.0
044170005000,525.0,,484,1.0,3.0
044170006000,,,672,1.0,5.0
044170007000,1700.0,,660,1.0,4.0
044170008000,950.0,,762,1.0,4.0
044170009000,1900.0,,625,1.0,3.0
044170010000,600.0,,480,1.0,3.0
044170011000,,,528,1.0,3.0
044170012000,,,744,1.0,4.0
044170013000,,,728,1.0,3.0
044170014000,1000.0,,528,1.0,2.0
044170015000,1350.0,,631,1.0,3.0
044170016000,0.0,,528,1.0,3.0
044170017000,0.0,,528,1.0,3.0
044170018000,0.0,,565,1.0,3.0
044170019000,,,564,1.0,
044170020000,500.0,,484,1.0,3.0
044170021000,850.0,,400,1.0,3.0
044170022000,500.0,,440,1.0,3.0
044170023000,2000.0,,570,1.0,3.0
044170024000,,,471,1.0,4.0
044170025000,,,0,1.0,2.0
044170026000,700.0,,495,1.0,3.0
044170027000,750.0,,568,1.0,3.0
044170028000,815.0,,676,1.0,4.0
044170029000,,,576,1.0,3.0
044170031000,,,0,1.0,3.0
044170033000,0.0,,0,1.0,3.0
044170034000,500.0,,418,1.0,3.0
044170035000,0.0,,576,1.0,3.0
044170036000,500.0,,440,1.0,3.0
044170037000,0.0,374.0,695,2.0,4.0
044170038000,500.0,,438,1.0,3.0
044170039000,,,0,1.0,4.0
044170040000,0.0,,286,1.0,
044180001000,550.0,,528,1.0,4.0
044180002000,,,614,1.0,4.0
044180003000,0.0,,344,1.0,3.0
044180006000,1200.0,,566,1.0,3.0
044180007000,500.0,,560,1.0,3.0
044180008000,660.0,,528,1.0,3.0
044180009000,,,672,1.0,3.0
044180010000,630.0,,576,1.0,3.0
044180011000,0.0,,0,1.0,4.0
044180012000,,,0,1.0,3.0
044180015000,,,0,1.0,2.0
044180016000,,,734,1.0,2.0
044180017000,,,400,1.0,3.0
044180018000,750.0,,516,1.0,3.0
044180019000,0.0,,484,1.0,2.0
044180020000,600.0,,513,1.0,3.0
044180021000,603.0,,480,1.0,2.0
044180022000,,,480,1.0,4.0
044180023000,900.0,,480,1.0,3.0
044180024000,1100.0,,432,1.0,4.0
044180025000,1000.0,,336,1.0,3.0
044180027000,500.0,,528,1.0,3.0
044180028000,800.0,,616,1.0,3.0
044180029000,550.0,,577,1.0,3.0
044180030000,,,563,1.0,
044180031000,,,600,1.0,3.0
044190001000,700.0,,0,1.0,2.0
044190002000,810.0,,0,1.0,3.0
044190004000,580.0,,484,1.0,3.0
044190005000,,,0,1.0,3.0
044190006000,,,528,1.0,3.0
044190007000,,,612,1.0,3.0
044190008000,792.0,,572,1.0,2.0
044190009000,850.0,,552,1.0,3.0
044190010000,1240.0,,600,1.0,3.0
044190011000,0.0,,570,1.0,2.0
044190012000,427.0,,576,1.0,4.0
044190014000,800.0,,484,1.0,2.0
044190015000,700.0,,576,1.0,3.0
044190017000,,,0,1.0,2.0
044190018000,0.0,,506,1.0,3.0
044190019000,300.0,,525,1.0,3.0
044190020000,,,0,1.0,3.0
044190021000,,,0,1.0,3.0
044190022000,960.0,,528,1.0,3.0
044190023000,,,418,1.0,3.0
044190024000,0.0,720.0,720,2.0,3.0
044190025000,0.0,,484,1.0,3.0
044190026000,1020.0,,657,1.0,2.0
044190027000,784.0,,447,1.0,5.0
044190028000,,,352,1.0,3.0
044190029000,900.0,,462,1.0,3.0
044190030000,900.0,,540,1.0,4.0
044190031000,760.0,,688,1.0,3.0
044190032000,0.0,,528,1.0,3.0
044190033000,500.0,,400,1.0,4.0
044190034000,1000.0,,504,1.0,4.0
044190035000,0.0,,497,1.0,3.0
044190036000,300.0,,0,1.0,4.0
044190037000,0.0,,400,1.0,3.0
044190038000,,,480,1.0,3.0
044190039000,1000.0,,0,1.0,3.0
044190040000,1000.0,,336,1.0,3.0
044190041000,500.0,,480,1.0,3.0
044190042000,900.0,,400,1.0,4.0
044190043000,,,504,1.0,3.0
044190044000,,,528,1.0,3.0
044190045000,1680.0,,582,1.0,3.0
044190046000,780.0,,369,1.0,2.0
044190047000,1100.0,,528,1.0,3.0
044190048000,,,0,1.0,3.0
044190049000,,,700,1.0,3.0
044190051000,500.0,,553,1.0,3.0
044190052000,1000.0,,594,1.0,2.0
044190053000,,,484,1.0,3.0
044200002000,0.0,,528,1.0,3.0
044200003000,0.0,,483,1.0,4.0
044200004000,675.0,,628,1.0,5.0
044200005000,1200.0,,728,1.0,4.0
044200006000,1050.0,,456,1.0,3.0
044200007000,1900.0,,468,1.0,4.0
044200008000,500.0,,512,1.0,3.0
044200009000,,,357,1.0,3.0
044200011000,,,488,1.0,4.0
044200012000,,,659,1.0,3.0
044200013000,0.0,,616,1.0,3.0
044200014000,800.0,,0,1.0,3.0
044200015000,0.0,258.0,528,2.0,3.0
044200016000,1250.0,,360,1.0,3.0
044200018000,500.0,,578,1.0,4.0
044200019000,,,662,1.0,2.0
044200022000,,,0,1.0,3.0
044200023000,0.0,,552,1.0,3.0
044200024000,,,0,1.0,3.0
044200025000,,,0,1.0,3.0
044200026000,,,462,1.0,3.0
044200027000,,,672,1.0,3.0
044200028000,0.0,,480,1.0,3.0
044200029000,800.0,,480,1.0,4.0
044200031000,675.0,,480,1.0,2.0
044200032000,,,775,1.0,
044200033000,500.0,,420,1.0,3.0
044200034000,1200.0,,576,1.0,4.0
044200035000,,,484,1.0,4.0
044200036000,,,600,1.0,3.0
044200037000,,,744,1.0,3.0
044200038000,,,504,1.0,4.0
044200039000,,,352,1.0,4.0
044200040000,,,829,1.0,3.0
044210001000,,,0,1.0,2.0
044210002000,0.0,,504,1.0,3.0
044210003000,0.0,,565,1.0,3.0
044210004000,1220.0,,528,1.0,3.0
044210005000,0.0,,848,1.0,3.0
044210006000,1112.0,,440,1.0,4.0
044210007000,,,0,1.0,3.0
044210008000,,,528,1.0,3.0
044210009000,1000.0,,584,1.0,3.0
044210010000,800.0,,774,1.0,4.0
044210011000,500.0,,576,1.0,4.0
044210013000,630.0,,0,1.0,3.0
044210014000,1400.0,,633,1.0,3.0
044210017000,800.0,,912,1.0,4.0
044210019000,900.0,,484,1.0,3.0
044210020000,600.0,,400,1.0,3.0
044210022000,1550.0,,758,1.0,4.0
044220001000,,,0,1.0,2.0
044220002000,0.0,,528,1.0,3.0
044220003000,1700.0,,440,1.0,3.0
044220004000,820.0,,528,1.0,3.0
044220005000,,,0,1.0,
044220006000,0.0,,400,1.0,2.0
044220007000,,,590,1.0,3.0
044220009000,,,714,1.0,3.0
044220010000,,,756,1.0,3.0
044220011000,,,728,1.0,3.0
044220012000,,,520,1.0,3.0
044220013000,880.0,,0,1.0,4.0
044220014000,544.0,,440,1.0,2.0
044220015000,1300.0,,400,1.0,3.0
044220016000,0.0,,484,1.0,3.0
044220017000,750.0,,0,1.0,3.0
044220019000,750.0,,504,1.0,3.0
044220020000,1500.0,,672,1.0,3.0
044220021000,500.0,,420,1.0,5.0
044220022000,500.0,,484,1.0,3.0
044220023000,,,440,1.0,2.0
044220024000,0.0,,484,1.0,4.0
044220025000,0.0,,484,1.0,3.0
044220026000,,,844,1.0,4.0
044220027000,1320.0,,768,1.0,3.0
044220028000,1020.0,,644,1.0,3.0
044220029000,2050.0,726.0,596,2.0,4.0
044220030000,1200.0,,576,1.0,4.0
044220031000,,,483,1.0,3.0
044220032000,,,576,1.0,5.0
044220033000,0.0,,480,1.0,3.0
044220034000,1280.0,,572,1.0,3.0
044220035000,,,576,1.0,3.0
044220036000,1080.0,,506,1.0,3.0
044220037000,500.0,,540,1.0,3.0
044220038000,1175.0,,582,1.0,3.0
044230004000,,,0,1.0,3.0
044230006000,680.0,,320,1.0,2.0
044230007000,500.0,,676,1.0,4.0
044230008000,830.0,,720,1.0,3.0
044230009000,,,576,1.0,3.0
044230010000,,,572,1.0,4.0
044230012000,,,0,1.0,2.0
044230013000,600.0,,672,1.0,3.0
044230014000,1343.0,,960,1.0,3.0
044230015000,,,672,1.0,4.0
044230016000,,,0,1.0,2.0
044230017000,0.0,396.0,0,2.0,4.0
044230018000,0.0,,560,1.0,3.0
044230019000,1150.0,,528,1.0,3.0
044230020000,0.0,,560,1.0,3.0
044230021000,1000.0,,440,1.0,3.0
044230022000,540.0,,400,1.0,
044230024000,,,504,1.0,4.0
044230025000,1080.0,,606,1.0,3.0
044240001000,1873.0,,615,1.0,3.0
044240002000,,400.0,400,2.0,4.0
044240004000,,,0,1.0,
044240006000,,,0,1.0,2.0
044240007000,850.0,,1161,1.0,4.0
044240008000,,,480,1.0,4.0
044240009000,,,528,1.0,4.0
044240010000,0.0,,0,1.0,4.0
044240011000,495.0,,624,1.0,2.0
044240015000,0.0,,320,1.0,3.0
044240016000,,,537,1.0,3.0
044240017000,,,0,1.0,3.0
044240018000,,,583,1.0,4.0
044240019000,,,576,1.0,3.0
044240020000,0.0,,0,1.0,3.0
044240021000,,,440,1.0,3.0
044240022000,,,585,1.0,4.0
044240023000,0.0,,440,1.0,3.0
044240024000,,,638,1.0,3.0
044240025000,0.0,,440,1.0,3.0
044240026000,540.0,,490,1.0,3.0
044240027000,,,0,1.0,4.0
044240029000,600.0,,440,1.0,3.0
044240030000,,,735,1.0,3.0
044240031000,1275.0,,400,1.0,3.0
044240032000,900.0,,400,1.0,3.0
044240034000,1400.0,,666,1.0,3.0
044240035000,1450.0,,526,1.0,3.0
044240036000,,,768,1.0,4.0
044240037000,,,400,1.0,2.0
044240038000,340.0,,787,1.0,2.0
044240039000,1860.0,,462,1.0,4.0
044240040000,,,418,1.0,3.0
044240041000,,,0,1.0,2.0
044250001000,,,0,1.0,2.0
044250002000,300.0,,0,1.0,3.0
044250012000,0.0,,456,1.0,3.0
044250013000,,,0,1.0,4.0
044250014000,600.0,,0,1.0,3.0
044250015000,0.0,,528,1.0,4.0
044250016000,,,484,1.0,3.0
044250017000,288.0,,624,1.0,
044250019000,0.0,,1159,1.0,4.0
044260002000,1050.0,,480,1.0,2.0
044260003000,800.0,,0,1.0,3.0
044260004000,800.0,,400,1.0,3.0
044260005000,900.0,,528,1.0,3.0
044260006000,,,662,1.0,3.0
044260007000,630.0,,576,1.0,2.0
044260008000,1200.0,,441,1.0,3.0
044260009000,,,506,1.0,4.0
044260011000,,,754,1.0,4.0
044260012000,,,552,1.0,3.0
044260013000,,,544,1.0,
044260014000,,,768,1.0,3.0
044260015000,,,0,1.0,4.0
044260016000,539.0,,576,1.0,6.0
044260017000,,,0,1.0,3.0
044260018000,0.0,,528,1.0,3.0
044260019000,,,0,1.0,2.0
044260020000,,,608,1.0,2.0
044260021000,,,460,1.0,3.0
044260022000,900.0,,480,1.0,3.0
044260023000,1080.0,,470,1.0,3.0
044260024000,0.0,,0,1.0,4.0
044260025000,916.0,,480,1.0,3.0
044260026000,,,616,1.0,3.0
044270002000,1500.0,,624,1.0,3.0
044270003000,570.0,,240,1.0,4.0
044270004000,1034.0,,264,1.0,3.0
044270005000,,,780,1.0,3.0
044270006000,700.0,,480,1.0,3.0
044270007000,270.0,,840,1.0,3.0
044270008000,,,471,1.0,
044270009000,1000.0,,460,1.0,4.0
044270010000,0.0,,778,1.0,3.0
044270011000,,,506,1.0,3.0
044270012000,650.0,,605,1.0,3.0
044270013000,0.0,,352,1.0,2.0
044270014000,985.0,,630,1.0,3.0
044270016000,,,0,1.0,3.0
044270017000,500.0,,609,1.0,3.0
044270018000,750.0,,574,1.0,3.0
044270019000,2000.0,,418,1.0,4.0
044270020000,0.0,,624,1.0,3.0
044270021000,0.0,,624,1.0,5.0
044270023000,1140.0,,504,1.0,3.0
044270025000,,,0,1.0,3.0
044270026000,,,576,1.0,3.0
044270028000,1000.0,,400,1.0,3.0
044270029000,1200.0,,511,1.0,3.0
044270030000,1200.0,,588,1.0,4.0
044270031000,1052.0,,400,1.0,3.0
044270032000,1300.0,,588,1.0,3.0
044270033000,500.0,,528,1.0,3.0
044270034000,670.0,,418,1.0,3.0
044270035000,800.0,,280,1.0,3.0
044270036000,,,400,1.0,3.0
044270038000,,,380,1.0,5.0
044270039000,,,616,1.0,2.0
044270040000,0.0,,484,1.0,2.0
044270041000,930.0,,0,1.0,2.0
044270042000,,,336,1.0,2.0
044270044000,,,572,1.0,3.0
044270045000,800.0,,784,1.0,3.0
044280001000,,,543,1.0,
044280002000,,,0,1.0,3.0
044280003000,,,624,1.0,
044280004000,1000.0,,682,1.0,2.0
044280005000,765.0,,602,1.0,3.0
044280008000,,,840,1.0,4.0
044280009000,500.0,,700,1.0,3.0
044280011000,,,0,1.0,2.0
044280012000,0.0,,450,1.0,3.0
044280013000,1000.0,,483,1.0,3.0
044280015000,0.0,,484,1.0,3.0
044280016000,925.0,,528,1.0,3.0
044280017000,900.0,,644,1.0,3.0
044280018000,990.0,,526,1.0,3.0
044280019000,600.0,,442,1.0,3.0
044280020000,700.0,,440,1.0,4.0
044280021000,,,400,1.0,4.0
044280022000,0.0,,0,1.0,3.0
044280023000,500.0,,0,1.0,3.0
044280024000,,,484,1.0,3.0
044280025000,360.0,,480,1.0,2.0
044280026000,1517.0,,616,1.0,3.0
044280027000,,,450,1.0,4.0
044280028000,,,0,1.0,3.0
044280030000,,,614,1.0,3.0
044280031000,0.0,,0,1.0,3.0
044280032000,0.0,,0,1.0,2.0
044280033000,800.0,,616,1.0,3.0
044280034000,,,676,1.0,3.0
044280035000,0.0,,607,1.0,4.0
044280036000,,,616,1.0,3.0
044280037000,,,543,1.0,
044280038000,1275.0,,672,1.0,3.0
044280039000,,,440,1.0,3.0
044280040000,1300.0,,629,1.0,3.0
044280041000,,,735,1.0,3.0
044280043000,1000.0,,500,1.0,3.0
044280044000,,,484,1.0,2.0
044290001000,,,564,1.0,
044290002000,0.0,,484,1.0,3.0
044290003000,800.0,,576,1.0,3.0
044290004000,,,640,1.0,4.0
044290007000,,,400,1.0,3.0
044290008000,650.0,,576,1.0,3.0
044290009000,1000.0,,640,1.0,4.0
044290010000,990.0,,798,1.0,4.0
044290011000,1460.0,,564,1.0,4.0
044290012000,1080.0,,650,1.0,4.0
044290013000,1500.0,,588,1.0,3.0
044290014000,1200.0,,567,1.0,4.0
044290015000,,,240,1.0,3.0
044290016000,860.0,,622,1.0,3.0
044290017000,,,0,1.0,3.0
044290018000,,,745,1.0,
044290019000,0.0,,0,1.0,4.0
044290020000,950.0,,0,1.0,3.0
044290021000,800.0,,510,1.0,4.0
044290022000,1500.0,,589,1.0,3.0
044290023000,,,674,1.0,3.0
044290024000,900.0,,440,1.0,3.0
044290025000,,,0,1.0,2.0
044290026000,,,528,1.0,3.0
044290027000,,,530,1.0,3.0
044290028000,1000.0,,440,1.0,3.0
044290029000,500.0,,452,1.0,3.0
044290030000,650.0,,0,1.0,4.0
044290031000,,,460,1.0,5.0
044290032000,1000.0,,400,1.0,4.0
044290033000,800.0,,480,1.0,3.0
044290034000,,,440,1.0,2.0
044290035000,1170.0,,546,1.0,3.0
044290036000,600.0,,824,1.0,4.0
044290037000,1150.0,,896,1.0,1.0
044290039000,1300.0,,420,1.0,3.0
044290040000,500.0,,400,1.0,3.0
044290041000,,,0,1.0,3.0
044290043000,,,672,1.0,3.0
044290044000,0.0,,370,1.0,3.0
044290045000,,,641,1.0,3.0
044290046000,0.0,,0,1.0,3.0
044290047000,900.0,,0,1.0,3.0
044290048000,600.0,,0,1.0,3.0
044290049000,600.0,,460,1.0,3.0
044290050000,0.0,,480,1.0,3.0
044290051000,945.0,,0,1.0,3.0
044290052000,700.0,,400,1.0,3.0
044290053000,,,0,1.0,3.0
044290054000,,,536,1.0,3.0
044290055000,842.0,,480,1.0,3.0
044290056000,996.0,,0,1.0,3.0
044290057000,600.0,,484,1.0,3.0
044290058000,,,400,1.0,3.0
044290059000,,,624,1.0,3.0
044290060000,,,572,1.0,2.0
044290061000,490.0,,0,1.0,2.0
044290064000,0.0,,280,1.0,3.0
044290065000,,,0,1.0,3.0
044300001000,750.0,,308,1.0,3.0
044300002000,,,0,1.0,3.0
044300003000,,,784,1.0,3.0
044300004000,138.0,,480,1.0,3.0
044300005000,0.0,,576,1.0,3.0
044300007000,0.0,,528,1.0,3.0
044300008000,,,624,1.0,4.0
044300009000,,,0,1.0,3.0
044300010000,,,624,2.0,3.0
044300011000,,,528,1.0,3.0
044300012000,795.0,,0,1.0,3.0
044300013000,720.0,,0,1.0,3.0
044300014000,,,480,1.0,3.0
044300015000,1200.0,,588,1.0,3.0
044300017000,,,552,1.0,3.0
044300018000,500.0,,568,1.0,3.0
044300019000,,,667,1.0,3.0
044300020000,,,480,1.0,3.0
044300021000,,,528,1.0,3.0
044300022000,600.0,,576,1.0,2.0
044300023000,0.0,,456,1.0,4.0
044300024000,,,0,1.0,3.0
044300025000,900.0,,528,1.0,3.0
044300026000,945.0,,0,1.0,3.0
044300027000,550.0,,0,1.0,2.0
044300028000,,,456,1.0,4.0
044300029000,500.0,,480,1.0,3.0
044300030000,580.0,,0,1.0,3.0
044300031000,500.0,,440,1.0,3.0
044300032000,,474.0,672,2.0,2.0
044300033000,325.0,,0,1.0,3.0
044300034000,600.0,,506,1.0,3.0
044300035000,0.0,,0,1.0,3.0
044300036000,0.0,,0,1.0,3.0
044300037000,,,576,1.0,3.0
044300038000,,,576,1.0,3.0
044300039000,0.0,,488,1.0,4.0
044300040000,500.0,,400,1.0,3.0
044310001000,1000.0,495.0,720,2.0,3.0
044310002000,132.0,,358,1.0,3.0
044310003000,1080.0,,480,1.0,3.0
044310004000,,,264,1.0,3.0
044310005000,0.0,,0,1.0,3.0
044310008000,,,336,1.0,3.0
044310009000,1200.0,,575,1.0,3.0
044310010000,,,524,1.0,
044310011000,0.0,,0,1.0,2.0
044310012000,0.0,,0,1.0,3.0
044310013000,1440.0,,791,1.0,3.0
044310016000,800.0,,0,1.0,4.0
044320001000,,,0,1.0,4.0
044320002000,,,768,1.0,4.0
044320003000,,,484,1.0,3.0
044320004000,1260.0,,644,1.0,3.0
044320005000,,,784,1.0,4.0
044320006000,1000.0,,624,1.0,3.0
044320007000,800.0,,672,1.0,4.0
044320008000,,,838,1.0,3.0
044320009000,,,637,1.0,4.0
044320010000,,,0,1.0,2.0
044320011000,840.0,,672,1.0,3.0
044320012000,0.0,,430,1.0,3.0
044320013000,1150.0,,518,1.0,3.0
044320014000,,,320,1.0,3.0
044320015000,540.0,,0,1.0,3.0
044320017000,,,0,1.0,4.0
044320018000,1000.0,,484,1.0,3.0
044320019000,900.0,,0,1.0,4.0
044320021000,900.0,,386,1.0,3.0
044320022000,1500.0,,504,1.0,3.0
044320023000,,,0,1.0,2.0
044320024000,600.0,,440,1.0,4.0
044320025000,883.0,,484,1.0,3.0
044320026000,1200.0,,440,1.0,4.0
044320027000,500.0,,527,1.0,3.0
044320029000,,,400,1.0,3.0
044320030000,780.0,,666,1.0,3.0
044320031000,1000.0,,672,1.0,3.0
044320033000,860.0,,672,1.0,3.0
044320034000,,,560,1.0,3.0
044320035000,,,1148,1.0,3.0
044330001000,,,576,1.0,3.0
044330002000,1260.0,,600,1.0,5.0
044330003000,800.0,,0,1.0,3.0
044330005000,1200.0,,576,1.0,4.0
044330006000,1000.0,,384,1.0,3.0
044330007000,,,506,1.0,3.0
044330008000,,,480,1.0,3.0
044330009000,1000.0,,528,1.0,3.0
044330010000,,,644,1.0,3.0
044330011000,,,0,1.0,3.0
044330012000,0.0,,840,1.0,3.0
044330013000,675.0,,0,1.0,3.0
044330016000,800.0,,624,1.0,3.0
044330017000,700.0,,480,1.0,3.0
044330019000,120.0,,832,1.0,3.0
044330020000,,,0,1.0,2.0
044330021000,0.0,,528,1.0,3.0
044330022000,1000.0,,520,1.0,2.0
044330024000,1120.0,,672,1.0,3.0
044330025000,1030.0,,782,1.0,3.0
044330026000,1400.0,,468,1.0,3.0
044330027000,900.0,,0,1.0,4.0
044360001000,,,198,1.0,1.0
044360002000,0.0,,551,1.0,4.0
044360003000,,,672,1.0,3.0
044360004000,1000.0,,630,1.0,3.0
044360005000,100.0,,506,1.0,4.0
044360006000,500.0,,716,1.0,3.0
044360007000,1228.0,,440,1.0,3.0
044360008000,500.0,,625,1.0,3.0
044360009000,756.0,,373,1.0,3.0
044360010000,940.0,,627,1.0,3.0
044360011000,1100.0,,528,1.0,3.0
044360012000,,,0,1.0,3.0
044360015000,,,547,1.0,4.0
044360017000,0.0,,1144,1.0,3.0
044360019000,256.0,,576,1.0,3.0
044360021000,,,564,1.0,3.0
044360022000,700.0,,624,1.0,3.0
044360023000,,,870,1.0,
044360024000,,,721,1.0,5.0
044360025000,800.0,,490,1.0,3.0
044360026000,1580.0,,684,1.0,3.0
044360027000,1000.0,,540,1.0,4.0
044360028000,0.0,,440,1.0,3.0
044360029000,980.0,,490,1.0,3.0
044360030000,,,0,1.0,2.0
044360031000,,,605,1.0,3.0
044360032000,1170.0,,582,1.0,4.0
044360033000,1225.0,,528,1.0,3.0
044370001000,,,572,1.0,3.0
044370002000,,,578,1.0,
044370003000,,,0,1.0,3.0
044370004000,,,528,1.0,4.0
044370005000,828.0,,576,1.0,4.0
044370006000,300.0,,529,1.0,5.0
044370007000,,,549,1.0,4.0
044370008000,,,601,1.0,4.0
044370009000,1711.0,,732,1.0,4.0
044370010000,,,868,1.0,5.0
044370011000,400.0,,440,1.0,3.0
044370012000,1142.0,,492,1.0,3.0
044370013000,900.0,,580,1.0,3.0
044370014000,,,528,1.0,3.0
044370015000,0.0,,400,1.0,3.0
044370026000,0.0,,1028,1.0,5.0
044370027000,500.0,,753,1.0,3.0
044380001000,2080.0,,576,1.0,4.0
044380002000,,,808,1.0,4.0
044380003000,,,585,1.0,4.0
044380005000,1200.0,,480,1.0,3.0
044380006000,,,650,1.0,
044380007000,,,500,1.0,1.0
044380009000,0.0,,480,1.0,2.0
044380010000,,,637,1.0,3.0
044380011000,1000.0,,528,1.0,3.0
044380012000,0.0,,480,1.0,3.0
044380013000,720.0,,484,1.0,5.0
044380014000,0.0,,0,1.0,3.0
044380015000,0.0,,0,1.0,3.0
044380016000,,,528,1.0,3.0
044380017000,,,480,1.0,3.0
044380018000,500.0,,384,1.0,3.0
044380019000,,,988,1.0,4.0
044380020000,700.0,,0,1.0,4.0
044380021000,,,616,1.0,3.0
044380022000,430.0,,0,1.0,3.0
044380023000,900.0,,620,1.0,4.0
044380024000,,,400,1.0,3.0
044380026000,,,0,1.0,3.0
044380028000,0.0,,480,1.0,3.0
044380029000,1225.0,,802,1.0,3.0
044380030000,0.0,,616,1.0,3.0
044380031000,,,308,1.0,3.0
044380033000,,,0,1.0,2.0
044390001000,,,440,1.0,2.0
044390002000,255.0,,1309,1.0,4.0
044390005000,,,622,1.0,3.0
044390006000,680.0,,473,1.0,4.0
044390008000,730.0,,528,1.0,3.0
044390009000,500.0,,440,1.0,3.0
044390011000,800.0,,528,1.0,3.0
044390012000,900.0,,480,1.0,3.0
044390013000,500.0,,440,1.0,3.0
044390014000,1000.0,,540,1.0,3.0
044390015000,900.0,,522,1.0,3.0
044390016000,,,473,1.0,3.0
044390017000,,,576,1.0,
044390019000,500.0,,440,1.0,3.0
044390020000,1252.0,,820,1.0,4.0
044390021000,752.0,,878,1.0,4.0
044390022000,,,440,1.0,
044390023000,1168.0,,676,1.0,2.0
044390024000,1580.0,,1067,1.0,4.0
044390025000,500.0,,462,1.0,3.0
044390026000,,,430,1.0,2.0
044390028000,,,578,1.0,4.0
044390032000,,,559,1.0,
044390033000,,,828,1.0,5.0
044390034000,1800.0,,528,1.0,7.0
044390035000,1050.0,,575,1.0,3.0
044390036000,2100.0,,632,1.0,5.0
044390037000,0.0,,1053,1.0,5.0
044390038000,,,576,1.0,4.0
044390041000,500.0,,616,1.0,2.0
044400001000,800.0,,528,1.0,3.0
044400002000,540.0,,572,1.0,3.0
044400003000,,,576,1.0,3.0
044400004000,,,0,1.0,3.0
044400005000,1200.0,,460,1.0,4.0
044400006000,783.0,,528,1.0,2.0
044400007000,450.0,,480,1.0,3.0
044400010000,660.0,,440,1.0,3.0
044400012000,600.0,,484,1.0,3.0
044400013000,1260.0,,627,1.0,3.0
044400014000,450.0,,484,1.0,3.0
044400015000,,,552,1.0,3.0
044400016000,375.0,,0,1.0,2.0
044400017000,500.0,,440,1.0,3.0
044400018000,,,561,1.0,3.0
044400019000,,,528,1.0,3.0
044400020000,,,280,1.0,3.0
044400021000,0.0,,411,1.0,3.0
044400022000,300.0,,264,1.0,3.0
044400023000,900.0,,480,1.0,3.0
044400024000,,,0,1.0,3.0
044400026000,0.0,,686,1.0,3.0
044400027000,1000.0,,666,1.0,4.0
044400028000,0.0,,441,1.0,3.0
044400029000,480.0,,564,1.0,
044400030000,1080.0,,576,1.0,3.0
044400031000,800.0,624.0,624,2.0,4.0
044400032000,,,708,1.0,3.0
044400033000,500.0,,528,1.0,3.0
044400034000,0.0,,644,1.0,3.0
044400035000,,,624,1.0,3.0
044400036000,500.0,,484,1.0,3.0
044400038000,,,0,1.0,3.0
044400039000,500.0,,0,1.0,3.0
044400040000,2000.0,,0,1.0,3.0
044400041000,2920.0,,1240,1.0,4.0
044400042000,1000.0,,620,1.0,3.0
044410001000,0.0,,440,1.0,3.0
044410002000,1170.0,,504,1.0,3.0
044410003000,960.0,,420,1.0,3.0
044410004000,500.0,,0,1.0,3.0
044410006000,799.0,,402,1.0,5.0
044410007000,,,348,1.0,3.0
044410008000,,,0,1.0,3.0
044410009000,,,576,1.0,4.0
044410010000,480.0,,384,1.0,3.0
044410011000,,,398,1.0,3.0
044410012000,300.0,,528,1.0,3.0
044410013000,1300.0,,480,1.0,3.0
044410015000,0.0,,610,1.0,3.0
044410016000,800.0,,484,1.0,3.0
044410017000,700.0,,480,1.0,3.0
044410018000,360.0,,0,1.0,3.0
044410019000,,,480,1.0,3.0
044410020000,,,616,1.0,3.0
044410021000,500.0,,480,1.0,3.0
044410022000,,,757,2.0,2.0
044410023000,810.0,,576,1.0,3.0
044410024000,0.0,,440,1.0,3.0
044410025000,700.0,,528,1.0,3.0
044410026000,780.0,,672,1.0,3.0
044410027000,0.0,,877,1.0,3.0
044410029000,873.0,,1440,1.0,4.0
044410030000,1050.0,,654,1.0,
044410031000,500.0,,528,1.0,3.0
044410032000,,,670,1.0,4.0
044410033000,,,240,1.0,4.0
044410036000,,,564,1.0,5.0
044410044000,,,644,1.0,3.0
044410046000,0.0,,392,1.0,3.0
044410047000,1000.0,,1080,1.0,3.0
044410048000,230.0,,830,1.0,3.0
044410049000,,,632,1.0,4.0
044410051000,500.0,,522,1.0,4.0
044410052000,500.0,,727,1.0,4.0
044410053000,0.0,,644,1.0,4.0
044410054000,0.0,,400,1.0,3.0
044410055000,,,690,1.0,
044410056000,500.0,,512,1.0,4.0
044410057000,,,768,1.0,3.0
044410060000,1520.0,,576,1.0,4.0
044420001000,1000.0,,404,1.0,
044420002000,1000.0,,518,1.0,3.0
044420003000,900.0,,520,1.0,3.0
044420004000,750.0,,352,1.0,3.0
044420005000,800.0,,484,1.0,3.0
044420006000,500.0,,418,1.0,3.0
044420007000,1140.0,,528,1.0,3.0
044420008000,,,480,1.0,3.0
044420009000,765.0,,0,1.0,3.0
044420010000,760.0,,420,1.0,3.0
044420011000,,,528,1.0,3.0
044420012000,0.0,,0,1.0,2.0
044420013000,600.0,,544,1.0,3.0
044420014000,800.0,,576,1.0,3.0
044420015000,,,0,1.0,3.0
044420016000,1140.0,,620,1.0,3.0
044420017000,800.0,,576,1.0,3.0
044420018000,1000.0,,528,1.0,3.0
044420019000,100.0,,576,1.0,3.0
044420020000,660.0,,528,1.0,2.0
044420021000,700.0,,528,1.0,3.0
044420022000,1090.0,,480,1.0,3.0
044420024000,,,0,1.0,3.0
044420025000,800.0,,528,1.0,3.0
044420026000,,,315,1.0,2.0
044420027000,1100.0,,528,1.0,3.0
044420029000,0.0,,494,1.0,3.0
044420030000,,,0,1.0,2.0
044420031000,1200.0,,336,1.0,3.0
044420032000,,,1016,1.0,3.0
044420033000,,,686,1.0,
044420034000,1000.0,,616,1.0,3.0
044420035000,700.0,,472,1.0,3.0
044420036000,,,686,1.0,3.0
044420037000,600.0,,488,1.0,3.0
044420038000,,,0,1.0,3.0
044420039000,856.0,,576,1.0,3.0
044430001000,,,0,1.0,3.0
044430003000,300.0,,624,1.0,4.0
044430004000,700.0,,529,1.0,4.0
044430005000,,,439,1.0,2.0
044430006000,720.0,,440,1.0,3.0
044430007000,,,616,1.0,3.0
044430008000,0.0,,503,1.0,3.0
044430009000,1000.0,,672,1.0,3.0
044430010000,1000.0,,470,1.0,3.0
044430011000,780.0,,689,1.0,3.0
044430012000,,,876,1.0,4.0
044430013000,500.0,,451,1.0,3.0
044430014000,1000.0,,440,1.0,3.0
044430016000,,,616,1.0,5.0
044430017000,0.0,,672,1.0,3.0
044430018000,800.0,,700,1.0,3.0
044430019000,800.0,,530,1.0,3.0
044430020000,0.0,,420,1.0,3.0
044430021000,540.0,,480,1.0,3.0
044430022000,1260.0,,441,1.0,3.0
044430023000,900.0,,475,1.0,3.0
044430024000,0.0,,526,1.0,3.0
044430025000,,,484,1.0,3.0
044430026000,700.0,,480,1.0,3.0
044430028000,450.0,,572,1.0,3.0
044430029000,0.0,,420,1.0,3.0
044430030000,800.0,,0,1.0,3.0
044430031000,,,832,1.0,
044430032000,,,648,1.0,4.0
044430033000,,,0,1.0,3.0
044430034000,,,0,1.0,3.0
044430035000,600.0,,480,1.0,3.0
044430036000,1260.0,,490,1.0,3.0
044430037000,1080.0,,480,1.0,2.0
044430038000,600.0,,484,1.0,3.0
044430040000,0.0,,462,1.0,3.0
044430041000,,,600,1.0,3.0
044430042000,1080.0,,756,1.0,3.0
044430043000,,,616,1.0,4.0
044430044000,0.0,,576,1.0,3.0
044430045000,0.0,,777,1.0,3.0
044440001000,,,336,1.0,3.0
044440002000,0.0,,0,1.0,3.0
044440003000,1200.0,,572,1.0,3.0
044440004000,0.0,,480,1.0,3.0
044440005000,500.0,,462,1.0,4.0
044440006000,600.0,,420,1.0,3.0
044440007000,0.0,,462,1.0,3.0
044440008000,0.0,,480,1.0,3.0
044440009000,820.0,,506,1.0,3.0
044440010000,500.0,,438,1.0,3.0
044440011000,600.0,,484,1.0,3.0
044440012000,500.0,,324,1.0,3.0
044440013000,800.0,,508,1.0,3.0
044440014000,,,0,1.0,3.0
044440017000,500.0,,572,1.0,4.0
044440018000,,,0,1.0,
044440019000,500.0,,423,1.0,3.0
044440021000,,,576,1.0,4.0
044440022000,1400.0,,621,1.0,3.0
044440024000,0.0,,0,1.0,3.0
044440025000,,,572,1.0,2.0
044440026000,2000.0,,960,1.0,3.0
044440027000,1200.0,,456,1.0,4.0
044440028000,700.0,,480,1.0,2.0
044440029000,,,0,1.0,2.0
044440030000,,,672,1.0,3.0
044440031000,1290.0,,540,1.0,3.0
044440032000,1120.0,,338,1.0,3.0
044440033000,900.0,,604,1.0,3.0
044440034000,317.0,,432,1.0,3.0
044440035000,1320.0,,564,1.0,3.0
044440036000,,,621,1.0,3.0
044440038000,,,888,1.0,4.0
044440040000,,,517,1.0,4.0
044440041000,,,567,1.0,3.0
044440042000,,,540,1.0,3.0
044440043000,1000.0,,518,1.0,3.0
044440044000,,,576,1.0,4.0
044440045000,504.0,,528,1.0,4.0
044440046000,500.0,,473,1.0,4.0
044440050000,3438.0,,1752,1.0,7.0
044440052000,,,923,1.0,3.0
044440053000,2320.0,,560,1.0,3.0
044440057000,,,616,1.0,3.0
044440060000,,,756,1.0,4.0
044440062000,572.0,,720,1.0,4.0
044440063000,1400.0,,863,1.0,4.0
044450001000,,,484,1.0,3.0
044450002000,1200.0,,589,1.0,3.0
044450003000,,,0,1.0,2.0
044450004000,,,0,1.0,3.0
044450005000,,,400,1.0,3.0
044450006000,1260.0,,723,1.0,3.0
044450007000,,,480,1.0,3.0
044450008000,,,673,1.0,3.0
044450009000,,,400,1.0,3.0
044450010000,,,498,1.0,3.0
044450011000,,,0,1.0,3.0
044450012000,,,560,1.0,3.0
044450013000,,,672,1.0,3.0
044450014000,900.0,,516,1.0,4.0
044450015000,1000.0,,572,1.0,3.0
044450016000,1000.0,,506,1.0,3.0
044450017000,300.0,,672,1.0,4.0
044450018000,,,0,1.0,3.0
044450019000,1300.0,,587,1.0,4.0
044450022000,800.0,,480,1.0,3.0
044450023000,850.0,,552,1.0,3.0
044450024000,,,0,1.0,3.0
044450025000,,,707,1.0,3.0
044450026000,,,0,1.0,2.0
044450027000,500.0,,0,1.0,3.0
044450028000,0.0,,0,1.0,3.0
044450029000,400.0,,432,1.0,3.0
044450030000,1000.0,,480,1.0,5.0
044450031000,0.0,,616,1.0,3.0
044450032000,1347.0,,1228,1.0,4.0
044450033000,1600.0,,490,1.0,3.0
044450034000,300.0,,528,1.0,4.0
044450035000,600.0,,0,1.0,3.0
044450036000,500.0,,516,1.0,3.0
044450037000,500.0,,572,1.0,3.0
044450039000,700.0,,610,1.0,3.0
044450040000,,,0,1.0,3.0
044450041000,,,487,1.0,3.0
044450044000,,,432,1.0,3.0
044460001000,500.0,,484,1.0,3.0
044460002000,,,576,1.0,3.0
044460003000,,,600,1.0,3.0
044460004000,,,460,1.0,3.0
044460005000,840.0,,600,1.0,3.0
044460006000,790.0,,594,1.0,3.0
044460007000,,,440,1.0,3.0
044460008000,,,400,1.0,3.0
044460009000,,,1037,1.0,4.0
044460010000,500.0,,602,1.0,3.0
044460011000,,,0,1.0,3.0
044460012000,860.0,,482,1.0,3.0
044460013000,,,0,1.0,3.0
044460014000,825.0,,280,1.0,3.0
044460015000,970.0,,0,1.0,3.0
044460016000,,,308,1.0,3.0
044460017000,800.0,,483,1.0,3.0
044460018000,840.0,,576,1.0,3.0
044460021000,640.0,,308,1.0,3.0
044460023000,,,480,1.0,3.0
044460024000,420.0,,0,1.0,1.0
044460025000,960.0,,624,1.0,3.0
044460026000,,,528,1.0,3.0
044460028000,1350.0,,576,1.0,3.0
044460029000,,,572,1.0,3.0
044460030000,0.0,,858,1.0,4.0
044460031000,0.0,,576,1.0,5.0
044460032000,800.0,,528,1.0,3.0
044460033000,800.0,,528,1.0,4.0
044460034000,,,538,1.0,4.0
044470002000,850.0,,528,1.0,3.0
044470003000,0.0,,1286,1.0,3.0
044470005000,300.0,,576,1.0,3.0
044470006000,500.0,,420,1.0,3.0
044470007000,,,576,1.0,4.0
044470009000,,,587,1.0,4.0
044470010000,0.0,,470,1.0,3.0
044470011000,1000.0,,504,1.0,4.0
044470014000,0.0,,750,1.0,4.0
044470015000,1000.0,,602,1.0,3.0
044470016000,1370.0,,519,1.0,3.0
044470022000,0.0,,576,1.0,3.0
044470023000,1380.0,,818,1.0,3.0
044470025000,500.0,,810,1.0,3.0
044480001000,1000.0,,486,1.0,3.0
044480002000,,,630,1.0,4.0
044480003000,500.0,,170,1.0,3.0
044480004000,,,0,1.0,3.0
044480006000,720.0,,484,1.0,3.0
044480007000,522.0,,552,1.0,3.0
044480009000,,,0,1.0,4.0
044480010000,,,985,1.0,4.0
044480013000,,,857,1.0,3.0
044480014000,,,539,1.0,4.0
044480015000,,,506,1.0,4.0
044480016000,,,549,1.0,4.0
044480017000,,,576,1.0,4.0
044480018000,,,852,1.0,4.0
044480019000,788.0,,528,1.0,4.0
044480020000,1440.0,,480,1.0,3.0
044480021000,,,933,1.0,2.0
044480023000,,,756,1.0,4.0
044480028000,,,700,1.0,4.0
044490001000,1000.0,,480,1.0,4.0
044490002000,1749.0,,654,1.0,3.0
044490003000,800.0,,528,1.0,3.0
044490004000,1100.0,,484,1.0,3.0
044490005000,1250.0,,517,1.0,3.0
044490006000,1200.0,,564,1.0,4.0
044490007000,880.0,,400,1.0,4.0
044490008000,900.0,,756,1.0,3.0
044490009000,,,0,1.0,3.0
044490010000,0.0,,782,1.0,3.0
044490011000,600.0,,582,1.0,3.0
044490012000,,,644,1.0,3.0
044490014000,,,479,1.0,3.0
044490015000,0.0,,572,1.0,3.0
044490016000,1220.0,,588,1.0,4.0
044490017000,,,400,1.0,3.0
044490019000,,,480,1.0,3.0
044490020000,2000.0,,576,1.0,3.0
044490021000,300.0,,480,1.0,6.0
044490022000,0.0,,493,1.0,3.0
044490023000,930.0,,564,1.0,3.0
044500001000,,,440,1.0,3.0
044500002000,,,632,1.0,4.0
044500003000,,,642,1.0,4.0
044500004000,,,456,1.0,3.0
044500005000,,,561,1.0,4.0
044500006000,500.0,,360,1.0,3.0
044500008000,,,550,1.0,3.0
044500010000,,,736,1.0,4.0
044500011000,,,1035,1.0,5.0
044500012000,,,1051,1.0,4.0
044500013000,,,704,1.0,3.0
044500015000,875.0,,747,1.0,4.0
044500016000,,,0,1.0,4.0
044500018000,,,0,1.0,3.0
044500020000,,,588,1.0,
044500021000,500.0,,440,1.0,3.0
044530001000,,,572,1.0,3.0
044530003000,415.0,,552,1.0,3.0
044530004000,0.0,,740,1.0,4.0
044530005000,,,598,1.0,3.0
044530006000,,,650,1.0,3.0
044530008000,,,649,1.0,4.0
044530009000,1000.0,,864,1.0,3.0
044530011000,1300.0,,484,1.0,4.0
044530013000,1720.0,,672,1.0,3.0
044530014000,,,966,1.0,3.0
044530015000,129.0,,576,1.0,4.0
044530017000,1740.0,,647,1.0,3.0
044530018000,1500.0,,488,1.0,3.0
044530019000,0.0,,646,1.0,3.0
044530020000,,,484,1.0,3.0
044530021000,,,480,1.0,3.0
044530022000,1260.0,,552,1.0,4.0
044530023000,,,506,1.0,3.0
044530025000,,,378,1.0,3.0
044530026000,1212.0,,609,1.0,3.0
044530029000,1500.0,,528,1.0,3.0
044530030000,960.0,,498,1.0,3.0
044530031000,,,528,1.0,4.0
044530032000,500.0,,410,1.0,3.0
044530033000,960.0,,858,1.0,4.0
044530034000,,,876,1.0,4.0
044530035000,1000.0,,520,1.0,3.0
044540001000,1000.0,,916,1.0,4.0
044540002000,1400.0,,645,1.0,3.0
044540003000,1070.0,,856,1.0,4.0
044540004000,1468.0,,744,1.0,3.0
044540005000,,,576,1.0,3.0
044540006000,1000.0,,659,1.0,3.0
044540007000,1680.0,,693,1.0,4.0
044540008000,301.0,,643,1.0,5.0
044540009000,1000.0,,480,1.0,3.0
044540010000,,,318,1.0,3.0
044540011000,326.0,,650,1.0,4.0
044540012000,,,528,1.0,
044540013000,,,484,1.0,3.0
044540014000,600.0,,528,1.0,3.0
044540015000,1440.0,,1008,1.0,4.0
044540016000,1170.0,,504,1.0,4.0
044540017000,600.0,,660,1.0,3.0
044540018000,900.0,,640,1.0,3.0
044540019000,1000.0,,565,1.0,4.0
044540020000,900.0,,597,1.0,3.0
044540021000,1000.0,,494,1.0,3.0
044540022000,,,861,1.0,3.0
044540023000,675.0,,644,1.0,3.0
044540024000,1000.0,,589,1.0,4.0
044540025000,0.0,,940,1.0,4.0
044540026000,500.0,,399,1.0,3.0
044540027000,993.0,,330,1.0,3.0
044540028000,0.0,597.0,484,2.0,3.0
044540029000,525.0,,462,1.0,4.0
044540030000,,,559,1.0,4.0
044540031000,1000.0,,624,1.0,4.0
044540032000,500.0,,576,1.0,3.0
044540033000,800.0,,440,1.0,3.0
044540034000,1331.0,,603,1.0,3.0
044540035000,0.0,,745,1.0,3.0
044540036000,1020.0,,732,1.0,4.0
044540037000,1390.0,,778,1.0,4.0
044540038000,800.0,,528,1.0,4.0
044540039000,960.0,,576,1.0,3.0
044540040000,500.0,,400,1.0,4.0
044540041000,783.0,,440,1.0,3.0
044540042000,800.0,,417,1.0,5.0
044540043000,,,576,1.0,
044540044000,0.0,,672,1.0,3.0
044540045000,2285.0,,674,1.0,3.0
044540046000,300.0,,484,1.0,3.0
044540047000,840.0,,480,1.0,3.0
044540048000,500.0,,338,1.0,4.0
044540049000,1080.0,,528,1.0,5.0
044550001000,1200.0,,945,1.0,4.0
044550002000,,,580,1.0,3.0
044550003000,1000.0,,908,1.0,3.0
044550004000,1000.0,,520,1.0,4.0
044550005000,2070.0,,1093,1.0,3.0
044550006000,,,1560,1.0,
044550007000,,,576,1.0,4.0
044550008000,,,860,1.0,4.0
044550009000,1000.0,,810,1.0,4.0
044550011000,0.0,,528,1.0,4.0
044550014000,1700.0,,576,1.0,3.0
044550015000,,,864,1.0,3.0
044550016000,750.0,,672,1.0,5.0
044550017000,1000.0,,522,1.0,3.0
044550018000,,,576,1.0,4.0
044550021000,600.0,,600,1.0,3.0
044550022000,,,576,1.0,4.0
044550023000,1220.0,,400,1.0,3.0
044550024000,1130.0,,487,1.0,4.0
044550025000,199.0,,564,1.0,
044550026000,1100.0,,771,1.0,3.0
044550028000,1000.0,,860,1.0,3.0
044550029000,800.0,,560,1.0,2.0
044550030000,700.0,,610,1.0,4.0
044550031000,,,600,1.0,3.0
044550032000,500.0,,399,1.0,3.0
044550033000,400.0,,677,1.0,
044550034000,1000.0,,494,1.0,3.0
044550035000,500.0,,532,1.0,4.0
044550036000,1000.0,,591,1.0,3.0
044550037000,500.0,,352,1.0,3.0
044550038000,1420.0,,595,1.0,4.0
044550039000,,,440,1.0,2.0
044550040000,1000.0,,664,1.0,4.0
044550041000,,,648,1.0,3.0
044560001000,700.0,,528,1.0,3.0
044560002000,0.0,,588,1.0,3.0
044560003000,800.0,,574,1.0,3.0
044560007000,840.0,,528,1.0,4.0
044560008000,1460.0,,572,1.0,4.0
044560009000,884.0,,526,1.0,4.0
044560010000,1000.0,,506,1.0,4.0
044560011000,,,676,1.0,3.0
044560012000,500.0,,795,1.0,5.0
044560015000,1150.0,,624,1.0,3.0
044560016000,,,528,1.0,3.0
044560017000,,,0,1.0,2.0
044560018000,,,843,1.0,4.0
044560019000,640.0,,440,1.0,4.0
044560020000,1650.0,,822,1.0,3.0
044560021000,0.0,,528,1.0,3.0
044560022000,1350.0,,704,1.0,4.0
044560023000,1530.0,,557,1.0,4.0
044560024000,,,495,1.0,4.0
044560025000,,,570,1.0,3.0
044560027000,,,657,1.0,4.0
044560028000,900.0,,528,1.0,3.0
044560030000,1080.0,,600,1.0,3.0
044560031000,713.0,,410,1.0,3.0
044560032000,0.0,,514,1.0,3.0
044560033000,1100.0,,0,1.0,3.0
044560034000,,,718,1.0,3.0
044560036000,720.0,,418,1.0,3.0
044560037000,0.0,,616,1.0,3.0
044560038000,1870.0,,539,1.0,2.0
044560039000,500.0,,440,1.0,3.0
044560040000,500.0,,484,1.0,3.0
044560041000,0.0,,504,1.0,3.0
044560043000,0.0,,624,1.0,3.0
044560044000,0.0,,588,1.0,5.0
044560045000,570.0,,440,1.0,3.0
044560046000,,,480,1.0,3.0
044560047000,600.0,,539,1.0,3.0
044560048000,750.0,,440,1.0,3.0
044560049000,1050.0,,484,1.0,3.0
044560050000,0.0,,528,1.0,3.0
044560051000,500.0,,616,1.0,3.0
044560052000,800.0,,440,1.0,3.0
044560053000,700.0,,352,1.0,3.0
044560054000,145.0,,636,1.0,3.0
044560056000,0.0,,440,1.0,4.0
044570001000,692.0,,623,1.0,3.0
044570002000,1100.0,,484,1.0,3.0
044570003000,900.0,,504,1.0,3.0
044570004000,0.0,,484,1.0,2.0
044570005000,500.0,,0,1.0,3.0
044570006000,1666.0,,936,1.0,4.0
044570007000,800.0,,484,1.0,3.0
044570008000,0.0,,552,1.0,3.0
044570009000,1080.0,,528,1.0,3.0
044570010000,40.0,,0,1.0,2.0
044570011000,1260.0,,588,1.0,5.0
044570012000,870.0,,588,1.0,3.0
044570013000,,,0,1.0,3.0
044570014000,1350.0,,576,1.0,3.0
044570015000,1250.0,,614,1.0,3.0
044570016000,,,484,1.0,3.0
044570017000,,,572,1.0,3.0
044570018000,1000.0,,520,1.0,4.0
044570019000,,,574,1.0,3.0
044570020000,0.0,,678,1.0,3.0
044570021000,1420.0,,896,1.0,4.0
044570022000,0.0,,480,1.0,4.0
044570023000,,,528,1.0,5.0
044570024000,,,488,1.0,
044570025000,,,0,1.0,3.0
044570026000,,,543,1.0,
044570027000,660.0,,484,1.0,3.0
044570028000,565.0,,540,1.0,3.0
044570029000,812.0,,482,1.0,3.0
044570030000,1470.0,,528,1.0,4.0
044570032000,700.0,,528,1.0,4.0
044570033000,0.0,,576,1.0,3.0
044570034000,840.0,,583,1.0,3.0
044570035000,,,842,1.0,3.0
044570036000,,,0,1.0,3.0
044570037000,,,504,1.0,3.0
044570038000,,,528,1.0,3.0
044570039000,1260.0,,610,1.0,4.0
044570040000,,,672,1.0,3.0
044570041000,,,504,1.0,4.0
044570042000,0.0,,480,1.0,3.0
044570043000,600.0,,560,1.0,2.0
044570044000,900.0,,552,1.0,4.0
044570045000,,,0,1.0,2.0
044570046000,0.0,,512,1.0,3.0
044570047000,0.0,,624,1.0,3.0
044570048000,,,462,1.0,3.0
044570049000,600.0,,477,1.0,3.0
044570050000,1900.0,,649,1.0,4.0
044580001000,1100.0,,576,1.0,
044580002000,,,540,1.0,
044580003000,,,672,1.0,4.0
044580004000,,,546,1.0,3.0
044580005000,1100.0,,636,1.0,3.0
044580007000,1872.0,,862,1.0,4.0
044580008000,800.0,,480,1.0,3.0
044580009000,818.0,,896,1.0,4.0
044580010000,1200.0,,664,1.0,3.0
044580011000,,,540,1.0,
044580012000,,,840,1.0,3.0
044580013000,1440.0,,600,1.0,3.0
044580014000,,,480,1.0,3.0
044580015000,1500.0,,455,1.0,3.0
044580016000,,,0,1.0,3.0
044580017000,,,440,1.0,4.0
044580018000,1060.0,,564,1.0,3.0
044580019000,800.0,,630,1.0,3.0
044580020000,1500.0,,576,1.0,3.0
044580021000,1760.0,,735,1.0,3.0
044580022000,,,573,1.0,4.0
044580023000,,,720,1.0,3.0
044580024000,1940.0,,454,1.0,4.0
044580025000,1220.0,,576,1.0,3.0
044580026000,800.0,,460,1.0,3.0
044580027000,1430.0,,579,1.0,3.0
044580028000,1640.0,,484,1.0,3.0
044580029000,500.0,,770,1.0,3.0
044580030000,800.0,,541,1.0,3.0
044580031000,1000.0,,528,1.0,3.0
044580032000,500.0,,624,1.0,4.0
044580033000,0.0,,482,1.0,4.0
044580034000,500.0,,576,1.0,3.0
044580035000,970.0,,820,1.0,4.0
044580036000,1080.0,,528,1.0,4.0
044580037000,,,678,1.0,3.0
044580038000,720.0,,576,1.0,3.0
044580039000,1020.0,,494,1.0,3.0
044580040000,324.0,,733,1.0,
044580041000,0.0,,616,1.0,3.0
044580042000,500.0,,539,1.0,3.0
044580043000,,,529,1.0,4.0
044580044000,600.0,,0,1.0,3.0
044580046000,500.0,,504,1.0,5.0
044580047000,660.0,,644,1.0,2.0
044580048000,0.0,,576,1.0,3.0
044580049000,0.0,,465,1.0,4.0
044580050000,,,622,1.0,
044580051000,1400.0,,635,1.0,4.0
044580053000,1000.0,,624,1.0,3.0
044580054000,0.0,,528,1.0,3.0
044580056000,,,660,1.0,3.0
044580058000,1470.0,,864,1.0,4.0
044580059000,,,756,1.0,4.0
044590001000,,,543,1.0,
044590002000,1708.0,,594,1.0,3.0
044590003000,,,550,1.0,3.0
044590004000,1810.0,,579,1.0,4.0
044590005000,240.0,,693,1.0,4.0
044590006000,1480.0,,588,1.0,3.0
044590007000,1000.0,,546,1.0,4.0
044590008000,1784.0,,744,1.0,4.0
044590009000,500.0,,576,1.0,3.0
044590011000,0.0,,532,1.0,4.0
044590012000,1000.0,,550,1.0,3.0
044590013000,1370.0,,672,1.0,3.0
044590014000,,,440,1.0,3.0
044590015000,500.0,,602,1.0,3.0
044590016000,810.0,,533,1.0,3.0
044590017000,1000.0,,962,1.0,4.0
044590018000,1500.0,,420,1.0,3.0
044590019000,500.0,,528,1.0,3.0
044590020000,700.0,,609,1.0,3.0
044590021000,500.0,,528,1.0,3.0
044590022000,73.0,,864,1.0,5.0
044590023000,600.0,,464,1.0,5.0
044590024000,800.0,,452,1.0,3.0
044590025000,1200.0,,528,1.0,3.0
044590026000,,,576,1.0,3.0
044590027000,700.0,,440,1.0,3.0
044590028000,780.0,,598,1.0,4.0
044590029000,300.0,,0,1.0,3.0
044590030000,,,493,1.0,3.0
044590031000,700.0,,430,1.0,3.0
044590032000,0.0,,480,1.0,3.0
044590033000,1200.0,,570,1.0,3.0
044590035000,1020.0,,517,1.0,3.0
044590037000,1900.0,,630,1.0,3.0
044590038000,,,520,1.0,
044590039000,1200.0,,506,1.0,3.0
044590040000,1420.0,,891,1.0,4.0
044590041000,,,770,1.0,3.0
044590043000,1500.0,,536,1.0,4.0
044590044000,1052.0,,773,1.0,3.0
044590045000,0.0,,602,1.0,5.0
044590046000,1000.0,,576,1.0,3.0
044590047000,,,400,1.0,4.0
044590048000,0.0,,630,1.0,4.0
044590049000,0.0,,846,1.0,4.0
044590050000,1100.0,,922,1.0,3.0
044590051000,322.0,,480,1.0,
044590052000,2040.0,,693,1.0,4.0
044590053000,2000.0,,610,1.0,3.0
044600004000,0.0,,728,1.0,3.0
044600007000,1000.0,,420,1.0,3.0
044600008000,0.0,,624,1.0,4.0
044600009000,,,480,1.0,3.0
044600010000,,,676,1.0,5.0
044600011000,,,672,1.0,3.0
044600012000,500.0,,528,1.0,3.0
044600013000,0.0,,600,1.0,4.0
044600014000,1620.0,,570,1.0,4.0
044600015000,1000.0,,400,1.0,3.0
044600016000,,,443,1.0,3.0
044600017000,500.0,,576,1.0,4.0
044600018000,,,634,1.0,
044600019000,320.0,,773,1.0,3.0
044600023000,0.0,,510,1.0,3.0
044600024000,0.0,,528,1.0,4.0
044600026000,,,568,1.0,4.0
044600028000,,,784,1.0,2.0
044600029000,2125.0,,720,1.0,3.0
044600030000,,,864,1.0,3.0
044600034000,,,1004,1.0,4.0
044600035000,,,352,1.0,3.0
044600036000,,,650,1.0,3.0
044600041000,1500.0,,576,1.0,3.0
044600042000,1000.0,,623,1.0,3.0
044600045000,,,809,1.0,3.0
044600046000,1620.0,,693,1.0,4.0
044600047000,346.0,,1008,1.0,4.0
044600048000,,,665,1.0,3.0
044600049000,,,600,1.0,3.0
044600050000,1250.0,,576,1.0,4.0
044600051000,,,636,1.0,4.0
044600053000,1125.0,,672,1.0,3.0
044600054000,0.0,,540,1.0,3.0
044600055000,,,484,1.0,3.0
044600056000,,,552,1.0,4.0
044610012000,,,651,1.0,
044610013000,810.0,,637,1.0,3.0
044610014000,600.0,,624,1.0,3.0
044610015000,,,617,1.0,5.0
044610016000,0.0,,754,1.0,4.0
044610017000,500.0,,576,1.0,3.0
044610024000,1000.0,,504,1.0,3.0
044610025000,1200.0,,616,1.0,3.0
044610026000,1380.0,,672,1.0,3.0
044610027000,,,676,1.0,4.0
044610028000,0.0,,636,1.0,3.0
044610029000,700.0,,672,1.0,3.0
044610030000,0.0,,576,1.0,3.0
044610031000,,,759,1.0,3.0
044610032000,400.0,,528,1.0,2.0
044610033000,,,526,1.0,4.0
044610034000,1875.0,,600,1.0,4.0
044610035000,1275.0,,484,1.0,4.0
044610036000,1200.0,,504,1.0,4.0
044610037000,,,565,1.0,3.0
044610038000,1100.0,,564,1.0,3.0
044610039000,,,480,1.0,3.0
044610040000,,,640,1.0,4.0
044610041000,0.0,,528,1.0,3.0
044610042000,1000.0,,588,1.0,3.0
044610043000,2700.0,,912,1.0,4.0
044610044000,1100.0,,629,1.0,3.0
044610045000,500.0,,480,1.0,3.0
044610046000,500.0,,540,1.0,3.0
044610047000,1200.0,,611,1.0,4.0
044610048000,,,588,1.0,4.0
044610049000,,,552,1.0,4.0
044610050000,0.0,,672,1.0,4.0
044610051000,0.0,,741,1.0,4.0
044610052000,1200.0,,588,1.0,3.0
044610053000,500.0,,600,1.0,4.0
044610054000,1200.0,,610,1.0,4.0
044610055000,1200.0,,804,1.0,3.0
044610056000,1200.0,,596,1.0,3.0
044610057000,1500.0,,540,1.0,3.0
044610058000,1000.0,,848,1.0,3.0
044610059000,1080.0,,545,1.0,4.0
044610060000,1600.0,,624,1.0,4.0
044610061000,1900.0,,894,1.0,4.0
044620008000,1000.0,,481,1.0,3.0
044620009000,0.0,,672,1.0,4.0
044620010000,,,850,1.0,4.0
044620011000,1100.0,,553,1.0,4.0
044620012000,272.0,,548,1.0,
044620013000,1000.0,,650,1.0,4.0
044620014000,,,629,1.0,3.0
044620015000,,,552,1.0,3.0
044620016000,800.0,,651,1.0,3.0
044620017000,,,546,1.0,4.0
044620018000,,,740,1.0,3.0
044620019000,0.0,,616,1.0,3.0
044620020000,800.0,,577,1.0,3.0
044620021000,0.0,,660,1.0,2.0
044620022000,1136.0,,726,1.0,3.0
044620023000,,,572,1.0,2.0
044620024000,,,384,1.0,3.0
044620025000,,,932,1.0,4.0
044620026000,1020.0,,480,1.0,4.0
044620028000,,,0,1.0,3.0
044620029000,,,616,1.0,3.0
044620030000,,,576,1.0,4.0
044620031000,1131.0,,827,1.0,4.0
044620032000,2750.0,,600,1.0,3.0
044620041000,,,550,1.0,3.0
044620042000,975.0,,417,1.0,3.0
044620043000,,,0,1.0,3.0
044620044000,1330.0,,624,1.0,4.0
044620045000,1000.0,,624,1.0,4.0
044620046000,,,615,1.0,4.0
044620047000,0.0,,582,1.0,3.0
044620049000,1500.0,,570,1.0,3.0
044620051000,720.0,,579,1.0,4.0
044620052000,,,728,1.0,
044620053000,0.0,,484,1.0,3.0
044620054000,1200.0,,648,1.0,3.0
044620056000,500.0,,624,1.0,3.0
044620057000,,,697,1.0,5.0
044620058000,,,400,1.0,3.0
044620059000,1060.0,,624,1.0,3.0
044620060000,,,576,1.0,3.0
044620061000,780.0,,0,1.0,3.0
044620062000,0.0,,658,1.0,3.0
044620063000,600.0,,680,1.0,3.0
044620064000,,,611,1.0,4.0
044620065000,800.0,,0,1.0,3.0
044620066000,660.0,,600,1.0,4.0
044620067000,,,528,1.0,
044620069000,1000.0,,484,1.0,4.0
044620070000,,,400,1.0,3.0
044620072000,600.0,,308,1.0,3.0
044630006000,1125.0,,484,1.0,4.0
044630007000,,,528,1.0,3.0
044630009000,1080.0,,675,1.0,4.0
044630010000,,,583,1.0,6.0
044630011000,,,1166,1.0,4.0
044630012000,1400.0,,884,1.0,3.0
044630013000,1000.0,,506,1.0,3.0
044630014000,,,352,1.0,3.0
044630015000,,,658,1.0,3.0
044630016000,,,494,1.0,3.0
044630018000,1000.0,,480,1.0,3.0
044630019000,800.0,,1050,1.0,3.0
044630020000,500.0,,576,1.0,3.0
044630021000,900.0,,658,1.0,3.0
044630022000,800.0,,400,1.0,3.0
044630023000,1460.0,,578,1.0,3.0
044630025000,300.0,,736,1.0,3.0
044630031000,500.0,,440,1.0,3.0
044630032000,500.0,,528,1.0,3.0
044630033000,720.0,,528,1.0,3.0
044630037000,920.0,,552,1.0,2.0
044630038000,1080.0,,584,1.0,3.0
044630039000,1000.0,,506,1.0,4.0
044630040000,,,813,1.0,4.0
044630041000,,,672,1.0,4.0
044630042000,1192.0,,527,1.0,3.0
044630043000,500.0,,738,1.0,4.0
044630044000,,,844,1.0,4.0
044630046000,1350.0,,528,1.0,3.0
044630047000,0.0,,600,1.0,3.0
044650001000,,,200,1.0,2.0
044650002000,,,200,1.0,1.0
044650003000,,,200,1.0,3.0
044650004000,,,200,1.0,2.0
044650005000,,,200,1.0,1.0
044650006000,,,0,1.0,2.0
044650007000,,,200,1.0,1.0
044650008000,,,200,1.0,3.0
044650009000,,,200,1.0,2.0
044650010000,,,200,1.0,1.0
044650011000,,,200,1.0,2.0
044650012000,,,200,1.0,1.0
044650013000,,,200,1.0,3.0
044650014000,,,200,1.0,2.0
044650016000,,,200,1.0,2.0
044650017000,,,200,1.0,
044650018000,,,200,1.0,3.0
044650019000,,,200,1.0,2.0
044650020000,,,200,1.0,1.0
044650021000,,,200,1.0,2.0
044650022000,,,200,1.0,1.0
044650023000,,,200,1.0,2.0
044650024000,,,200,1.0,2.0
044650025000,,,200,1.0,2.0
044650026000,,,200,1.0,2.0
044650027000,,,200,1.0,1.0
044650028000,,,0,1.0,3.0
044650029000,,,200,1.0,2.0
044650030000,,,200,1.0,1.0
045010001000,,,624,1.0,
045010002000,,,0,1.0,3.0
045010003000,500.0,,1344,1.0,3.0
045010004000,,,0,1.0,2.0
045010007000,,,840,1.0,3.0
045010008000,800.0,,576,1.0,3.0
045010010000,1570.0,,440,1.0,3.0
045010011000,,,496,1.0,3.0
045010012000,500.0,,197,1.0,3.0
045010013000,850.0,322.0,576,2.0,3.0
045010014000,,,576,1.0,3.0
045010015000,1100.0,,451,1.0,3.0
045010016000,1000.0,,672,1.0,3.0
045010017000,1000.0,,528,1.0,3.0
045010018000,,,484,1.0,4.0
045010019000,1600.0,,588,1.0,3.0
045010020000,,,0,1.0,2.0
045010021000,,,410,1.0,3.0
045010022000,1660.0,,597,1.0,3.0
045010023000,0.0,,576,1.0,3.0
045010024000,800.0,,400,1.0,2.0
045010025000,,,715,1.0,3.0
045010026000,1740.0,,605,1.0,3.0
045010027000,,,484,1.0,4.0
045010028000,2200.0,,452,1.0,3.0
045010032000,2352.0,,800,1.0,3.0
045020001000,1200.0,,585,1.0,3.0
045020002000,1300.0,,528,1.0,3.0
045020003000,0.0,,720,1.0,4.0
045020004000,,,576,1.0,4.0
045020005000,1080.0,,484,1.0,3.0
045020006000,,,572,1.0,3.0
045020007000,1080.0,,462,1.0,3.0
045020008000,1345.0,,528,1.0,3.0
045020009000,500.0,,280,1.0,3.0
045020010000,630.0,,480,1.0,3.0
045020012000,500.0,,440,1.0,3.0
045020013000,,,506,1.0,3.0
045020014000,1200.0,,588,1.0,4.0
045020015000,500.0,,539,1.0,3.0
045020016000,850.0,,648,1.0,3.0
045020017000,630.0,,525,1.0,4.0
045020018000,0.0,,616,1.0,3.0
045020019000,500.0,,400,1.0,3.0
045020020000,900.0,,480,1.0,3.0
045020022000,,,540,1.0,
045020023000,1800.0,,987,1.0,3.0
045020024000,1200.0,,517,1.0,4.0
045020025000,0.0,,845,1.0,4.0
045020026000,1220.0,,612,1.0,3.0
045030001000,,,576,1.0,4.0
045030002000,300.0,,440,1.0,3.0
045030003000,,,506,1.0,3.0
045030004000,,,612,1.0,3.0
045030005000,1150.0,,759,1.0,3.0
045030006000,1338.0,,540,1.0,3.0
045030012000,,,528,1.0,3.0
045030013000,,,0,1.0,3.0
045030014000,,,528,1.0,3.0
045030015000,,,0,1.0,2.0
045030017000,,,250,1.0,3.0
045030018000,,,250,1.0,3.0
045030019000,,,250,1.0,3.0
045030020000,,,250,1.0,3.0
045030022000,,,328,1.0,2.0
045030023000,,,328,1.0,2.0
045030024000,,,328,1.0,2.0
045030025000,,,328,1.0,2.0
045030027000,,,328,1.0,2.0
045030028000,,,328,1.0,2.0
045030029000,,,328,1.0,2.0
045030030000,,,328,1.0,2.0
045030032000,1017.0,,252,1.0,3.0
045030033000,1017.0,,252,1.0,3.0
045040001000,,,552,1.0,6.0
045040013000,,,612,1.0,6.0
045040016000,,,480,1.0,3.0
045040017000,,,480,1.0,3.0
045040018000,,,480,1.0,3.0
045040019000,,,480,1.0,3.0
045040021000,,,200,1.0,2.0
045040022000,,,200,1.0,2.0
045040023000,,,400,1.0,2.0
045040024000,,,400,1.0,2.0
045040026000,,,215,1.0,2.0
045040027000,,,215,1.0,2.0
045040028000,675.0,,215,1.0,2.0
045040029000,,,215,1.0,2.0
045040031000,1180.0,,312,1.0,2.0
045040032000,1180.0,,312,1.0,2.0
045040034000,675.0,,264,1.0,2.0
045040035000,675.0,,264,1.0,2.0
045040036000,675.0,,264,1.0,2.0
045040037000,675.0,,264,1.0,2.0
045040038000,,,307,1.0,2.0
045040039000,,,660,1.0,2.0
045040042000,,,240,1.0,3.0
045040043000,,,240,1.0,3.0
045040044000,,,240,1.0,3.0
045040045000,,,240,1.0,3.0
045040047000,,,240,1.0,2.0
045040048000,,,240,1.0,2.0
045040049000,,,240,1.0,2.0
045040050000,,,240,1.0,2.0
045040052000,,,240,1.0,2.0
045040053000,,,240,1.0,2.0
045040054000,,,240,1.0,2.0
045040055000,,,240,1.0,2.0
045040057000,,,336,1.0,3.0
045040058000,,,252,1.0,3.0
045040059000,,,252,1.0,3.0
045040060000,,,252,1.0,3.0
045050027000,,,220,1.0,3.0
045050028000,,,220,1.0,3.0
045050029000,,,220,1.0,3.0
045050030000,,,220,1.0,3.0
045050032000,,,400,1.0,3.0
045050033000,,,400,1.0,3.0
045050034000,0.0,,400,1.0,3.0
045050035000,,,400,1.0,3.0
045050037000,,,400,1.0,3.0
045050038000,,,400,1.0,2.0
045050039000,,,400,1.0,2.0
045050040000,,,400,1.0,2.0
045050042000,,,420,1.0,2.0
045050043000,,,420,1.0,2.0
045050044000,,,420,1.0,2.0
045050045000,,,420,1.0,2.0
045050046000,,,0,1.0,2.0
045050047000,,,0,1.0,2.0
045050048000,,,0,1.0,2.0
045050049000,,,0,1.0,2.0
045050052000,,,336,1.0,2.0
045050053000,,,336,1.0,2.0
045050054000,,,336,1.0,2.0
045050055000,,,336,1.0,2.0
045050057000,2000.0,,211,1.0,2.0
045050058000,0.0,,211,1.0,2.0
045050059000,,,211,1.0,2.0
045050060000,,,211,1.0,2.0
045050061000,,,400,1.0,
045050062000,,,200,1.0,
045050063000,,,200,1.0,
045050064000,,,400,1.0,
045050066000,1000.0,,420,1.0,3.0
045050067000,0.0,,420,1.0,3.0
045050068000,1000.0,,420,1.0,3.0
045050069000,1000.0,,420,1.0,3.0
045050074000,,,240,1.0,2.0
045050075000,,,240,1.0,2.0
045050076000,,,240,1.0,2.0
045050077000,,,240,1.0,2.0
045050080000,,,683,1.0,3.0
045050081000,,,683,1.0,3.0
045050083000,,,492,1.0,3.0
045050084000,500.0,,492,1.0,3.0
045050085000,0.0,,492,1.0,3.0
045050087000,,,308,1.0,2.0
045050088000,,,308,1.0,2.0
045050089000,,,308,1.0,2.0
045050090000,,,308,1.0,2.0
045050091000,,,516,1.0,3.0
045050092000,,,597,1.0,3.0
045050093000,,,546,1.0,
045060007000,0.0,,988,1.0,3.0
045060008000,1035.0,,576,1.0,3.0
045060009000,720.0,,0,1.0,3.0
045060010000,,,480,1.0,2.0
045060011000,,,981,1.0,4.0
045060012000,300.0,,400,1.0,3.0
045060013000,,,528,1.0,3.0
045060014000,,,600,1.0,3.0
045060015000,1450.0,,835,1.0,4.0
045060016000,500.0,,484,1.0,2.0
045060017000,950.0,,0,1.0,3.0
045060018000,860.0,,480,1.0,3.0
045060019000,920.0,,528,1.0,3.0
045060020000,,,0,1.0,2.0
045060021000,0.0,,576,1.0,3.0
045060022000,800.0,,480,1.0,4.0
045060023000,680.0,,572,1.0,2.0
045060024000,500.0,,552,1.0,3.0
045060025000,720.0,,400,1.0,3.0
045060026000,828.0,,528,1.0,3.0
045060043000,250.0,,220,1.0,2.0
045060044000,250.0,,220,1.0,2.0
045060045000,250.0,,220,1.0,2.0
045060046000,250.0,,220,1.0,2.0
045060048000,650.0,,220,1.0,2.0
045060049000,650.0,,220,1.0,2.0
045060050000,650.0,,220,1.0,2.0
045060051000,650.0,,220,1.0,2.0
045060053000,,,238,1.0,2.0
045060054000,,,238,1.0,2.0
045060055000,,,238,1.0,2.0
045060056000,1000.0,,238,1.0,2.0
045060057000,0.0,,238,1.0,2.0
045060059000,500.0,,220,1.0,2.0
045060060000,500.0,,220,1.0,2.0
045060061000,500.0,,550,1.0,2.0
045060062000,0.0,,220,1.0,2.0
045060063000,853.0,,344,1.0,2.0
045060064000,853.0,,344,1.0,2.0
045060065000,0.0,,344,1.0,2.0
045060068000,,,240,1.0,2.0
045060069000,,,240,1.0,2.0
045060070000,,,240,1.0,2.0
045060071000,,,240,1.0,2.0
045060072000,1050.0,,260,1.0,2.0
045060073000,1162.0,,440,1.0,3.0
045060074000,1050.0,,260,1.0,2.0
045060075000,1050.0,,260,1.0,2.0
045060078000,,,717,1.0,2.0
045060079000,,,717,1.0,2.0
045060081000,,,439,1.0,3.0
045060082000,,,439,1.0,3.0
045060083000,,,439,1.0,3.0
045070012000,,,0,1.0,3.0
045070013000,0.0,,384,1.0,3.0
045070014000,,,498,1.0,4.0
045070015000,0.0,,551,1.0,4.0
045070016000,642.0,,624,1.0,3.0
045070017000,660.0,,552,1.0,3.0
045070018000,,,576,1.0,4.0
045070019000,808.0,,484,1.0,3.0
045070020000,,,0,1.0,1.0
045070021000,,,528,1.0,3.0
045070022000,,,280,1.0,3.0
045070023000,1300.0,,528,1.0,3.0
045070024000,1550.0,,782,1.0,3.0
045070025000,900.0,,712,1.0,3.0
045070026000,,,0,1.0,3.0
045070027000,950.0,,576,1.0,3.0
045070028000,1640.0,,400,1.0,3.0
045070029000,660.0,,324,1.0,3.0
045070032000,,,280,1.0,2.0
045070033000,,,280,1.0,2.0
045070034000,,,280,1.0,2.0
045070035000,,,280,1.0,2.0
045070036000,,,256,1.0,2.0
045070037000,,,249,1.0,2.0
045070038000,,,230,1.0,2.0
045070039000,,,250,1.0,2.0
045070040000,,,230,1.0,2.0
045070041000,,,250,1.0,3.0
045070043000,,,272,1.0,2.0
045070044000,,,252,1.0,2.0
045070045000,,,273,1.0,3.0
045070046000,,,300,1.0,2.0
045070047000,,,317,1.0,2.0
045070048000,,,300,1.0,2.0
045070049000,,,236,1.0,2.0
045070050000,,,236,1.0,2.0
045070052000,,,285,1.0,2.0
045070053000,,,285,1.0,3.0
045070054000,,,244,1.0,2.0
045070055000,,,244,1.0,2.0
045070056000,,,274,1.0,2.0
045070057000,,,274,1.0,2.0
045080003000,,,848,1.0,4.0
045080004000,0.0,,522,1.0,3.0
045080005000,1000.0,,400,1.0,4.0
045080010000,,,260,1.0,2.0
045080011000,,,260,1.0,2.0
045080012000,,,260,1.0,2.0
045080013000,,,260,1.0,2.0
045080014000,,,671,1.0,3.0
045080015000,,,260,1.0,2.0
045080016000,,,260,1.0,2.0
045100005000,0.0,440.0,552,2.0,3.0
045100006000,1620.0,,928,1.0,4.0
045100009000,0.0,702.0,672,2.0,2.0
045100010000,,,480,1.0,3.0
045100012000,0.0,,484,1.0,3.0
045100013000,0.0,,0,1.0,2.0
045100014000,1000.0,,504,1.0,3.0
045100015000,970.0,,560,1.0,3.0
045100016000,0.0,,792,1.0,3.0
045100017000,,,276,1.0,3.0
045100018000,,,788,1.0,3.0
045100019000,,,0,1.0,3.0
045100020000,,,520,1.0,4.0
045100023000,0.0,,528,1.0,3.0
045100024000,,,771,1.0,6.0
045100025000,600.0,,480,1.0,4.0
045100026000,1000.0,,616,1.0,3.0
045110001000,1000.0,,616,1.0,3.0
045110002000,600.0,,513,1.0,3.0
045110003000,900.0,,600,1.0,3.0
045110006000,0.0,,528,1.0,3.0
045110007000,,,0,1.0,4.0
045110008000,,,572,1.0,3.0
045110009000,468.0,,714,1.0,4.0
045110010000,840.0,,506,1.0,3.0
045110011000,1000.0,,593,1.0,3.0
045110012000,725.0,,540,1.0,3.0
045110013000,1816.0,,676,1.0,3.0
045110014000,,,480,1.0,3.0
045110015000,1000.0,,0,1.0,3.0
045110018000,0.0,,576,1.0,3.0
045110019000,,,511,1.0,3.0
045110021000,,,0,1.0,3.0
045110022000,600.0,,434,1.0,2.0
045110023000,,,0,1.0,3.0
045110024000,500.0,,484,1.0,3.0
045110025000,1500.0,,600,1.0,4.0
045110028000,780.0,,977,1.0,3.0
045110029000,1270.0,,712,1.0,3.0
045110030000,,,0,1.0,3.0
045120002000,1160.0,,720,1.0,3.0
045120003000,,,0,1.0,4.0
045120004000,,,448,1.0,3.0
045120005000,660.0,,723,1.0,2.0
045120006000,,,0,1.0,4.0
045120007000,600.0,,576,1.0,6.0
045120008000,400.0,,0,1.0,3.0
045120010000,788.0,,484,1.0,3.0
045120016000,1360.0,,0,1.0,3.0
045120017000,1000.0,,620,1.0,3.0
045120019000,,,480,1.0,
045120021000,,,975,1.0,4.0
045120022000,,,0,1.0,2.0
045120023000,0.0,,400,1.0,2.0
045120024000,,,0,1.0,4.0
045120025000,,,576,1.0,4.0
045120026000,,,0,1.0,3.0
045130001000,,,689,1.0,3.0
045130002000,148.0,,0,1.0,4.0
045130003000,1300.0,,560,1.0,3.0
045130004000,,,720,1.0,4.0
045130005000,1000.0,,864,1.0,3.0
045130009000,,,528,1.0,4.0
045130011000,810.0,,480,1.0,3.0
045130012000,0.0,,576,1.0,4.0
045130013000,0.0,,959,1.0,5.0
045130014000,1325.0,,558,1.0,3.0
045130016000,,,0,1.0,3.0
045130017000,,,576,1.0,4.0
045130024000,,,596,1.0,3.0
045140001000,0.0,,0,1.0,3.0
045140002000,1770.0,,783,1.0,4.0
045140007000,,,611,1.0,4.0
045140008000,1200.0,,1045,1.0,4.0
045140009000,700.0,,630,1.0,2.0
045140010000,800.0,,575,1.0,4.0
045140011000,500.0,,756,1.0,3.0
045140012000,375.0,,484,1.0,2.0
045140013000,,,784,1.0,3.0
045140015000,800.0,,576,1.0,3.0
045140016000,0.0,,0,1.0,3.0
045140017000,0.0,,454,1.0,3.0
045140018000,,,504,1.0,3.0
045140019000,,,576,1.0,2.0
045140020000,2000.0,,784,1.0,
045140022000,1200.0,,576,1.0,3.0
045140023000,300.0,,280,1.0,2.0
045140025000,,,456,1.0,
045150003000,1500.0,,720,1.0,4.0
045150004000,1536.0,,780,1.0,4.0
045150005000,,,648,1.0,3.0
045150006000,0.0,,520,1.0,3.0
045150007000,820.0,,0,1.0,3.0
045150008000,,,264,1.0,2.0
045150011000,300.0,,506,1.0,3.0
045150013000,600.0,,646,1.0,3.0
045150014000,,,0,1.0,3.0
045150015000,,,480,1.0,3.0
045150016000,290.0,,484,1.0,4.0
045150017000,1150.0,,725,1.0,4.0
045160004000,950.0,,576,1.0,4.0
045160005000,1500.0,,576,1.0,4.0
045160006000,1000.0,,728,1.0,3.0
045160007000,1600.0,,324,1.0,3.0
045160008000,1000.0,,720,1.0,4.0
045160009000,,,760,1.0,3.0
045160011000,,,608,1.0,4.0
045160012000,0.0,,864,1.0,5.0
045160013000,,,0,1.0,3.0
045160014000,1050.0,,550,1.0,4.0
045160015000,0.0,,616,1.0,3.0
045160016000,,,639,1.0,5.0
045160017000,729.0,,0,1.0,3.0
045160018000,625.0,,480,1.0,2.0
045160019000,900.0,,400,1.0,3.0
045160020000,,,0,1.0,3.0
045160021000,0.0,2528.0,1364,1.0,4.0
045160022000,924.0,,528,1.0,3.0
045160023000,970.0,,672,1.0,4.0
045160024000,,,576,1.0,3.0
045160025000,0.0,295.0,624,2.0,4.0
045160026000,,,0,1.0,3.0
045160027000,1200.0,,722,1.0,4.0
045160029000,28.0,,484,1.0,3.0
045160030000,0.0,,0,1.0,3.0
045160031000,,,650,1.0,
045160033000,1000.0,,602,1.0,
045170002000,300.0,,0,1.0,4.0
045170003000,590.0,,504,1.0,4.0
045170004000,1584.0,,672,1.0,4.0
045170005000,,,576,1.0,3.0
045170006000,,,866,1.0,3.0
045170007000,,,640,1.0,3.0
045170010000,,,0,1.0,3.0
045170011000,,,672,1.0,3.0
045170012000,820.0,,624,1.0,3.0
045170013000,0.0,,480,1.0,2.0
045170014000,1710.0,,320,1.0,3.0
045170015000,,,472,1.0,3.0
045170017000,1000.0,,352,1.0,3.0
045170018000,700.0,,588,1.0,2.0
045170019000,720.0,,432,1.0,3.0
045170020000,900.0,,455,1.0,3.0
045180004000,2890.0,,880,1.0,6.0
045180009000,,,1076,1.0,8.0
045180011000,1680.0,,968,1.0,8.0
045180047000,,,260,1.0,2.0
045180048000,,,260,1.0,2.0
045180049000,,,304,1.0,2.0
045180051000,,,560,1.0,3.0
045180052000,,,560,1.0,3.0
045180053000,,,560,1.0,3.0
045180054000,,,532,1.0,3.0
045180055000,,,532,1.0,3.0
045180068000,,,280,1.0,2.0
045180069000,,,280,1.0,3.0
045180070000,,,280,1.0,2.0
045180071000,,,280,1.0,2.0
045180073000,,,240,1.0,2.0
045180074000,,,240,1.0,2.0
045180075000,,,240,1.0,2.0
045180076000,,,240,1.0,2.0
045180081000,,,264,1.0,2.0
045180082000,,,264,1.0,2.0
045180083000,,,264,1.0,2.0
045180084000,102.0,,264,1.0,2.0
045190018000,,,480,1.0,2.0
045190019000,,,480,1.0,2.0
045190020000,,,480,1.0,2.0
045190021000,,,0,1.0,2.0
045190023000,620.0,,260,1.0,3.0
045190024000,620.0,,260,1.0,3.0
045190028000,,,0,1.0,3.0
045190029000,,,0,1.0,3.0
045190030000,,,0,1.0,3.0
045190031000,,,0,1.0,3.0
045190033000,650.0,,240,1.0,2.0
045190034000,650.0,,240,1.0,2.0
045190035000,650.0,,240,1.0,2.0
045190036000,650.0,,240,1.0,2.0
045190038000,,,240,1.0,2.0
045190039000,,,240,1.0,2.0
045190040000,,,240,1.0,2.0
045190041000,,,240,1.0,2.0
045190043000,,,240,1.0,2.0
045190044000,,,240,1.0,2.0
045190045000,,,240,1.0,2.0
045190046000,,,240,1.0,2.0
045190048000,,,240,1.0,2.0
045190049000,,,240,1.0,2.0
045190051000,,,240,1.0,2.0
045190052000,,,260,1.0,2.0
045190053000,,,260,1.0,2.0
045190054000,,,260,1.0,2.0
045190057000,570.0,,220,1.0,2.0
045190058000,570.0,,220,1.0,2.0
045190059000,570.0,,220,1.0,2.0
045190060000,,,220,1.0,2.0
045190062000,,,269,1.0,3.0
045190063000,,,269,1.0,3.0
045190064000,,,269,1.0,3.0
045190065000,,,269,1.0,3.0
045190066000,,,269,1.0,3.0
045190067000,,,269,1.0,3.0
045190068000,,,269,1.0,3.0
045190069000,,,269,1.0,3.0
045190071000,,,240,1.0,2.0
045190072000,,,240,1.0,2.0
045190073000,,,240,1.0,2.0
045190074000,,,240,1.0,2.0
045190076000,,,280,1.0,3.0
045190077000,,,280,1.0,2.0
045190078000,,,280,1.0,2.0
045190079000,,,280,1.0,2.0
045190081000,,,300,1.0,3.0
045190082000,,,300,1.0,3.0
045190083000,,,280,1.0,3.0
045190084000,,,280,1.0,3.0
045190086000,,,462,1.0,3.0
045190087000,,,462,1.0,3.0
045190088000,,,462,1.0,3.0
045190089000,,,462,1.0,3.0
045190091000,,,263,1.0,2.0
045190092000,,,273,1.0,2.0
045190093000,,,263,1.0,2.0
045190094000,,,273,1.0,2.0
045200009000,800.0,,484,1.0,3.0
045200013000,,,234,1.0,
045200014000,500.0,,234,1.0,2.0
045200016000,0.0,,234,1.0,2.0
045200017000,500.0,,234,1.0,2.0
045200019000,0.0,,337,1.0,2.0
045200020000,0.0,,337,1.0,2.0
045200021000,0.0,,337,1.0,2.0
045200022000,1000.0,,337,1.0,2.0
045200024000,,,280,1.0,2.0
045200025000,,,280,1.0,2.0
045200026000,,,280,1.0,2.0
045200027000,,,280,1.0,2.0
045200029000,,,476,1.0,3.0
045200030000,,,476,1.0,3.0
045200031000,,,476,1.0,2.0
045200032000,,,476,1.0,3.0
045200033000,,,482,1.0,3.0
045200034000,,,482,1.0,3.0
045200035000,,,476,1.0,3.0
045200036000,,,476,1.0,3.0
045200038000,,,440,1.0,3.0
045200039000,,,440,1.0,3.0
045200040000,,,440,1.0,3.0
045200041000,,,440,1.0,3.0
045220001000,,,1118,1.0,3.0
045220002000,1578.0,,576,1.0,3.0
045220004000,500.0,,572,1.0,4.0
045220005000,700.0,,839,1.0,3.0
045220007000,,,672,1.0,4.0
045220010000,,,1307,1.0,5.0
045220011000,0.0,,1108,1.0,4.0
045220012000,825.0,,569,1.0,3.0
045220013000,1070.0,,400,1.0,4.0
045220014000,,,812,1.0,5.0
045220015000,399.0,,576,1.0,3.0
045220016000,500.0,,624,1.0,3.0
045220018000,,,900,1.0,3.0
045220019000,,,576,1.0,4.0
045220020000,,,398,1.0,3.0
045220021000,444.0,,628,1.0,4.0
045220022000,800.0,,480,1.0,2.0
045220023000,,,1116,1.0,3.0
045220025000,,,488,1.0,3.0
045220026000,1200.0,,528,1.0,5.0
045220027000,,,588,1.0,3.0
045220030000,0.0,,528,1.0,3.0
045220031000,,,828,1.0,
045220032000,1730.0,,588,1.0,4.0
045220033000,,,560,1.0,3.0
045220034000,930.0,,728,1.0,3.0
045240001000,800.0,,780,1.0,5.0
045240002000,0.0,,352,1.0,3.0
045240003000,750.0,,480,1.0,3.0
045240004000,0.0,,436,1.0,4.0
045240005000,450.0,,480,1.0,3.0
045240006000,700.0,,440,1.0,4.0
045240007000,864.0,,440,1.0,3.0
045240008000,500.0,,480,1.0,3.0
045240010000,1000.0,,441,1.0,4.0
045240011000,,,760,1.0,4.0
045240012000,940.0,,480,1.0,3.0
045240014000,,,484,1.0,3.0
045240015000,1487.0,,484,1.0,5.0
045240016000,500.0,,672,1.0,4.0
045240017000,1100.0,,528,1.0,4.0
045240018000,,,0,1.0,4.0
045240019000,0.0,,480,1.0,3.0
045240020000,0.0,,624,1.0,4.0
045240021000,1092.0,,528,1.0,3.0
045240022000,,,549,1.0,4.0
045240023000,1062.0,,448,1.0,3.0
045240026000,500.0,,340,1.0,3.0
045240027000,485.0,,548,1.0,4.0
045240029000,,,0,1.0,4.0
045240030000,1100.0,,0,1.0,3.0
045250002000,720.0,,0,1.0,3.0
045250003000,,,480,1.0,3.0
045250004000,,,686,1.0,4.0
045250005000,1500.0,,864,1.0,4.0
045250006000,800.0,,594,1.0,3.0
045250007000,63.0,,514,1.0,5.0
045250008000,,,572,1.0,5.0
045250009000,0.0,,528,1.0,3.0
045250010000,,,484,1.0,6.0
045250011000,,,564,1.0,
045250012000,,,484,1.0,3.0
045250013000,,,440,1.0,3.0
045250014000,,,484,1.0,3.0
045250015000,600.0,,506,1.0,4.0
045250016000,480.0,,508,1.0,4.0
045250017000,525.0,,0,1.0,4.0
045250018000,850.0,,487,1.0,4.0
045250019000,,,0,1.0,3.0
045250020000,480.0,,440,1.0,3.0
045250021000,720.0,,380,1.0,3.0
045250022000,956.0,,880,1.0,3.0
045250024000,,,0,1.0,3.0
045250025000,600.0,,483,1.0,3.0
045250026000,,,648,1.0,5.0
045250027000,0.0,,517,1.0,3.0
045250028000,,704.0,270,2.0,3.0
045250029000,,,528,1.0,
045250030000,500.0,,560,1.0,3.0
045250031000,,,600,1.0,4.0
045260001000,,,576,1.0,3.0
045260002000,500.0,,616,1.0,3.0
045260003000,500.0,,528,1.0,3.0
045260004000,,,768,1.0,3.0
045260005000,1226.0,,577,1.0,3.0
045260006000,810.0,,400,1.0,3.0
045260009000,,,768,1.0,4.0
045260011000,,,0,1.0,3.0
045260012000,800.0,,506,1.0,4.0
045260013000,,,780,1.0,3.0
045260014000,,,572,1.0,4.0
045260015000,,,624,1.0,3.0
045260016000,,,756,1.0,3.0
045260017000,0.0,,576,1.0,3.0
045260018000,900.0,,616,1.0,3.0
045260019000,0.0,,516,1.0,3.0
045260020000,,,396,1.0,3.0
045260021000,,,0,1.0,5.0
045260022000,1000.0,,576,1.0,4.0
045260023000,0.0,,616,1.0,3.0
045260024000,0.0,,392,1.0,2.0
045260026000,720.0,,784,1.0,4.0
045260027000,900.0,,308,1.0,3.0
045260028000,1020.0,,711,1.0,3.0
045260029000,,,352,1.0,3.0
045260031000,1096.0,,564,1.0,3.0
045260032000,1000.0,,506,1.0,3.0
045260033000,,,0,1.0,3.0
045270001000,,,742,1.0,3.0
045270002000,1680.0,,644,1.0,3.0
045270004000,,,480,1.0,3.0
045270005000,,,347,1.0,3.0
045270006000,1000.0,,374,1.0,3.0
045270008000,0.0,,484,1.0,3.0
045270009000,800.0,,624,1.0,5.0
045270010000,0.0,,654,1.0,4.0
045270011000,1100.0,,320,1.0,3.0
045270012000,800.0,,484,1.0,3.0
045270014000,0.0,,473,1.0,3.0
045270015000,1020.0,,384,1.0,3.0
045270016000,,,500,1.0,3.0
045270017000,500.0,,431,1.0,3.0
045270018000,500.0,,480,1.0,3.0
045270019000,1000.0,,480,1.0,3.0
045270021000,700.0,,480,1.0,6.0
045270023000,600.0,,750,1.0,3.0
045270024000,500.0,,672,1.0,3.0
045270025000,1180.0,,400,1.0,3.0
045270026000,500.0,,440,1.0,3.0
045270027000,960.0,,472,1.0,4.0
045270028000,,,0,1.0,2.0
045270029000,1100.0,,528,1.0,3.0
045270031000,800.0,,576,1.0,3.0
045270032000,1140.0,,484,1.0,4.0
045270033000,1120.0,,612,1.0,3.0
045270034000,680.0,,420,1.0,3.0
045270035000,700.0,,540,1.0,4.0
045270036000,0.0,,616,1.0,3.0
045270037000,840.0,,528,1.0,2.0
045270038000,1000.0,,576,1.0,3.0
045270039000,1200.0,,552,1.0,3.0
045270040000,,,676,1.0,3.0
045280001000,0.0,,728,1.0,3.0
045280002000,,,576,1.0,3.0
045280003000,,,480,1.0,5.0
045280004000,1350.0,,576,1.0,
045280006000,800.0,,550,1.0,4.0
045280007000,,,528,1.0,3.0
045280008000,,,676,1.0,
045280009000,400.0,,680,1.0,4.0
045280010000,500.0,,576,1.0,4.0
045280011000,960.0,,400,1.0,3.0
045280012000,570.0,,352,1.0,3.0
045280013000,,,575,1.0,3.0
045280014000,500.0,,480,1.0,3.0
045280015000,1000.0,,784,1.0,3.0
045280016000,700.0,,672,1.0,4.0
045280017000,500.0,,504,1.0,3.0
045280018000,600.0,,576,1.0,3.0
045280019000,0.0,,480,1.0,3.0
045280020000,,,506,1.0,4.0
045280023000,1000.0,,480,1.0,3.0
045280024000,700.0,,712,1.0,4.0
045280025000,1000.0,,528,1.0,3.0
045280026000,,,684,1.0,4.0
045280027000,,,621,1.0,4.0
045280028000,1000.0,,400,1.0,3.0
045280029000,,,552,1.0,
045280030000,,,650,1.0,4.0
045280031000,,,483,1.0,
045280032000,,,0,1.0,3.0
045280033000,,,0,1.0,3.0
045280034000,0.0,,400,1.0,3.0
045280035000,1260.0,,637,1.0,4.0
045280036000,500.0,,611,1.0,3.0
045280037000,800.0,,528,1.0,3.0
045280038000,500.0,,451,1.0,3.0
045280039000,1300.0,,456,1.0,3.0
045290001000,,,440,1.0,3.0
045290002000,,,440,1.0,
045290003000,,,854,1.0,3.0
045290005000,636.0,,836,1.0,3.0
045290006000,900.0,,0,1.0,5.0
045290008000,750.0,,484,1.0,3.0
045290009000,0.0,,252,1.0,3.0
045290010000,,,564,1.0,
045290011000,,,564,1.0,
045290012000,600.0,,528,1.0,4.0
045290013000,600.0,,575,1.0,3.0
045290014000,780.0,,504,1.0,3.0
045290015000,1500.0,,396,1.0,3.0
045290017000,800.0,,660,1.0,3.0
045290018000,,,588,1.0,3.0
045290021000,1000.0,,675,1.0,4.0
045290022000,0.0,,528,1.0,4.0
045290023000,800.0,,403,1.0,3.0
045290024000,35.0,,487,1.0,3.0
045290025000,302.0,,504,1.0,4.0
045290026000,,,280,1.0,3.0
045290027000,,,0,1.0,3.0
045290028000,,,576,1.0,3.0
045290029000,945.0,,440,1.0,5.0
045290030000,0.0,,888,1.0,3.0
045290031000,1700.0,,792,1.0,3.0
045290032000,1000.0,,576,1.0,3.0
045290035000,500.0,,0,1.0,2.0
045290036000,0.0,,563,1.0,3.0
045290037000,500.0,,576,1.0,3.0
045290043000,,,460,1.0,2.0
045300001000,0.0,,462,1.0,6.0
045300002000,500.0,,484,1.0,3.0
045300003000,,,680,1.0,
045300005000,500.0,,529,1.0,4.0
045300006000,0.0,,744,1.0,4.0
045300007000,0.0,,638,1.0,2.0
045300008000,1000.0,,484,1.0,4.0
045300009000,,,550,2.0,
045300010000,,,540,1.0,3.0
045300011000,160.0,,484,1.0,4.0
045300012000,,,420,1.0,3.0
045300016000,,,731,1.0,3.0
045300017000,,,627,1.0,
045300018000,0.0,,616,1.0,4.0
045300019000,0.0,,506,1.0,3.0
045300020000,500.0,,577,1.0,5.0
045300021000,0.0,,539,1.0,4.0
045300022000,600.0,,500,1.0,3.0
045300023000,,,600,1.0,4.0
045300024000,,,641,1.0,3.0
045300025000,0.0,,548,1.0,3.0
045300026000,1528.0,,817,1.0,4.0
045300027000,400.0,,528,1.0,3.0
045300028000,600.0,,704,1.0,3.0
045300029000,,,0,1.0,3.0
045300030000,,,956,1.0,3.0
045300031000,,,517,1.0,4.0
045300032000,1000.0,,728,1.0,3.0
045300033000,1650.0,,725,1.0,3.0
045300034000,700.0,,810,1.0,4.0
045300035000,336.0,,718,1.0,
045300036000,,,506,1.0,3.0
045300038000,700.0,,576,1.0,4.0
045300039000,,,320,1.0,3.0
045300040000,0.0,,640,1.0,3.0
045300041000,,,480,1.0,3.0
045300042000,,,0,1.0,3.0
045300043000,1500.0,,756,1.0,4.0
045300044000,950.0,,524,1.0,4.0
045310003000,720.0,,480,1.0,4.0
045310004000,720.0,,613,1.0,3.0
045310005000,,,0,1.0,3.0
045310006000,1340.0,,528,1.0,4.0
045310007000,0.0,,696,1.0,4.0
045310009000,630.0,,528,1.0,3.0
045310010000,560.0,,540,1.0,3.0
045310011000,,,675,1.0,4.0
045310012000,,,616,1.0,3.0
045310013000,1040.0,,588,1.0,3.0
045310015000,1800.0,,621,1.0,3.0
045310016000,800.0,,462,1.0,3.0
045310017000,,,440,1.0,3.0
045310018000,0.0,,600,1.0,
045310020000,500.0,,550,1.0,4.0
045310021000,775.0,,352,1.0,3.0
045310023000,,,576,2.0,
045310024000,,,484,1.0,5.0
045310025000,0.0,,504,1.0,3.0
045310026000,500.0,,503,1.0,3.0
045310027000,600.0,,448,1.0,2.0
045310028000,,,913,1.0,4.0
045310029000,,,684,1.0,4.0
045310030000,,,528,1.0,3.0
045310031000,1920.0,,616,1.0,3.0
045310032000,600.0,,440,1.0,3.0
045310033000,540.0,,480,1.0,3.0
045310034000,0.0,,504,1.0,3.0
045320001000,1250.0,,592,1.0,3.0
045320002000,,,504,1.0,3.0
045320003000,,,0,1.0,2.0
045320004000,1250.0,,436,1.0,3.0
045320006000,1000.0,,0,1.0,2.0
045320007000,1100.0,,598,1.0,3.0
045320008000,0.0,,480,1.0,3.0
045320010000,,,300,1.0,5.0
045320011000,,,488,1.0,3.0
045320012000,1060.0,,528,1.0,3.0
045320014000,,,480,1.0,3.0
045320015000,1400.0,,554,1.0,4.0
045320017000,0.0,,858,1.0,3.0
045320019000,1550.0,,768,1.0,3.0
045320020000,800.0,,524,1.0,3.0
045320021000,675.0,,0,1.0,2.0
045320022000,,,504,1.0,5.0
045320023000,,,484,1.0,3.0
045320024000,540.0,,440,1.0,3.0
045320025000,660.0,,616,1.0,4.0
045320026000,930.0,,612,1.0,4.0
045320027000,,,528,1.0,3.0
045320028000,1080.0,,572,1.0,3.0
045320029000,,,480,1.0,3.0
045320030000,500.0,,504,1.0,4.0
045320031000,276.0,,600,1.0,3.0
045320032000,500.0,,1232,1.0,3.0
045320033000,0.0,,572,1.0,3.0
045320034000,,,0,1.0,2.0
045320036000,,,480,1.0,3.0
045330001000,624.0,,720,1.0,4.0
045330002000,608.0,,528,1.0,4.0
045330005000,850.0,,654,1.0,3.0
045330006000,2200.0,,576,1.0,3.0
045330007000,0.0,,740,1.0,4.0
045330008000,,,529,1.0,3.0
045330009000,0.0,,590,1.0,4.0
045330010000,2000.0,,638,1.0,
045330011000,,,480,1.0,3.0
045330012000,500.0,,994,1.0,3.0
045330013000,,,648,1.0,3.0
045330015000,2850.0,,1900,1.0,3.0
045330016000,860.0,,575,1.0,4.0
045330017000,,,488,1.0,3.0
045330018000,,,496,1.0,3.0
045330019000,420.0,,495,1.0,4.0
045330021000,850.0,,0,1.0,3.0
045330022000,,,528,1.0,4.0
045330023000,1200.0,,628,1.0,4.0
045330024000,720.0,,384,1.0,3.0
045330025000,1620.0,,552,1.0,3.0
045330026000,0.0,,461,1.0,3.0
045330027000,,,484,1.0,3.0
045330028000,1000.0,,624,1.0,4.0
045330029000,500.0,,640,1.0,3.0
045330030000,850.0,,528,1.0,3.0
045330031000,690.0,,484,1.0,3.0
045330032000,500.0,,528,1.0,3.0
045330033000,500.0,,802,1.0,4.0
045330034000,1080.0,,756,1.0,4.0
045330038000,,,0,1.0,3.0
045330039000,,,0,1.0,2.0
045330040000,1200.0,,440,1.0,2.0
045330041000,900.0,,484,1.0,3.0
045330042000,860.0,,798,1.0,3.0
045330043000,1170.0,,891,1.0,5.0
045330044000,500.0,,516,1.0,3.0
045330045000,1000.0,,572,1.0,3.0
045340002000,1000.0,,423,1.0,3.0
045340003000,500.0,,440,1.0,3.0
045340004000,500.0,,495,1.0,3.0
045340005000,500.0,,506,1.0,3.0
045340006000,1470.0,,635,1.0,4.0
045340007000,840.0,,548,1.0,3.0
045340008000,0.0,,480,1.0,4.0
045340009000,1006.0,,552,1.0,3.0
045340011000,,,576,1.0,4.0
045340012000,400.0,,480,1.0,3.0
045340014000,,,611,1.0,3.0
045340015000,1200.0,,528,1.0,3.0
045340016000,,,550,1.0,4.0
045340017000,830.0,,689,1.0,4.0
045340018000,780.0,,588,1.0,4.0
045340019000,,,650,1.0,4.0
045340021000,,,665,1.0,
045340022000,800.0,,506,1.0,4.0
045340024000,1110.0,,616,1.0,3.0
045340025000,600.0,,552,1.0,3.0
045340026000,,,629,1.0,
045340027000,400.0,,0,1.0,3.0
045340029000,130.0,,484,1.0,4.0
045350002000,,,576,1.0,3.0
045350003000,,,504,1.0,3.0
045350005000,749.0,,585,1.0,3.0
045350006000,,,0,1.0,3.0
045350007000,,,0,1.0,3.0
045350008000,1500.0,,618,1.0,4.0
045350009000,2000.0,,462,1.0,3.0
045350010000,,,528,1.0,3.0
045350011000,,,462,1.0,3.0
045350012000,,,554,1.0,4.0
045350013000,800.0,,490,1.0,3.0
045350014000,,,580,1.0,
045350015000,,,528,1.0,3.0
045350016000,1100.0,,720,1.0,4.0
045350017000,0.0,,810,1.0,3.0
045350018000,,,0,1.0,4.0
045350019000,,,539,1.0,3.0
045350020000,0.0,,451,1.0,5.0
045350021000,,,936,1.0,3.0
045350025000,740.0,,0,1.0,3.0
045350026000,,,0,1.0,3.0
045350027000,0.0,,518,1.0,5.0
045350028000,0.0,,682,1.0,4.0
045350029000,800.0,,490,1.0,3.0
045350031000,,,576,1.0,4.0
045350032000,,,352,1.0,3.0
045360001000,,,879,1.0,3.0
045360002000,2470.0,,737,1.0,4.0
045360003000,800.0,,480,1.0,3.0
045360004000,1300.0,,501,1.0,3.0
045360005000,,,832,1.0,5.0
045360008000,500.0,,808,1.0,3.0
045360009000,1075.0,,621,1.0,4.0
045360010000,1000.0,,576,1.0,4.0
045360011000,900.0,,400,1.0,3.0
045360012000,540.0,,557,1.0,3.0
045360013000,800.0,,1176,1.0,3.0
045360014000,,,0,1.0,5.0
045360015000,750.0,,588,1.0,3.0
045360016000,830.0,,1090,1.0,
045360017000,,,514,1.0,
045360019000,1020.0,,484,1.0,3.0
045360021000,500.0,,616,1.0,4.0
045360023000,,,484,1.0,2.0
045360024000,500.0,,400,1.0,3.0
045360025000,1025.0,,644,1.0,3.0
045360026000,1400.0,,506,1.0,3.0
045360027000,,,506,1.0,3.0
045360028000,1000.0,,480,1.0,3.0
045360029000,1000.0,,638,1.0,3.0
045360030000,800.0,,844,1.0,3.0
045360031000,,,0,1.0,3.0
045360032000,1250.0,,440,1.0,4.0
045360033000,800.0,,484,1.0,3.0
045360034000,1430.0,,528,1.0,3.0
045360035000,480.0,,480,1.0,4.0
045360036000,,,564,1.0,4.0
045360038000,500.0,,512,1.0,3.0
045360040000,1280.0,,688,1.0,3.0
045370001000,500.0,,467,1.0,3.0
045370002000,450.0,,520,1.0,3.0
045370003000,860.0,,660,1.0,3.0
045370004000,1200.0,,572,1.0,4.0
045370005000,,,672,1.0,3.0
045370006000,,,482,1.0,3.0
045370007000,1500.0,,720,1.0,3.0
045370008000,500.0,,672,1.0,3.0
045370009000,900.0,,528,1.0,4.0
045370010000,650.0,,672,1.0,2.0
045370011000,,,616,1.0,3.0
045370012000,,,492,1.0,3.0
045370013000,,,576,1.0,3.0
045370014000,500.0,,418,1.0,3.0
045370015000,,,0,1.0,4.0
045370016000,560.0,,506,1.0,4.0
045370017000,1380.0,,550,1.0,4.0
045370018000,500.0,,580,1.0,3.0
045370019000,300.0,,460,1.0,3.0
045370020000,0.0,,840,1.0,2.0
045370021000,,,528,1.0,3.0
045370022000,1470.0,,672,1.0,5.0
045370024000,,,525,1.0,3.0
045370026000,,,888,1.0,3.0
045370027000,,,543,1.0,
045370028000,1000.0,,460,1.0,4.0
045370029000,1000.0,,624,1.0,3.0
045370030000,,,528,1.0,2.0
045370031000,500.0,,624,1.0,4.0
045370032000,900.0,,308,1.0,4.0
045370033000,1000.0,,621,1.0,3.0
045370034000,,,0,1.0,3.0
045370035000,,,0,1.0,3.0
045370036000,,,550,1.0,3.0
045370037000,500.0,,492,1.0,3.0
045380001000,0.0,,550,1.0,3.0
045380002000,500.0,,552,1.0,4.0
045380003000,,,820,1.0,4.0
045380005000,0.0,,484,1.0,3.0
045380006000,0.0,,800,1.0,3.0
045380007000,,,528,1.0,3.0
045380008000,,,820,1.0,3.0
045380009000,800.0,,300,1.0,4.0
045380010000,0.0,,447,1.0,4.0
045380011000,500.0,,540,1.0,4.0
045380012000,880.0,,400,1.0,4.0
045380013000,0.0,,400,1.0,3.0
045380014000,,,625,1.0,4.0
045380016000,,,528,1.0,4.0
045380019000,1449.0,,528,1.0,4.0
045390001000,1340.0,,493,1.0,3.0
045390003000,,,570,1.0,4.0
045390006000,,,476,1.0,3.0
045390007000,500.0,,764,1.0,3.0
045390008000,1200.0,,864,1.0,3.0
045390009000,,,0,1.0,3.0
045390010000,,,687,1.0,
045390011000,0.0,,432,1.0,3.0
045390012000,0.0,,576,1.0,4.0
045390013000,,,0,1.0,3.0
045390014000,,,480,1.0,3.0
045390015000,,,0,1.0,3.0
045390016000,900.0,,460,1.0,3.0
045390017000,300.0,,528,1.0,3.0
045390018000,0.0,,493,1.0,3.0
045390019000,1130.0,,0,1.0,3.0
045390020000,,,0,1.0,2.0
045400001000,1500.0,,552,1.0,3.0
045400003000,1450.0,,0,1.0,2.0
045400004000,1584.0,,480,1.0,3.0
045400005000,0.0,,650,1.0,3.0
045400006000,,,630,1.0,3.0
045400008000,1100.0,,0,1.0,3.0
045400009000,,,700,1.0,4.0
045400010000,576.0,,352,1.0,3.0
045400011000,,,0,1.0,3.0
045400012000,,,400,1.0,3.0
045400013000,700.0,,528,1.0,3.0
045400014000,800.0,728.0,732,2.0,4.0
045400015000,,,492,1.0,3.0
045400016000,,,912,1.0,4.0
045400017000,1000.0,,713,1.0,3.0
045400018000,500.0,,462,1.0,3.0
045400019000,1270.0,,539,1.0,3.0
045400020000,,,0,1.0,3.0
045400021000,,,528,1.0,
045400022000,720.0,,624,1.0,2.0
045400023000,1000.0,,624,1.0,3.0
045400024000,1100.0,,400,1.0,3.0
045400025000,,,621,1.0,4.0
045400026000,1080.0,,440,1.0,3.0
045400027000,1020.0,,576,1.0,3.0
045400028000,,,0,1.0,3.0
045400029000,,,0,1.0,4.0
045400030000,900.0,,516,1.0,3.0
045400031000,,,602,1.0,3.0
045400032000,900.0,,720,1.0,3.0
045410001000,,,639,1.0,
045410002000,0.0,,616,1.0,3.0
045410003000,,,900,1.0,3.0
045410004000,800.0,,540,1.0,3.0
045410005000,1200.0,,980,1.0,4.0
045410006000,,,440,1.0,2.0
045410007000,560.0,,660,1.0,3.0
045410008000,400.0,,600,1.0,3.0
045410009000,,,699,1.0,4.0
045410010000,,,600,1.0,3.0
045410011000,,,913,1.0,4.0
045410012000,1000.0,,1011,1.0,4.0
045410014000,,,728,1.0,5.0
045410015000,2070.0,,1176,1.0,3.0
045410016000,,,616,1.0,4.0
045410017000,720.0,,662,1.0,3.0
045410018000,,,719,1.0,4.0
045410019000,0.0,,732,1.0,4.0
045410020000,,,624,1.0,
045410021000,,,866,1.0,4.0
045410022000,,,576,1.0,5.0
045410023000,,,672,1.0,4.0
045410024000,,,624,1.0,4.0
045430001000,600.0,,484,1.0,3.0
045430002000,875.0,,526,1.0,3.0
045430003000,300.0,,440,1.0,3.0
045430004000,0.0,,533,1.0,3.0
045430005000,,,0,1.0,3.0
045430006000,765.0,,494,1.0,3.0
045430007000,,,528,1.0,3.0
045430008000,900.0,,484,1.0,3.0
045430009000,,,0,1.0,3.0
045430010000,,,484,1.0,3.0
045430011000,800.0,,572,1.0,3.0
045430013000,,,364,1.0,3.0
045430014000,0.0,,560,1.0,3.0
045430015000,1380.0,,789,1.0,3.0
045430016000,480.0,,272,1.0,4.0
045430017000,800.0,,400,1.0,3.0
045430018000,0.0,,770,1.0,4.0
045430019000,1020.0,,589,1.0,3.0
045430020000,0.0,,430,1.0,3.0
045430021000,500.0,,400,1.0,3.0
045430023000,1425.0,,637,1.0,3.0
045430024000,800.0,,400,1.0,3.0
045430025000,0.0,,538,1.0,3.0
045430026000,1300.0,,564,1.0,3.0
045430027000,1400.0,,700,1.0,3.0
045430028000,950.0,,631,1.0,3.0
045430029000,,,418,1.0,3.0
045430030000,800.0,,400,1.0,3.0
045430031000,,,840,1.0,4.0
045430032000,800.0,,588,1.0,3.0
045430033000,600.0,,484,1.0,3.0
045430034000,1050.0,,461,1.0,3.0
045430035000,950.0,,506,1.0,3.0
045430036000,,,638,1.0,4.0
045430037000,0.0,,480,1.0,3.0
045430038000,800.0,,440,1.0,4.0
045430039000,1300.0,,798,1.0,4.0
045430040000,,,720,1.0,3.0
045430041000,700.0,,440,1.0,3.0
045430042000,960.0,,441,1.0,3.0
045430043000,1080.0,,576,1.0,3.0
045430044000,720.0,,720,1.0,4.0
045440001000,,,504,1.0,3.0
045440002000,1000.0,,528,1.0,2.0
045440003000,720.0,,648,1.0,
045440004000,1250.0,,666,1.0,3.0
045440005000,0.0,,528,1.0,3.0
045440006000,1050.0,,672,1.0,4.0
045440007000,850.0,,418,1.0,3.0
045440009000,,,560,1.0,2.0
045440010000,1100.0,,480,1.0,3.0
045440011000,500.0,,572,1.0,3.0
045440012000,1020.0,,672,1.0,2.0
045440013000,500.0,,504,1.0,3.0
045440014000,,,0,1.0,4.0
045440015000,0.0,,480,1.0,3.0
045440016000,,,672,1.0,3.0
045440017000,0.0,,504,1.0,3.0
045440018000,1425.0,,630,1.0,4.0
045440019000,900.0,,576,1.0,4.0
045440020000,1131.0,,1166,1.0,4.0
045440021000,,,552,1.0,4.0
045440022000,1000.0,,463,1.0,3.0
045440023000,,,540,1.0,
045440024000,,,0,1.0,2.0
045440025000,,,1057,1.0,5.0
045440026000,0.0,,440,1.0,3.0
045440027000,0.0,,484,1.0,3.0
045440028000,,,532,1.0,3.0
045440029000,,,564,1.0,
045440030000,,,440,1.0,3.0
045440031000,,,484,1.0,
045450001000,800.0,,440,1.0,3.0
045450002000,800.0,,464,1.0,3.0
045450003000,,,612,1.0,3.0
045450004000,,,720,1.0,4.0
045450005000,630.0,,484,1.0,3.0
045450006000,800.0,,528,1.0,3.0
045450007000,400.0,,0,1.0,2.0
045450009000,500.0,,400,1.0,3.0
045450010000,850.0,,490,1.0,3.0
045450011000,,,643,1.0,4.0
045450013000,0.0,,352,1.0,3.0
045450014000,,,441,1.0,3.0
045450015000,,,280,1.0,3.0
045450016000,,,480,1.0,3.0
045450017000,500.0,,484,1.0,3.0
045450018000,400.0,,720,1.0,3.0
045450020000,,,631,1.0,3.0
045450021000,,,0,1.0,3.0
045450022000,1025.0,,552,1.0,3.0
045450023000,760.0,,528,1.0,3.0
045450024000,500.0,,616,1.0,3.0
045450025000,,,559,2.0,
045450026000,900.0,,766,1.0,3.0
045450027000,1050.0,,619,1.0,3.0
045450028000,0.0,,480,1.0,2.0
045450029000,0.0,,320,1.0,3.0
045450030000,800.0,,490,1.0,3.0
045450031000,500.0,,352,1.0,3.0
045450032000,,,576,1.0,3.0
045450034000,800.0,,1198,1.0,6.0
045450035000,594.0,,528,1.0,3.0
045460001000,,,540,1.0,3.0
045460002000,,,540,1.0,3.0
045460003000,810.0,,528,1.0,4.0
045460004000,770.0,,539,1.0,3.0
045460005000,903.0,,618,1.0,3.0
045460006000,800.0,,624,1.0,5.0
045460007000,520.0,,630,1.0,3.0
045460008000,600.0,,415,1.0,3.0
045460009000,500.0,,618,1.0,3.0
045460010000,1080.0,,480,1.0,3.0
045460012000,,,484,1.0,3.0
045460014000,350.0,,525,1.0,4.0
045460015000,,,576,1.0,4.0
045460017000,830.0,,462,1.0,3.0
045460018000,1080.0,,493,1.0,3.0
045460019000,1300.0,,572,1.0,3.0
045460021000,,,0,1.0,3.0
045460022000,1300.0,,464,1.0,3.0
045460023000,525.0,,587,1.0,3.0
045460024000,293.0,,330,1.0,3.0
045460026000,720.0,,1223,1.0,3.0
045460027000,,,582,1.0,3.0
045460028000,995.0,,576,1.0,4.0
045460029000,1200.0,,308,1.0,4.0
045460030000,1800.0,,504,1.0,3.0
045460031000,620.0,,408,1.0,3.0
045460032000,800.0,,598,1.0,3.0
045460033000,1020.0,,500,1.0,3.0
045460034000,500.0,,576,1.0,3.0
045460035000,,,558,1.0,2.0
045460036000,500.0,,536,1.0,3.0
045460037000,,,728,1.0,3.0
045460038000,990.0,,528,1.0,6.0
045460039000,,,528,1.0,3.0
045460041000,90.0,,420,1.0,3.0
045460042000,500.0,,576,1.0,3.0
045460043000,860.0,,552,1.0,4.0
045460044000,0.0,,539,1.0,4.0
045460045000,1500.0,,644,1.0,2.0
045460046000,1176.0,,658,1.0,3.0
045460047000,0.0,,644,1.0,5.0
045460048000,1530.0,,528,1.0,3.0
045460049000,816.0,,504,1.0,3.0
045460051000,500.0,,506,1.0,4.0
045460052000,720.0,,528,1.0,4.0
045460053000,1160.0,,613,1.0,3.0
045470001000,0.0,,400,1.0,3.0
045470004000,,,0,1.0,3.0
045470005000,1000.0,,483,1.0,3.0
045470006000,0.0,,576,1.0,3.0
045470007000,500.0,,400,1.0,2.0
045470008000,,,650,1.0,5.0
045470009000,500.0,,672,1.0,3.0
045470010000,860.0,,484,1.0,4.0
045470011000,1080.0,,460,1.0,3.0
045470012000,1500.0,,640,1.0,3.0
045470013000,730.0,,460,1.0,3.0
045470014000,152.0,,441,1.0,3.0
045470015000,1000.0,,676,1.0,3.0
045470016000,0.0,,480,1.0,3.0
045470017000,1300.0,,528,1.0,
045470018000,800.0,,564,1.0,3.0
045470019000,1000.0,,552,1.0,3.0
045470020000,720.0,,528,1.0,4.0
045470021000,1120.0,,578,1.0,4.0
045470022000,750.0,,230,1.0,2.0
045470023000,500.0,,484,1.0,3.0
045470024000,500.0,,440,1.0,4.0
045470026000,,,528,1.0,3.0
045470027000,,,576,1.0,
045470029000,940.0,,576,1.0,2.0
045470030000,1000.0,,489,1.0,3.0
045480001000,1000.0,,483,1.0,3.0
045480003000,,,0,1.0,3.0
045480005000,,,528,1.0,3.0
045480006000,1060.0,,0,1.0,3.0
045480007000,,,680,1.0,3.0
045480008000,,,552,1.0,3.0
045480010000,,,0,1.0,3.0
045480011000,1000.0,,484,1.0,3.0
045480012000,,,0,1.0,3.0
045480013000,1400.0,,541,1.0,4.0
045480014000,,,0,1.0,3.0
045480015000,810.0,,652,1.0,3.0
045480016000,,,0,1.0,3.0
045480017000,,,624,1.0,3.0
045480019000,1276.0,,840,1.0,3.0
045480020000,1240.0,,609,1.0,3.0
045480021000,,,0,1.0,3.0
045480022000,500.0,,400,1.0,3.0
045480023000,1000.0,,200,1.0,3.0
045480024000,,,360,1.0,2.0
045480025000,1100.0,,597,1.0,3.0
045480026000,540.0,,484,1.0,3.0
045480027000,0.0,,531,1.0,3.0
045480028000,630.0,,493,1.0,4.0
045480030000,1020.0,,483,1.0,3.0
045480031000,780.0,,234,1.0,3.0
045480032000,,,658,1.0,3.0
045480035000,1049.0,,658,1.0,3.0
045480036000,0.0,,552,1.0,3.0
045480037000,1000.0,,664,1.0,3.0
045480038000,,,378,1.0,4.0
045480039000,,,1003,1.0,3.0
045480040000,,,650,1.0,4.0
045480041000,500.0,,540,1.0,3.0
045480042000,840.0,,494,1.0,4.0
045480044000,500.0,,720,1.0,3.0
045480045000,1700.0,,729,1.0,3.0
045480046000,800.0,,0,1.0,2.0
045480047000,0.0,,516,1.0,4.0
045480050000,480.0,,968,1.0,4.0
045490001000,900.0,,628,1.0,3.0
045490003000,,,484,1.0,3.0
045490004000,,,604,1.0,3.0
045490005000,1120.0,,672,1.0,4.0
045490010000,,,783,1.0,
045490012000,,,548,1.0,4.0
045490013000,,,482,1.0,3.0
045490017000,,,504,1.0,4.0
045490018000,0.0,,462,1.0,3.0
045490019000,800.0,,458,1.0,4.0
045490020000,0.0,,644,1.0,3.0
045490021000,1500.0,,560,1.0,3.0
045490022000,,,0,1.0,3.0
045490023000,540.0,,552,1.0,3.0
045490024000,500.0,,672,1.0,3.0
045490025000,,,572,1.0,2.0
045490026000,,411.0,672,2.0,
045490029000,300.0,,524,1.0,3.0
045490030000,575.0,,545,1.0,3.0
045490031000,,,594,1.0,3.0
045490032000,700.0,,264,1.0,3.0
045490033000,,,422,1.0,3.0
045490035000,300.0,,506,1.0,3.0
045490036000,1439.0,,658,1.0,3.0
045490037000,1020.0,,588,1.0,3.0
045490038000,1025.0,,420,1.0,3.0
045490039000,0.0,,520,1.0,4.0
045490040000,970.0,,440,1.0,3.0
045490041000,1000.0,,506,1.0,3.0
045490042000,,,780,1.0,
045500001000,660.0,,1001,1.0,3.0
045500002000,1050.0,,810,1.0,4.0
045500004000,1320.0,,720,1.0,3.0
045500005000,,,0,1.0,5.0
045500007000,860.0,,528,1.0,3.0
045500008000,620.0,,720,1.0,5.0
045500009000,800.0,,576,1.0,3.0
045500010000,,,576,1.0,4.0
045500011000,,,564,2.0,
045500012000,600.0,,528,1.0,4.0
045500013000,128.0,,832,1.0,4.0
045500014000,,,768,1.0,2.0
045500015000,,,619,1.0,3.0
045500016000,,,673,1.0,
045500017000,,,576,1.0,4.0
045500018000,975.0,,784,1.0,3.0
045500019000,320.0,,658,1.0,4.0
045500020000,900.0,,608,1.0,3.0
045500021000,525.0,,672,1.0,4.0
045500022000,842.0,,586,1.0,3.0
045500023000,0.0,,590,1.0,4.0
045500024000,,,644,1.0,4.0
045500025000,1200.0,,613,1.0,3.0
045500027000,1070.0,,400,1.0,4.0
045500028000,700.0,,400,1.0,4.0
045500029000,1030.0,,616,1.0,4.0
045500030000,300.0,,0,1.0,3.0
045500031000,,,549,1.0,3.0
045500033000,,,0,1.0,3.0
045500034000,740.0,,528,1.0,4.0
045510001000,,,0,1.0,3.0
045510002000,,,330,1.0,4.0
045510003000,,,884,1.0,
045510005000,,,736,1.0,
045510006000,,,672,1.0,
045510007000,,,675,1.0,3.0
045510008000,,,684,1.0,4.0
045510009000,1000.0,,600,1.0,3.0
045510010000,,,756,1.0,4.0
045510011000,2500.0,,598,1.0,3.0
045510012000,921.0,,484,1.0,4.0
045510013000,0.0,,545,1.0,3.0
045510014000,,,1002,1.0,4.0
045510015000,800.0,,1056,1.0,3.0
045510016000,800.0,,520,1.0,3.0
045510017000,,,742,1.0,3.0
045510018000,,,596,1.0,3.0
045510020000,5000.0,,400,1.0,3.0
045510021000,525.0,,484,1.0,2.0
045510022000,900.0,,734,1.0,4.0
045510023000,800.0,,616,1.0,3.0
045510024000,630.0,,528,1.0,3.0
045510027000,,,0,1.0,3.0
045510028000,1350.0,,612,1.0,3.0
045510029000,720.0,,624,1.0,4.0
045510031000,0.0,,572,1.0,4.0
045510032000,,,0,1.0,3.0
045510034000,,,717,1.0,4.0
045510035000,,,920,1.0,5.0
045520001000,,,530,1.0,5.0
045520002000,850.0,,520,1.0,3.0
045520003000,1350.0,,480,1.0,3.0
045520004000,,,552,1.0,3.0
045520005000,0.0,,840,1.0,3.0
045520006000,1000.0,,491,1.0,3.0
045520012000,,,624,1.0,4.0
045520013000,,,896,1.0,4.0
045520014000,,,517,1.0,3.0
045520015000,546.0,,506,1.0,4.0
045520018000,0.0,,706,1.0,3.0
045520019000,,,672,1.0,4.0
045520020000,1000.0,,1052,1.0,3.0
045520024000,1000.0,,554,1.0,3.0
045520025000,0.0,,516,1.0,3.0
045520027000,0.0,,866,1.0,3.0
045520029000,,,0,1.0,2.0
045520030000,,,624,1.0,3.0
045520031000,1170.0,,553,1.0,4.0
045530001000,500.0,,528,1.0,3.0
045530004000,320.0,,0,1.0,4.0
045530005000,930.0,,826,1.0,3.0
045530007000,,,360,1.0,3.0
045530008000,1580.0,,280,1.0,3.0
045530009000,,,672,1.0,3.0
045530010000,,,676,1.0,
045530011000,850.0,,240,1.0,3.0
045530012000,0.0,,583,1.0,3.0
045530013000,1320.0,,480,1.0,3.0
045530014000,,,638,1.0,5.0
045530016000,,,780,1.0,3.0
045530017000,500.0,,615,1.0,3.0
045530018000,600.0,,484,1.0,3.0
045530019000,1200.0,,336,1.0,3.0
045530020000,999.0,,901,1.0,3.0
045530022000,1800.0,,560,1.0,3.0
045530023000,,,720,1.0,4.0
045530024000,0.0,,575,1.0,3.0
045530025000,800.0,,672,1.0,3.0
045530026000,1030.0,,616,1.0,3.0
045530027000,1160.0,,630,1.0,2.0
045530028000,0.0,,1080,1.0,3.0
045530029000,600.0,,936,1.0,2.0
045530034000,,,567,1.0,4.0
045530035000,,,506,1.0,3.0
045530036000,500.0,,484,1.0,3.0
045530038000,850.0,,552,1.0,4.0
045530039000,,,0,1.0,3.0
045530040000,,,558,1.0,3.0
045530041000,960.0,,616,1.0,3.0
045530042000,,,480,1.0,3.0
045540001000,500.0,500.0,500,2.0,
045540003000,,,528,1.0,5.0
045540004000,,,480,1.0,3.0
045540005000,,,528,1.0,4.0
045540007000,0.0,,506,1.0,4.0
045540008000,500.0,,672,1.0,4.0
045540009000,1350.0,,528,1.0,3.0
045540011000,800.0,,576,1.0,4.0
045540012000,1100.0,,553,1.0,3.0
045540013000,,,0,1.0,2.0
045540014000,,,0,1.0,3.0
045540015000,1131.0,,576,1.0,4.0
045540017000,1300.0,,686,1.0,3.0
045540018000,,,576,1.0,3.0
045540020000,907.0,,623,1.0,3.0
045540022000,,,534,1.0,3.0
045540023000,1020.0,,616,1.0,3.0
045540024000,810.0,,576,1.0,4.0
045540025000,700.0,,784,1.0,3.0
045540026000,445.0,,483,1.0,4.0
045540027000,1485.0,,506,1.0,3.0
045540028000,750.0,,633,1.0,3.0
045540029000,,,488,1.0,3.0
045540030000,650.0,,452,1.0,3.0
045540031000,0.0,,400,1.0,3.0
045540032000,900.0,,528,1.0,3.0
045540033000,450.0,,345,1.0,3.0
045540034000,,,565,1.0,
045540035000,1170.0,,500,1.0,3.0
045540036000,1150.0,,576,1.0,3.0
045540037000,890.0,,578,1.0,3.0
045540039000,1200.0,,765,1.0,4.0
045540040000,,,740,1.0,3.0
045540041000,,,550,1.0,3.0
045540043000,,,0,1.0,3.0
045550002000,900.0,,616,1.0,3.0
045550004000,1000.0,,679,1.0,4.0
045550007000,1000.0,,1022,1.0,3.0
045550008000,1400.0,,637,1.0,3.0
045550009000,980.0,,528,1.0,3.0
045550010000,800.0,,635,1.0,3.0
045550011000,,,867,1.0,5.0
045550012000,,,528,1.0,3.0
045550013000,,,648,1.0,4.0
045550014000,,,0,1.0,3.0
045550022000,900.0,,528,1.0,5.0
045550023000,1316.0,,950,1.0,4.0
045550024000,,,814,1.0,6.0
045550025000,,,576,1.0,
045580001000,,,568,1.0,3.0
045580002000,2394.0,,628,1.0,4.0
045580003000,,,0,1.0,4.0
045580004000,1800.0,,564,1.0,3.0
045580005000,,,476,1.0,3.0
045580006000,,,0,1.0,
045580007000,,,832,2.0,
045580008000,,,528,1.0,
045580009000,500.0,,553,1.0,5.0
045580010000,600.0,,577,1.0,3.0
045580012000,1100.0,,484,1.0,4.0
045580013000,,,552,1.0,3.0
045580015000,,,528,1.0,3.0
045580018000,1000.0,,796,1.0,4.0
045580019000,0.0,,0,1.0,3.0
045580026000,,,594,1.0,3.0
045580028000,,,576,1.0,4.0
045580029000,500.0,,616,1.0,3.0
045580030000,,,630,1.0,3.0
045580031000,1500.0,,634,1.0,4.0
045580032000,700.0,,430,1.0,3.0
045580033000,1000.0,,496,1.0,4.0
045580034000,,,288,1.0,3.0
045580036000,,,576,1.0,3.0
045580037000,,,652,1.0,
045580041000,,,672,1.0,3.0
045580042000,0.0,,484,1.0,3.0
045580043000,0.0,,792,1.0,3.0
045580044000,500.0,,600,1.0,3.0
045580045000,0.0,,264,1.0,2.0
045580048000,80.0,,472,1.0,5.0
045580049000,0.0,,561,1.0,2.0
045590001000,960.0,,480,1.0,3.0
045590002000,960.0,,480,1.0,3.0
045590004000,1200.0,,720,1.0,3.0
045590005000,0.0,,355,1.0,3.0
045590006000,0.0,,480,1.0,4.0
045590009000,0.0,,506,1.0,3.0
045590010000,,,0,1.0,4.0
045590011000,,,546,1.0,
045590012000,700.0,,603,1.0,3.0
045590013000,780.0,,529,1.0,4.0
045590014000,700.0,,484,1.0,4.0
045590016000,500.0,,576,1.0,3.0
045590017000,,,593,1.0,
045590018000,500.0,,320,1.0,3.0
045590019000,780.0,,484,1.0,3.0
045590020000,600.0,,506,1.0,3.0
045590022000,500.0,,528,1.0,3.0
045590023000,630.0,,484,1.0,3.0
045590024000,0.0,,660,1.0,3.0
045590028000,,,528,1.0,3.0
045590029000,,,288,1.0,3.0
045590032000,,,576,1.0,
045590033000,700.0,,504,1.0,4.0
045590037000,,,678,1.0,3.0
045590038000,1500.0,,0,1.0,3.0
045590039000,1000.0,,452,1.0,3.0
045590040000,900.0,,0,1.0,3.0
045590041000,500.0,,516,1.0,3.0
045590042000,725.0,,288,1.0,3.0
045590043000,1150.0,,320,1.0,2.0
045590044000,,,399,1.0,3.0
045590045000,500.0,,644,1.0,3.0
045590046000,1000.0,,418,1.0,2.0
045590055000,1400.0,,545,1.0,3.0
045600001000,,,576,1.0,3.0
045600002000,,,0,1.0,
045600003000,800.0,,624,1.0,3.0
045600004000,,,480,1.0,4.0
045600005000,0.0,,576,1.0,3.0
045600006000,500.0,,624,1.0,2.0
045600007000,,,576,1.0,3.0
045600008000,820.0,,521,1.0,3.0
045600009000,,,256,1.0,3.0
045600011000,400.0,,516,1.0,3.0
045600012000,900.0,,400,1.0,3.0
045600013000,900.0,,560,1.0,3.0
045600014000,900.0,,459,1.0,3.0
045600015000,,,478,1.0,5.0
045600016000,,,520,1.0,3.0
045600018000,,,546,1.0,3.0
045600019000,,,768,1.0,4.0
045600020000,710.0,,565,1.0,3.0
045600022000,1200.0,,0,1.0,3.0
045600023000,0.0,,410,1.0,3.0
045600024000,1006.0,,543,1.0,3.0
045600026000,1000.0,,484,1.0,3.0
045600027000,600.0,,484,1.0,3.0
045600028000,,,772,1.0,3.0
045600029000,,,0,1.0,3.0
045600030000,1225.0,,585,1.0,3.0
045600032000,500.0,,462,1.0,3.0
045600033000,,,780,1.0,3.0
045600034000,,,588,1.0,3.0
045600035000,270.0,,676,1.0,3.0
045600036000,660.0,,624,1.0,3.0
045600037000,1560.0,,690,1.0,3.0
045600038000,0.0,,0,1.0,3.0
045600039000,700.0,,484,1.0,3.0
045600040000,1500.0,,456,1.0,3.0
045610001000,500.0,,528,1.0,3.0
045610002000,,,440,1.0,2.0
045610003000,1125.0,,400,1.0,3.0
045610004000,1080.0,,400,1.0,3.0
045610005000,1300.0,,500,1.0,3.0
045610006000,0.0,,440,1.0,3.0
045610007000,,,480,1.0,3.0
045610008000,0.0,,564,1.0,4.0
045610009000,800.0,,600,1.0,3.0
045610011000,800.0,,552,1.0,3.0
045610012000,500.0,,484,1.0,3.0
045610013000,,,0,1.0,
045610014000,810.0,,440,1.0,4.0
045610015000,1000.0,,560,1.0,3.0
045610016000,1000.0,,528,1.0,2.0
045610017000,960.0,,644,1.0,3.0
045610018000,500.0,,484,1.0,3.0
045610020000,500.0,,440,1.0,3.0
045610021000,800.0,,576,1.0,3.0
045610022000,825.0,,600,1.0,3.0
045610024000,1260.0,,528,1.0,5.0
045610025000,1260.0,,0,1.0,3.0
045610026000,2090.0,,616,1.0,3.0
045610027000,500.0,,400,1.0,3.0
045610028000,840.0,,576,1.0,3.0
045610029000,,,512,1.0,3.0
045610030000,500.0,,330,1.0,3.0
045610031000,900.0,,392,1.0,3.0
045610032000,750.0,,540,1.0,3.0
045610033000,1000.0,,768,1.0,3.0
045610034000,,,528,1.0,2.0
045610035000,2500.0,,621,1.0,3.0
045610036000,800.0,,556,1.0,3.0
045610037000,0.0,,440,1.0,3.0
045610038000,,,0,1.0,4.0
045610039000,1000.0,,506,1.0,4.0
045610041000,59.0,,528,1.0,3.0
045610042000,,,472,1.0,3.0
045610043000,1336.0,,624,1.0,3.0
045610044000,1200.0,,1107,1.0,3.0
045610045000,1300.0,,504,1.0,3.0
045610046000,,,528,1.0,3.0
045620001000,,,528,1.0,4.0
045620002000,,,717,1.0,3.0
045620003000,,,616,1.0,5.0
045620004000,500.0,,462,1.0,3.0
045620005000,750.0,,0,1.0,5.0
045620006000,600.0,,672,1.0,4.0
045620008000,,,608,1.0,3.0
045620009000,,,820,1.0,
045620010000,800.0,,583,1.0,3.0
045620011000,,,660,1.0,
045620012000,,,528,1.0,3.0
045620013000,500.0,,526,1.0,4.0
045620015000,400.0,,728,1.0,3.0
045620016000,,,796,1.0,5.0
045620017000,402.0,,655,1.0,
045620018000,,,400,1.0,5.0
045620019000,1150.0,,0,1.0,3.0
045620020000,800.0,,462,1.0,3.0
045620021000,720.0,,480,1.0,4.0
045620022000,1000.0,,1260,1.0,3.0
045620023000,1200.0,,494,1.0,3.0
045620024000,1350.0,,525,1.0,
045620025000,,,684,1.0,3.0
045620026000,,,0,1.0,3.0
045620027000,800.0,,528,1.0,4.0
045620028000,900.0,,598,1.0,4.0
045620030000,500.0,,400,1.0,3.0
045620031000,800.0,,0,1.0,3.0
045620032000,500.0,,528,1.0,3.0
045620033000,0.0,,353,1.0,3.0
045620034000,1000.0,,400,1.0,3.0
045620035000,,,0,1.0,3.0
045620036000,0.0,,552,1.0,4.0
045630001000,0.0,,745,1.0,3.0
045630002000,500.0,,484,1.0,3.0
045630003000,,,607,1.0,
045630004000,620.0,,0,1.0,2.0
045630005000,,,988,1.0,3.0
045630006000,1400.0,,603,1.0,4.0
045630007000,,,624,1.0,3.0
045630008000,,,440,1.0,3.0
045630010000,480.0,,528,1.0,3.0
045630011000,1000.0,,480,1.0,4.0
045630012000,780.0,,648,1.0,3.0
045630013000,,,540,1.0,3.0
045630014000,0.0,,453,1.0,3.0
045630015000,,,624,1.0,
045630016000,,,400,1.0,2.0
045630017000,0.0,,532,1.0,3.0
045630018000,0.0,,462,1.0,3.0
045630019000,780.0,,587,1.0,4.0
045630022000,520.0,,420,1.0,5.0
045630024000,,,400,1.0,3.0
045630026000,886.0,,484,1.0,3.0
045630027000,700.0,,529,1.0,4.0
045630028000,,,870,1.0,3.0
045630029000,,,528,1.0,3.0
045630030000,500.0,,390,1.0,3.0
045630031000,800.0,,552,1.0,4.0
045630032000,800.0,,0,1.0,2.0
045630033000,,,556,1.0,4.0
045630034000,,,473,1.0,
045630035000,1050.0,,644,1.0,3.0
045630036000,,,550,1.0,3.0
045630038000,241.0,,631,1.0,5.0
045630039000,1050.0,,492,1.0,3.0
045640001000,1100.0,,0,1.0,3.0
045640003000,,,600,1.0,4.0
045640005000,,,566,1.0,4.0
045640006000,,,505,1.0,3.0
045640008000,,,576,1.0,3.0
045640009000,1080.0,,540,1.0,4.0
045640010000,1000.0,,644,1.0,3.0
045640011000,0.0,,640,1.0,3.0
045640012000,740.0,,492,1.0,4.0
045640013000,1500.0,,728,1.0,4.0
045640014000,900.0,,483,1.0,3.0
045640015000,1360.0,,715,1.0,4.0
045640016000,1020.0,,854,1.0,3.0
045640017000,500.0,,400,1.0,3.0
045640018000,900.0,,484,1.0,3.0
045640019000,0.0,,644,1.0,3.0
045640020000,1020.0,,560,1.0,3.0
045640021000,500.0,,506,1.0,3.0
045640022000,,,308,1.0,3.0
045640023000,1100.0,,482,1.0,3.0
045640024000,,,0,1.0,3.0
045640026000,500.0,,484,1.0,3.0
045640027000,860.0,,480,1.0,3.0
045640028000,500.0,,400,1.0,3.0
045640029000,1100.0,,480,1.0,3.0
045640030000,1152.0,,528,1.0,3.0
045640032000,400.0,,528,1.0,3.0
045640033000,,,564,1.0,4.0
045640034000,0.0,,585,1.0,2.0
045650001000,450.0,,539,1.0,3.0
045650002000,852.0,,294,1.0,3.0
045650003000,500.0,,484,1.0,3.0
045650004000,500.0,,515,1.0,3.0
045650005000,,,672,1.0,3.0
045650006000,700.0,,569,1.0,3.0
045650007000,500.0,,698,1.0,3.0
045650008000,1000.0,,616,1.0,4.0
045650009000,800.0,,480,1.0,3.0
045650010000,,,672,1.0,4.0
045650011000,800.0,,400,1.0,4.0
045650012000,0.0,,276,1.0,4.0
045650013000,0.0,,548,1.0,3.0
045650014000,690.0,,484,1.0,3.0
045650015000,750.0,,357,1.0,3.0
045650017000,,,475,1.0,5.0
045650018000,800.0,,576,1.0,4.0
045650019000,600.0,,552,1.0,3.0
045650020000,,,728,1.0,3.0
045650021000,500.0,,564,1.0,3.0
045650023000,0.0,,540,1.0,3.0
045650024000,720.0,,938,1.0,5.0
045650025000,0.0,,609,1.0,3.0
045650026000,0.0,,480,1.0,3.0
045650027000,,,540,1.0,
045650028000,1080.0,,494,1.0,3.0
045660002000,0.0,,528,1.0,3.0
045660003000,760.0,,440,1.0,3.0
045660004000,,,0,1.0,3.0
045660005000,,,672,1.0,4.0
045660006000,720.0,,518,1.0,3.0
045660007000,720.0,,450,1.0,3.0
045660008000,500.0,,528,1.0,3.0
045660009000,,,0,1.0,3.0
045660010000,800.0,,698,1.0,3.0
045660011000,0.0,,506,1.0,3.0
045660012000,,,890,1.0,3.0
045660013000,500.0,,420,1.0,3.0
045660014000,,,0,1.0,3.0
045660015000,0.0,,528,1.0,3.0
045660016000,1330.0,,1020,1.0,5.0
045660017000,1000.0,,1051,1.0,4.0
045660019000,1000.0,,630,1.0,3.0
045670003000,740.0,,1059,1.0,3.0
045670004000,,,787,1.0,5.0
045670005000,400.0,,636,1.0,
045670008000,775.0,,552,1.0,3.0
045670009000,990.0,,586,1.0,4.0
045670010000,,,750,1.0,4.0
045670011000,300.0,,483,1.0,3.0
045670012000,1560.0,,1038,1.0,4.0
045670015000,1000.0,,440,1.0,3.0
045670016000,900.0,,400,1.0,3.0
045670017000,700.0,,616,1.0,3.0
045670018000,500.0,,721,1.0,3.0
045670019000,500.0,,483,1.0,3.0
045670020000,,,480,1.0,2.0
045670021000,,,228,1.0,3.0
045670022000,,,624,1.0,3.0
045670023000,,,460,1.0,3.0
045670024000,760.0,,528,1.0,3.0
045670025000,,,440,1.0,2.0
045670026000,0.0,,440,1.0,3.0
045670027000,1740.0,,672,1.0,3.0
045670028000,0.0,,528,1.0,3.0
045670030000,,,495,1.0,3.0
045670031000,0.0,,672,1.0,3.0
045680001000,,,624,1.0,
045680002000,0.0,,528,1.0,4.0
045680003000,0.0,,599,1.0,4.0
045680004000,1140.0,,840,1.0,3.0
045680005000,1000.0,,308,1.0,3.0
045680006000,840.0,,576,1.0,3.0
045680007000,750.0,,484,1.0,3.0
045680008000,0.0,,736,1.0,3.0
045680009000,950.0,,528,1.0,4.0
045680010000,0.0,,440,1.0,4.0
045680011000,,,696,1.0,3.0
045680012000,500.0,,528,1.0,3.0
045680014000,,,644,1.0,3.0
045680015000,800.0,,484,1.0,4.0
045680016000,917.0,,568,1.0,3.0
045680019000,600.0,,672,1.0,3.0
045680020000,,,562,1.0,3.0
045680021000,,,0,1.0,3.0
045680022000,300.0,,576,1.0,4.0
045680023000,1470.0,,576,1.0,3.0
045680024000,660.0,,480,1.0,3.0
045680025000,,,440,1.0,3.0
045680027000,0.0,,648,1.0,3.0
045680028000,850.0,,550,1.0,3.0
045680029000,,,480,1.0,4.0
045680030000,,,0,1.0,3.0
045680031000,650.0,,484,1.0,3.0
045690001000,,,1122,1.0,3.0
045690002000,0.0,,634,1.0,3.0
045690003000,,,728,1.0,3.0
045690004000,1100.0,,552,1.0,3.0
045690005000,,,1037,1.0,4.0
045690006000,860.0,,552,1.0,3.0
045690007000,,,536,1.0,3.0
045690008000,0.0,,672,1.0,3.0
045690010000,500.0,,0,1.0,3.0
045690012000,970.0,,528,1.0,3.0
045690013000,0.0,,672,1.0,4.0
045690014000,1000.0,564.0,528,2.0,2.0
045690015000,,,0,1.0,4.0
045690016000,,,536,1.0,3.0
045690017000,2025.0,,864,1.0,4.0
045690018000,650.0,,504,1.0,3.0
045690020000,1000.0,,676,1.0,3.0
045690021000,,,576,1.0,4.0
045700001000,2000.0,,702,1.0,3.0
045700004000,500.0,,440,1.0,3.0
045700005000,162.0,,1597,1.0,3.0
045700006000,,,908,1.0,3.0
045700007000,1000.0,,480,1.0,4.0
045700008000,268.0,,572,1.0,3.0
045700009000,0.0,,551,1.0,3.0
045700011000,0.0,,586,1.0,5.0
045700012000,500.0,,744,1.0,4.0
045700013000,1759.0,,1128,1.0,3.0
045700014000,0.0,,534,1.0,4.0
045700015000,1020.0,,676,1.0,4.0
045700016000,,,650,1.0,4.0
045700017000,,,483,1.0,4.0
045700018000,800.0,,672,1.0,3.0
045700019000,,,603,1.0,4.0
045700020000,,,703,1.0,4.0
045700022000,1000.0,,616,1.0,3.0
045700024000,1160.0,,560,1.0,5.0
045700025000,,,758,1.0,3.0
045700026000,0.0,,308,1.0,3.0
045700027000,963.0,,240,1.0,2.0
045700028000,600.0,,624,1.0,3.0
045700029000,1006.0,,528,1.0,3.0
045700030000,0.0,,581,1.0,3.0
045700031000,1200.0,,658,1.0,3.0
045700032000,,,675,1.0,3.0
045700033000,,,746,1.0,3.0
045700034000,950.0,,650,1.0,3.0
045700035000,1050.0,,662,1.0,3.0
045700038000,,,611,1.0,
045700039000,850.0,,528,1.0,3.0
045700040000,,,440,1.0,3.0
045700041000,,,400,1.0,4.0
045700042000,700.0,,600,1.0,3.0
045710001000,0.0,,528,1.0,3.0
045710002000,,,440,1.0,3.0
045710003000,600.0,,490,1.0,3.0
045710004000,,,659,1.0,
045710006000,1000.0,,976,1.0,3.0
045710007000,1140.0,,440,1.0,
045710008000,870.0,,714,1.0,3.0
045710009000,960.0,,624,1.0,2.0
045710010000,,,616,1.0,3.0
045710011000,,,0,1.0,3.0
045710012000,500.0,,576,1.0,3.0
045710013000,450.0,,308,1.0,3.0
045710014000,0.0,,0,1.0,3.0
045710015000,500.0,,480,1.0,3.0
045710016000,,,0,1.0,
045710017000,,,0,1.0,3.0
045710018000,,,0,1.0,3.0
045710019000,0.0,,465,1.0,4.0
045710020000,1000.0,,600,1.0,4.0
045710021000,,,427,1.0,3.0
045710022000,1090.0,,576,1.0,3.0
045710023000,1200.0,,597,1.0,3.0
045710024000,840.0,,768,1.0,3.0
045710025000,,,637,1.0,4.0
045710026000,1000.0,,520,1.0,3.0
045710027000,,,616,1.0,3.0
045710028000,,,0,1.0,
045710029000,960.0,,848,1.0,3.0
045710030000,,,252,1.0,3.0
045710031000,,,994,1.0,4.0
045710033000,900.0,,480,1.0,3.0
045710034000,,,484,1.0,3.0
045710035000,0.0,,624,1.0,3.0
045710036000,960.0,,612,1.0,
045710037000,1000.0,,528,1.0,3.0
045710038000,875.0,,528,1.0,3.0
045710040000,,,588,1.0,
045710041000,555.0,,460,1.0,3.0
045720001000,800.0,,338,1.0,4.0
045720002000,0.0,,662,1.0,4.0
045720003000,800.0,,484,1.0,3.0
045720004000,,,0,1.0,3.0
045720005000,1189.0,,528,1.0,3.0
045720006000,800.0,,672,1.0,3.0
045720007000,0.0,,528,1.0,3.0
045720009000,700.0,,528,1.0,3.0
045720010000,,,613,1.0,
045720011000,800.0,,504,1.0,3.0
045720012000,500.0,,484,1.0,3.0
045720013000,450.0,,0,1.0,3.0
045720014000,1600.0,,640,1.0,3.0
045720015000,0.0,,556,1.0,3.0
045720016000,1200.0,,528,1.0,3.0
045720017000,800.0,,484,1.0,3.0
045720018000,,,576,1.0,4.0
045720019000,1030.0,,458,1.0,3.0
045720020000,720.0,,400,1.0,3.0
045730001000,1080.0,,566,1.0,3.0
045730002000,300.0,,572,1.0,4.0
045730003000,875.0,,627,1.0,4.0
045730004000,720.0,,662,1.0,4.0
045730005000,700.0,,528,1.0,3.0
045730006000,,,490,1.0,3.0
045730009000,96.0,,601,1.0,4.0
045730012000,,,729,1.0,3.0
045730013000,1062.0,,864,1.0,3.0
045730014000,,,536,1.0,3.0
045730015000,,,504,1.0,3.0
045730016000,,,0,1.0,3.0
045730017000,1000.0,,654,1.0,3.0
045730018000,,,500,1.0,3.0
045730019000,,,676,1.0,3.0
045730020000,400.0,,624,1.0,3.0
045730021000,1200.0,,468,1.0,4.0
045730022000,0.0,,301,1.0,3.0
045730023000,355.0,,572,1.0,3.0
045730024000,355.0,,858,1.0,3.0
045730025000,1200.0,,484,1.0,2.0
045730026000,,,0,1.0,3.0
045730027000,,,400,1.0,3.0
045730028000,800.0,,480,1.0,3.0
045730029000,,,576,1.0,3.0
045730030000,,,490,1.0,3.0
045730031000,1000.0,,506,1.0,3.0
045730033000,,,528,1.0,3.0
045730034000,,,528,1.0,
045730035000,700.0,,628,1.0,3.0
045730036000,1100.0,,578,1.0,3.0
045730037000,800.0,,473,1.0,3.0
045730038000,1000.0,,462,1.0,3.0
045730039000,1027.0,,576,1.0,3.0
045730040000,1000.0,,728,1.0,3.0
045730041000,750.0,,484,1.0,3.0
045730042000,1000.0,,635,1.0,3.0
045730043000,1100.0,,420,1.0,3.0
045730044000,600.0,,591,1.0,4.0
045740001000,800.0,,1118,1.0,3.0
045740003000,1000.0,,400,1.0,
045740004000,,,557,1.0,
045740005000,0.0,,528,1.0,3.0
045740006000,,,484,1.0,3.0
045740007000,960.0,,741,1.0,4.0
045740009000,,,400,1.0,4.0
045740011000,,,616,1.0,4.0
045740012000,1200.0,,672,1.0,3.0
045740013000,1370.0,,572,1.0,3.0
045740014000,1000.0,,409,1.0,3.0
045740015000,1740.0,,375,1.0,3.0
045740017000,,,572,1.0,3.0
045740018000,,,308,1.0,3.0
045740019000,1370.0,,696,1.0,3.0
045740020000,,,0,1.0,3.0
045740021000,1000.0,,459,1.0,3.0
045740022000,720.0,,506,1.0,4.0
045740023000,500.0,,336,1.0,3.0
045740025000,750.0,,576,1.0,3.0
045740026000,,,884,1.0,3.0
045740027000,630.0,,588,1.0,3.0
045740028000,1050.0,,488,1.0,3.0
045740029000,1050.0,,390,1.0,4.0
045740030000,0.0,,576,1.0,3.0
045740031000,,,576,1.0,4.0
045740032000,1000.0,,556,1.0,3.0
045740033000,500.0,,506,1.0,3.0
045740034000,,,528,1.0,3.0
045740035000,,,0,1.0,4.0
045740036000,,,1056,1.0,3.0
045740037000,800.0,,234,1.0,3.0
045740038000,1000.0,,480,1.0,3.0
045750001000,,,0,1.0,4.0
045750002000,0.0,,400,1.0,4.0
045750003000,900.0,,484,1.0,3.0
045750004000,500.0,,524,1.0,4.0
045750005000,1200.0,,400,1.0,2.0
045750006000,,,483,1.0,3.0
045750007000,0.0,,480,1.0,3.0
045750008000,0.0,,440,1.0,3.0
045750009000,1400.0,,552,1.0,3.0
045750010000,,,0,1.0,3.0
045750011000,,,480,1.0,3.0
045750015000,800.0,,576,1.0,3.0
045750016000,500.0,,720,1.0,3.0
045750017000,,,576,1.0,3.0
045750018000,750.0,,560,1.0,6.0
045750019000,1000.0,,520,1.0,4.0
045750020000,1000.0,,610,1.0,4.0
045750022000,,,484,1.0,4.0
045750023000,780.0,,484,1.0,3.0
045750026000,,,552,1.0,3.0
045750027000,778.0,,576,1.0,3.0
045750028000,0.0,,552,1.0,3.0
045750030000,,,0,1.0,3.0
045750031000,450.0,,480,1.0,5.0
045750032000,,,576,1.0,4.0
045750033000,0.0,,552,1.0,3.0
045750034000,1000.0,,624,1.0,4.0
045750035000,1280.0,,840,1.0,4.0
045750036000,,,540,1.0,5.0
045760003000,0.0,,583,1.0,3.0
045760004000,500.0,,504,1.0,2.0
045760006000,,,494,1.0,3.0
045760007000,1300.0,,729,1.0,3.0
045760008000,,,675,1.0,3.0
045760010000,1280.0,,916,1.0,3.0
045760011000,700.0,,576,1.0,3.0
045760012000,1000.0,,870,1.0,4.0
045760013000,1080.0,,576,1.0,4.0
045760014000,1200.0,,504,1.0,5.0
045760015000,400.0,,528,1.0,3.0
045760016000,936.0,,528,1.0,4.0
045760017000,500.0,,440,1.0,3.0
045760018000,,,0,1.0,3.0
045760019000,,,756,1.0,3.0
045760020000,770.0,,713,1.0,3.0
045760021000,,,609,1.0,3.0
045760022000,,,552,1.0,3.0
045760023000,840.0,,907,1.0,3.0
045760024000,780.0,,528,1.0,4.0
045760025000,1400.0,,577,1.0,3.0
045760026000,1500.0,,625,1.0,4.0
045760027000,,,904,1.0,3.0
045760028000,,,0,1.0,3.0
045760029000,618.0,,639,1.0,3.0
045760030000,1000.0,,752,1.0,3.0
045760031000,1230.0,,820,1.0,3.0
045760032000,1450.0,,540,1.0,4.0
045770002000,,,264,1.0,2.0
045770003000,,,264,1.0,2.0
045770004000,20.0,,264,1.0,2.0
045770005000,,,264,1.0,3.0
045770006000,,,264,1.0,2.0
045770007000,,,264,1.0,2.0
045770008000,,,264,1.0,2.0
045770009000,,,264,1.0,2.0
045770010000,,,264,1.0,2.0
045770011000,,,264,1.0,2.0
045770012000,,,264,1.0,2.0
045770013000,,,264,1.0,2.0
045770014000,,,264,1.0,2.0
045770015000,,,264,1.0,2.0
045770016000,,,287,1.0,2.0
045770017000,,,350,1.0,2.0
045770018000,,,287,1.0,2.0
045770019000,,,350,1.0,2.0
045770020000,,,287,1.0,2.0
045770021000,,,287,1.0,2.0
045780001000,,,264,1.0,2.0
045780002000,,,264,1.0,
045780003000,,,264,1.0,2.0
045780004000,,,264,1.0,2.0
045780005000,,,264,1.0,2.0
045780006000,,,264,1.0,2.0
045780007000,,,264,1.0,2.0
045780008000,,,264,1.0,2.0
045780009000,,,264,1.0,2.0
045780010000,,,264,1.0,2.0
045780011000,,,264,1.0,2.0
045780012000,,,264,1.0,2.0
045780013000,,,264,1.0,2.0
045780014000,,,264,1.0,2.0
045780015000,,,350,1.0,2.0
045780016000,,,287,1.0,2.0
045780017000,,,350,1.0,2.0
045780018000,,,287,1.0,2.0
045780019000,,,350,1.0,3.0
045780020000,,,350,1.0,2.0
045790003000,,,523,1.0,3.0
045790004000,,,523,1.0,3.0
045790006000,,,276,1.0,2.0
045790007000,,,276,1.0,2.0
045790008000,,,276,1.0,2.0
045790009000,,,276,1.0,2.0
045790012000,,,249,1.0,2.0
045790013000,,,249,1.0,3.0
045790014000,,,249,1.0,2.0
045790015000,,,249,1.0,2.0
045790016000,,,249,1.0,2.0
045790018000,,,264,1.0,3.0
045790019000,,,264,1.0,3.0
045790020000,,,264,1.0,3.0
045790021000,,,264,1.0,2.0
045790023000,,,480,1.0,3.0
045790024000,,,480,1.0,3.0
045790025000,,,0,1.0,3.0
045790026000,,,0,1.0,3.0
045790032000,,,235,1.0,3.0
045790033000,,,235,1.0,3.0
045790034000,,,235,1.0,3.0
045790035000,,,235,1.0,3.0
046010001000,800.0,,756,1.0,3.0
046010002000,110.0,,672,1.0,3.0
046010003000,1000.0,,543,1.0,3.0
046010004000,300.0,,484,1.0,3.0
046010005000,860.0,,556,1.0,3.0
046010006000,1000.0,,627,1.0,3.0
046010007000,1000.0,,576,1.0,3.0
046010008000,0.0,,552,1.0,3.0
046010009000,,,420,1.0,3.0
046010010000,1088.0,,576,1.0,3.0
046010012000,0.0,,700,1.0,4.0
046010013000,990.0,,624,1.0,3.0
046010016000,,,275,1.0,2.0
046010017000,0.0,,519,1.0,3.0
046010020000,0.0,,603,1.0,3.0
046010021000,1000.0,,460,1.0,4.0
046010022000,1600.0,,574,1.0,3.0
046010023000,,,611,1.0,5.0
046010024000,600.0,,624,1.0,3.0
046010026000,1178.0,,462,1.0,4.0
046020001000,725.0,,560,1.0,3.0
046020002000,1150.0,,495,1.0,4.0
046020003000,800.0,,644,1.0,3.0
046020004000,1200.0,,528,1.0,3.0
046020005000,,,520,1.0,3.0
046020006000,1070.0,,576,1.0,3.0
046020007000,,,0,1.0,3.0
046020008000,,,528,1.0,3.0
046020009000,1000.0,,528,1.0,3.0
046020014000,0.0,,896,1.0,3.0
046020015000,550.0,,0,1.0,3.0
046020016000,0.0,,602,1.0,3.0
046020017000,0.0,,581,1.0,3.0
046020018000,,,575,1.0,3.0
046020019000,,,564,1.0,4.0
046020020000,960.0,,630,1.0,3.0
046020021000,1620.0,,490,1.0,3.0
046020022000,,,0,1.0,3.0
046020023000,0.0,,528,1.0,3.0
046020024000,960.0,,742,1.0,5.0
046020025000,,,480,1.0,2.0
046020026000,1000.0,,515,1.0,3.0
046020027000,,,0,1.0,3.0
046020028000,20.0,,550,1.0,
046020030000,800.0,,528,1.0,3.0
046020032000,750.0,,400,1.0,3.0
046020033000,594.0,,528,1.0,4.0
046030003000,,,661,1.0,3.0
046030004000,750.0,,0,1.0,2.0
046030005000,810.0,,672,1.0,4.0
046030007000,950.0,,616,1.0,3.0
046030008000,800.0,,768,1.0,3.0
046030009000,,,517,1.0,4.0
046030010000,,,672,1.0,2.0
046030011000,,,850,1.0,3.0
046030012000,900.0,,526,1.0,3.0
046030014000,425.0,,528,1.0,3.0
046030015000,,,576,1.0,4.0
046030016000,,,502,1.0,2.0
046030017000,168.0,,875,1.0,3.0
046030018000,1080.0,,480,1.0,3.0
046030019000,,,462,1.0,3.0
046030020000,,,576,1.0,3.0
046030021000,1380.0,,552,1.0,3.0
046030022000,,,504,1.0,4.0
046030023000,,,984,1.0,3.0
046030024000,0.0,,0,1.0,3.0
046030025000,1500.0,,392,1.0,3.0
046030026000,360.0,,482,1.0,3.0
046030027000,840.0,,0,1.0,3.0
046030029000,700.0,,520,1.0,4.0
046030030000,1000.0,,864,1.0,3.0
046030031000,1350.0,,564,1.0,3.0
046030032000,,,0,1.0,2.0
046030033000,,,484,1.0,3.0
046030034000,889.0,,566,1.0,3.0
046030036000,1050.0,,630,1.0,4.0
046030037000,,,616,1.0,3.0
046030038000,900.0,,518,1.0,3.0
046030039000,1000.0,,533,1.0,4.0
046030040000,0.0,,582,1.0,4.0
046030041000,500.0,,0,1.0,2.0
046030042000,1350.0,,874,1.0,3.0
046030043000,800.0,,616,1.0,3.0
046030044000,500.0,,500,1.0,3.0
046040003000,,,0,1.0,3.0
046040004000,291.0,502.0,680,2.0,
046040005000,720.0,,567,1.0,3.0
046040006000,,,784,1.0,4.0
046040007000,,,420,1.0,3.0
046040008000,860.0,,352,1.0,3.0
046040009000,0.0,,528,1.0,4.0
046040010000,900.0,,688,1.0,3.0
046040011000,,,632,1.0,3.0
046040012000,970.0,,581,1.0,3.0
046040013000,1000.0,,740,1.0,3.0
046040014000,0.0,,564,1.0,4.0
046040015000,2000.0,,504,1.0,3.0
046040016000,1000.0,,576,1.0,3.0
046040017000,1440.0,,510,1.0,3.0
046040018000,,,490,1.0,3.0
046040019000,,,0,1.0,3.0
046040020000,,,699,1.0,
046040021000,0.0,,638,1.0,3.0
046040022000,,,708,1.0,4.0
046040023000,960.0,,578,1.0,4.0
046040024000,1650.0,,480,1.0,2.0
046040025000,900.0,,490,1.0,3.0
046040026000,,,528,1.0,2.0
046040027000,,,480,1.0,3.0
046040029000,500.0,,966,1.0,3.0
046040031000,500.0,,776,1.0,4.0
046040035000,,,890,1.0,3.0
046050003000,825.0,,506,1.0,3.0
046050005000,770.0,,400,1.0,3.0
046050006000,,,576,1.0,
046050007000,500.0,,400,1.0,3.0
046050008000,1200.0,,400,1.0,3.0
046050009000,632.0,,644,1.0,3.0
046050010000,800.0,,499,1.0,3.0
046050011000,900.0,,531,1.0,3.0
046050012000,975.0,,0,1.0,3.0
046050013000,1020.0,,616,1.0,3.0
046050014000,880.0,,0,1.0,3.0
046050015000,1500.0,,400,1.0,3.0
046050016000,500.0,,492,1.0,3.0
046050017000,,,0,1.0,4.0
046050018000,600.0,,480,1.0,3.0
046050019000,,,0,1.0,2.0
046050020000,0.0,,576,1.0,3.0
046050021000,1100.0,,658,1.0,3.0
046050022000,,,0,1.0,3.0
046050023000,950.0,,528,1.0,3.0
046050024000,0.0,,528,1.0,3.0
046050025000,0.0,,528,1.0,3.0
046050026000,790.0,,480,1.0,4.0
046050027000,0.0,,689,1.0,3.0
046050028000,500.0,,0,1.0,5.0
046050029000,600.0,,441,1.0,3.0
046060002000,,,0,1.0,3.0
046060003000,0.0,,352,1.0,2.0
046060004000,1500.0,,550,1.0,2.0
046060005000,1080.0,,756,1.0,3.0
046060006000,,,528,1.0,3.0
046060007000,,,455,1.0,2.0
046060008000,800.0,,517,1.0,3.0
046060009000,570.0,,0,1.0,3.0
046060010000,760.0,,528,1.0,3.0
046060011000,814.0,,0,1.0,3.0
046060012000,836.0,,709,1.0,3.0
046060013000,,,440,1.0,3.0
046060014000,2061.0,,784,1.0,3.0
046060015000,0.0,,576,1.0,3.0
046060016000,800.0,,400,1.0,3.0
046060017000,690.0,,616,1.0,4.0
046060018000,600.0,,480,1.0,3.0
046060019000,,,576,1.0,3.0
046060020000,900.0,,576,1.0,3.0
046060021000,,,288,1.0,3.0
046060022000,0.0,,504,1.0,3.0
046060023000,1300.0,,528,1.0,3.0
046060024000,594.0,,264,1.0,3.0
046060026000,1620.0,,576,1.0,4.0
046060027000,,,602,1.0,4.0
046060028000,932.0,,441,1.0,4.0
046060029000,1080.0,,700,1.0,3.0
046060030000,1220.0,,675,1.0,3.0
046060031000,1740.0,,572,1.0,4.0
046060032000,,,528,1.0,2.0
046060033000,1200.0,,570,1.0,3.0
046060034000,740.0,,0,1.0,3.0
046060035000,,,973,1.0,4.0
046060036000,1000.0,,483,1.0,3.0
046060037000,1781.0,,764,1.0,4.0
046060039000,1755.0,,812,1.0,3.0
046060040000,,,584,1.0,4.0
046070001000,1000.0,,228,1.0,3.0
046070003000,0.0,,616,1.0,3.0
046070004000,,,672,1.0,3.0
046070005000,,,308,1.0,3.0
046070006000,1000.0,,594,1.0,3.0
046070007000,,,630,1.0,3.0
046070009000,500.0,,528,1.0,3.0
046070010000,,,528,1.0,4.0
046070011000,,,548,1.0,4.0
046070013000,108.0,,528,1.0,3.0
046070014000,,,400,1.0,
046070016000,480.0,,576,1.0,3.0
046070017000,,,672,1.0,3.0
046070018000,,,627,1.0,3.0
046070019000,1380.0,,480,1.0,3.0
046070020000,800.0,,484,1.0,3.0
046070021000,500.0,,471,1.0,3.0
046070022000,770.0,,480,1.0,3.0
046070023000,,,400,1.0,5.0
046070024000,,,576,1.0,3.0
046070025000,850.0,,528,1.0,3.0
046070026000,1000.0,,786,1.0,4.0
046070027000,1140.0,,733,1.0,4.0
046080002000,1012.0,,0,1.0,3.0
046080003000,,,600,1.0,3.0
046080005000,1080.0,,280,1.0,3.0
046080006000,816.0,,0,1.0,3.0
046080007000,1500.0,,1161,1.0,3.0
046080008000,,,528,1.0,3.0
046080010000,0.0,,0,1.0,3.0
046080012000,860.0,,720,1.0,4.0
046080013000,0.0,,676,1.0,4.0
046080014000,1000.0,,528,1.0,3.0
046080015000,800.0,,528,1.0,3.0
046080016000,1000.0,,528,1.0,3.0
046080017000,1200.0,,550,1.0,3.0
046080023000,0.0,,1500,1.0,2.0
046090007000,0.0,,911,1.0,5.0
046090008000,1250.0,,624,1.0,3.0
046090009000,900.0,,0,1.0,2.0
046090010000,1500.0,,884,1.0,4.0
046090011000,889.0,,578,1.0,3.0
046090012000,,,0,1.0,3.0
046090013000,,,599,1.0,4.0
046090014000,1000.0,,480,1.0,3.0
046090015000,0.0,,563,1.0,5.0
046090016000,1800.0,,840,1.0,3.0
046090017000,,,1120,1.0,3.0
046090019000,,,900,1.0,
046090020000,0.0,,600,1.0,2.0
046090021000,425.0,,0,1.0,3.0
046090022000,,,528,1.0,3.0
046090023000,750.0,,504,1.0,3.0
046090024000,500.0,,576,1.0,3.0
046090025000,100.0,,0,1.0,3.0
046090027000,,,663,1.0,4.0
046090029000,,,515,1.0,4.0
046090030000,1050.0,,480,1.0,3.0
046090031000,1080.0,,650,1.0,3.0
046090032000,500.0,,441,1.0,4.0
046090034000,,,714,1.0,3.0
046090035000,1275.0,,695,1.0,3.0
046090036000,1140.0,,604,1.0,3.0
046090038000,,,576,1.0,4.0
046090039000,,,576,1.0,3.0
046090040000,,,0,1.0,2.0
046090041000,1500.0,,585,1.0,4.0
046090042000,,,768,1.0,
046090043000,0.0,,728,1.0,3.0
046090044000,1000.0,,440,1.0,3.0
046090045000,1000.0,,440,1.0,3.0
046090046000,800.0,,660,1.0,3.0
046100004000,,,506,1.0,4.0
046100008000,500.0,,0,1.0,3.0
046100009000,,,665,1.0,3.0
046100010000,1000.0,,582,1.0,3.0
046100011000,900.0,,576,1.0,4.0
046100012000,1000.0,,528,1.0,3.0
046100013000,0.0,,240,1.0,3.0
046100014000,1100.0,,452,1.0,4.0
046100015000,500.0,,393,1.0,4.0
046100016000,720.0,,495,1.0,4.0
046100017000,,,0,1.0,3.0
046100018000,,,576,1.0,
046100019000,,,0,1.0,3.0
046100020000,450.0,,495,1.0,4.0
046100021000,1225.0,,543,1.0,3.0
046100022000,,,0,1.0,3.0
046100023000,594.0,,616,1.0,
046100024000,1500.0,,672,1.0,3.0
046100025000,,,484,1.0,3.0
046100026000,1100.0,,0,1.0,3.0
046100027000,0.0,,0,1.0,3.0
046120002000,0.0,,851,1.0,5.0
046120003000,,,548,1.0,5.0
046120005000,,,0,1.0,4.0
046120011000,960.0,,528,1.0,5.0
046120012000,0.0,,0,1.0,2.0
046120013000,0.0,,568,1.0,4.0
046120014000,,,728,1.0,3.0
046130001000,,,615,1.0,4.0
046130002000,,,783,1.0,3.0
046130003000,,,0,1.0,2.0
046130004000,,,513,1.0,
046130006000,500.0,,588,1.0,3.0
046130007000,1550.0,,556,1.0,5.0
046140001000,,,662,1.0,5.0
046140002000,2070.0,,650,1.0,4.0
046140003000,,,441,1.0,3.0
046140007000,0.0,,360,1.0,2.0
046140008000,,,610,1.0,
046150010000,1000.0,,576,1.0,4.0
046150011000,,,528,1.0,4.0
046150012000,,,587,1.0,5.0
046150014000,1100.0,,516,1.0,2.0
046150015000,,,0,1.0,3.0
046150016000,600.0,,508,1.0,3.0
046150018000,,,576,1.0,4.0
046150020000,,,1080,1.0,5.0
046150021000,1100.0,,713,1.0,4.0
046150022000,1800.0,,506,1.0,3.0
046150023000,0.0,,528,1.0,4.0
046150024000,,,688,1.0,4.0
046160002000,,,1040,1.0,
046160003000,,,598,1.0,3.0
046160004000,1000.0,,720,1.0,2.0
046160009000,,,793,1.0,
046160010000,500.0,,600,1.0,3.0
046160014000,650.0,,517,1.0,3.0
046160016000,500.0,,480,1.0,4.0
046160017000,408.0,,624,1.0,
046160018000,,,551,1.0,4.0
046160020000,,,576,1.0,4.0
046160021000,,,676,1.0,5.0
046160022000,0.0,,552,1.0,3.0
046160023000,,,645,1.0,4.0
046160024000,,,511,1.0,5.0
046160025000,500.0,,748,1.0,3.0
046170003000,1830.0,,528,1.0,3.0
046170005000,,,0,1.0,2.0
046170007000,,,562,1.0,
046170009000,,,952,1.0,8.0
046170010000,,,0,1.0,2.0
046170015000,,,584,1.0,3.0
046170016000,,,564,1.0,3.0
046170017000,1310.0,,529,1.0,1.0
046180002000,,,802,1.0,3.0
046180003000,0.0,,850,1.0,4.0
046180004000,0.0,,660,1.0,4.0
046180005000,1000.0,,896,1.0,4.0
046180006000,500.0,,508,1.0,4.0
046180007000,,,572,1.0,5.0
046180008000,,,698,1.0,4.0
046180010000,0.0,,586,1.0,3.0
046180011000,1030.0,,585,1.0,2.0
046180023000,2443.0,,1291,1.0,3.0
046180025000,,,425,1.0,3.0
046190012000,500.0,,460,1.0,1.0
046200004000,,,631,1.0,1.0
046210001000,0.0,,629,1.0,4.0
046210003000,,,924,1.0,4.0
046210004000,,,755,1.0,
046210006000,1000.0,,504,1.0,3.0
046210008000,,,852,1.0,4.0
046210009000,500.0,,552,1.0,4.0
046210010000,1400.0,,605,1.0,4.0
046210011000,,,610,1.0,3.0
046210012000,,,650,1.0,
046210013000,500.0,,564,1.0,3.0
046210014000,570.0,,473,1.0,4.0
046220011000,710.0,,560,1.0,4.0
046220021000,500.0,,624,1.0,3.0
046220022000,1240.0,,525,1.0,4.0
046220023000,,,621,1.0,3.0
046220024000,,,515,1.0,3.0
046220033000,,,264,1.0,2.0
046220034000,,,264,1.0,2.0
046220035000,,,264,1.0,2.0
046220036000,,,264,1.0,2.0
046220038000,,,264,1.0,2.0
046220039000,,,264,1.0,2.0
046220040000,,,264,1.0,2.0
046220041000,,,264,1.0,2.0
046220043000,,,264,1.0,2.0
046220044000,,,264,1.0,2.0
046220045000,,,264,1.0,2.0
046220046000,,,264,1.0,2.0
046220048000,,,462,1.0,3.0
046220050000,,,462,1.0,3.0
046220051000,,,462,1.0,3.0
046230001000,,,630,1.0,
046230009000,500.0,,538,1.0,3.0
046230010000,,,0,1.0,3.0
046230011000,600.0,,440,1.0,4.0
046230012000,450.0,,0,1.0,3.0
046230014000,0.0,,220,1.0,2.0
046230015000,,,240,1.0,3.0
046230016000,,,0,1.0,2.0
046230017000,,,220,1.0,2.0
046230019000,372.0,,672,1.0,3.0
046230020000,,,672,1.0,3.0
046230021000,,,1152,1.0,3.0
046230022000,176.0,,480,1.0,3.0
046230023000,176.0,,480,1.0,3.0
046230024000,0.0,,480,1.0,3.0
046230025000,176.0,,480,1.0,3.0
046230028000,,,336,1.0,2.0
046230029000,,,336,1.0,2.0
046230030000,,,470,1.0,2.0
046230031000,,,470,1.0,2.0
046230032000,500.0,,938,1.0,5.0
046230033000,,,599,1.0,3.0
046230034000,,,528,1.0,4.0
046230035000,0.0,,528,1.0,3.0
046230036000,,,576,1.0,3.0
046230037000,,,582,1.0,3.0
046230038000,975.0,,563,1.0,3.0
046230039000,720.0,,605,1.0,4.0
046230040000,,,1016,1.0,4.0
046230041000,960.0,,567,1.0,4.0
046240001000,1550.0,,672,1.0,4.0
046240003000,,,366,1.0,4.0
046240005000,1000.0,,552,1.0,4.0
046240007000,,,0,1.0,2.0
046240011000,,,697,1.0,
046240012000,1350.0,,894,1.0,4.0
046240014000,,,784,1.0,4.0
046240015000,,,240,1.0,3.0
046240016000,,,555,1.0,3.0
046240018000,0.0,,576,1.0,3.0
046270001000,1000.0,,540,1.0,3.0
046270013000,900.0,,480,1.0,3.0
046270014000,1100.0,,528,1.0,2.0
046270016000,1100.0,,672,1.0,3.0
046270017000,924.0,,616,1.0,3.0
046270018000,180.0,,441,1.0,3.0
046270019000,180.0,,441,1.0,3.0
046270020000,280.0,,440,1.0,3.0
046270023000,,,441,1.0,3.0
046270024000,300.0,,441,1.0,3.0
046270027000,,,220,1.0,2.0
046270028000,,,220,1.0,2.0
046270029000,,,220,1.0,2.0
046270030000,,,220,1.0,2.0
046270033000,,,462,1.0,
046270034000,,,462,1.0,
046270035000,,,462,1.0,
046270036000,,,462,1.0,2.0
046270037000,,,529,1.0,
046270039000,,,308,1.0,3.0
046270040000,,,308,1.0,3.0
046270041000,,,308,1.0,3.0
046270042000,,,308,1.0,3.0
046270044000,,,480,1.0,3.0
046270045000,,,300,1.0,3.0
046270046000,,,300,1.0,3.0
046270047000,,,480,1.0,3.0
046270049000,,,288,1.0,1.0
046270050000,,,288,1.0,
046270051000,,,312,1.0,
046270053000,,,447,1.0,3.0
046270054000,,,447,1.0,3.0
046270055000,,,447,1.0,3.0
046270056000,,,447,1.0,3.0
046270058000,0.0,,462,1.0,3.0
046270059000,218.0,,462,1.0,3.0
046270060000,,,541,1.0,3.0
046270061000,,,492,1.0,3.0
046270062000,,,492,1.0,3.0
046280002000,500.0,,694,1.0,3.0
046280003000,0.0,,400,1.0,3.0
046280005000,1000.0,,680,1.0,3.0
046280006000,152.0,,576,1.0,4.0
046280007000,800.0,,661,1.0,5.0
046280008000,0.0,,540,1.0,3.0
046280009000,1020.0,,480,1.0,3.0
046280010000,,,534,1.0,3.0
046280011000,1450.0,624.0,664,2.0,4.0
046280012000,850.0,,480,1.0,3.0
046280013000,900.0,,663,1.0,3.0
046280014000,1220.0,,576,1.0,3.0
046280015000,0.0,,428,1.0,4.0
046280016000,0.0,,540,1.0,4.0
046280017000,,,308,1.0,3.0
046280018000,950.0,,336,1.0,3.0
046280019000,,,521,1.0,3.0
046280020000,,,606,1.0,3.0
046280022000,,,439,1.0,3.0
046280023000,,,979,1.0,
046280024000,,,480,1.0,3.0
046280025000,,,810,1.0,3.0
046280026000,656.0,768.0,1030,2.0,
046280027000,500.0,,506,1.0,5.0
046280028000,,,798,1.0,3.0
046280029000,970.0,,700,1.0,3.0
046280031000,500.0,,487,1.0,3.0
046290001000,,,529,1.0,3.0
046290004000,,,624,1.0,3.0
046290005000,560.0,,554,1.0,4.0
046290006000,900.0,,576,1.0,3.0
046290007000,1240.0,,655,1.0,4.0
046290008000,,,616,1.0,3.0
046290009000,,,780,1.0,2.0
046290010000,1500.0,,780,1.0,3.0
046290011000,850.0,,484,1.0,3.0
046290012000,,,400,1.0,4.0
046290013000,,,672,1.0,4.0
046290014000,,,644,1.0,3.0
046290015000,950.0,,552,1.0,3.0
046290016000,,,788,1.0,3.0
046290017000,,,0,1.0,2.0
046290018000,0.0,,672,1.0,3.0
046290019000,,,624,1.0,3.0
046290020000,,,1010,1.0,
046290021000,,,552,1.0,2.0
046290022000,600.0,,484,1.0,3.0
046290024000,1600.0,,514,1.0,3.0
046290025000,600.0,,0,1.0,2.0
046290026000,,,1120,1.0,2.0
046290027000,,,484,1.0,2.0
046290028000,800.0,,484,1.0,3.0
046300001000,0.0,,579,1.0,4.0
046300002000,300.0,,612,1.0,3.0
046300004000,1240.0,,576,1.0,4.0
046300005000,500.0,,672,1.0,3.0
046300006000,500.0,,0,1.0,4.0
046300008000,1000.0,,264,1.0,3.0
046300009000,700.0,,676,1.0,4.0
046300010000,436.0,,484,1.0,3.0
046300011000,840.0,,644,1.0,3.0
046300012000,900.0,,658,1.0,3.0
046300013000,840.0,,480,1.0,3.0
046300014000,0.0,,768,1.0,4.0
046300015000,1400.0,,528,1.0,3.0
046300016000,500.0,,399,1.0,3.0
046300017000,0.0,,480,1.0,3.0
046300018000,800.0,,480,1.0,2.0
046300019000,,,616,1.0,2.0
046300020000,0.0,,504,1.0,3.0
046300021000,,,551,1.0,
046300022000,1300.0,,484,1.0,3.0
046300023000,590.0,,484,1.0,3.0
046300024000,,,682,1.0,3.0
046300025000,1080.0,,660,1.0,5.0
046310001000,500.0,,650,1.0,3.0
046310003000,,,0,1.0,3.0
046310004000,1000.0,,506,1.0,3.0
046310005000,0.0,,700,1.0,4.0
046310006000,0.0,,496,1.0,3.0
046310015000,500.0,,576,1.0,3.0
046310016000,630.0,,504,1.0,4.0
046310025000,,,0,1.0,2.0
046310026000,,,484,1.0,2.0
046310027000,,,484,1.0,2.0
046310028000,500.0,,480,1.0,3.0
046310029000,1400.0,,532,1.0,3.0
046310030000,,,676,1.0,
046310031000,,,576,1.0,4.0
046310033000,1175.0,,468,1.0,3.0
046310035000,980.0,,576,1.0,3.0
046310036000,0.0,,576,1.0,4.0
046320001000,1000.0,,768,1.0,3.0
046320002000,1700.0,,768,1.0,3.0
046320004000,1520.0,,616,1.0,3.0
046320005000,1350.0,,720,1.0,3.0
046320006000,0.0,,540,1.0,3.0
046320007000,,,560,1.0,3.0
046320008000,,,572,1.0,4.0
046320010000,,,748,1.0,
046320011000,,,481,1.0,4.0
046320012000,0.0,,486,1.0,3.0
046320013000,,,528,1.0,4.0
046320015000,,,738,1.0,4.0
046320016000,1680.0,,462,1.0,4.0
046320017000,,,489,1.0,4.0
046320018000,,,0,1.0,2.0
046320019000,762.0,,556,1.0,3.0
046320020000,550.0,,440,1.0,2.0
046320021000,912.0,,504,1.0,3.0
046320024000,,,660,1.0,3.0
046320025000,1000.0,,672,1.0,3.0
046320026000,1150.0,,484,1.0,3.0
046320027000,0.0,,492,1.0,3.0
046320028000,,,700,1.0,3.0
046320029000,2100.0,,700,1.0,3.0
046320030000,800.0,,1176,1.0,3.0
046320031000,1000.0,,480,1.0,2.0
046320032000,,,396,1.0,2.0
046320033000,,,520,1.0,3.0
046320034000,,,624,1.0,3.0
046320035000,800.0,,814,1.0,3.0
046320036000,,,484,1.0,3.0
046320037000,400.0,,308,1.0,2.0
046320038000,,,576,1.0,3.0
046320039000,900.0,,384,1.0,2.0
046330001000,1000.0,,480,1.0,4.0
046330002000,,,663,1.0,3.0
046330004000,0.0,,563,1.0,4.0
046330006000,700.0,,576,1.0,3.0
046330007000,700.0,,660,1.0,3.0
046330008000,780.0,,468,1.0,4.0
046330009000,,,468,1.0,4.0
046330010000,,,551,1.0,3.0
046330011000,,,1118,1.0,4.0
046330012000,500.0,,721,1.0,3.0
046330014000,500.0,,672,1.0,4.0
046330015000,955.0,,616,1.0,3.0
046330016000,0.0,,572,1.0,3.0
046330017000,300.0,,0,1.0,3.0
046330018000,500.0,,480,1.0,3.0
046330019000,300.0,,484,1.0,3.0
046330021000,,,867,1.0,5.0
046330022000,,,977,1.0,4.0
046330023000,1000.0,,528,1.0,3.0
046330026000,,,864,1.0,4.0
046330027000,0.0,,515,1.0,4.0
046330028000,1000.0,,526,1.0,3.0
046330029000,1520.0,,862,1.0,3.0
046330030000,,,1037,1.0,4.0
046330031000,,,846,1.0,3.0
046330034000,,,621,1.0,3.0
046330035000,632.0,,628,1.0,3.0
046330036000,0.0,,582,1.0,3.0
046330037000,,,714,1.0,4.0
046340001000,0.0,,633,1.0,3.0
046340002000,900.0,,676,1.0,3.0
046340003000,,,576,1.0,3.0
046340004000,,,720,1.0,
046340005000,,,480,1.0,3.0
046340006000,,,588,1.0,3.0
046340008000,750.0,,0,1.0,2.0
046340009000,,,0,1.0,2.0
046340010000,0.0,,868,1.0,3.0
046340011000,,,702,1.0,3.0
046340012000,0.0,,484,1.0,2.0
046340013000,0.0,,420,1.0,3.0
046340014000,2430.0,,530,1.0,4.0
046340015000,,,762,1.0,3.0
046340016000,,,608,1.0,
046340017000,,,572,1.0,3.0
046340019000,,,0,1.0,4.0
046340021000,0.0,,672,1.0,3.0
046340022000,1000.0,,690,1.0,3.0
046340023000,1900.0,,759,1.0,3.0
046340024000,,,0,1.0,3.0
046340025000,,,683,1.0,4.0
046340026000,1000.0,,672,1.0,2.0
046340027000,0.0,,648,1.0,3.0
046340028000,0.0,,888,1.0,3.0
046340029000,1240.0,,594,1.0,3.0
046340030000,800.0,,573,1.0,4.0
046340031000,,,488,1.0,3.0
046340033000,840.0,,576,1.0,2.0
046340034000,500.0,,528,1.0,4.0
046340035000,900.0,,528,1.0,3.0
046340036000,0.0,,928,1.0,4.0
046340037000,1780.0,,728,1.0,4.0
046340038000,,,960,1.0,2.0
046340039000,,,1044,1.0,4.0
046340040000,2650.0,,800,1.0,5.0
046340041000,2000.0,,840,1.0,3.0
046340042000,,,528,1.0,4.0
046340044000,,,972,1.0,4.0
046340045000,818.0,,798,1.0,3.0
046340046000,995.0,,596,1.0,4.0
046340047000,,,471,1.0,4.0
046340048000,900.0,,528,1.0,4.0
046350001000,1050.0,,504,1.0,4.0
046350002000,1000.0,,924,1.0,3.0
046350003000,1180.0,,614,1.0,4.0
046350004000,1200.0,,484,1.0,3.0
046350005000,2118.0,,744,1.0,3.0
046350006000,800.0,,498,1.0,3.0
046350007000,1000.0,,460,1.0,4.0
046350008000,0.0,,624,1.0,3.0
046350009000,0.0,,720,1.0,2.0
046350011000,840.0,,650,1.0,4.0
046350012000,1080.0,,994,1.0,3.0
046350013000,720.0,,528,1.0,3.0
046350014000,1000.0,,480,1.0,3.0
046350015000,,,560,1.0,2.0
046350016000,0.0,,312,1.0,3.0
046350017000,700.0,,440,1.0,2.0
046350018000,1120.0,,676,1.0,3.0
046350019000,,,0,1.0,2.0
046350020000,1000.0,,950,1.0,3.0
046350021000,,,480,1.0,3.0
046350022000,537.0,,0,1.0,2.0
046350023000,0.0,,492,1.0,3.0
046350024000,0.0,,572,1.0,4.0
046350025000,700.0,,0,1.0,3.0
046350026000,1400.0,,528,1.0,4.0
046350027000,253.0,,440,1.0,2.0
046350028000,0.0,,440,1.0,3.0
046350029000,1800.0,,576,1.0,4.0
046350030000,810.0,,576,1.0,3.0
046350031000,1000.0,,777,1.0,3.0
046350032000,1024.0,,576,1.0,2.0
046350033000,0.0,,480,1.0,3.0
046350034000,1000.0,,588,1.0,3.0
046350035000,0.0,,672,1.0,3.0
046350036000,,,336,1.0,1.0
046350037000,600.0,,630,1.0,3.0
046350038000,,,552,1.0,
046350039000,1200.0,,639,1.0,3.0
046350040000,1750.0,,675,1.0,3.0
046350041000,0.0,,440,1.0,3.0
046350043000,1330.0,,440,1.0,4.0
046350044000,0.0,,672,1.0,3.0
046350045000,700.0,,579,1.0,4.0
046350046000,,,741,1.0,
046350047000,,,702,1.0,4.0
046350048000,0.0,,360,1.0,2.0
046350049000,0.0,,648,1.0,3.0
046350050000,0.0,,511,1.0,4.0
046360004000,,,768,1.0,4.0
046360005000,,,587,1.0,3.0
046360006000,0.0,,480,1.0,4.0
046360007000,1800.0,,731,1.0,3.0
046360008000,,,840,1.0,4.0
046360009000,500.0,,528,1.0,3.0
046360010000,0.0,,480,1.0,3.0
046360011000,,,768,1.0,4.0
046360012000,,,484,1.0,3.0
046360013000,1080.0,,552,1.0,3.0
046360014000,,,816,1.0,3.0
046360015000,,,552,1.0,4.0
046360016000,,,921,1.0,
046360018000,,,792,1.0,3.0
046360019000,1140.0,,675,1.0,3.0
046360020000,,,644,1.0,3.0
046360022000,2000.0,,560,1.0,3.0
046360025000,,,672,1.0,3.0
046360026000,900.0,,573,1.0,3.0
046360027000,800.0,,560,1.0,6.0
046360028000,,,484,1.0,5.0
046360029000,,,0,1.0,3.0
046360030000,,,603,1.0,3.0
046360031000,700.0,,480,1.0,2.0
046360032000,,,0,1.0,3.0
046370001000,1120.0,,624,1.0,3.0
046370002000,1000.0,,517,1.0,3.0
046370003000,1020.0,,616,1.0,3.0
046370004000,1000.0,,528,1.0,3.0
046370005000,,,624,1.0,4.0
046370006000,1230.0,,672,1.0,3.0
046370007000,,,386,1.0,2.0
046370008000,150.0,,576,1.0,3.0
046370009000,600.0,,0,1.0,3.0
046370010000,1000.0,,516,1.0,3.0
046370011000,0.0,,280,1.0,3.0
046370012000,1200.0,,540,1.0,3.0
046370013000,1290.0,,675,1.0,3.0
046370014000,0.0,,652,1.0,4.0
046370016000,500.0,,621,1.0,3.0
046370017000,450.0,,672,1.0,3.0
046370018000,1160.0,,1042,1.0,4.0
046370019000,0.0,,610,1.0,3.0
046370020000,300.0,,480,1.0,3.0
046370021000,750.0,,440,1.0,3.0
046370023000,990.0,,520,1.0,3.0
046370025000,700.0,,480,1.0,3.0
046370026000,1200.0,,480,1.0,3.0
046370027000,200.0,,380,1.0,4.0
046370029000,900.0,,743,1.0,4.0
046370030000,0.0,,484,1.0,4.0
046370031000,,,648,1.0,3.0
046370032000,,,637,1.0,
046370034000,1000.0,,690,1.0,4.0
046370035000,,,720,1.0,3.0
046370036000,0.0,,1641,1.0,4.0
046370037000,500.0,,400,1.0,3.0
046370038000,530.0,,528,1.0,4.0
046370039000,0.0,,1045,1.0,4.0
046370040000,,,0,1.0,2.0
046370041000,,,484,1.0,4.0
046370042000,,,543,1.0,3.0
046370043000,0.0,,572,1.0,3.0
046370046000,,,400,1.0,3.0
046370047000,600.0,,480,1.0,4.0
046380001000,,,0,1.0,3.0
046380002000,720.0,,558,1.0,3.0
046380003000,1000.0,,1080,1.0,3.0
046380005000,288.0,,688,1.0,
046380006000,,,616,1.0,
046380008000,400.0,,576,1.0,3.0
046380009000,0.0,,758,1.0,3.0
046380010000,1440.0,,528,1.0,4.0
046380011000,1350.0,,666,1.0,4.0
046380012000,500.0,,482,1.0,3.0
046380013000,0.0,,440,1.0,3.0
046380014000,600.0,,420,1.0,3.0
046380015000,1000.0,,643,1.0,4.0
046380016000,1040.0,,480,1.0,3.0
046380017000,800.0,,576,1.0,4.0
046380018000,500.0,,644,1.0,3.0
046380019000,,,638,1.0,3.0
046380020000,0.0,,790,1.0,3.0
046380021000,,,506,1.0,4.0
046380022000,1000.0,,558,1.0,3.0
046380023000,850.0,,588,1.0,3.0
046380024000,800.0,,437,1.0,3.0
046380025000,1550.0,,868,1.0,3.0
046380026000,885.0,,548,1.0,2.0
046390001000,1620.0,,0,1.0,4.0
046390003000,1000.0,,484,1.0,4.0
046390004000,,,576,1.0,2.0
046390005000,1200.0,,576,1.0,4.0
046390006000,0.0,,506,1.0,3.0
046390007000,1800.0,,552,1.0,3.0
046390008000,1500.0,,1008,1.0,2.0
046390010000,1425.0,,558,1.0,3.0
046390011000,783.0,,663,1.0,
046390012000,,,0,1.0,4.0
046390013000,1250.0,,528,1.0,2.0
046390014000,1670.0,,660,1.0,4.0
046390015000,600.0,,400,1.0,4.0
046390016000,1260.0,,562,1.0,3.0
046390018000,780.0,,480,1.0,4.0
046390020000,600.0,,528,1.0,2.0
046390021000,,,454,1.0,3.0
046390022000,,,621,1.0,3.0
046390023000,1100.0,,1044,1.0,3.0
046390024000,1300.0,,710,1.0,3.0
046390025000,,,588,1.0,3.0
046390026000,,,480,1.0,2.0
046390027000,0.0,,0,1.0,2.0
046390028000,1200.0,,600,1.0,3.0
046390029000,1380.0,,529,1.0,3.0
046390030000,600.0,,690,1.0,3.0
046390031000,,,855,1.0,4.0
046390032000,0.0,,616,1.0,3.0
046390033000,600.0,,1048,1.0,3.0
046390034000,1200.0,,393,1.0,4.0
046390035000,1200.0,,638,1.0,4.0
046390036000,,,543,1.0,3.0
046390038000,,,624,1.0,2.0
046400001000,,,484,1.0,3.0
046400002000,,,1152,1.0,4.0
046400003000,0.0,,576,1.0,4.0
046400005000,2000.0,,480,1.0,3.0
046400006000,,576.0,624,2.0,1.0
046400008000,,,864,1.0,4.0
046400012000,,,1141,1.0,4.0
046400014000,,,0,1.0,4.0
046400015000,,,528,1.0,3.0
046400016000,900.0,,528,1.0,3.0
046400017000,,,834,1.0,
046400018000,,,569,1.0,3.0
046400019000,,,768,1.0,5.0
046400020000,300.0,,616,1.0,4.0
046400021000,700.0,,632,1.0,4.0
046400022000,500.0,,576,1.0,5.0
046400023000,840.0,,640,1.0,4.0
046400024000,,,582,1.0,3.0
046400025000,1700.0,,672,1.0,3.0
046400026000,,,0,1.0,3.0
046400028000,1260.0,,572,1.0,4.0
046400029000,,,716,1.0,
046400030000,1100.0,,547,1.0,3.0
046400031000,,,536,1.0,3.0
046400032000,1010.0,,516,1.0,4.0
046400033000,0.0,,528,1.0,3.0
046400034000,0.0,,0,1.0,2.0
046410001000,0.0,,576,1.0,3.0
046410002000,600.0,,768,1.0,3.0
046410003000,,,576,1.0,3.0
046410004000,1030.0,,460,1.0,3.0
046410005000,1620.0,,546,1.0,3.0
046420001000,0.0,,600,1.0,3.0
046420002000,,,1064,1.0,3.0
046420004000,1100.0,,473,1.0,3.0
046420005000,,,480,1.0,2.0
046420006000,,,320,1.0,3.0
046420007000,1000.0,,500,1.0,3.0
046420008000,396.0,,803,1.0,
046420009000,1500.0,,440,1.0,3.0
046420010000,1350.0,,639,1.0,3.0
046420011000,,,706,1.0,3.0
046420013000,,,593,1.0,4.0
046420014000,820.0,,576,1.0,2.0
046420015000,236.0,,753,1.0,
046420017000,,,0,1.0,3.0
046420019000,1400.0,,528,1.0,3.0
046420020000,744.0,,514,1.0,3.0
046420021000,937.0,,576,1.0,3.0
046420022000,,,528,1.0,3.0
046420023000,0.0,,528,1.0,4.0
046420024000,,,519,1.0,3.0
046420025000,915.0,,567,1.0,4.0
046430001000,970.0,,672,1.0,3.0
046430002000,2500.0,,442,1.0,3.0
046430003000,,,851,1.0,4.0
046430004000,,,727,1.0,3.0
046430005000,,,576,1.0,3.0
046430006000,,,624,1.0,3.0
046430007000,700.0,,657,1.0,3.0
046430008000,,,608,1.0,
046430009000,600.0,,560,1.0,3.0
046430011000,700.0,,623,1.0,3.0
046430012000,,,716,1.0,4.0
046430013000,1481.0,,308,1.0,3.0
046430014000,,,681,1.0,3.0
046430015000,,,624,1.0,3.0
046430016000,,,537,1.0,4.0
046430018000,1300.0,,561,1.0,3.0
046430019000,636.0,,440,1.0,3.0
046430020000,305.0,,528,1.0,
046430021000,0.0,,616,1.0,4.0
046430022000,0.0,,520,1.0,3.0
046430023000,1050.0,,520,1.0,2.0
046430024000,585.0,,0,1.0,3.0
046430025000,720.0,,484,1.0,4.0
046430026000,500.0,,440,1.0,2.0
046430027000,,,250,1.0,3.0
046430028000,,,480,1.0,3.0
046430030000,,,624,1.0,3.0
046430031000,,,672,1.0,3.0
046430032000,1230.0,,412,1.0,2.0
046430033000,,,483,1.0,3.0
046430034000,1000.0,,516,1.0,3.0
046430035000,,,470,1.0,2.0
046430036000,0.0,,0,1.0,3.0
046430037000,1275.0,,624,1.0,4.0
046430038000,1000.0,,644,1.0,2.0
046430039000,,,416,1.0,4.0
046430040000,,,1075,1.0,4.0
046430042000,,,611,1.0,3.0
046430043000,,,572,1.0,3.0
046430044000,,,464,1.0,4.0
046430045000,0.0,,587,1.0,3.0
046430046000,1300.0,,468,1.0,3.0
046430047000,840.0,,528,1.0,3.0
046430049000,1000.0,,406,1.0,2.0
046430050000,,,0,1.0,4.0
046440001000,580.0,,480,1.0,3.0
046440002000,1080.0,,671,1.0,3.0
046440003000,,,623,1.0,
046440004000,500.0,,528,1.0,3.0
046440006000,,,576,1.0,3.0
046440009000,,,1124,1.0,3.0
046440010000,,,632,1.0,2.0
046440011000,500.0,,489,1.0,4.0
046440012000,,,800,1.0,5.0
046440013000,,,0,1.0,2.0
046440015000,0.0,,460,1.0,3.0
046440017000,1180.0,,611,1.0,3.0
046440018000,,,400,1.0,3.0
046440019000,500.0,,516,1.0,3.0
046440020000,312.0,,672,1.0,4.0
046440021000,1500.0,,588,1.0,4.0
046440022000,500.0,,480,1.0,3.0
046440023000,1230.0,,698,1.0,3.0
046440024000,,,736,1.0,4.0
046440025000,1060.0,,320,1.0,3.0
046440026000,875.0,,608,1.0,3.0
046440027000,800.0,,280,1.0,3.0
046440028000,,,480,1.0,3.0
046440029000,1000.0,,0,1.0,3.0
046440030000,0.0,,0,1.0,4.0
046440032000,,,803,1.0,
046440034000,1000.0,,541,1.0,3.0
046440035000,,,506,1.0,4.0
046440036000,1620.0,,440,1.0,3.0
046440037000,773.0,,576,1.0,3.0
046440038000,1050.0,,487,1.0,3.0
046440039000,450.0,,338,1.0,3.0
046440041000,,,0,1.0,3.0
046440042000,462.0,,0,1.0,2.0
046440043000,500.0,,400,1.0,3.0
046440044000,1200.0,,516,1.0,3.0
046440045000,,,506,1.0,3.0
046440046000,850.0,,528,1.0,3.0
046440047000,,,616,1.0,4.0
046440049000,,,746,1.0,4.0
046440051000,,,580,1.0,3.0
046450001000,1220.0,,550,1.0,4.0
046450002000,240.0,,576,1.0,2.0
046450003000,1000.0,,644,1.0,3.0
046450006000,1000.0,,856,1.0,4.0
046450007000,,,568,1.0,3.0
046450008000,720.0,,0,1.0,3.0
046450009000,1580.0,,564,1.0,4.0
046450010000,,,0,1.0,3.0
046450011000,0.0,,462,1.0,4.0
046450012000,1660.0,,616,1.0,4.0
046450014000,,,484,1.0,3.0
046450015000,800.0,,506,1.0,4.0
046450016000,1350.0,1104.0,500,2.0,4.0
046450017000,975.0,,480,1.0,3.0
046450018000,,827.0,874,2.0,
046450019000,,,603,1.0,3.0
046450021000,,,462,1.0,3.0
046450022000,,,624,1.0,3.0
046450023000,,,0,1.0,2.0
046450024000,,,440,1.0,3.0
046450025000,,,520,1.0,3.0
046450026000,,,336,1.0,2.0
046490001000,,,564,1.0,
046490002000,,,520,1.0,3.0
046490003000,,,529,1.0,4.0
046490005000,800.0,,672,1.0,4.0
046490006000,800.0,,528,1.0,5.0
046490007000,950.0,,440,1.0,3.0
046490008000,,,0,1.0,3.0
046490009000,960.0,,616,1.0,3.0
046490010000,,,0,1.0,3.0
046490011000,1040.0,,576,1.0,3.0
046490012000,1000.0,,624,1.0,3.0
046490013000,865.0,,484,1.0,3.0
046490014000,,,0,1.0,2.0
046490015000,800.0,,391,1.0,3.0
046490016000,0.0,,616,1.0,3.0
046490017000,,,528,1.0,3.0
046490018000,500.0,,528,1.0,4.0
046490019000,500.0,,440,1.0,2.0
046490020000,500.0,,600,1.0,3.0
046490021000,,,506,1.0,4.0
046490022000,,,575,1.0,2.0
046490023000,1050.0,,0,1.0,2.0
046490024000,900.0,,720,1.0,4.0
046490025000,1000.0,,0,1.0,3.0
046490026000,,,0,1.0,3.0
046490027000,1200.0,,484,1.0,4.0
046490028000,1080.0,,810,1.0,3.0
046490029000,750.0,,484,1.0,3.0
046490030000,1080.0,,490,1.0,3.0
046490031000,500.0,,484,1.0,3.0
046490032000,0.0,,0,1.0,2.0
046490033000,924.0,,441,1.0,3.0
046500001000,,,720,1.0,4.0
046500003000,0.0,,612,1.0,4.0
046500004000,800.0,,576,1.0,3.0
046500005000,,,575,1.0,
046500006000,1566.0,,528,1.0,4.0
046500007000,0.0,,420,1.0,3.0
046500008000,1005.0,,624,1.0,3.0
046500009000,,,400,1.0,3.0
046500010000,800.0,,567,1.0,3.0
046500011000,600.0,,528,1.0,3.0
046500013000,900.0,,676,1.0,3.0
046500014000,1595.0,,1003,1.0,4.0
046500015000,1180.0,,480,1.0,3.0
046500016000,,,528,1.0,2.0
046500017000,0.0,,436,1.0,4.0
046500018000,0.0,,785,1.0,4.0
046500019000,1500.0,,562,1.0,3.0
046500020000,0.0,,539,1.0,4.0
046500021000,0.0,,0,1.0,2.0
046500022000,1188.0,,484,1.0,2.0
046500023000,,,663,1.0,4.0
046500024000,0.0,,696,1.0,3.0
046500025000,500.0,,588,1.0,3.0
046500026000,0.0,,658,1.0,3.0
046500027000,970.0,,360,1.0,2.0
046500028000,770.0,,520,1.0,3.0
046500029000,1100.0,,484,1.0,3.0
046500030000,550.0,,484,1.0,3.0
046500031000,0.0,,582,1.0,4.0
046500033000,860.0,,400,1.0,4.0
046500035000,,,0,1.0,2.0
046500036000,0.0,,440,1.0,3.0
046500037000,300.0,,420,1.0,3.0
046500038000,,,576,1.0,3.0
046500039000,700.0,,690,1.0,3.0
046500040000,,,0,1.0,3.0
046500041000,860.0,,576,1.0,3.0
046500042000,720.0,,528,1.0,3.0
046510001000,,,576,1.0,4.0
046510002000,975.0,,514,1.0,4.0
046510004000,,,576,1.0,3.0
046510005000,,,576,1.0,3.0
046510007000,,,528,1.0,4.0
046510010000,500.0,,360,1.0,3.0
046510013000,1500.0,,572,1.0,2.0
046510015000,840.0,,462,1.0,3.0
046510016000,,,626,1.0,2.0
046510017000,800.0,,560,1.0,2.0
046510018000,1080.0,,832,1.0,4.0
046510019000,,,0,1.0,3.0
046510020000,1200.0,,680,1.0,3.0
046510021000,1200.0,,602,1.0,3.0
046510022000,780.0,,432,1.0,3.0
046510023000,1140.0,,572,1.0,3.0
046510024000,816.0,,660,1.0,
046510026000,900.0,,748,1.0,3.0
046510027000,,,540,1.0,3.0
046510028000,900.0,,672,1.0,3.0
046510029000,,,540,1.0,3.0
046510030000,0.0,,651,1.0,4.0
046510031000,,,0,1.0,3.0
046510032000,1000.0,,546,1.0,3.0
046510033000,0.0,,528,1.0,3.0
046510034000,700.0,,555,1.0,3.0
046510035000,,,0,1.0,2.0
046510036000,1160.0,,420,1.0,4.0
046510037000,700.0,,528,1.0,4.0
046510038000,300.0,,504,1.0,2.0
046510039000,900.0,,432,1.0,3.0
046510040000,,,0,1.0,2.0
046510041000,0.0,,588,1.0,3.0
046510042000,0.0,,856,1.0,3.0
046510043000,1575.0,,420,1.0,3.0
046510044000,0.0,,576,1.0,3.0
046510045000,,,400,1.0,2.0
046510046000,800.0,,220,1.0,3.0
046510047000,800.0,,614,1.0,3.0
046510048000,,,280,1.0,3.0
046510049000,1000.0,,503,1.0,3.0
046510051000,900.0,,598,1.0,3.0
046510052000,,,576,1.0,4.0
046510053000,,,492,1.0,4.0
046510054000,156.0,,576,1.0,4.0
046520001000,,,619,1.0,4.0
046520002000,0.0,,495,1.0,3.0
046520003000,1050.0,,576,1.0,3.0
046520004000,,,540,1.0,3.0
046520005000,,,576,1.0,
046520006000,,,720,1.0,3.0
046520007000,,,0,1.0,3.0
046520008000,,,731,1.0,4.0
046520009000,,,484,1.0,2.0
046520011000,,,624,1.0,4.0
046520012000,,,1238,1.0,3.0
046520013000,500.0,,576,1.0,3.0
046520014000,,,615,1.0,4.0
046520015000,,,576,1.0,3.0
046520017000,630.0,,312,1.0,3.0
046520018000,0.0,,782,1.0,2.0
046520019000,,,308,1.0,3.0
046520021000,,,0,1.0,2.0
046520022000,0.0,,588,1.0,3.0
046520023000,500.0,,495,1.0,3.0
046520024000,,,240,1.0,2.0
046520025000,,,528,1.0,5.0
046520026000,,,421,1.0,2.0
046520028000,750.0,,408,1.0,2.0
046520029000,1700.0,,646,1.0,3.0
046520030000,,,253,1.0,3.0
046520031000,,,810,1.0,
046520032000,,,1024,1.0,6.0
046520034000,1200.0,,648,1.0,3.0
046520035000,0.0,,858,1.0,4.0
046520036000,0.0,,525,1.0,3.0
046520037000,,,240,1.0,3.0
046520038000,1500.0,,562,1.0,3.0
046520039000,1000.0,,573,1.0,3.0
046520040000,,,528,1.0,3.0
046520041000,,,516,1.0,3.0
046520043000,,,477,1.0,3.0
046520044000,2500.0,,528,1.0,3.0
046520045000,,,688,1.0,
046520046000,900.0,,400,1.0,4.0
046530002000,500.0,,576,1.0,3.0
046530003000,,,543,1.0,
046530004000,1227.0,,644,1.0,3.0
046530005000,950.0,,1421,1.0,4.0
046530006000,500.0,,576,1.0,3.0
046530007000,,,608,1.0,
046530008000,800.0,,480,1.0,4.0
046530010000,,,576,1.0,3.0
046530011000,,,0,1.0,3.0
046530013000,,,420,1.0,3.0
046530014000,1500.0,,705,1.0,4.0
046530015000,900.0,,528,1.0,3.0
046530016000,800.0,,511,1.0,3.0
046530017000,,,861,1.0,4.0
046530018000,600.0,,620,1.0,4.0
046530019000,853.0,,506,1.0,3.0
046530021000,1500.0,,475,1.0,2.0
046530022000,,,224,1.0,1.0
046530023000,0.0,,644,1.0,3.0
046530024000,1100.0,,484,1.0,3.0
046530025000,800.0,,0,1.0,2.0
046530026000,720.0,,528,1.0,3.0
046530028000,0.0,,528,1.0,2.0
046530029000,,,0,1.0,2.0
046530030000,1080.0,,591,1.0,3.0
046530031000,,,660,1.0,2.0
046530032000,1370.0,,480,1.0,3.0
046530033000,500.0,,528,1.0,3.0
046530034000,720.0,,0,1.0,5.0
046530035000,1080.0,,540,1.0,3.0
046530036000,1580.0,,576,1.0,3.0
046530037000,,,556,1.0,3.0
046530038000,1200.0,,564,1.0,4.0
046530039000,1000.0,,528,1.0,3.0
046530040000,1500.0,,652,1.0,4.0
046530041000,1000.0,,516,1.0,3.0
046530042000,0.0,,543,1.0,3.0
046530043000,,,280,1.0,3.0
046530044000,,,568,1.0,3.0
046530045000,1020.0,,897,1.0,3.0
046530046000,,,506,1.0,3.0
046530047000,,,576,1.0,4.0
046530048000,,,576,1.0,4.0
046530050000,,,611,1.0,4.0
046530051000,1800.0,,720,1.0,3.0
046530053000,,,0,1.0,2.0
046530054000,375.0,,360,1.0,3.0
046530055000,,,528,1.0,
046540001000,0.0,,517,1.0,3.0
046540002000,1000.0,,630,1.0,3.0
046540003000,970.0,,504,1.0,3.0
046540004000,1000.0,,688,1.0,3.0
046540005000,,,543,1.0,
046540006000,1380.0,,658,1.0,3.0
046540007000,0.0,,649,1.0,4.0
046540008000,500.0,,480,1.0,3.0
046540009000,1000.0,,777,1.0,4.0
046540010000,720.0,,0,1.0,3.0
046540011000,0.0,,672,1.0,3.0
046540012000,,,725,1.0,2.0
046540013000,864.0,,576,1.0,3.0
046540014000,0.0,,480,1.0,3.0
046540015000,800.0,,576,1.0,3.0
046540016000,800.0,,540,1.0,3.0
046540017000,0.0,,625,1.0,4.0
046540018000,300.0,,484,1.0,3.0
046540019000,1400.0,,539,1.0,3.0
046540020000,500.0,,594,1.0,4.0
046540021000,820.0,,480,1.0,3.0
046540022000,,,528,1.0,4.0
046540023000,,,475,1.0,3.0
046540024000,800.0,,418,1.0,3.0
046540025000,500.0,,462,1.0,3.0
046540026000,0.0,,396,1.0,4.0
046540027000,,,0,1.0,3.0
046540028000,,,400,1.0,3.0
046540029000,925.0,,528,1.0,3.0
046540030000,,,550,1.0,
046540031000,600.0,,490,1.0,3.0
046540032000,675.0,,612,1.0,3.0
046540033000,,,440,1.0,2.0
046540034000,990.0,,657,1.0,3.0
046540035000,,,564,1.0,4.0
046540036000,720.0,,484,1.0,3.0
046540037000,1030.0,,675,1.0,4.0
046540038000,0.0,,528,1.0,3.0
046540039000,,,672,1.0,3.0
046540041000,650.0,,0,1.0,2.0
046540042000,0.0,,576,1.0,3.0
046540043000,0.0,,616,1.0,4.0
046540044000,,,516,1.0,5.0
046540045000,500.0,,0,1.0,3.0
046540046000,540.0,,672,1.0,4.0
046540047000,0.0,,528,1.0,3.0
046550001000,990.0,,768,1.0,4.0
046550002000,1620.0,,0,1.0,4.0
046550004000,1500.0,,484,1.0,3.0
046550005000,,,400,1.0,3.0
046550006000,1800.0,,540,1.0,5.0
046550007000,500.0,,484,1.0,3.0
046550008000,,,0,1.0,3.0
046550009000,750.0,,560,1.0,3.0
046550010000,700.0,,484,1.0,3.0
046550011000,800.0,,484,1.0,3.0
046550012000,1000.0,,638,1.0,3.0
046550013000,,,528,1.0,3.0
046550014000,,,0,1.0,4.0
046550015000,,,616,1.0,3.0
046550017000,850.0,,462,1.0,3.0
046550018000,540.0,,576,1.0,3.0
046550021000,1000.0,,252,1.0,3.0
046550023000,500.0,,684,1.0,3.0
046550024000,960.0,,591,1.0,3.0
046550025000,500.0,,596,1.0,3.0
046550026000,640.0,,384,1.0,2.0
046550028000,540.0,,528,1.0,4.0
046550029000,600.0,,472,1.0,3.0
046550030000,,,540,1.0,4.0
046550031000,0.0,,668,1.0,3.0
046550032000,,,320,1.0,3.0
046550033000,,,528,1.0,2.0
046550034000,,,576,1.0,4.0
046550036000,0.0,,576,2.0,4.0
046550037000,,,528,1.0,4.0
046550038000,300.0,,440,1.0,4.0
046550039000,,,576,1.0,3.0
046550040000,0.0,,320,1.0,2.0
046550041000,760.0,,0,1.0,4.0
046550042000,540.0,,480,1.0,3.0
046550043000,945.0,,897,1.0,4.0
046550044000,1200.0,,555,1.0,3.0
046550045000,850.0,,0,1.0,3.0
046550046000,,,542,1.0,4.0
046550047000,,,636,1.0,4.0
046550048000,800.0,,672,1.0,4.0
046550049000,500.0,,851,1.0,3.0
046550050000,936.0,,455,1.0,4.0
046550051000,,498.0,504,2.0,2.0
046550052000,,,0,1.0,2.0
046560001000,,,718,1.0,4.0
046560002000,855.0,,576,1.0,4.0
046560003000,700.0,,433,1.0,3.0
046560004000,800.0,,713,1.0,3.0
046560005000,800.0,,546,1.0,3.0
046560006000,500.0,,528,1.0,4.0
046560007000,,,576,1.0,4.0
046560008000,,,484,1.0,3.0
046560009000,1370.0,,460,1.0,4.0
046560010000,,,480,1.0,3.0
046560011000,800.0,,644,1.0,4.0
046560012000,0.0,,345,1.0,3.0
046560013000,567.0,,596,1.0,3.0
046560014000,,,400,1.0,3.0
046560015000,800.0,,600,1.0,2.0
046560016000,620.0,,320,1.0,3.0
046560018000,,,0,1.0,5.0
046560019000,,,581,1.0,3.0
046560020000,1200.0,,600,1.0,3.0
046560021000,,,560,1.0,3.0
046560022000,,,644,1.0,2.0
046560023000,,,320,1.0,3.0
046560024000,708.0,,260,1.0,4.0
046560025000,,,0,1.0,5.0
046560026000,,,0,1.0,3.0
046560027000,,,484,1.0,2.0
046560028000,,,900,1.0,3.0
046560029000,900.0,,0,1.0,3.0
046560030000,1019.0,,418,1.0,2.0
046560031000,720.0,,593,1.0,3.0
046560032000,,,0,1.0,2.0
046560033000,,,440,1.0,3.0
046570001000,,,200,1.0,2.0
046570002000,,,0,1.0,1.0
046570003000,,,200,1.0,2.0
046570004000,,,200,1.0,2.0
046570005000,,,200,1.0,1.0
046570006000,,,0,1.0,2.0
046570008000,,,200,1.0,1.0
046570009000,,,0,1.0,2.0
046570010000,,,200,1.0,2.0
046570011000,,,0,1.0,1.0
046570012000,,,200,1.0,2.0
046570013000,,,0,1.0,2.0
046570014000,,,200,1.0,3.0
046570015000,,,200,1.0,2.0
046570016000,,,200,1.0,1.0
046570017000,,,200,1.0,2.0
046570018000,,,200,1.0,3.0
046570019000,,,200,1.0,2.0
046570020000,,,200,1.0,2.0
046570021000,,,200,1.0,3.0
046570022000,,,200,1.0,1.0
046580001000,,,200,1.0,2.0
046580002000,,,0,1.0,2.0
046580003000,,,200,1.0,2.0
046580004000,,,200,1.0,2.0
046580005000,,,200,1.0,1.0
046580006000,,,0,1.0,2.0
046580007000,,,200,1.0,3.0
046580008000,,,200,1.0,2.0
046580009000,,,200,1.0,3.0
046580010000,,,200,1.0,3.0
046580011000,,,200,1.0,2.0
046580012000,,,0,1.0,2.0
046590001000,,,0,1.0,2.0
046590002000,,,200,1.0,1.0
046590003000,,,200,1.0,2.0
046590005000,,,200,1.0,1.0
046590006000,,,200,1.0,2.0
046590007000,,,200,1.0,2.0
046590008000,,,200,1.0,1.0
046590009000,,,200,1.0,2.0
046590010000,,,200,1.0,2.0
046590011000,,,200,1.0,1.0
046590012000,,,0,1.0,2.0
046590013000,,,200,1.0,2.0
046590014000,,,200,1.0,1.0
046590015000,,,200,1.0,3.0
046590016000,,,200,1.0,3.0
046590017000,,,200,1.0,2.0
046590018000,,,200,1.0,2.0
046600001000,,,200,1.0,2.0
046600003000,,,200,1.0,2.0
046600004000,,,200,1.0,2.0
046600005000,,,200,1.0,2.0
046600006000,,,200,1.0,1.0
046600007000,,,200,1.0,2.0
046600008000,,,200,1.0,3.0
046610001000,,,200,1.0,1.0
046610002000,,,200,1.0,2.0
046610003000,,,200,1.0,2.0
046610004000,,,200,1.0,1.0
046610005000,,,0,1.0,2.0
046610006000,,,200,1.0,2.0
046610007000,,,200,1.0,1.0
046610008000,,,200,1.0,2.0
046610009000,,,200,1.0,2.0
046610010000,,,200,1.0,2.0
046610011000,,,200,1.0,2.0
046610012000,,,200,1.0,3.0
046610013000,,,200,1.0,2.0
046610014000,,,200,1.0,1.0
046610015000,,,200,1.0,2.0
046610016000,,,200,1.0,3.0
046610017000,,,200,1.0,1.0
046610018000,,,200,1.0,3.0
046610019000,,,200,1.0,2.0
046610020000,,,0,1.0,3.0
046620001000,,,200,1.0,1.0
046620002000,,,200,1.0,1.0
046620003000,,,200,1.0,2.0
046620004000,,,200,1.0,2.0
046620005000,,,200,1.0,1.0
046620006000,,,200,1.0,2.0
046620007000,,,200,1.0,2.0
046620008000,,,0,1.0,1.0
046620009000,,,200,1.0,2.0
046620010000,,,0,1.0,2.0
046620011000,,,200,1.0,1.0
046620012000,,,200,1.0,2.0
046620013000,,,0,1.0,2.0
046620014000,,,200,1.0,1.0
046620015000,,,200,1.0,2.0
046620016000,,,0,1.0,2.0
046620017000,,,0,1.0,2.0
046630001000,,,0,1.0,2.0
046630002000,,,0,1.0,1.0
046630003000,,,200,1.0,3.0
046630004000,,,200,1.0,3.0
046630005000,,,200,1.0,1.0
046630006000,156.0,,200,1.0,2.0
046630007000,,,200,1.0,2.0
046630008000,,,200,1.0,2.0
046630009000,,,200,1.0,3.0
046630010000,,,200,1.0,3.0
046630011000,,,200,1.0,1.0
046630012000,,,0,1.0,
046630013000,,,200,1.0,3.0
046630014000,,,200,1.0,1.0
046630015000,,,200,1.0,2.0
046630016000,,,0,1.0,2.0
046630017000,,,200,1.0,3.0
046640001000,,,200,1.0,2.0
046640002000,,,0,1.0,2.0
046640003000,,,200,1.0,2.0
046640004000,,,200,1.0,2.0
046640005000,,,200,1.0,1.0
046640006000,,,200,1.0,2.0
046640007000,,,200,1.0,2.0
046640008000,,,200,1.0,1.0
046640009000,,,200,1.0,3.0
046640010000,,,200,1.0,2.0
046640011000,,,200,1.0,2.0
046640012000,,,200,1.0,3.0
046640013000,,,200,1.0,1.0
046640014000,,,200,1.0,2.0
046640015000,,,0,1.0,2.0
046650017000,,,0,1.0,
046650018000,,,0,1.0,
046650019000,,,0,1.0,1.0
046650020000,,,0,1.0,1.0
046650021000,,,0,1.0,
046650023000,,,0,1.0,
046650024000,,,0,1.0,
046650025000,,,0,1.0,1.0
046650026000,,,0,1.0,1.0
046650027000,,,0,1.0,1.0
046650028000,,,0,1.0,1.0
046650030000,,,0,1.0,1.0
046650031000,,,0,1.0,1.0
046650032000,,,0,1.0,1.0
046650033000,28.0,,0,1.0,1.0
046650054000,,,0,1.0,1.0
046650055000,,,0,1.0,1.0
046650056000,,,0,1.0,1.0
046650057000,,,0,1.0,1.0
046650058000,,,0,1.0,1.0
046650059000,,,0,1.0,1.0
046650060000,,,0,1.0,1.0
046650061000,,,0,1.0,1.0
046650062000,,,0,1.0,1.0
047030003000,,,240,1.0,2.0
047030004000,84.0,,0,1.0,2.0
047030005000,,,0,1.0,1.0
047030006000,,,240,1.0,1.0
047030007000,,,240,1.0,1.0
047030008000,,,0,1.0,1.0
047030009000,,,0,1.0,3.0
047030010000,,,0,1.0,3.0
047040001000,,,0,1.0,4.0
047040002000,,,0,1.0,3.0
047040009000,,,0,1.0,1.0
047040010000,,,0,1.0,
047040017000,,,0,1.0,3.0
047053009000,,,572,1.0,
047053014000,,,0,1.0,3.0
047070005000,,,0,1.0,1.0
047070016000,,,0,1.0,5.0
047070019000,,,0,1.0,2.0
047070023000,,,846,1.0,2.0
047070026000,,,0,1.0,1.0
047070027000,,,640,1.0,3.0
047070028000,,,921,1.0,1.0
047070030000,0.0,,288,1.0,3.0
047070031000,,,0,1.0,2.0
047070032000,,,0,1.0,3.0
047070034000,650.0,,0,1.0,2.0
047070036000,,,0,1.0,3.0
047070038000,,,630,1.0,2.0
047071001000,,,0,1.0,4.0
047071002000,600.0,,359,1.0,3.0
047071003000,,,0,1.0,2.0
047071005000,,,0,1.0,4.0
047071007000,136.0,,1600,1.0,5.0
047071008000,,,576,1.0,
047071009000,,,0,1.0,
047071011000,,,0,1.0,2.0
047071012000,0.0,,384,1.0,3.0
047071014000,,,0,1.0,2.0
047080013000,,,0,1.0,1.0
047080016000,,,0,1.0,3.0
047080018000,,,0,1.0,2.0
047080021000,,,0,1.0,2.0
047080029000,,,490,1.0,2.0
047080030000,,,576,1.0,
047080035000,,,0,1.0,
047080038000,,,568,1.0,4.0
047080039000,,,0,1.0,3.0
047080042000,,,800,1.0,3.0
047080048000,,,0,1.0,2.0
047090001000,0.0,,546,1.0,3.0
047090003000,,,0,1.0,3.0
047090005000,,,656,1.0,3.0
047090008000,,,0,1.0,3.0
047090009000,0.0,,496,1.0,3.0
047090010000,,,0,1.0,4.0
047090013000,,,440,1.0,
047090014000,,,528,1.0,
047090015000,,,616,1.0,3.0
047090016000,,,0,1.0,2.0
047090017000,,,0,1.0,2.0
047090020000,,,637,1.0,3.0
047090024000,8000.0,,0,1.0,
047090026000,,,0,1.0,3.0
047101006000,,,0,1.0,2.0
047101007000,,,0,1.0,1.0
047101010000,,,648,1.0,3.0
047101013000,0.0,,0,1.0,7.0
047101021000,,,0,1.0,2.0
047101022000,,,0,1.0,2.0
047101025000,,,0,1.0,2.0
047101026000,4200.0,,494,1.0,2.0
047101028000,,,0,1.0,2.0
047101032000,,,0,1.0,1.0
047101033000,,,0,1.0,2.0
047101035000,,,0,1.0,
047101036000,,,660,1.0,4.0
047101038000,325.0,,320,1.0,
047101041000,,,0,1.0,2.0
047102004000,,,0,1.0,
047102005000,,,0,1.0,3.0
047102018000,1200.0,,0,1.0,3.0
047110014000,,,0,1.0,2.0
047110015000,,,0,1.0,2.0
047120020000,0.0,,0,1.0,
047120043000,,,0,1.0,2.0
047130006000,,,0,1.0,1.0
047130012000,,,0,1.0,1.0
047130014000,,,0,1.0,1.0
047130015000,,,0,1.0,2.0
047130018000,,,0,1.0,1.0
047131003000,,,0,2.0,
047131008000,,,0,1.0,1.0
047131009000,,,0,1.0,1.0
047131010000,,,0,1.0,2.0
047131011000,,,528,1.0,2.0
047131019000,,,0,1.0,4.0
047140009000,,,0,1.0,1.0
047140010000,250.0,,0,1.0,2.0
047140012000,,,0,1.0,3.0
047140023000,,,0,1.0,3.0
047140024000,,,0,1.0,2.0
047140025000,,,0,1.0,2.0
047140027000,,,0,1.0,
047140028000,,,0,1.0,1.0
047150023000,,,0,1.0,3.0
047150028000,,,0,1.0,2.0
047150030000,,,0,1.0,1.0
047150032000,,,0,1.0,2.0
047150033000,,,0,1.0,4.0
047150034000,,,0,1.0,
047150035000,,,0,1.0,1.0
047160001000,,,0,1.0,3.0
047160003000,,,0,1.0,
047160004000,,,0,1.0,
047160006000,,,480,1.0,
047160008000,,,1260,1.0,1.0
047160009000,,,0,1.0,2.0
047160010000,,,0,1.0,4.0
047160011000,,,0,1.0,2.0
047160012000,0.0,,0,1.0,3.0
047160013000,,,0,2.0,
047160016000,,,0,1.0,
047160021000,,,0,1.0,2.0
047160022000,,,0,1.0,2.0
047160023000,,,0,1.0,
047160026000,,,0,1.0,
047160027000,,,0,1.0,3.0
047170005000,,,0,1.0,
047170007000,288.0,,0,1.0,1.0
047170008000,,,0,1.0,1.0
047170011000,,,0,1.0,
047170013000,,,616,1.0,3.0
047170018000,,,0,1.0,
047170019000,,,0,1.0,2.0
047170020000,,,0,1.0,1.0
047170026000,,,0,1.0,4.0
047170028000,,,0,1.0,1.0
047170032000,,,0,1.0,
047170033000,,,0,1.0,2.0
047170035000,80.0,,0,1.0,2.0
047170037000,,,0,1.0,1.0
047170038000,,,0,1.0,3.0
047170040000,200.0,,0,1.0,
047180002000,,,0,1.0,2.0
047180008000,,,0,1.0,3.0
047180009000,,,0,1.0,1.0
047180010000,,,582,1.0,
047180011000,,,0,1.0,
047180014000,,,728,1.0,3.0
047180016000,,,0,1.0,3.0
047180018000,,,1232,1.0,
047180021000,,,737,1.0,2.0
047180022000,,,517,1.0,
047180028000,,,0,1.0,2.0
047180032000,,,0,1.0,4.0
047180034000,,,481,1.0,4.0
047180036000,,,607,1.0,
047180037000,,,512,1.0,4.0
047180038000,,,0,1.0,
047180039000,,,585,1.0,3.0
047180043000,,,0,1.0,2.0
047180044000,,,336,1.0,3.0
047180050000,,,0,1.0,3.0
047180051000,,,0,1.0,3.0
047180052000,,,0,1.0,2.0
047180053000,,,527,1.0,3.0
047180054000,,,0,1.0,3.0
047180056000,,,398,1.0,
047180057000,,,0,1.0,2.0
047180059000,,,756,1.0,4.0
047180061000,,,0,1.0,4.0
047180063000,,,398,1.0,3.0
047180067000,,352.0,528,2.0,3.0
047180069000,,,746,1.0,3.0
047180070000,,,0,1.0,3.0
047180071000,,,479,1.0,
047180072000,0.0,,0,1.0,3.0
047190002000,,,600,2.0,3.0
047190003000,0.0,,785,1.0,2.0
047190005000,,,0,1.0,2.0
047190007000,,,0,1.0,3.0
047190008000,,,680,1.0,
047190009000,,,0,1.0,1.0
047190010000,,,0,1.0,3.0
047190011000,,,0,1.0,3.0
047190012000,,,0,1.0,4.0
047190015000,,,409,2.0,
047190016000,,,0,1.0,1.0
047190017000,87.0,,0,1.0,2.0
047190018000,,,0,1.0,2.0
047190020000,,,552,1.0,2.0
047190021000,,,360,1.0,4.0
047190023000,,,0,1.0,3.0
047190024000,,,0,1.0,1.0
047190026000,,,0,1.0,2.0
047190028000,,,0,1.0,2.0
047190032000,,,0,1.0,4.0
047190034000,,,620,1.0,
047190035000,,,0,1.0,3.0
047190036000,,,0,1.0,3.0
047190037000,,,0,1.0,3.0
047190039000,,,0,1.0,3.0
047190040000,,,357,1.0,3.0
047190041000,,,0,1.0,2.0
047190042000,,,0,1.0,2.0
047190043000,550.0,,0,1.0,2.0
047190044000,340.0,,735,1.0,3.0
047190046000,550.0,,384,1.0,3.0
047200011000,,,665,2.0,
047200038000,,,751,1.0,
047220001000,,,600,1.0,4.0
047220002000,,,0,1.0,3.0
047220003000,,,416,1.0,4.0
047220005000,,,0,1.0,1.0
047220006000,,,0,1.0,1.0
047220007000,,,528,1.0,3.0
047220008000,,,0,1.0,2.0
047220010000,,,0,1.0,2.0
047220011000,,,552,1.0,4.0
047220012000,900.0,,544,1.0,3.0
047220013000,,,0,1.0,2.0
047230001000,,,0,1.0,2.0
047230004000,0.0,,264,1.0,3.0
047230005000,969.0,,564,1.0,3.0
047230006000,,,1104,1.0,
047230007000,,,0,1.0,1.0
047230009000,,,216,1.0,4.0
047230010000,,,1045,1.0,4.0
047230011000,,,1098,1.0,
047230012000,,,0,1.0,2.0
047230013000,,,954,1.0,4.0
047230015000,,,0,1.0,4.0
047230016000,,,0,1.0,1.0
047241003000,1528.0,,679,1.0,3.0
047241004000,,,0,1.0,3.0
047241005000,,,0,1.0,1.0
047241007000,,,254,1.0,3.0
047241008000,0.0,,960,1.0,4.0
047241009000,370.0,,0,1.0,2.0
047241010000,1000.0,,0,1.0,3.0
047241011000,,,0,1.0,2.0
047241012000,,,0,1.0,2.0
047241013000,,,0,1.0,2.0
047241014000,,,0,1.0,
047242002000,,,930,1.0,3.0
047242005000,,,0,1.0,3.0
047242006000,,,0,1.0,2.0
047242007000,500.0,,0,1.0,3.0
047242008000,,,914,1.0,3.0
047242010000,,,0,1.0,3.0
047242011000,,,0,1.0,2.0
047242012000,,,0,1.0,4.0
047242014000,,,400,1.0,3.0
047242015000,,,480,1.0,2.0
047242017000,,,0,1.0,2.0
047242018000,,,0,1.0,2.0
047251002000,,,660,1.0,3.0
047251004000,,,0,1.0,3.0
047251005000,,,0,1.0,1.0
047251007000,,,0,1.0,
047251008000,,,0,1.0,3.0
047252002000,,,0,1.0,2.0
047252004000,,,0,1.0,3.0
047252005000,0.0,,0,1.0,1.0
047252006000,,,0,1.0,1.0
047252007000,,,553,1.0,3.0
047252008000,,,440,1.0,5.0
047252009000,,,0,1.0,1.0
047252010000,,,0,1.0,1.0
047252011000,,,0,1.0,2.0
047252012000,,,0,1.0,3.0
047252013000,,,0,1.0,2.0
047252014000,960.0,,1259,1.0,3.0
047253001000,,,0,1.0,2.0
047253005000,,,468,1.0,3.0
047253007000,,,0,1.0,4.0
047253008000,1100.0,,424,1.0,3.0
047253009000,,,0,1.0,1.0
047253010000,,,0,1.0,1.0
047253011000,,,0,1.0,2.0
047254002000,,,0,1.0,3.0
047254004000,,,0,1.0,
047254005000,,,0,1.0,2.0
047254006000,,,765,1.0,4.0
047254007000,,,938,1.0,3.0
047261001000,,,0,1.0,
047261002000,2650.0,,585,1.0,3.0
047261003000,,,0,1.0,2.0
047261004000,250.0,,0,1.0,3.0
047261005000,,,0,1.0,3.0
047261008000,,,0,1.0,1.0
047261010000,,,0,1.0,2.0
047261011000,,,0,1.0,3.0
047261012000,,,624,1.0,2.0
047262002000,,,0,1.0,3.0
047262003000,,,0,1.0,2.0
047271001000,16.0,,504,1.0,3.0
047271002000,,,0,1.0,
047271003000,1000.0,,0,1.0,1.0
047272001000,,,0,1.0,1.0
047272003000,,,0,1.0,3.0
047272013000,,,0,1.0,1.0
047272014000,,,0,1.0,3.0
047272016000,,,0,1.0,3.0
047272018000,,,1064,1.0,3.0
047272019000,550.0,,0,1.0,2.0
047272020000,,,0,1.0,3.0
047272022000,,,0,1.0,2.0
047272024000,,,0,1.0,
047272026000,750.0,,0,1.0,2.0
047272027000,1400.0,,400,1.0,2.0
047273001000,,,0,1.0,2.0
047273002000,,,0,1.0,2.0
047273004000,,,0,1.0,1.0
047273005000,,,700,1.0,4.0
047273006000,,,864,1.0,4.0
047274001000,,,0,1.0,2.0
047274002000,,,0,1.0,
047274003000,,,0,1.0,1.0
047274004000,,,0,1.0,3.0
047274007000,,,0,1.0,3.0
047274008000,,,0,1.0,3.0
047274010000,,,0,1.0,
047274012000,,,336,1.0,2.0
047274013000,,,0,1.0,
047274014000,,,0,1.0,3.0
047274016000,,,0,1.0,3.0
047274017000,,,0,1.0,3.0
047274018000,,,0,1.0,2.0
047274020000,,,0,1.0,3.0
047274022000,,,0,1.0,3.0
047274025000,,,0,1.0,3.0
047274028000,,,0,1.0,4.0
047274029000,,,0,1.0,3.0
047274030000,,,0,1.0,
047275005000,,,0,1.0,1.0
047275006000,500.0,,624,1.0,4.0
047275007000,,,532,1.0,3.0
047275009000,,,0,1.0,2.0
047275010000,575.0,,519,1.0,3.0
047275013000,,,0,1.0,2.0
047275015000,,,0,1.0,3.0
047275016000,,,0,1.0,2.0
047275017000,,,0,1.0,3.0
047275018000,,,0,1.0,3.0
047275019000,,,0,1.0,3.0
047281002000,,,0,1.0,
047281003000,,,0,1.0,2.0
047281004000,,,0,1.0,2.0
047281005000,,,0,1.0,2.0
047283003000,,,0,1.0,1.0
047283004000,,,0,1.0,3.0
047283005000,,,464,1.0,3.0
047283007000,,,0,1.0,4.0
047283010000,,,285,1.0,2.0
047283011000,,,0,1.0,
047284001000,,,0,1.0,3.0
047290005000,,,672,1.0,3.0
047290006000,,,1243,2.0,
047290007000,,,280,1.0,2.0
047290008000,,,0,1.0,2.0
047290009000,,,712,1.0,3.0
047290010000,,,676,1.0,4.0
047290011000,,,0,1.0,2.0
047290015000,,,0,1.0,3.0
047290016000,,,0,1.0,
047290017000,,,658,1.0,2.0
047290018000,,,775,1.0,
047290019000,,,919,1.0,6.0
047290020000,,,0,1.0,3.0
047290022000,,,375,1.0,3.0
047300002000,,,504,1.0,
047300003000,850.0,,990,1.0,3.0
047300005000,,,280,1.0,3.0
047300006000,450.0,,602,1.0,3.0
047300007000,,,373,1.0,
047300008000,,,0,1.0,3.0
047300009000,,,0,1.0,2.0
047300012000,,,0,1.0,2.0
047300013000,,,0,1.0,
047380002000,,,0,1.0,1.0
047380003000,,,0,1.0,2.0
047380004000,,,0,1.0,1.0
047380005000,,,0,1.0,2.0
047380006000,,,0,1.0,3.0
047380008000,,,0,1.0,2.0
047380009000,,,0,1.0,3.0
047380010000,,,0,1.0,3.0
047380011000,,,0,1.0,2.0
047380012000,,,0,1.0,2.0
047380013000,,,0,1.0,2.0
047380014000,,,0,1.0,2.0
047380015000,,,0,1.0,3.0
047380016000,,,0,1.0,1.0
047380017000,,,0,1.0,1.0
047380018000,,,0,1.0,1.0
047380019000,,,0,1.0,
047410017000,,,580,1.0,
047410019000,,,560,1.0,3.0
047410020000,,,366,1.0,
047410021000,,,289,1.0,
047410022000,,,336,1.0,4.0
047410025000,,,0,1.0,1.0
047420004000,,,632,1.0,3.0
047420005000,,,779,1.0,
047420009000,600.0,,0,1.0,3.0
047420011000,,,760,1.0,1.0
047420012000,475.0,,494,1.0,3.0
047420015000,1080.0,,0,1.0,3.0
047420016000,,,736,1.0,3.0
047420017000,140.0,,0,1.0,4.0
047420019000,,,289,1.0,
047420020000,,,312,1.0,
047420021000,,,0,1.0,1.0
047420022000,0.0,,0,1.0,3.0
047430008000,,,0,1.0,
048100001000,,,0,1.0,
048100002000,,,564,1.0,
048100014000,,,0,1.0,
048110002000,,,920,1.0,2.0
048120015000,,,600,1.0,2.0
048120017000,,,0,1.0,
048120021000,,,1002,1.0,2.0
048120024000,315.0,,660,1.0,2.0
048120035000,1800.0,,400,1.0,3.0
048120037000,,,0,1.0,3.0
048120038000,,,900,1.0,3.0
048120039000,,,0,1.0,2.0
048120040000,,,300,1.0,3.0
048140003000,,,480,1.0,3.0
048142003000,,,380,1.0,4.0
048142004000,,,0,1.0,2.0
048142007000,,,0,1.0,2.0
048142009000,,,0,1.0,1.0
048142011000,,,520,1.0,3.0
048142012000,,,480,1.0,2.0
048142016000,,,0,1.0,4.0
048143001000,,,0,1.0,3.0
048143002000,,,0,1.0,3.0
048144009000,,,0,1.0,2.0
048144010000,,,0,1.0,2.0
048144015000,,,660,1.0,2.0
048144020000,,,0,1.0,2.0
048145001000,,,364,1.0,2.0
048151001000,,,0,1.0,3.0
048151004000,200.0,,528,1.0,3.0
048153004000,,,0,1.0,2.0
048153008000,,,364,1.0,3.0
048153010000,,,288,1.0,2.0
048154003000,,,0,1.0,
048154010000,,,616,2.0,
048155001000,,,896,1.0,3.0
048156001000,,,0,1.0,3.0
048156002000,,,245,1.0,2.0
048156003000,,,0,1.0,2.0
048156004000,,,456,1.0,2.0
048156005000,,,250,1.0,3.0
048156006000,600.0,,384,1.0,2.0
048156007000,,,0,1.0,2.0
048156008000,,,0,1.0,3.0
048156009000,,,0,1.0,3.0
048156010000,,,0,1.0,3.0
048156011000,0.0,,282,1.0,2.0
048156012000,,,0,1.0,3.0
048156013000,,,0,1.0,2.0
048156014000,,,0,1.0,3.0
048250009000,68.0,652.0,652,2.0,
048250010000,,,624,1.0,4.0
048250011000,222.0,,805,1.0,3.0
048250013000,,,888,1.0,
048250014000,,,849,1.0,
048250016000,,,833,1.0,3.0
048250017000,,,778,1.0,3.0
048250018000,392.0,,924,1.0,
048250019000,,,1855,1.0,
048250020000,0.0,,576,1.0,
048250021000,,,954,1.0,
048260008000,,,1137,1.0,
048260010000,,580.0,1064,1.0,
048260011000,,,840,1.0,3.0
048260013000,,,1001,1.0,3.0
048260016000,,,624,1.0,
048260017000,,,772,1.0,3.0
048260018000,,,808,1.0,3.0
048260019000,,,676,1.0,3.0
048260020000,,,784,1.0,3.0
048260022000,,,652,1.0,
048260024000,0.0,,676,1.0,
049280007000,,,528,1.0,3.0
049280008000,1530.0,,564,1.0,3.0
049280009000,,,714,1.0,5.0
049280010000,,,760,1.0,4.0
049280011000,,,780,1.0,3.0
049280012000,,,1152,1.0,3.0
049280013000,,,976,1.0,5.0
049280015000,,,842,1.0,3.0
049280017000,,,1050,1.0,3.0
049280019000,1200.0,,907,1.0,4.0
049280020000,,,895,1.0,4.0
049280021000,,,602,1.0,2.0
049280023000,,,942,1.0,3.0
049280024000,,,1444,1.0,3.0
049280026000,,,904,1.0,4.0
049280028000,,,603,1.0,3.0
049280030000,,,612,1.0,3.0
049280031000,,,632,1.0,4.0
049280032000,,,576,1.0,4.0
049280033000,,,918,1.0,3.0
049280034000,,,578,1.0,3.0
049280035000,,,1025,1.0,3.0
049280036000,,,528,1.0,3.0
049280037000,,,899,1.0,3.0
049280038000,,,564,1.0,3.0
049280040000,,,782,1.0,
049280041000,,,739,1.0,4.0
049280042000,,,790,1.0,4.0
049280043000,,,1006,1.0,3.0
049310004000,,,616,1.0,
049310009000,,,835,1.0,4.0
049310011000,,909.0,999,2.0,
049310012000,518.0,,816,1.0,
049310017000,,,985,1.0,3.0
049310020000,,,964,1.0,
049310022000,,,560,1.0,
049310025000,800.0,,775,1.0,
049310026000,,,624,1.0,
049310028000,,,619,1.0,
049310029000,,,725,1.0,
049310033000,,,866,1.0,3.0
049310035000,135.0,,662,1.0,
049310036000,293.0,,558,1.0,
049310038000,,,700,1.0,
049310039000,,,1345,1.0,
049320001000,,,982,1.0,
049320003000,,,668,1.0,
049320004000,,520.0,622,2.0,
049320008000,,,907,1.0,4.0
049320009000,,,676,1.0,3.0
049320011000,,,637,1.0,
049320015000,,,614,1.0,
049320017000,,,608,1.0,
049320024000,,,675,1.0,
050030003000,,,0,1.0,3.0
050030004000,180.0,,441,1.0,3.0
050060004000,,,0,1.0,3.0
050060006000,,,0,1.0,2.0
050420001000,0.0,,744,1.0,3.0
050420002000,3000.0,,847,1.0,4.0
050420005000,2000.0,,792,1.0,4.0
050420011000,1371.0,,625,1.0,3.0
050420016000,1000.0,,768,1.0,3.0
050420017000,1500.0,,744,1.0,3.0
050420018000,0.0,,600,1.0,4.0
050430001000,1000.0,,584,1.0,3.0
050430002000,1000.0,,484,1.0,3.0
050430003000,800.0,,535,1.0,3.0
050430004000,1000.0,,528,1.0,3.0
050430005000,1000.0,,552,1.0,3.0
050430006000,1000.0,,516,1.0,3.0
050430008000,2240.0,,619,1.0,3.0
050430009000,2000.0,,594,1.0,3.0
050430010000,1000.0,,618,1.0,4.0
050430011000,1000.0,,517,1.0,3.0
050430013000,1000.0,,440,1.0,3.0
050430014000,1257.0,,430,1.0,3.0
050430015000,1000.0,,748,1.0,4.0
050430016000,800.0,,528,1.0,3.0
050430017000,1000.0,,452,1.0,3.0
050430018000,1000.0,,824,1.0,4.0
050430019000,1000.0,,792,1.0,3.0
050430020000,1000.0,,606,1.0,3.0
050430021000,1527.0,,884,1.0,3.0
050430022000,2000.0,,1050,1.0,3.0
050430023000,,,470,1.0,
050430027000,0.0,,528,1.0,4.0
050430028000,0.0,,576,1.0,3.0
050440003000,1372.0,,528,1.0,3.0
050440004000,1200.0,,420,1.0,4.0
050440005000,1000.0,,727,1.0,3.0
050440006000,1000.0,,677,1.0,3.0
050440007000,1000.0,,484,1.0,3.0
050440008000,0.0,,561,1.0,3.0
050440009000,1000.0,,525,1.0,3.0
050440010000,1160.0,,582,1.0,4.0
050440011000,1352.0,,501,1.0,4.0
050440012000,1200.0,,518,1.0,3.0
050440013000,1176.0,,682,1.0,4.0
050440014000,1296.0,,600,1.0,3.0
050440015000,896.0,,512,1.0,4.0
050440016000,1530.0,,612,1.0,3.0
050440017000,1200.0,,822,1.0,3.0
050440018000,280.0,,528,1.0,3.0
050440019000,1000.0,,528,1.0,3.0
050440020000,1000.0,,506,1.0,4.0
050440021000,1000.0,,586,1.0,4.0
050440022000,1000.0,,484,1.0,3.0
050440023000,0.0,,584,1.0,3.0
050440024000,1000.0,,528,1.0,3.0
050440025000,1200.0,,696,1.0,4.0
050440026000,424.0,,746,1.0,3.0
050440027000,1200.0,,564,1.0,3.0
050440028000,1200.0,,562,1.0,4.0
050440029000,2500.0,,1160,1.0,5.0
050440030000,1500.0,,588,1.0,3.0
050450001000,1000.0,,843,1.0,2.0
050450005000,2500.0,,484,1.0,3.0
050450006000,1200.0,,640,1.0,3.0
050450007000,0.0,,616,1.0,3.0
050450008000,1136.0,,592,1.0,4.0
050450009000,1296.0,,694,1.0,4.0
050450010000,1000.0,,616,1.0,3.0
050450011000,1200.0,,1193,1.0,4.0
050450012000,1260.0,,497,1.0,3.0
050450013000,2000.0,,620,1.0,3.0
050450014000,0.0,,605,1.0,3.0
050450015000,1274.0,,484,1.0,3.0
050450017000,1610.0,,484,1.0,3.0
050450018000,1000.0,,415,1.0,3.0
050450019000,1316.0,,528,1.0,3.0
050450020000,1042.0,,538,1.0,4.0
050450021000,1500.0,,816,1.0,4.0
050450022000,1132.0,,768,1.0,3.0
050450023000,1500.0,,64,1.0,3.0
050450024000,2500.0,,528,1.0,3.0
050450025000,1192.0,,753,1.0,3.0
050450026000,1428.0,,480,1.0,3.0
050490008000,1500.0,,564,1.0,3.0
051131014000,762.0,,468,1.0,3.0
051150027000,,,0,1.0,
051150028000,,,0,1.0,
051150032000,500.0,,0,1.0,3.0
051151030000,,,0,1.0,
051151031000,,,0,1.0,
051151032000,,,0,1.0,
051151033000,,,0,1.0,
051151034000,,,0,1.0,
051151035000,,,0,1.0,
051151036000,,,0,1.0,
051151037000,,,0,1.0,
051151038000,,,0,1.0,
051191021000,,,0,1.0,3.0
051191023000,2160.0,,480,1.0,2.0
051191024000,899.0,,440,1.0,3.0
051191025000,587.0,,480,1.0,3.0
051191026000,497.0,,480,1.0,3.0
051191027000,416.0,,500,1.0,3.0
051191029000,480.0,,480,1.0,4.0
051191050000,0.0,,480,1.0,3.0
051191051000,432.0,,528,1.0,3.0
051191052000,,,0,1.0,3.0
051191053000,,,650,1.0,3.0
051191054000,1128.0,,480,1.0,3.0
051191059000,,,462,1.0,3.0
051210016000,312.0,,612,1.0,2.0
051210035000,,,220,1.0,2.0
051210052000,0.0,,480,1.0,3.0
051210053000,1500.0,,880,1.0,3.0
051260005000,352.0,,0,1.0,3.0
051260022000,,,484,1.0,3.0
051260048000,800.0,,440,1.0,3.0
051260069000,444.0,,550,1.0,3.0
051260072000,,,440,1.0,2.0
051260073000,1040.0,,550,1.0,3.0
051270021000,,,844,1.0,3.0
051310012000,,,288,1.0,2.0
051390001000,300.0,,252,1.0,3.0
051390002000,300.0,,336,1.0,3.0
051390003000,864.0,,252,1.0,3.0
051390004000,564.0,,252,1.0,3.0
051390005000,1242.0,,480,1.0,3.0
051390006000,1000.0,,506,1.0,4.0
051390007000,300.0,,186,1.0,3.0
051390008000,600.0,,336,1.0,1.0
051390009000,300.0,,336,1.0,1.0
051390010000,400.0,,336,1.0,3.0
051390011000,400.0,,336,1.0,3.0
051390012000,200.0,,252,1.0,1.0
051390013000,300.0,,252,1.0,3.0
051390014000,300.0,,0,1.0,3.0
051390015000,620.0,,252,1.0,1.0
051390016000,620.0,,275,1.0,2.0
051390017000,600.0,,252,1.0,3.0
051390018000,60.0,,252,1.0,1.0
051390019000,600.0,,252,1.0,3.0
051390020000,600.0,,252,1.0,3.0
051390021000,300.0,,336,1.0,1.0
051390022000,400.0,,336,1.0,3.0
051390023000,500.0,,336,1.0,1.0
051390024000,800.0,,480,1.0,3.0
051390026000,95.0,,258,1.0,1.0
051390028000,0.0,,252,1.0,3.0
051390029000,614.0,,546,1.0,3.0
051390030000,800.0,,252,1.0,3.0
051420006000,,,264,1.0,2.0
051420011000,,,0,1.0,2.0
051420012000,,,472,1.0,2.0
051420013000,,,0,1.0,3.0
051420014000,288.0,,0,1.0,
051420015000,,,200,1.0,2.0
051420016000,,,360,1.0,3.0
051420019000,168.0,,0,1.0,3.0
051420021000,,,0,1.0,
051420022000,1400.0,,0,1.0,3.0
051420024000,,,276,1.0,3.0
051420025000,,,0,1.0,2.0
051420026000,,,552,1.0,3.0
051420027000,800.0,,400,1.0,3.0
051420028000,,,0,1.0,3.0
051420029000,375.0,,0,1.0,3.0
051420030000,,,0,1.0,3.0
051420031000,,,0,1.0,
051420032000,,,0,1.0,3.0
051420033000,277.0,,480,1.0,2.0
051420034000,,,0,1.0,3.0
051420035000,,,360,1.0,2.0
051420036000,,,0,1.0,3.0
051420037000,12.0,,0,1.0,3.0
051420038000,,,0,1.0,
051420039000,256.0,,0,1.0,3.0
051420040000,184.0,,0,1.0,3.0
051440004000,,,0,1.0,
051440005000,,,0,1.0,
051440006000,,,0,1.0,
051440007000,,,0,1.0,
051440008000,,,0,1.0,
051440009000,,,0,1.0,
051440014000,4000.0,,0,1.0,
051440015000,4000.0,,0,1.0,
051440016000,4000.0,,0,1.0,
051440017000,4000.0,,0,1.0,
051440018000,4000.0,,0,1.0,
051450005000,,,805,1.0,3.0
052111034000,,,240,1.0,2.0
052120005000,815.0,,480,1.0,2.0
052120006000,,,288,1.0,3.0
052120008000,,,704,1.0,2.0
052120017000,143.0,,0,2.0,2.0
052121003000,,,300,1.0,2.0
052121004000,344.0,,480,1.0,1.0
052121005000,,,280,1.0,3.0
052121006000,800.0,,400,1.0,3.0
052121007000,,,0,1.0,2.0
052121008000,30.0,,0,1.0,2.0
052121009000,500.0,,280,1.0,2.0
052121010000,800.0,,460,1.0,2.0
052121011000,,,400,1.0,2.0
052121012000,,,840,1.0,2.0
052121013000,800.0,,350,1.0,3.0
052121014000,310.0,,0,1.0,2.0
052121015000,800.0,,240,1.0,2.0
052121016000,400.0,,220,1.0,2.0
052121017000,,,0,1.0,2.0
052121018000,,,650,1.0,3.0
052121019000,800.0,,234,1.0,2.0
052121020000,,,400,1.0,1.0
052121021000,,,200,1.0,3.0
052121022000,1034.0,,0,1.0,2.0
052121023000,,,320,1.0,
052121024000,100.0,,296,1.0,3.0
052121025000,,,0,1.0,3.0
052121026000,,,0,1.0,2.0
052122004000,,,216,1.0,
052122005000,750.0,,515,1.0,2.0
052122006000,180.0,,0,1.0,1.0
052130001000,,,480,1.0,3.0
052130002000,,,120,1.0,4.0
052130003000,500.0,,384,1.0,2.0
052130004000,,,0,1.0,3.0
052130008000,,,440,1.0,2.0
052130009000,,,720,1.0,3.0
052130012000,,,0,1.0,
052130013000,,,0,1.0,2.0
052130015000,,,2400,1.0,2.0
052130017000,,,0,1.0,4.0
052130018000,,,0,1.0,3.0
052130019000,32.0,,0,1.0,2.0
052130022000,,,270,1.0,2.0
052140001000,0.0,,493,1.0,3.0
052140002000,,,0,1.0,1.0
052140003000,356.0,,600,1.0,4.0
052140004000,885.0,,504,1.0,3.0
052140008000,,,440,1.0,3.0
052140012000,500.0,,264,1.0,1.0
052140013000,414.0,,484,1.0,4.0
052140014000,700.0,,320,1.0,2.0
052140016000,16.0,,0,1.0,2.0
052140017000,400.0,,360,1.0,2.0
052140018000,130.0,,480,1.0,3.0
052140019000,,,400,1.0,2.0
052140020000,528.0,,528,1.0,2.0
052140022000,,,400,1.0,
052140023000,,,264,1.0,2.0
052140024000,285.0,,308,1.0,2.0
052140025000,,,400,1.0,2.0
052140027000,,,0,1.0,2.0
052140028000,336.0,,424,1.0,2.0
052140029000,,,220,1.0,2.0
052140030000,,384.0,0,1.0,4.0
052140035000,0.0,,0,1.0,2.0
052140036000,612.0,,364,1.0,2.0
052140039000,,,0,1.0,
052140045000,87.0,,0,1.0,3.0
052150001000,500.0,,768,1.0,2.0
052150002000,160.0,,330,1.0,2.0
052150003000,,,0,1.0,2.0
052150004000,800.0,,260,1.0,2.0
052150005000,900.0,,624,1.0,3.0
052150006000,,,800,1.0,2.0
052150007000,800.0,,192,1.0,2.0
052150010000,,,0,1.0,2.0
052150011000,,,480,1.0,2.0
052150013000,,,260,1.0,2.0
052150014000,,,608,1.0,3.0
052150017000,,,0,1.0,2.0
052150022000,1280.0,,264,1.0,4.0
052170004000,2000.0,,400,1.0,3.0
052170005000,1752.0,,480,1.0,3.0
052170006000,2268.0,,576,1.0,3.0
052170008000,1500.0,,470,1.0,3.0
052180029000,1000.0,,410,1.0,3.0
052200016000,,,0,1.0,3.0
052200039000,600.0,,800,1.0,2.0
052200041000,,,0,1.0,2.0
052270016000,,,0,1.0,2.0
052270023000,,,0,1.0,2.0
052280015000,,,1464,1.0,1.0
052290010000,,,0,1.0,2.0
052290016000,,,0,1.0,2.0
052291003000,,,572,1.0,1.0
052310007000,,,264,1.0,2.0
056040006000,860.0,,648,1.0,4.0
056040008000,0.0,,525,1.0,3.0
056040020000,,,0,1.0,3.0
056040026000,,,672,1.0,3.0
056050018000,,,160,1.0,3.0
056050023000,,,528,1.0,
056100021000,,,576,1.0,2.0
056120001000,,,150,1.0,1.0
056120011000,522.0,,330,1.0,2.0
056120012000,,,308,1.0,2.0
056120016000,,,870,1.0,2.0
056120023000,,,0,1.0,3.0
056120024000,,,135,1.0,2.0
056130008000,,,528,1.0,2.0
056170021000,,,493,1.0,2.0
056240013000,500.0,,160,1.0,3.0
057120005000,,,560,1.0,2.0
057160006000,,,576,1.0,2.0
057250001000,,,0,1.0,
057250004000,,,0,1.0,
057250005000,,,0,1.0,
057250006000,,,0,1.0,
057250013000,,,0,1.0,
057250016000,,,0,1.0,
057300007000,,,499,1.0,4.0
057300008000,,,420,1.0,5.0
057300009000,,,667,1.0,4.0
057300010000,,,527,1.0,4.0
057300011000,,,534,1.0,4.0
057300012000,,,498,1.0,3.0
057300013000,,,534,1.0,3.0
057300014000,,,0,1.0,
057300015000,,,538,1.0,3.0
057300016000,,,420,1.0,5.0
057300017000,,,495,1.0,3.0
057300018000,,,459,1.0,4.0
057300020000,,,489,1.0,4.0
057300021000,,,498,1.0,4.0
057300022000,,,420,1.0,3.0
057300023000,,,495,1.0,4.0
057310001000,,,420,1.0,3.0
057310002000,,,492,1.0,4.0
057310003000,,,420,1.0,3.0
057310004000,,,484,1.0,2.0
057310005000,,,459,1.0,4.0
057310006000,,,527,1.0,4.0
057310007000,,,484,1.0,3.0
057310008000,,,527,1.0,4.0
057310009000,,,498,1.0,5.0
057310010000,,,459,1.0,4.0
057310011000,,,420,1.0,4.0
057310012000,,,420,1.0,3.0
057310013000,,,492,1.0,4.0
057310014000,,,420,1.0,4.0
057310015000,,,492,1.0,4.0
057310016000,,,420,1.0,3.0
057310017000,,,492,1.0,4.0
057310018000,,,420,1.0,3.0
057310019000,,,677,1.0,3.0
057320004000,,,484,1.0,3.0
057320005000,,,420,1.0,4.0
057320006000,,,538,1.0,3.0
057320007000,,,462,1.0,4.0
057320009000,,,538,1.0,3.0
057320010000,,,420,1.0,4.0
057320011000,,,538,1.0,3.0
057320013000,,,484,1.0,3.0
057320014000,,,410,1.0,3.0
057320015000,,,656,1.0,
057320016000,,,420,1.0,3.0
057320017000,,,410,1.0,3.0
057320018000,,,420,1.0,3.0
057320019000,,,492,1.0,5.0
057320020000,,,420,1.0,3.0
057320021000,,,420,1.0,4.0
057320022000,,,0,1.0,
057320023000,,,492,1.0,4.0
057320024000,,,492,1.0,4.0
057320025000,,,492,1.0,4.0
057320026000,,,410,1.0,3.0
057320027000,,,484,1.0,3.0
057320028000,,,484,1.0,3.0
057320029000,,,656,1.0,3.0
057320032000,,,420,1.0,3.0
057320033000,,,410,1.0,3.0
057320034000,,,484,1.0,3.0
057320035000,,,492,1.0,4.0
057320036000,,,420,1.0,4.0
057320037000,,,484,1.0,3.0
057320038000,,,410,1.0,3.0
057320039000,,,420,1.0,3.0
057320040000,,,492,1.0,4.0
057320041000,,,420,1.0,3.0
057320042000,,,492,1.0,4.0
057320044000,,,484,1.0,
057320046000,,,538,1.0,
060090007000,,,0,1.0,1.0
060090032000,,,0,1.0,1.0
060090034000,,,0,1.0,1.0
060090036000,,,0,1.0,1.0
060090049000,,,0,1.0,1.0
060100002000,,,0,1.0,2.0
060110006000,204.0,,352,1.0,2.0
060110015000,,1140.0,0,1.0,
060110016000,76.0,,756,1.0,2.0
060110020000,72.0,,0,1.0,1.0
060110022000,,,0,1.0,3.0
060120003000,,,0,1.0,1.0
060120013000,,,0,1.0,
060120014000,,,0,1.0,
060120015000,,,0,1.0,
060120029000,,,400,1.0,2.0
060120031000,,,0,1.0,2.0
060120032000,,,0,1.0,
060120033000,,,0,1.0,1.0
060120034000,,,0,1.0,
060120035000,,,0,1.0,3.0
060120036000,,,400,1.0,
060120063000,,,470,1.0,3.0
060120074000,,,0,1.0,1.0
060120076000,,,0,1.0,3.0
061150005000,,,0,1.0,
061160016000,,,0,1.0,
061160017000,,,1750,1.0,3.0
061160019000,180.0,,192,1.0,1.0
063130012000,,,0,1.0,3.0
064030004000,,,0,1.0,
064040006000,,,0,1.0,3.0
064060012000,,,1080,1.0,2.0
064060023000,,,0,1.0,2.0
064060026000,,,810,1.0,2.0
064060027000,,,0,1.0,3.0
064060029000,1200.0,,576,1.0,2.0
064060033000,,,0,1.0,2.0
064060036000,,,0,1.0,
064060037000,,,420,1.0,2.0
064060048000,,,0,1.0,2.0
064060052000,,,0,1.0,1.0
064060053000,,,0,1.0,
064070018000,,,0,1.0,2.0
064090005000,,,0,1.0,1.0
